region,row,col,local_label,class_name,global_label,band_num,target_bands
HC,32,43,4,High-Ca Pyroxene,6,440,256
HC,32,44,4,High-Ca Pyroxene,6,440,256
HC,32,45,4,High-Ca Pyroxene,6,440,256
HC,32,46,4,High-Ca Pyroxene,6,440,256
HC,32,47,4,High-Ca Pyroxene,6,440,256
HC,32,48,4,High-Ca Pyroxene,6,440,256
HC,33,43,4,High-Ca Pyroxene,6,440,256
HC,33,44,4,High-Ca Pyroxene,6,440,256
HC,33,45,4,High-Ca Pyroxene,6,440,256
HC,33,46,4,High-Ca Pyroxene,6,440,256
HC,33,47,4,High-Ca Pyroxene,6,440,256
HC,33,48,4,High-Ca Pyroxene,6,440,256
HC,33,49,4,High-Ca Pyroxene,6,440,256
HC,34,42,4,High-Ca Pyroxene,6,440,256
HC,34,43,4,High-Ca Pyroxene,6,440,256
HC,34,44,4,High-Ca Pyroxene,6,440,256
HC,34,45,4,High-Ca Pyroxene,6,440,256
HC,34,46,4,High-Ca Pyroxene,6,440,256
HC,34,47,4,High-Ca Pyroxene,6,440,256
HC,34,48,4,High-Ca Pyroxene,6,440,256
HC,34,49,4,High-Ca Pyroxene,6,440,256
HC,35,41,4,High-Ca Pyroxene,6,440,256
HC,35,42,4,High-Ca Pyroxene,6,440,256
HC,35,43,4,High-Ca Pyroxene,6,440,256
HC,35,44,4,High-Ca Pyroxene,6,440,256
HC,35,45,4,High-Ca Pyroxene,6,440,256
HC,35,46,4,High-Ca Pyroxene,6,440,256
HC,35,47,4,High-Ca Pyroxene,6,440,256
HC,35,48,4,High-Ca Pyroxene,6,440,256
HC,35,49,4,High-Ca Pyroxene,6,440,256
HC,36,40,4,High-Ca Pyroxene,6,440,256
HC,36,41,4,High-Ca Pyroxene,6,440,256
HC,36,42,4,High-Ca Pyroxene,6,440,256
HC,36,43,4,High-Ca Pyroxene,6,440,256
HC,36,44,4,High-Ca Pyroxene,6,440,256
HC,36,45,4,High-Ca Pyroxene,6,440,256
HC,36,46,4,High-Ca Pyroxene,6,440,256
HC,36,47,4,High-Ca Pyroxene,6,440,256
HC,36,48,4,High-Ca Pyroxene,6,440,256
HC,37,40,4,High-Ca Pyroxene,6,440,256
HC,37,41,4,High-Ca Pyroxene,6,440,256
HC,37,42,4,High-Ca Pyroxene,6,440,256
HC,37,43,4,High-Ca Pyroxene,6,440,256
HC,37,44,4,High-Ca Pyroxene,6,440,256
HC,37,45,4,High-Ca Pyroxene,6,440,256
HC,37,46,4,High-Ca Pyroxene,6,440,256
HC,37,47,4,High-Ca Pyroxene,6,440,256
HC,37,48,4,High-Ca Pyroxene,6,440,256
HC,38,39,4,High-Ca Pyroxene,6,440,256
HC,38,40,4,High-Ca Pyroxene,6,440,256
HC,38,41,4,High-Ca Pyroxene,6,440,256
HC,38,42,4,High-Ca Pyroxene,6,440,256
HC,38,43,4,High-Ca Pyroxene,6,440,256
HC,38,44,4,High-Ca Pyroxene,6,440,256
HC,38,45,4,High-Ca Pyroxene,6,440,256
HC,38,46,4,High-Ca Pyroxene,6,440,256
HC,38,47,4,High-Ca Pyroxene,6,440,256
HC,39,38,4,High-Ca Pyroxene,6,440,256
HC,39,39,4,High-Ca Pyroxene,6,440,256
HC,39,40,4,High-Ca Pyroxene,6,440,256
HC,39,41,4,High-Ca Pyroxene,6,440,256
HC,39,42,4,High-Ca Pyroxene,6,440,256
HC,39,43,4,High-Ca Pyroxene,6,440,256
HC,39,44,4,High-Ca Pyroxene,6,440,256
HC,39,45,4,High-Ca Pyroxene,6,440,256
HC,39,46,4,High-Ca Pyroxene,6,440,256
HC,40,37,4,High-Ca Pyroxene,6,440,256
HC,40,38,4,High-Ca Pyroxene,6,440,256
HC,40,39,4,High-Ca Pyroxene,6,440,256
HC,40,40,4,High-Ca Pyroxene,6,440,256
HC,40,41,4,High-Ca Pyroxene,6,440,256
HC,40,42,4,High-Ca Pyroxene,6,440,256
HC,40,43,4,High-Ca Pyroxene,6,440,256
HC,40,44,4,High-Ca Pyroxene,6,440,256
HC,40,45,4,High-Ca Pyroxene,6,440,256
HC,41,36,4,High-Ca Pyroxene,6,440,256
HC,41,37,4,High-Ca Pyroxene,6,440,256
HC,41,38,4,High-Ca Pyroxene,6,440,256
HC,41,39,4,High-Ca Pyroxene,6,440,256
HC,41,40,4,High-Ca Pyroxene,6,440,256
HC,41,41,4,High-Ca Pyroxene,6,440,256
HC,41,42,4,High-Ca Pyroxene,6,440,256
HC,41,43,4,High-Ca Pyroxene,6,440,256
HC,41,44,4,High-Ca Pyroxene,6,440,256
HC,41,45,4,High-Ca Pyroxene,6,440,256
HC,42,36,4,High-Ca Pyroxene,6,440,256
HC,42,37,4,High-Ca Pyroxene,6,440,256
HC,42,38,4,High-Ca Pyroxene,6,440,256
HC,42,39,4,High-Ca Pyroxene,6,440,256
HC,42,40,4,High-Ca Pyroxene,6,440,256
HC,42,41,4,High-Ca Pyroxene,6,440,256
HC,42,42,4,High-Ca Pyroxene,6,440,256
HC,42,43,4,High-Ca Pyroxene,6,440,256
HC,42,44,4,High-Ca Pyroxene,6,440,256
HC,42,45,4,High-Ca Pyroxene,6,440,256
HC,43,36,4,High-Ca Pyroxene,6,440,256
HC,43,37,4,High-Ca Pyroxene,6,440,256
HC,43,38,4,High-Ca Pyroxene,6,440,256
HC,43,39,4,High-Ca Pyroxene,6,440,256
HC,43,40,4,High-Ca Pyroxene,6,440,256
HC,43,41,4,High-Ca Pyroxene,6,440,256
HC,43,42,4,High-Ca Pyroxene,6,440,256
HC,43,43,4,High-Ca Pyroxene,6,440,256
HC,43,44,4,High-Ca Pyroxene,6,440,256
HC,44,35,4,High-Ca Pyroxene,6,440,256
HC,44,36,4,High-Ca Pyroxene,6,440,256
HC,44,37,4,High-Ca Pyroxene,6,440,256
HC,44,38,4,High-Ca Pyroxene,6,440,256
HC,44,39,4,High-Ca Pyroxene,6,440,256
HC,44,40,4,High-Ca Pyroxene,6,440,256
HC,44,41,4,High-Ca Pyroxene,6,440,256
HC,44,42,4,High-Ca Pyroxene,6,440,256
HC,44,43,4,High-Ca Pyroxene,6,440,256
HC,44,44,4,High-Ca Pyroxene,6,440,256
HC,44,49,3,Prehnite,14,440,256
HC,44,50,3,Prehnite,14,440,256
HC,44,51,3,Prehnite,14,440,256
HC,44,52,3,Prehnite,14,440,256
HC,45,35,4,High-Ca Pyroxene,6,440,256
HC,45,36,4,High-Ca Pyroxene,6,440,256
HC,45,37,4,High-Ca Pyroxene,6,440,256
HC,45,38,4,High-Ca Pyroxene,6,440,256
HC,45,39,4,High-Ca Pyroxene,6,440,256
HC,45,40,4,High-Ca Pyroxene,6,440,256
HC,45,41,4,High-Ca Pyroxene,6,440,256
HC,45,42,4,High-Ca Pyroxene,6,440,256
HC,45,43,4,High-Ca Pyroxene,6,440,256
HC,45,44,4,High-Ca Pyroxene,6,440,256
HC,45,49,3,Prehnite,14,440,256
HC,45,50,3,Prehnite,14,440,256
HC,45,51,3,Prehnite,14,440,256
HC,45,52,3,Prehnite,14,440,256
HC,46,34,4,High-Ca Pyroxene,6,440,256
HC,46,35,4,High-Ca Pyroxene,6,440,256
HC,46,36,4,High-Ca Pyroxene,6,440,256
HC,46,37,4,High-Ca Pyroxene,6,440,256
HC,46,38,4,High-Ca Pyroxene,6,440,256
HC,46,39,4,High-Ca Pyroxene,6,440,256
HC,46,40,4,High-Ca Pyroxene,6,440,256
HC,46,41,4,High-Ca Pyroxene,6,440,256
HC,46,42,4,High-Ca Pyroxene,6,440,256
HC,46,43,4,High-Ca Pyroxene,6,440,256
HC,46,44,4,High-Ca Pyroxene,6,440,256
HC,46,49,3,Prehnite,14,440,256
HC,46,50,3,Prehnite,14,440,256
HC,46,51,3,Prehnite,14,440,256
HC,46,52,3,Prehnite,14,440,256
HC,47,34,4,High-Ca Pyroxene,6,440,256
HC,47,35,4,High-Ca Pyroxene,6,440,256
HC,47,36,4,High-Ca Pyroxene,6,440,256
HC,47,37,4,High-Ca Pyroxene,6,440,256
HC,47,38,4,High-Ca Pyroxene,6,440,256
HC,47,39,4,High-Ca Pyroxene,6,440,256
HC,47,40,4,High-Ca Pyroxene,6,440,256
HC,47,41,4,High-Ca Pyroxene,6,440,256
HC,47,42,4,High-Ca Pyroxene,6,440,256
HC,47,43,4,High-Ca Pyroxene,6,440,256
HC,47,49,3,Prehnite,14,440,256
HC,47,50,3,Prehnite,14,440,256
HC,47,51,3,Prehnite,14,440,256
HC,47,52,3,Prehnite,14,440,256
HC,48,33,4,High-Ca Pyroxene,6,440,256
HC,48,34,4,High-Ca Pyroxene,6,440,256
HC,48,35,4,High-Ca Pyroxene,6,440,256
HC,48,36,4,High-Ca Pyroxene,6,440,256
HC,48,37,4,High-Ca Pyroxene,6,440,256
HC,48,38,4,High-Ca Pyroxene,6,440,256
HC,48,39,4,High-Ca Pyroxene,6,440,256
HC,48,40,4,High-Ca Pyroxene,6,440,256
HC,48,41,4,High-Ca Pyroxene,6,440,256
HC,48,42,4,High-Ca Pyroxene,6,440,256
HC,48,43,4,High-Ca Pyroxene,6,440,256
HC,48,49,3,Prehnite,14,440,256
HC,48,50,3,Prehnite,14,440,256
HC,48,51,3,Prehnite,14,440,256
HC,48,52,3,Prehnite,14,440,256
HC,49,33,4,High-Ca Pyroxene,6,440,256
HC,49,34,4,High-Ca Pyroxene,6,440,256
HC,49,35,4,High-Ca Pyroxene,6,440,256
HC,49,36,4,High-Ca Pyroxene,6,440,256
HC,49,37,4,High-Ca Pyroxene,6,440,256
HC,49,38,4,High-Ca Pyroxene,6,440,256
HC,49,39,4,High-Ca Pyroxene,6,440,256
HC,49,40,4,High-Ca Pyroxene,6,440,256
HC,49,41,4,High-Ca Pyroxene,6,440,256
HC,49,42,4,High-Ca Pyroxene,6,440,256
HC,49,49,3,Prehnite,14,440,256
HC,49,50,3,Prehnite,14,440,256
HC,49,51,3,Prehnite,14,440,256
HC,49,52,3,Prehnite,14,440,256
HC,50,32,4,High-Ca Pyroxene,6,440,256
HC,50,33,4,High-Ca Pyroxene,6,440,256
HC,50,34,4,High-Ca Pyroxene,6,440,256
HC,50,35,4,High-Ca Pyroxene,6,440,256
HC,50,36,4,High-Ca Pyroxene,6,440,256
HC,50,37,4,High-Ca Pyroxene,6,440,256
HC,50,38,4,High-Ca Pyroxene,6,440,256
HC,50,39,4,High-Ca Pyroxene,6,440,256
HC,50,40,4,High-Ca Pyroxene,6,440,256
HC,50,41,4,High-Ca Pyroxene,6,440,256
HC,50,42,4,High-Ca Pyroxene,6,440,256
HC,51,32,4,High-Ca Pyroxene,6,440,256
HC,51,33,4,High-Ca Pyroxene,6,440,256
HC,51,34,4,High-Ca Pyroxene,6,440,256
HC,51,35,4,High-Ca Pyroxene,6,440,256
HC,51,36,4,High-Ca Pyroxene,6,440,256
HC,51,37,4,High-Ca Pyroxene,6,440,256
HC,51,38,4,High-Ca Pyroxene,6,440,256
HC,51,39,4,High-Ca Pyroxene,6,440,256
HC,51,40,4,High-Ca Pyroxene,6,440,256
HC,51,41,4,High-Ca Pyroxene,6,440,256
HC,52,31,4,High-Ca Pyroxene,6,440,256
HC,52,32,4,High-Ca Pyroxene,6,440,256
HC,52,33,4,High-Ca Pyroxene,6,440,256
HC,52,34,4,High-Ca Pyroxene,6,440,256
HC,52,35,4,High-Ca Pyroxene,6,440,256
HC,52,36,4,High-Ca Pyroxene,6,440,256
HC,52,37,4,High-Ca Pyroxene,6,440,256
HC,52,38,4,High-Ca Pyroxene,6,440,256
HC,52,39,4,High-Ca Pyroxene,6,440,256
HC,52,40,4,High-Ca Pyroxene,6,440,256
HC,52,357,5,Serpentine,15,440,256
HC,52,358,5,Serpentine,15,440,256
HC,52,359,5,Serpentine,15,440,256
HC,52,360,5,Serpentine,15,440,256
HC,52,361,5,Serpentine,15,440,256
HC,52,362,5,Serpentine,15,440,256
HC,52,363,5,Serpentine,15,440,256
HC,52,364,5,Serpentine,15,440,256
HC,52,365,5,Serpentine,15,440,256
HC,52,366,5,Serpentine,15,440,256
HC,52,367,5,Serpentine,15,440,256
HC,52,368,5,Serpentine,15,440,256
HC,52,369,5,Serpentine,15,440,256
HC,52,370,5,Serpentine,15,440,256
HC,53,31,4,High-Ca Pyroxene,6,440,256
HC,53,32,4,High-Ca Pyroxene,6,440,256
HC,53,33,4,High-Ca Pyroxene,6,440,256
HC,53,34,4,High-Ca Pyroxene,6,440,256
HC,53,35,4,High-Ca Pyroxene,6,440,256
HC,53,36,4,High-Ca Pyroxene,6,440,256
HC,53,37,4,High-Ca Pyroxene,6,440,256
HC,53,38,4,High-Ca Pyroxene,6,440,256
HC,53,39,4,High-Ca Pyroxene,6,440,256
HC,53,40,4,High-Ca Pyroxene,6,440,256
HC,53,356,5,Serpentine,15,440,256
HC,53,357,5,Serpentine,15,440,256
HC,53,358,5,Serpentine,15,440,256
HC,53,359,5,Serpentine,15,440,256
HC,53,360,5,Serpentine,15,440,256
HC,53,361,5,Serpentine,15,440,256
HC,53,362,5,Serpentine,15,440,256
HC,53,363,5,Serpentine,15,440,256
HC,53,364,5,Serpentine,15,440,256
HC,53,365,5,Serpentine,15,440,256
HC,53,366,5,Serpentine,15,440,256
HC,53,367,5,Serpentine,15,440,256
HC,53,368,5,Serpentine,15,440,256
HC,53,369,5,Serpentine,15,440,256
HC,53,370,5,Serpentine,15,440,256
HC,53,371,5,Serpentine,15,440,256
HC,53,372,5,Serpentine,15,440,256
HC,53,373,5,Serpentine,15,440,256
HC,54,30,4,High-Ca Pyroxene,6,440,256
HC,54,31,4,High-Ca Pyroxene,6,440,256
HC,54,32,4,High-Ca Pyroxene,6,440,256
HC,54,33,4,High-Ca Pyroxene,6,440,256
HC,54,34,4,High-Ca Pyroxene,6,440,256
HC,54,35,4,High-Ca Pyroxene,6,440,256
HC,54,36,4,High-Ca Pyroxene,6,440,256
HC,54,37,4,High-Ca Pyroxene,6,440,256
HC,54,38,4,High-Ca Pyroxene,6,440,256
HC,54,39,4,High-Ca Pyroxene,6,440,256
HC,54,40,4,High-Ca Pyroxene,6,440,256
HC,54,354,5,Serpentine,15,440,256
HC,54,355,5,Serpentine,15,440,256
HC,54,356,5,Serpentine,15,440,256
HC,54,357,5,Serpentine,15,440,256
HC,54,358,5,Serpentine,15,440,256
HC,54,359,5,Serpentine,15,440,256
HC,54,360,5,Serpentine,15,440,256
HC,54,361,5,Serpentine,15,440,256
HC,54,362,5,Serpentine,15,440,256
HC,54,363,5,Serpentine,15,440,256
HC,54,364,5,Serpentine,15,440,256
HC,54,365,5,Serpentine,15,440,256
HC,54,366,5,Serpentine,15,440,256
HC,54,367,5,Serpentine,15,440,256
HC,54,368,5,Serpentine,15,440,256
HC,54,369,5,Serpentine,15,440,256
HC,54,370,5,Serpentine,15,440,256
HC,54,371,5,Serpentine,15,440,256
HC,54,372,5,Serpentine,15,440,256
HC,54,373,5,Serpentine,15,440,256
HC,54,374,5,Serpentine,15,440,256
HC,54,375,5,Serpentine,15,440,256
HC,55,30,4,High-Ca Pyroxene,6,440,256
HC,55,31,4,High-Ca Pyroxene,6,440,256
HC,55,32,4,High-Ca Pyroxene,6,440,256
HC,55,33,4,High-Ca Pyroxene,6,440,256
HC,55,34,4,High-Ca Pyroxene,6,440,256
HC,55,35,4,High-Ca Pyroxene,6,440,256
HC,55,36,4,High-Ca Pyroxene,6,440,256
HC,55,37,4,High-Ca Pyroxene,6,440,256
HC,55,38,4,High-Ca Pyroxene,6,440,256
HC,55,39,4,High-Ca Pyroxene,6,440,256
HC,55,353,5,Serpentine,15,440,256
HC,55,354,5,Serpentine,15,440,256
HC,55,355,5,Serpentine,15,440,256
HC,55,356,5,Serpentine,15,440,256
HC,55,357,5,Serpentine,15,440,256
HC,55,358,5,Serpentine,15,440,256
HC,55,359,5,Serpentine,15,440,256
HC,55,360,5,Serpentine,15,440,256
HC,55,361,5,Serpentine,15,440,256
HC,55,362,5,Serpentine,15,440,256
HC,55,363,5,Serpentine,15,440,256
HC,55,364,5,Serpentine,15,440,256
HC,55,365,5,Serpentine,15,440,256
HC,55,366,5,Serpentine,15,440,256
HC,55,367,5,Serpentine,15,440,256
HC,55,368,5,Serpentine,15,440,256
HC,55,369,5,Serpentine,15,440,256
HC,55,370,5,Serpentine,15,440,256
HC,55,371,5,Serpentine,15,440,256
HC,55,372,5,Serpentine,15,440,256
HC,55,373,5,Serpentine,15,440,256
HC,55,374,5,Serpentine,15,440,256
HC,55,375,5,Serpentine,15,440,256
HC,55,376,5,Serpentine,15,440,256
HC,55,377,5,Serpentine,15,440,256
HC,55,378,5,Serpentine,15,440,256
HC,56,30,4,High-Ca Pyroxene,6,440,256
HC,56,31,4,High-Ca Pyroxene,6,440,256
HC,56,32,4,High-Ca Pyroxene,6,440,256
HC,56,33,4,High-Ca Pyroxene,6,440,256
HC,56,34,4,High-Ca Pyroxene,6,440,256
HC,56,35,4,High-Ca Pyroxene,6,440,256
HC,56,36,4,High-Ca Pyroxene,6,440,256
HC,56,37,4,High-Ca Pyroxene,6,440,256
HC,56,38,4,High-Ca Pyroxene,6,440,256
HC,56,350,5,Serpentine,15,440,256
HC,56,351,5,Serpentine,15,440,256
HC,56,352,5,Serpentine,15,440,256
HC,56,353,5,Serpentine,15,440,256
HC,56,354,5,Serpentine,15,440,256
HC,56,355,5,Serpentine,15,440,256
HC,56,356,5,Serpentine,15,440,256
HC,56,357,5,Serpentine,15,440,256
HC,56,358,5,Serpentine,15,440,256
HC,56,359,5,Serpentine,15,440,256
HC,56,360,5,Serpentine,15,440,256
HC,56,361,5,Serpentine,15,440,256
HC,56,362,5,Serpentine,15,440,256
HC,56,363,5,Serpentine,15,440,256
HC,56,364,5,Serpentine,15,440,256
HC,56,365,5,Serpentine,15,440,256
HC,56,366,5,Serpentine,15,440,256
HC,56,367,5,Serpentine,15,440,256
HC,56,368,5,Serpentine,15,440,256
HC,56,369,5,Serpentine,15,440,256
HC,56,370,5,Serpentine,15,440,256
HC,56,371,5,Serpentine,15,440,256
HC,56,372,5,Serpentine,15,440,256
HC,56,373,5,Serpentine,15,440,256
HC,56,374,5,Serpentine,15,440,256
HC,56,375,5,Serpentine,15,440,256
HC,56,376,5,Serpentine,15,440,256
HC,56,377,5,Serpentine,15,440,256
HC,56,378,5,Serpentine,15,440,256
HC,56,379,5,Serpentine,15,440,256
HC,56,380,5,Serpentine,15,440,256
HC,56,381,5,Serpentine,15,440,256
HC,57,30,4,High-Ca Pyroxene,6,440,256
HC,57,31,4,High-Ca Pyroxene,6,440,256
HC,57,32,4,High-Ca Pyroxene,6,440,256
HC,57,33,4,High-Ca Pyroxene,6,440,256
HC,57,34,4,High-Ca Pyroxene,6,440,256
HC,57,35,4,High-Ca Pyroxene,6,440,256
HC,57,36,4,High-Ca Pyroxene,6,440,256
HC,57,37,4,High-Ca Pyroxene,6,440,256
HC,57,38,4,High-Ca Pyroxene,6,440,256
HC,57,53,2,Plagioclase,13,440,256
HC,57,54,2,Plagioclase,13,440,256
HC,57,55,2,Plagioclase,13,440,256
HC,57,56,2,Plagioclase,13,440,256
HC,57,57,2,Plagioclase,13,440,256
HC,57,58,2,Plagioclase,13,440,256
HC,57,350,5,Serpentine,15,440,256
HC,57,351,5,Serpentine,15,440,256
HC,57,352,5,Serpentine,15,440,256
HC,57,353,5,Serpentine,15,440,256
HC,57,354,5,Serpentine,15,440,256
HC,57,355,5,Serpentine,15,440,256
HC,57,356,5,Serpentine,15,440,256
HC,57,357,5,Serpentine,15,440,256
HC,57,358,5,Serpentine,15,440,256
HC,57,359,5,Serpentine,15,440,256
HC,57,360,5,Serpentine,15,440,256
HC,57,361,5,Serpentine,15,440,256
HC,57,362,5,Serpentine,15,440,256
HC,57,363,5,Serpentine,15,440,256
HC,57,364,5,Serpentine,15,440,256
HC,57,365,5,Serpentine,15,440,256
HC,57,366,5,Serpentine,15,440,256
HC,57,367,5,Serpentine,15,440,256
HC,57,368,5,Serpentine,15,440,256
HC,57,369,5,Serpentine,15,440,256
HC,57,370,5,Serpentine,15,440,256
HC,57,371,5,Serpentine,15,440,256
HC,57,372,5,Serpentine,15,440,256
HC,57,373,5,Serpentine,15,440,256
HC,57,374,5,Serpentine,15,440,256
HC,57,375,5,Serpentine,15,440,256
HC,57,376,5,Serpentine,15,440,256
HC,57,377,5,Serpentine,15,440,256
HC,57,378,5,Serpentine,15,440,256
HC,57,379,5,Serpentine,15,440,256
HC,57,380,5,Serpentine,15,440,256
HC,57,381,5,Serpentine,15,440,256
HC,57,382,5,Serpentine,15,440,256
HC,57,383,5,Serpentine,15,440,256
HC,58,29,4,High-Ca Pyroxene,6,440,256
HC,58,30,4,High-Ca Pyroxene,6,440,256
HC,58,31,4,High-Ca Pyroxene,6,440,256
HC,58,32,4,High-Ca Pyroxene,6,440,256
HC,58,33,4,High-Ca Pyroxene,6,440,256
HC,58,34,4,High-Ca Pyroxene,6,440,256
HC,58,35,4,High-Ca Pyroxene,6,440,256
HC,58,36,4,High-Ca Pyroxene,6,440,256
HC,58,37,4,High-Ca Pyroxene,6,440,256
HC,58,38,4,High-Ca Pyroxene,6,440,256
HC,58,52,2,Plagioclase,13,440,256
HC,58,53,2,Plagioclase,13,440,256
HC,58,54,2,Plagioclase,13,440,256
HC,58,55,2,Plagioclase,13,440,256
HC,58,56,2,Plagioclase,13,440,256
HC,58,57,2,Plagioclase,13,440,256
HC,58,58,2,Plagioclase,13,440,256
HC,58,59,2,Plagioclase,13,440,256
HC,58,350,5,Serpentine,15,440,256
HC,58,351,5,Serpentine,15,440,256
HC,58,352,5,Serpentine,15,440,256
HC,58,353,5,Serpentine,15,440,256
HC,58,354,5,Serpentine,15,440,256
HC,58,355,5,Serpentine,15,440,256
HC,58,356,5,Serpentine,15,440,256
HC,58,357,5,Serpentine,15,440,256
HC,58,358,5,Serpentine,15,440,256
HC,58,359,5,Serpentine,15,440,256
HC,58,360,5,Serpentine,15,440,256
HC,58,361,5,Serpentine,15,440,256
HC,58,362,5,Serpentine,15,440,256
HC,58,363,5,Serpentine,15,440,256
HC,58,364,5,Serpentine,15,440,256
HC,58,365,5,Serpentine,15,440,256
HC,58,366,5,Serpentine,15,440,256
HC,58,367,5,Serpentine,15,440,256
HC,58,368,5,Serpentine,15,440,256
HC,58,369,5,Serpentine,15,440,256
HC,58,370,5,Serpentine,15,440,256
HC,58,371,5,Serpentine,15,440,256
HC,58,372,5,Serpentine,15,440,256
HC,58,373,5,Serpentine,15,440,256
HC,58,374,5,Serpentine,15,440,256
HC,58,375,5,Serpentine,15,440,256
HC,58,376,5,Serpentine,15,440,256
HC,58,377,5,Serpentine,15,440,256
HC,58,378,5,Serpentine,15,440,256
HC,58,379,5,Serpentine,15,440,256
HC,58,380,5,Serpentine,15,440,256
HC,58,381,5,Serpentine,15,440,256
HC,58,382,5,Serpentine,15,440,256
HC,58,383,5,Serpentine,15,440,256
HC,58,384,5,Serpentine,15,440,256
HC,59,29,4,High-Ca Pyroxene,6,440,256
HC,59,30,4,High-Ca Pyroxene,6,440,256
HC,59,31,4,High-Ca Pyroxene,6,440,256
HC,59,32,4,High-Ca Pyroxene,6,440,256
HC,59,33,4,High-Ca Pyroxene,6,440,256
HC,59,34,4,High-Ca Pyroxene,6,440,256
HC,59,35,4,High-Ca Pyroxene,6,440,256
HC,59,36,4,High-Ca Pyroxene,6,440,256
HC,59,37,4,High-Ca Pyroxene,6,440,256
HC,59,52,2,Plagioclase,13,440,256
HC,59,53,2,Plagioclase,13,440,256
HC,59,54,2,Plagioclase,13,440,256
HC,59,55,2,Plagioclase,13,440,256
HC,59,56,2,Plagioclase,13,440,256
HC,59,57,2,Plagioclase,13,440,256
HC,59,58,2,Plagioclase,13,440,256
HC,59,59,2,Plagioclase,13,440,256
HC,59,347,5,Serpentine,15,440,256
HC,59,348,5,Serpentine,15,440,256
HC,59,349,5,Serpentine,15,440,256
HC,59,350,5,Serpentine,15,440,256
HC,59,351,5,Serpentine,15,440,256
HC,59,352,5,Serpentine,15,440,256
HC,59,353,5,Serpentine,15,440,256
HC,59,354,5,Serpentine,15,440,256
HC,59,355,5,Serpentine,15,440,256
HC,59,356,5,Serpentine,15,440,256
HC,59,357,5,Serpentine,15,440,256
HC,59,358,5,Serpentine,15,440,256
HC,59,359,5,Serpentine,15,440,256
HC,59,360,5,Serpentine,15,440,256
HC,59,361,5,Serpentine,15,440,256
HC,59,362,5,Serpentine,15,440,256
HC,59,363,5,Serpentine,15,440,256
HC,59,364,5,Serpentine,15,440,256
HC,59,365,5,Serpentine,15,440,256
HC,59,366,5,Serpentine,15,440,256
HC,59,367,5,Serpentine,15,440,256
HC,59,368,5,Serpentine,15,440,256
HC,59,369,5,Serpentine,15,440,256
HC,59,370,5,Serpentine,15,440,256
HC,59,371,5,Serpentine,15,440,256
HC,59,372,5,Serpentine,15,440,256
HC,59,373,5,Serpentine,15,440,256
HC,59,374,5,Serpentine,15,440,256
HC,59,375,5,Serpentine,15,440,256
HC,59,376,5,Serpentine,15,440,256
HC,59,377,5,Serpentine,15,440,256
HC,59,378,5,Serpentine,15,440,256
HC,59,379,5,Serpentine,15,440,256
HC,59,380,5,Serpentine,15,440,256
HC,59,381,5,Serpentine,15,440,256
HC,59,382,5,Serpentine,15,440,256
HC,59,383,5,Serpentine,15,440,256
HC,59,384,5,Serpentine,15,440,256
HC,59,385,5,Serpentine,15,440,256
HC,59,386,5,Serpentine,15,440,256
HC,60,29,4,High-Ca Pyroxene,6,440,256
HC,60,30,4,High-Ca Pyroxene,6,440,256
HC,60,31,4,High-Ca Pyroxene,6,440,256
HC,60,32,4,High-Ca Pyroxene,6,440,256
HC,60,33,4,High-Ca Pyroxene,6,440,256
HC,60,34,4,High-Ca Pyroxene,6,440,256
HC,60,35,4,High-Ca Pyroxene,6,440,256
HC,60,36,4,High-Ca Pyroxene,6,440,256
HC,60,37,4,High-Ca Pyroxene,6,440,256
HC,60,52,2,Plagioclase,13,440,256
HC,60,53,2,Plagioclase,13,440,256
HC,60,54,2,Plagioclase,13,440,256
HC,60,55,2,Plagioclase,13,440,256
HC,60,56,2,Plagioclase,13,440,256
HC,60,57,2,Plagioclase,13,440,256
HC,60,58,2,Plagioclase,13,440,256
HC,60,59,2,Plagioclase,13,440,256
HC,60,346,5,Serpentine,15,440,256
HC,60,347,5,Serpentine,15,440,256
HC,60,348,5,Serpentine,15,440,256
HC,60,349,5,Serpentine,15,440,256
HC,60,350,5,Serpentine,15,440,256
HC,60,351,5,Serpentine,15,440,256
HC,60,352,5,Serpentine,15,440,256
HC,60,353,5,Serpentine,15,440,256
HC,60,354,5,Serpentine,15,440,256
HC,60,355,5,Serpentine,15,440,256
HC,60,356,5,Serpentine,15,440,256
HC,60,357,5,Serpentine,15,440,256
HC,60,358,5,Serpentine,15,440,256
HC,60,359,5,Serpentine,15,440,256
HC,60,360,5,Serpentine,15,440,256
HC,60,361,5,Serpentine,15,440,256
HC,60,362,5,Serpentine,15,440,256
HC,60,363,5,Serpentine,15,440,256
HC,60,364,5,Serpentine,15,440,256
HC,60,365,5,Serpentine,15,440,256
HC,60,366,5,Serpentine,15,440,256
HC,60,367,5,Serpentine,15,440,256
HC,60,368,5,Serpentine,15,440,256
HC,60,369,5,Serpentine,15,440,256
HC,60,370,5,Serpentine,15,440,256
HC,60,371,5,Serpentine,15,440,256
HC,60,372,5,Serpentine,15,440,256
HC,60,373,5,Serpentine,15,440,256
HC,60,374,5,Serpentine,15,440,256
HC,60,375,5,Serpentine,15,440,256
HC,60,376,5,Serpentine,15,440,256
HC,60,377,5,Serpentine,15,440,256
HC,60,378,5,Serpentine,15,440,256
HC,60,379,5,Serpentine,15,440,256
HC,60,380,5,Serpentine,15,440,256
HC,60,381,5,Serpentine,15,440,256
HC,60,382,5,Serpentine,15,440,256
HC,60,383,5,Serpentine,15,440,256
HC,60,384,5,Serpentine,15,440,256
HC,60,385,5,Serpentine,15,440,256
HC,60,386,5,Serpentine,15,440,256
HC,61,29,4,High-Ca Pyroxene,6,440,256
HC,61,30,4,High-Ca Pyroxene,6,440,256
HC,61,31,4,High-Ca Pyroxene,6,440,256
HC,61,32,4,High-Ca Pyroxene,6,440,256
HC,61,33,4,High-Ca Pyroxene,6,440,256
HC,61,34,4,High-Ca Pyroxene,6,440,256
HC,61,35,4,High-Ca Pyroxene,6,440,256
HC,61,36,4,High-Ca Pyroxene,6,440,256
HC,61,37,4,High-Ca Pyroxene,6,440,256
HC,61,54,2,Plagioclase,13,440,256
HC,61,55,2,Plagioclase,13,440,256
HC,61,56,2,Plagioclase,13,440,256
HC,61,57,2,Plagioclase,13,440,256
HC,61,346,5,Serpentine,15,440,256
HC,61,347,5,Serpentine,15,440,256
HC,61,348,5,Serpentine,15,440,256
HC,61,349,5,Serpentine,15,440,256
HC,61,350,5,Serpentine,15,440,256
HC,61,351,5,Serpentine,15,440,256
HC,61,352,5,Serpentine,15,440,256
HC,61,353,5,Serpentine,15,440,256
HC,61,354,5,Serpentine,15,440,256
HC,61,355,5,Serpentine,15,440,256
HC,61,356,5,Serpentine,15,440,256
HC,61,357,5,Serpentine,15,440,256
HC,61,358,5,Serpentine,15,440,256
HC,61,359,5,Serpentine,15,440,256
HC,61,360,5,Serpentine,15,440,256
HC,61,361,5,Serpentine,15,440,256
HC,61,362,5,Serpentine,15,440,256
HC,61,363,5,Serpentine,15,440,256
HC,61,364,5,Serpentine,15,440,256
HC,61,365,5,Serpentine,15,440,256
HC,61,366,5,Serpentine,15,440,256
HC,61,367,5,Serpentine,15,440,256
HC,61,368,5,Serpentine,15,440,256
HC,61,369,5,Serpentine,15,440,256
HC,61,370,5,Serpentine,15,440,256
HC,61,371,5,Serpentine,15,440,256
HC,61,372,5,Serpentine,15,440,256
HC,61,373,5,Serpentine,15,440,256
HC,61,374,5,Serpentine,15,440,256
HC,61,375,5,Serpentine,15,440,256
HC,61,376,5,Serpentine,15,440,256
HC,61,377,5,Serpentine,15,440,256
HC,61,378,5,Serpentine,15,440,256
HC,61,379,5,Serpentine,15,440,256
HC,61,380,5,Serpentine,15,440,256
HC,61,381,5,Serpentine,15,440,256
HC,61,382,5,Serpentine,15,440,256
HC,61,383,5,Serpentine,15,440,256
HC,61,384,5,Serpentine,15,440,256
HC,61,385,5,Serpentine,15,440,256
HC,61,386,5,Serpentine,15,440,256
HC,61,387,5,Serpentine,15,440,256
HC,62,29,4,High-Ca Pyroxene,6,440,256
HC,62,30,4,High-Ca Pyroxene,6,440,256
HC,62,31,4,High-Ca Pyroxene,6,440,256
HC,62,32,4,High-Ca Pyroxene,6,440,256
HC,62,33,4,High-Ca Pyroxene,6,440,256
HC,62,34,4,High-Ca Pyroxene,6,440,256
HC,62,35,4,High-Ca Pyroxene,6,440,256
HC,62,36,4,High-Ca Pyroxene,6,440,256
HC,62,346,5,Serpentine,15,440,256
HC,62,347,5,Serpentine,15,440,256
HC,62,348,5,Serpentine,15,440,256
HC,62,349,5,Serpentine,15,440,256
HC,62,350,5,Serpentine,15,440,256
HC,62,351,5,Serpentine,15,440,256
HC,62,352,5,Serpentine,15,440,256
HC,62,353,5,Serpentine,15,440,256
HC,62,354,5,Serpentine,15,440,256
HC,62,355,5,Serpentine,15,440,256
HC,62,356,5,Serpentine,15,440,256
HC,62,357,5,Serpentine,15,440,256
HC,62,358,5,Serpentine,15,440,256
HC,62,359,5,Serpentine,15,440,256
HC,62,360,5,Serpentine,15,440,256
HC,62,361,5,Serpentine,15,440,256
HC,62,362,5,Serpentine,15,440,256
HC,62,363,5,Serpentine,15,440,256
HC,62,364,5,Serpentine,15,440,256
HC,62,365,5,Serpentine,15,440,256
HC,62,366,5,Serpentine,15,440,256
HC,62,367,5,Serpentine,15,440,256
HC,62,368,5,Serpentine,15,440,256
HC,62,369,5,Serpentine,15,440,256
HC,62,370,5,Serpentine,15,440,256
HC,62,371,5,Serpentine,15,440,256
HC,62,372,5,Serpentine,15,440,256
HC,62,373,5,Serpentine,15,440,256
HC,62,374,5,Serpentine,15,440,256
HC,62,375,5,Serpentine,15,440,256
HC,62,376,5,Serpentine,15,440,256
HC,62,377,5,Serpentine,15,440,256
HC,62,378,5,Serpentine,15,440,256
HC,62,379,5,Serpentine,15,440,256
HC,62,380,5,Serpentine,15,440,256
HC,62,381,5,Serpentine,15,440,256
HC,62,382,5,Serpentine,15,440,256
HC,62,383,5,Serpentine,15,440,256
HC,62,384,5,Serpentine,15,440,256
HC,62,385,5,Serpentine,15,440,256
HC,62,386,5,Serpentine,15,440,256
HC,62,387,5,Serpentine,15,440,256
HC,62,388,5,Serpentine,15,440,256
HC,63,28,4,High-Ca Pyroxene,6,440,256
HC,63,29,4,High-Ca Pyroxene,6,440,256
HC,63,30,4,High-Ca Pyroxene,6,440,256
HC,63,31,4,High-Ca Pyroxene,6,440,256
HC,63,32,4,High-Ca Pyroxene,6,440,256
HC,63,33,4,High-Ca Pyroxene,6,440,256
HC,63,34,4,High-Ca Pyroxene,6,440,256
HC,63,35,4,High-Ca Pyroxene,6,440,256
HC,63,36,4,High-Ca Pyroxene,6,440,256
HC,63,346,5,Serpentine,15,440,256
HC,63,347,5,Serpentine,15,440,256
HC,63,348,5,Serpentine,15,440,256
HC,63,349,5,Serpentine,15,440,256
HC,63,350,5,Serpentine,15,440,256
HC,63,351,5,Serpentine,15,440,256
HC,63,352,5,Serpentine,15,440,256
HC,63,353,5,Serpentine,15,440,256
HC,63,354,5,Serpentine,15,440,256
HC,63,355,5,Serpentine,15,440,256
HC,63,356,5,Serpentine,15,440,256
HC,63,357,5,Serpentine,15,440,256
HC,63,358,5,Serpentine,15,440,256
HC,63,359,5,Serpentine,15,440,256
HC,63,360,5,Serpentine,15,440,256
HC,63,361,5,Serpentine,15,440,256
HC,63,362,5,Serpentine,15,440,256
HC,63,363,5,Serpentine,15,440,256
HC,63,364,5,Serpentine,15,440,256
HC,63,365,5,Serpentine,15,440,256
HC,63,366,5,Serpentine,15,440,256
HC,63,367,5,Serpentine,15,440,256
HC,63,368,5,Serpentine,15,440,256
HC,63,369,5,Serpentine,15,440,256
HC,63,370,5,Serpentine,15,440,256
HC,63,371,5,Serpentine,15,440,256
HC,63,372,5,Serpentine,15,440,256
HC,63,373,5,Serpentine,15,440,256
HC,63,374,5,Serpentine,15,440,256
HC,63,375,5,Serpentine,15,440,256
HC,63,376,5,Serpentine,15,440,256
HC,63,377,5,Serpentine,15,440,256
HC,63,378,5,Serpentine,15,440,256
HC,63,379,5,Serpentine,15,440,256
HC,63,380,5,Serpentine,15,440,256
HC,63,381,5,Serpentine,15,440,256
HC,63,382,5,Serpentine,15,440,256
HC,63,383,5,Serpentine,15,440,256
HC,63,384,5,Serpentine,15,440,256
HC,63,385,5,Serpentine,15,440,256
HC,63,386,5,Serpentine,15,440,256
HC,63,387,5,Serpentine,15,440,256
HC,63,388,5,Serpentine,15,440,256
HC,63,389,5,Serpentine,15,440,256
HC,64,28,4,High-Ca Pyroxene,6,440,256
HC,64,29,4,High-Ca Pyroxene,6,440,256
HC,64,30,4,High-Ca Pyroxene,6,440,256
HC,64,31,4,High-Ca Pyroxene,6,440,256
HC,64,32,4,High-Ca Pyroxene,6,440,256
HC,64,33,4,High-Ca Pyroxene,6,440,256
HC,64,34,4,High-Ca Pyroxene,6,440,256
HC,64,35,4,High-Ca Pyroxene,6,440,256
HC,64,36,4,High-Ca Pyroxene,6,440,256
HC,64,44,3,Prehnite,14,440,256
HC,64,45,3,Prehnite,14,440,256
HC,64,46,3,Prehnite,14,440,256
HC,64,47,3,Prehnite,14,440,256
HC,64,48,3,Prehnite,14,440,256
HC,64,49,3,Prehnite,14,440,256
HC,64,50,3,Prehnite,14,440,256
HC,64,51,3,Prehnite,14,440,256
HC,64,348,5,Serpentine,15,440,256
HC,64,349,5,Serpentine,15,440,256
HC,64,350,5,Serpentine,15,440,256
HC,64,351,5,Serpentine,15,440,256
HC,64,352,5,Serpentine,15,440,256
HC,64,353,5,Serpentine,15,440,256
HC,64,354,5,Serpentine,15,440,256
HC,64,355,5,Serpentine,15,440,256
HC,64,356,5,Serpentine,15,440,256
HC,64,357,5,Serpentine,15,440,256
HC,64,358,5,Serpentine,15,440,256
HC,64,359,5,Serpentine,15,440,256
HC,64,360,5,Serpentine,15,440,256
HC,64,361,5,Serpentine,15,440,256
HC,64,362,5,Serpentine,15,440,256
HC,64,363,5,Serpentine,15,440,256
HC,64,364,5,Serpentine,15,440,256
HC,64,365,5,Serpentine,15,440,256
HC,64,366,5,Serpentine,15,440,256
HC,64,367,5,Serpentine,15,440,256
HC,64,368,5,Serpentine,15,440,256
HC,64,369,5,Serpentine,15,440,256
HC,64,370,5,Serpentine,15,440,256
HC,64,371,5,Serpentine,15,440,256
HC,64,372,5,Serpentine,15,440,256
HC,64,373,5,Serpentine,15,440,256
HC,64,374,5,Serpentine,15,440,256
HC,64,375,5,Serpentine,15,440,256
HC,64,376,5,Serpentine,15,440,256
HC,64,377,5,Serpentine,15,440,256
HC,64,378,5,Serpentine,15,440,256
HC,64,379,5,Serpentine,15,440,256
HC,64,380,5,Serpentine,15,440,256
HC,64,381,5,Serpentine,15,440,256
HC,64,382,5,Serpentine,15,440,256
HC,64,383,5,Serpentine,15,440,256
HC,64,384,5,Serpentine,15,440,256
HC,64,385,5,Serpentine,15,440,256
HC,64,386,5,Serpentine,15,440,256
HC,64,387,5,Serpentine,15,440,256
HC,64,388,5,Serpentine,15,440,256
HC,64,389,5,Serpentine,15,440,256
HC,64,390,5,Serpentine,15,440,256
HC,65,28,4,High-Ca Pyroxene,6,440,256
HC,65,29,4,High-Ca Pyroxene,6,440,256
HC,65,30,4,High-Ca Pyroxene,6,440,256
HC,65,31,4,High-Ca Pyroxene,6,440,256
HC,65,32,4,High-Ca Pyroxene,6,440,256
HC,65,33,4,High-Ca Pyroxene,6,440,256
HC,65,34,4,High-Ca Pyroxene,6,440,256
HC,65,35,4,High-Ca Pyroxene,6,440,256
HC,65,36,4,High-Ca Pyroxene,6,440,256
HC,65,42,3,Prehnite,14,440,256
HC,65,43,3,Prehnite,14,440,256
HC,65,44,3,Prehnite,14,440,256
HC,65,45,3,Prehnite,14,440,256
HC,65,46,3,Prehnite,14,440,256
HC,65,47,3,Prehnite,14,440,256
HC,65,48,3,Prehnite,14,440,256
HC,65,49,3,Prehnite,14,440,256
HC,65,50,3,Prehnite,14,440,256
HC,65,51,3,Prehnite,14,440,256
HC,65,52,3,Prehnite,14,440,256
HC,65,348,5,Serpentine,15,440,256
HC,65,349,5,Serpentine,15,440,256
HC,65,350,5,Serpentine,15,440,256
HC,65,351,5,Serpentine,15,440,256
HC,65,352,5,Serpentine,15,440,256
HC,65,353,5,Serpentine,15,440,256
HC,65,354,5,Serpentine,15,440,256
HC,65,355,5,Serpentine,15,440,256
HC,65,356,5,Serpentine,15,440,256
HC,65,357,5,Serpentine,15,440,256
HC,65,358,5,Serpentine,15,440,256
HC,65,359,5,Serpentine,15,440,256
HC,65,360,5,Serpentine,15,440,256
HC,65,361,5,Serpentine,15,440,256
HC,65,362,5,Serpentine,15,440,256
HC,65,363,5,Serpentine,15,440,256
HC,65,364,5,Serpentine,15,440,256
HC,65,365,5,Serpentine,15,440,256
HC,65,366,5,Serpentine,15,440,256
HC,65,367,5,Serpentine,15,440,256
HC,65,368,5,Serpentine,15,440,256
HC,65,369,5,Serpentine,15,440,256
HC,65,370,5,Serpentine,15,440,256
HC,65,371,5,Serpentine,15,440,256
HC,65,372,5,Serpentine,15,440,256
HC,65,373,5,Serpentine,15,440,256
HC,65,374,5,Serpentine,15,440,256
HC,65,375,5,Serpentine,15,440,256
HC,65,376,5,Serpentine,15,440,256
HC,65,377,5,Serpentine,15,440,256
HC,65,378,5,Serpentine,15,440,256
HC,65,379,5,Serpentine,15,440,256
HC,65,380,5,Serpentine,15,440,256
HC,65,381,5,Serpentine,15,440,256
HC,65,382,5,Serpentine,15,440,256
HC,65,383,5,Serpentine,15,440,256
HC,65,384,5,Serpentine,15,440,256
HC,65,385,5,Serpentine,15,440,256
HC,65,386,5,Serpentine,15,440,256
HC,65,387,5,Serpentine,15,440,256
HC,65,388,5,Serpentine,15,440,256
HC,65,389,5,Serpentine,15,440,256
HC,65,390,5,Serpentine,15,440,256
HC,65,391,5,Serpentine,15,440,256
HC,66,28,4,High-Ca Pyroxene,6,440,256
HC,66,29,4,High-Ca Pyroxene,6,440,256
HC,66,30,4,High-Ca Pyroxene,6,440,256
HC,66,31,4,High-Ca Pyroxene,6,440,256
HC,66,32,4,High-Ca Pyroxene,6,440,256
HC,66,33,4,High-Ca Pyroxene,6,440,256
HC,66,34,4,High-Ca Pyroxene,6,440,256
HC,66,35,4,High-Ca Pyroxene,6,440,256
HC,66,41,3,Prehnite,14,440,256
HC,66,42,3,Prehnite,14,440,256
HC,66,43,3,Prehnite,14,440,256
HC,66,44,3,Prehnite,14,440,256
HC,66,45,3,Prehnite,14,440,256
HC,66,46,3,Prehnite,14,440,256
HC,66,47,3,Prehnite,14,440,256
HC,66,48,3,Prehnite,14,440,256
HC,66,49,3,Prehnite,14,440,256
HC,66,50,3,Prehnite,14,440,256
HC,66,51,3,Prehnite,14,440,256
HC,66,52,3,Prehnite,14,440,256
HC,66,53,3,Prehnite,14,440,256
HC,66,350,5,Serpentine,15,440,256
HC,66,351,5,Serpentine,15,440,256
HC,66,352,5,Serpentine,15,440,256
HC,66,353,5,Serpentine,15,440,256
HC,66,354,5,Serpentine,15,440,256
HC,66,355,5,Serpentine,15,440,256
HC,66,356,5,Serpentine,15,440,256
HC,66,357,5,Serpentine,15,440,256
HC,66,358,5,Serpentine,15,440,256
HC,66,359,5,Serpentine,15,440,256
HC,66,360,5,Serpentine,15,440,256
HC,66,361,5,Serpentine,15,440,256
HC,66,362,5,Serpentine,15,440,256
HC,66,363,5,Serpentine,15,440,256
HC,66,364,5,Serpentine,15,440,256
HC,66,365,5,Serpentine,15,440,256
HC,66,366,5,Serpentine,15,440,256
HC,66,367,5,Serpentine,15,440,256
HC,66,368,5,Serpentine,15,440,256
HC,66,369,5,Serpentine,15,440,256
HC,66,370,5,Serpentine,15,440,256
HC,66,371,5,Serpentine,15,440,256
HC,66,372,5,Serpentine,15,440,256
HC,66,373,5,Serpentine,15,440,256
HC,66,374,5,Serpentine,15,440,256
HC,66,375,5,Serpentine,15,440,256
HC,66,376,5,Serpentine,15,440,256
HC,66,377,5,Serpentine,15,440,256
HC,66,378,5,Serpentine,15,440,256
HC,66,379,5,Serpentine,15,440,256
HC,66,380,5,Serpentine,15,440,256
HC,66,381,5,Serpentine,15,440,256
HC,66,382,5,Serpentine,15,440,256
HC,66,383,5,Serpentine,15,440,256
HC,66,384,5,Serpentine,15,440,256
HC,66,385,5,Serpentine,15,440,256
HC,66,386,5,Serpentine,15,440,256
HC,66,387,5,Serpentine,15,440,256
HC,66,388,5,Serpentine,15,440,256
HC,66,389,5,Serpentine,15,440,256
HC,66,390,5,Serpentine,15,440,256
HC,66,391,5,Serpentine,15,440,256
HC,66,392,5,Serpentine,15,440,256
HC,66,393,5,Serpentine,15,440,256
HC,67,28,4,High-Ca Pyroxene,6,440,256
HC,67,29,4,High-Ca Pyroxene,6,440,256
HC,67,30,4,High-Ca Pyroxene,6,440,256
HC,67,31,4,High-Ca Pyroxene,6,440,256
HC,67,32,4,High-Ca Pyroxene,6,440,256
HC,67,33,4,High-Ca Pyroxene,6,440,256
HC,67,34,4,High-Ca Pyroxene,6,440,256
HC,67,41,3,Prehnite,14,440,256
HC,67,42,3,Prehnite,14,440,256
HC,67,43,3,Prehnite,14,440,256
HC,67,44,3,Prehnite,14,440,256
HC,67,45,3,Prehnite,14,440,256
HC,67,46,3,Prehnite,14,440,256
HC,67,47,3,Prehnite,14,440,256
HC,67,48,3,Prehnite,14,440,256
HC,67,49,3,Prehnite,14,440,256
HC,67,50,3,Prehnite,14,440,256
HC,67,51,3,Prehnite,14,440,256
HC,67,52,3,Prehnite,14,440,256
HC,67,53,3,Prehnite,14,440,256
HC,67,351,5,Serpentine,15,440,256
HC,67,352,5,Serpentine,15,440,256
HC,67,353,5,Serpentine,15,440,256
HC,67,354,5,Serpentine,15,440,256
HC,67,355,5,Serpentine,15,440,256
HC,67,356,5,Serpentine,15,440,256
HC,67,357,5,Serpentine,15,440,256
HC,67,358,5,Serpentine,15,440,256
HC,67,359,5,Serpentine,15,440,256
HC,67,360,5,Serpentine,15,440,256
HC,67,361,5,Serpentine,15,440,256
HC,67,362,5,Serpentine,15,440,256
HC,67,363,5,Serpentine,15,440,256
HC,67,364,5,Serpentine,15,440,256
HC,67,365,5,Serpentine,15,440,256
HC,67,366,5,Serpentine,15,440,256
HC,67,367,5,Serpentine,15,440,256
HC,67,368,5,Serpentine,15,440,256
HC,67,369,5,Serpentine,15,440,256
HC,67,370,5,Serpentine,15,440,256
HC,67,371,5,Serpentine,15,440,256
HC,67,372,5,Serpentine,15,440,256
HC,67,373,5,Serpentine,15,440,256
HC,67,374,5,Serpentine,15,440,256
HC,67,375,5,Serpentine,15,440,256
HC,67,376,5,Serpentine,15,440,256
HC,67,377,5,Serpentine,15,440,256
HC,67,378,5,Serpentine,15,440,256
HC,67,379,5,Serpentine,15,440,256
HC,67,380,5,Serpentine,15,440,256
HC,67,381,5,Serpentine,15,440,256
HC,67,382,5,Serpentine,15,440,256
HC,67,383,5,Serpentine,15,440,256
HC,67,384,5,Serpentine,15,440,256
HC,67,385,5,Serpentine,15,440,256
HC,67,386,5,Serpentine,15,440,256
HC,67,387,5,Serpentine,15,440,256
HC,67,388,5,Serpentine,15,440,256
HC,67,389,5,Serpentine,15,440,256
HC,67,390,5,Serpentine,15,440,256
HC,67,391,5,Serpentine,15,440,256
HC,67,392,5,Serpentine,15,440,256
HC,67,393,5,Serpentine,15,440,256
HC,67,394,5,Serpentine,15,440,256
HC,68,28,4,High-Ca Pyroxene,6,440,256
HC,68,29,4,High-Ca Pyroxene,6,440,256
HC,68,30,4,High-Ca Pyroxene,6,440,256
HC,68,31,4,High-Ca Pyroxene,6,440,256
HC,68,32,4,High-Ca Pyroxene,6,440,256
HC,68,33,4,High-Ca Pyroxene,6,440,256
HC,68,40,3,Prehnite,14,440,256
HC,68,41,3,Prehnite,14,440,256
HC,68,42,3,Prehnite,14,440,256
HC,68,43,3,Prehnite,14,440,256
HC,68,44,3,Prehnite,14,440,256
HC,68,45,3,Prehnite,14,440,256
HC,68,46,3,Prehnite,14,440,256
HC,68,47,3,Prehnite,14,440,256
HC,68,48,3,Prehnite,14,440,256
HC,68,49,3,Prehnite,14,440,256
HC,68,50,3,Prehnite,14,440,256
HC,68,51,3,Prehnite,14,440,256
HC,68,52,3,Prehnite,14,440,256
HC,68,53,3,Prehnite,14,440,256
HC,68,352,5,Serpentine,15,440,256
HC,68,353,5,Serpentine,15,440,256
HC,68,354,5,Serpentine,15,440,256
HC,68,355,5,Serpentine,15,440,256
HC,68,356,5,Serpentine,15,440,256
HC,68,357,5,Serpentine,15,440,256
HC,68,358,5,Serpentine,15,440,256
HC,68,359,5,Serpentine,15,440,256
HC,68,360,5,Serpentine,15,440,256
HC,68,361,5,Serpentine,15,440,256
HC,68,362,5,Serpentine,15,440,256
HC,68,363,5,Serpentine,15,440,256
HC,68,364,5,Serpentine,15,440,256
HC,68,365,5,Serpentine,15,440,256
HC,68,366,5,Serpentine,15,440,256
HC,68,367,5,Serpentine,15,440,256
HC,68,368,5,Serpentine,15,440,256
HC,68,369,5,Serpentine,15,440,256
HC,68,370,5,Serpentine,15,440,256
HC,68,371,5,Serpentine,15,440,256
HC,68,372,5,Serpentine,15,440,256
HC,68,373,5,Serpentine,15,440,256
HC,68,374,5,Serpentine,15,440,256
HC,68,375,5,Serpentine,15,440,256
HC,68,376,5,Serpentine,15,440,256
HC,68,377,5,Serpentine,15,440,256
HC,68,378,5,Serpentine,15,440,256
HC,68,379,5,Serpentine,15,440,256
HC,68,380,5,Serpentine,15,440,256
HC,68,381,5,Serpentine,15,440,256
HC,68,382,5,Serpentine,15,440,256
HC,68,383,5,Serpentine,15,440,256
HC,68,384,5,Serpentine,15,440,256
HC,68,385,5,Serpentine,15,440,256
HC,68,386,5,Serpentine,15,440,256
HC,68,387,5,Serpentine,15,440,256
HC,68,388,5,Serpentine,15,440,256
HC,68,389,5,Serpentine,15,440,256
HC,68,390,5,Serpentine,15,440,256
HC,68,391,5,Serpentine,15,440,256
HC,68,392,5,Serpentine,15,440,256
HC,68,393,5,Serpentine,15,440,256
HC,68,394,5,Serpentine,15,440,256
HC,68,395,5,Serpentine,15,440,256
HC,69,28,4,High-Ca Pyroxene,6,440,256
HC,69,29,4,High-Ca Pyroxene,6,440,256
HC,69,30,4,High-Ca Pyroxene,6,440,256
HC,69,31,4,High-Ca Pyroxene,6,440,256
HC,69,32,4,High-Ca Pyroxene,6,440,256
HC,69,33,4,High-Ca Pyroxene,6,440,256
HC,69,40,3,Prehnite,14,440,256
HC,69,41,3,Prehnite,14,440,256
HC,69,42,3,Prehnite,14,440,256
HC,69,43,3,Prehnite,14,440,256
HC,69,44,3,Prehnite,14,440,256
HC,69,45,3,Prehnite,14,440,256
HC,69,46,3,Prehnite,14,440,256
HC,69,47,3,Prehnite,14,440,256
HC,69,48,3,Prehnite,14,440,256
HC,69,49,3,Prehnite,14,440,256
HC,69,50,3,Prehnite,14,440,256
HC,69,51,3,Prehnite,14,440,256
HC,69,52,3,Prehnite,14,440,256
HC,69,354,5,Serpentine,15,440,256
HC,69,355,5,Serpentine,15,440,256
HC,69,356,5,Serpentine,15,440,256
HC,69,357,5,Serpentine,15,440,256
HC,69,358,5,Serpentine,15,440,256
HC,69,359,5,Serpentine,15,440,256
HC,69,360,5,Serpentine,15,440,256
HC,69,361,5,Serpentine,15,440,256
HC,69,362,5,Serpentine,15,440,256
HC,69,363,5,Serpentine,15,440,256
HC,69,364,5,Serpentine,15,440,256
HC,69,365,5,Serpentine,15,440,256
HC,69,366,5,Serpentine,15,440,256
HC,69,367,5,Serpentine,15,440,256
HC,69,368,5,Serpentine,15,440,256
HC,69,369,5,Serpentine,15,440,256
HC,69,370,5,Serpentine,15,440,256
HC,69,371,5,Serpentine,15,440,256
HC,69,372,5,Serpentine,15,440,256
HC,69,373,5,Serpentine,15,440,256
HC,69,374,5,Serpentine,15,440,256
HC,69,375,5,Serpentine,15,440,256
HC,69,376,5,Serpentine,15,440,256
HC,69,377,5,Serpentine,15,440,256
HC,69,378,5,Serpentine,15,440,256
HC,69,379,5,Serpentine,15,440,256
HC,69,380,5,Serpentine,15,440,256
HC,69,381,5,Serpentine,15,440,256
HC,69,382,5,Serpentine,15,440,256
HC,69,383,5,Serpentine,15,440,256
HC,69,384,5,Serpentine,15,440,256
HC,69,385,5,Serpentine,15,440,256
HC,69,386,5,Serpentine,15,440,256
HC,69,387,5,Serpentine,15,440,256
HC,69,388,5,Serpentine,15,440,256
HC,69,389,5,Serpentine,15,440,256
HC,69,390,5,Serpentine,15,440,256
HC,69,391,5,Serpentine,15,440,256
HC,69,392,5,Serpentine,15,440,256
HC,69,393,5,Serpentine,15,440,256
HC,69,394,5,Serpentine,15,440,256
HC,69,395,5,Serpentine,15,440,256
HC,69,396,5,Serpentine,15,440,256
HC,70,29,4,High-Ca Pyroxene,6,440,256
HC,70,30,4,High-Ca Pyroxene,6,440,256
HC,70,31,4,High-Ca Pyroxene,6,440,256
HC,70,32,4,High-Ca Pyroxene,6,440,256
HC,70,41,3,Prehnite,14,440,256
HC,70,42,3,Prehnite,14,440,256
HC,70,43,3,Prehnite,14,440,256
HC,70,44,3,Prehnite,14,440,256
HC,70,45,3,Prehnite,14,440,256
HC,70,46,3,Prehnite,14,440,256
HC,70,47,3,Prehnite,14,440,256
HC,70,48,3,Prehnite,14,440,256
HC,70,49,3,Prehnite,14,440,256
HC,70,50,3,Prehnite,14,440,256
HC,70,51,3,Prehnite,14,440,256
HC,70,355,5,Serpentine,15,440,256
HC,70,356,5,Serpentine,15,440,256
HC,70,357,5,Serpentine,15,440,256
HC,70,358,5,Serpentine,15,440,256
HC,70,359,5,Serpentine,15,440,256
HC,70,360,5,Serpentine,15,440,256
HC,70,361,5,Serpentine,15,440,256
HC,70,362,5,Serpentine,15,440,256
HC,70,363,5,Serpentine,15,440,256
HC,70,364,5,Serpentine,15,440,256
HC,70,365,5,Serpentine,15,440,256
HC,70,366,5,Serpentine,15,440,256
HC,70,367,5,Serpentine,15,440,256
HC,70,368,5,Serpentine,15,440,256
HC,70,369,5,Serpentine,15,440,256
HC,70,370,5,Serpentine,15,440,256
HC,70,371,5,Serpentine,15,440,256
HC,70,372,5,Serpentine,15,440,256
HC,70,373,5,Serpentine,15,440,256
HC,70,374,5,Serpentine,15,440,256
HC,70,375,5,Serpentine,15,440,256
HC,70,376,5,Serpentine,15,440,256
HC,70,377,5,Serpentine,15,440,256
HC,70,378,5,Serpentine,15,440,256
HC,70,379,5,Serpentine,15,440,256
HC,70,380,5,Serpentine,15,440,256
HC,70,381,5,Serpentine,15,440,256
HC,70,382,5,Serpentine,15,440,256
HC,70,383,5,Serpentine,15,440,256
HC,70,384,5,Serpentine,15,440,256
HC,70,385,5,Serpentine,15,440,256
HC,70,386,5,Serpentine,15,440,256
HC,70,387,5,Serpentine,15,440,256
HC,70,388,5,Serpentine,15,440,256
HC,70,389,5,Serpentine,15,440,256
HC,70,390,5,Serpentine,15,440,256
HC,70,391,5,Serpentine,15,440,256
HC,70,392,5,Serpentine,15,440,256
HC,70,393,5,Serpentine,15,440,256
HC,70,394,5,Serpentine,15,440,256
HC,70,395,5,Serpentine,15,440,256
HC,70,396,5,Serpentine,15,440,256
HC,71,356,5,Serpentine,15,440,256
HC,71,357,5,Serpentine,15,440,256
HC,71,358,5,Serpentine,15,440,256
HC,71,359,5,Serpentine,15,440,256
HC,71,360,5,Serpentine,15,440,256
HC,71,361,5,Serpentine,15,440,256
HC,71,362,5,Serpentine,15,440,256
HC,71,363,5,Serpentine,15,440,256
HC,71,364,5,Serpentine,15,440,256
HC,71,365,5,Serpentine,15,440,256
HC,71,366,5,Serpentine,15,440,256
HC,71,367,5,Serpentine,15,440,256
HC,71,368,5,Serpentine,15,440,256
HC,71,369,5,Serpentine,15,440,256
HC,71,370,5,Serpentine,15,440,256
HC,71,371,5,Serpentine,15,440,256
HC,71,372,5,Serpentine,15,440,256
HC,71,373,5,Serpentine,15,440,256
HC,71,374,5,Serpentine,15,440,256
HC,71,375,5,Serpentine,15,440,256
HC,71,376,5,Serpentine,15,440,256
HC,71,377,5,Serpentine,15,440,256
HC,71,378,5,Serpentine,15,440,256
HC,71,379,5,Serpentine,15,440,256
HC,71,380,5,Serpentine,15,440,256
HC,71,381,5,Serpentine,15,440,256
HC,71,382,5,Serpentine,15,440,256
HC,71,383,5,Serpentine,15,440,256
HC,71,384,5,Serpentine,15,440,256
HC,71,385,5,Serpentine,15,440,256
HC,71,386,5,Serpentine,15,440,256
HC,71,387,5,Serpentine,15,440,256
HC,71,388,5,Serpentine,15,440,256
HC,71,389,5,Serpentine,15,440,256
HC,71,390,5,Serpentine,15,440,256
HC,71,391,5,Serpentine,15,440,256
HC,71,392,5,Serpentine,15,440,256
HC,71,393,5,Serpentine,15,440,256
HC,71,394,5,Serpentine,15,440,256
HC,71,395,5,Serpentine,15,440,256
HC,71,396,5,Serpentine,15,440,256
HC,71,397,5,Serpentine,15,440,256
HC,72,356,5,Serpentine,15,440,256
HC,72,357,5,Serpentine,15,440,256
HC,72,358,5,Serpentine,15,440,256
HC,72,359,5,Serpentine,15,440,256
HC,72,360,5,Serpentine,15,440,256
HC,72,361,5,Serpentine,15,440,256
HC,72,362,5,Serpentine,15,440,256
HC,72,363,5,Serpentine,15,440,256
HC,72,364,5,Serpentine,15,440,256
HC,72,365,5,Serpentine,15,440,256
HC,72,366,5,Serpentine,15,440,256
HC,72,367,5,Serpentine,15,440,256
HC,72,368,5,Serpentine,15,440,256
HC,72,369,5,Serpentine,15,440,256
HC,72,370,5,Serpentine,15,440,256
HC,72,371,5,Serpentine,15,440,256
HC,72,372,5,Serpentine,15,440,256
HC,72,373,5,Serpentine,15,440,256
HC,72,374,5,Serpentine,15,440,256
HC,72,375,5,Serpentine,15,440,256
HC,72,376,5,Serpentine,15,440,256
HC,72,377,5,Serpentine,15,440,256
HC,72,378,5,Serpentine,15,440,256
HC,72,379,5,Serpentine,15,440,256
HC,72,380,5,Serpentine,15,440,256
HC,72,381,5,Serpentine,15,440,256
HC,72,382,5,Serpentine,15,440,256
HC,72,383,5,Serpentine,15,440,256
HC,72,384,5,Serpentine,15,440,256
HC,72,385,5,Serpentine,15,440,256
HC,72,386,5,Serpentine,15,440,256
HC,72,387,5,Serpentine,15,440,256
HC,72,388,5,Serpentine,15,440,256
HC,72,389,5,Serpentine,15,440,256
HC,72,390,5,Serpentine,15,440,256
HC,72,391,5,Serpentine,15,440,256
HC,72,392,5,Serpentine,15,440,256
HC,72,393,5,Serpentine,15,440,256
HC,72,394,5,Serpentine,15,440,256
HC,72,395,5,Serpentine,15,440,256
HC,72,396,5,Serpentine,15,440,256
HC,72,397,5,Serpentine,15,440,256
HC,72,398,5,Serpentine,15,440,256
HC,73,356,5,Serpentine,15,440,256
HC,73,357,5,Serpentine,15,440,256
HC,73,358,5,Serpentine,15,440,256
HC,73,359,5,Serpentine,15,440,256
HC,73,360,5,Serpentine,15,440,256
HC,73,361,5,Serpentine,15,440,256
HC,73,362,5,Serpentine,15,440,256
HC,73,363,5,Serpentine,15,440,256
HC,73,364,5,Serpentine,15,440,256
HC,73,365,5,Serpentine,15,440,256
HC,73,366,5,Serpentine,15,440,256
HC,73,367,5,Serpentine,15,440,256
HC,73,368,5,Serpentine,15,440,256
HC,73,369,5,Serpentine,15,440,256
HC,73,370,5,Serpentine,15,440,256
HC,73,371,5,Serpentine,15,440,256
HC,73,372,5,Serpentine,15,440,256
HC,73,373,5,Serpentine,15,440,256
HC,73,374,5,Serpentine,15,440,256
HC,73,375,5,Serpentine,15,440,256
HC,73,376,5,Serpentine,15,440,256
HC,73,377,5,Serpentine,15,440,256
HC,73,378,5,Serpentine,15,440,256
HC,73,379,5,Serpentine,15,440,256
HC,73,380,5,Serpentine,15,440,256
HC,73,381,5,Serpentine,15,440,256
HC,73,382,5,Serpentine,15,440,256
HC,73,383,5,Serpentine,15,440,256
HC,73,384,5,Serpentine,15,440,256
HC,73,385,5,Serpentine,15,440,256
HC,73,386,5,Serpentine,15,440,256
HC,73,387,5,Serpentine,15,440,256
HC,73,388,5,Serpentine,15,440,256
HC,73,389,5,Serpentine,15,440,256
HC,73,390,5,Serpentine,15,440,256
HC,73,391,5,Serpentine,15,440,256
HC,73,392,5,Serpentine,15,440,256
HC,73,393,5,Serpentine,15,440,256
HC,73,394,5,Serpentine,15,440,256
HC,73,395,5,Serpentine,15,440,256
HC,73,396,5,Serpentine,15,440,256
HC,73,397,5,Serpentine,15,440,256
HC,73,398,5,Serpentine,15,440,256
HC,73,399,5,Serpentine,15,440,256
HC,74,357,5,Serpentine,15,440,256
HC,74,358,5,Serpentine,15,440,256
HC,74,359,5,Serpentine,15,440,256
HC,74,360,5,Serpentine,15,440,256
HC,74,361,5,Serpentine,15,440,256
HC,74,362,5,Serpentine,15,440,256
HC,74,363,5,Serpentine,15,440,256
HC,74,364,5,Serpentine,15,440,256
HC,74,365,5,Serpentine,15,440,256
HC,74,366,5,Serpentine,15,440,256
HC,74,367,5,Serpentine,15,440,256
HC,74,368,5,Serpentine,15,440,256
HC,74,369,5,Serpentine,15,440,256
HC,74,370,5,Serpentine,15,440,256
HC,74,371,5,Serpentine,15,440,256
HC,74,372,5,Serpentine,15,440,256
HC,74,373,5,Serpentine,15,440,256
HC,74,374,5,Serpentine,15,440,256
HC,74,375,5,Serpentine,15,440,256
HC,74,376,5,Serpentine,15,440,256
HC,74,377,5,Serpentine,15,440,256
HC,74,378,5,Serpentine,15,440,256
HC,74,379,5,Serpentine,15,440,256
HC,74,380,5,Serpentine,15,440,256
HC,74,381,5,Serpentine,15,440,256
HC,74,382,5,Serpentine,15,440,256
HC,74,383,5,Serpentine,15,440,256
HC,74,384,5,Serpentine,15,440,256
HC,74,385,5,Serpentine,15,440,256
HC,74,386,5,Serpentine,15,440,256
HC,74,387,5,Serpentine,15,440,256
HC,74,388,5,Serpentine,15,440,256
HC,74,389,5,Serpentine,15,440,256
HC,74,390,5,Serpentine,15,440,256
HC,74,391,5,Serpentine,15,440,256
HC,74,392,5,Serpentine,15,440,256
HC,74,393,5,Serpentine,15,440,256
HC,74,394,5,Serpentine,15,440,256
HC,74,395,5,Serpentine,15,440,256
HC,74,396,5,Serpentine,15,440,256
HC,74,397,5,Serpentine,15,440,256
HC,74,398,5,Serpentine,15,440,256
HC,74,399,5,Serpentine,15,440,256
HC,75,357,5,Serpentine,15,440,256
HC,75,358,5,Serpentine,15,440,256
HC,75,359,5,Serpentine,15,440,256
HC,75,360,5,Serpentine,15,440,256
HC,75,361,5,Serpentine,15,440,256
HC,75,362,5,Serpentine,15,440,256
HC,75,363,5,Serpentine,15,440,256
HC,75,364,5,Serpentine,15,440,256
HC,75,365,5,Serpentine,15,440,256
HC,75,366,5,Serpentine,15,440,256
HC,75,367,5,Serpentine,15,440,256
HC,75,368,5,Serpentine,15,440,256
HC,75,369,5,Serpentine,15,440,256
HC,75,370,5,Serpentine,15,440,256
HC,75,371,5,Serpentine,15,440,256
HC,75,372,5,Serpentine,15,440,256
HC,75,373,5,Serpentine,15,440,256
HC,75,374,5,Serpentine,15,440,256
HC,75,375,5,Serpentine,15,440,256
HC,75,376,5,Serpentine,15,440,256
HC,75,377,5,Serpentine,15,440,256
HC,75,378,5,Serpentine,15,440,256
HC,75,379,5,Serpentine,15,440,256
HC,75,380,5,Serpentine,15,440,256
HC,75,381,5,Serpentine,15,440,256
HC,75,382,5,Serpentine,15,440,256
HC,75,383,5,Serpentine,15,440,256
HC,75,384,5,Serpentine,15,440,256
HC,75,385,5,Serpentine,15,440,256
HC,75,386,5,Serpentine,15,440,256
HC,75,387,5,Serpentine,15,440,256
HC,75,388,5,Serpentine,15,440,256
HC,75,389,5,Serpentine,15,440,256
HC,75,390,5,Serpentine,15,440,256
HC,75,391,5,Serpentine,15,440,256
HC,75,392,5,Serpentine,15,440,256
HC,75,393,5,Serpentine,15,440,256
HC,75,394,5,Serpentine,15,440,256
HC,75,395,5,Serpentine,15,440,256
HC,75,396,5,Serpentine,15,440,256
HC,75,397,5,Serpentine,15,440,256
HC,75,398,5,Serpentine,15,440,256
HC,75,399,5,Serpentine,15,440,256
HC,76,45,3,Prehnite,14,440,256
HC,76,46,3,Prehnite,14,440,256
HC,76,357,5,Serpentine,15,440,256
HC,76,358,5,Serpentine,15,440,256
HC,76,359,5,Serpentine,15,440,256
HC,76,360,5,Serpentine,15,440,256
HC,76,361,5,Serpentine,15,440,256
HC,76,362,5,Serpentine,15,440,256
HC,76,363,5,Serpentine,15,440,256
HC,76,364,5,Serpentine,15,440,256
HC,76,365,5,Serpentine,15,440,256
HC,76,366,5,Serpentine,15,440,256
HC,76,367,5,Serpentine,15,440,256
HC,76,368,5,Serpentine,15,440,256
HC,76,369,5,Serpentine,15,440,256
HC,76,370,5,Serpentine,15,440,256
HC,76,371,5,Serpentine,15,440,256
HC,76,372,5,Serpentine,15,440,256
HC,76,373,5,Serpentine,15,440,256
HC,76,374,5,Serpentine,15,440,256
HC,76,375,5,Serpentine,15,440,256
HC,76,376,5,Serpentine,15,440,256
HC,76,377,5,Serpentine,15,440,256
HC,76,378,5,Serpentine,15,440,256
HC,76,379,5,Serpentine,15,440,256
HC,76,380,5,Serpentine,15,440,256
HC,76,381,5,Serpentine,15,440,256
HC,76,382,5,Serpentine,15,440,256
HC,76,383,5,Serpentine,15,440,256
HC,76,384,5,Serpentine,15,440,256
HC,76,385,5,Serpentine,15,440,256
HC,76,386,5,Serpentine,15,440,256
HC,76,387,5,Serpentine,15,440,256
HC,76,388,5,Serpentine,15,440,256
HC,76,389,5,Serpentine,15,440,256
HC,76,390,5,Serpentine,15,440,256
HC,76,391,5,Serpentine,15,440,256
HC,76,392,5,Serpentine,15,440,256
HC,76,393,5,Serpentine,15,440,256
HC,76,394,5,Serpentine,15,440,256
HC,76,395,5,Serpentine,15,440,256
HC,76,396,5,Serpentine,15,440,256
HC,76,397,5,Serpentine,15,440,256
HC,76,398,5,Serpentine,15,440,256
HC,76,399,5,Serpentine,15,440,256
HC,76,400,5,Serpentine,15,440,256
HC,77,45,3,Prehnite,14,440,256
HC,77,46,3,Prehnite,14,440,256
HC,77,357,5,Serpentine,15,440,256
HC,77,358,5,Serpentine,15,440,256
HC,77,359,5,Serpentine,15,440,256
HC,77,360,5,Serpentine,15,440,256
HC,77,361,5,Serpentine,15,440,256
HC,77,362,5,Serpentine,15,440,256
HC,77,363,5,Serpentine,15,440,256
HC,77,364,5,Serpentine,15,440,256
HC,77,365,5,Serpentine,15,440,256
HC,77,366,5,Serpentine,15,440,256
HC,77,367,5,Serpentine,15,440,256
HC,77,368,5,Serpentine,15,440,256
HC,77,369,5,Serpentine,15,440,256
HC,77,370,5,Serpentine,15,440,256
HC,77,371,5,Serpentine,15,440,256
HC,77,372,5,Serpentine,15,440,256
HC,77,373,5,Serpentine,15,440,256
HC,77,374,5,Serpentine,15,440,256
HC,77,375,5,Serpentine,15,440,256
HC,77,376,5,Serpentine,15,440,256
HC,77,377,5,Serpentine,15,440,256
HC,77,378,5,Serpentine,15,440,256
HC,77,379,5,Serpentine,15,440,256
HC,77,380,5,Serpentine,15,440,256
HC,77,381,5,Serpentine,15,440,256
HC,77,382,5,Serpentine,15,440,256
HC,77,383,5,Serpentine,15,440,256
HC,77,384,5,Serpentine,15,440,256
HC,77,385,5,Serpentine,15,440,256
HC,77,386,5,Serpentine,15,440,256
HC,77,387,5,Serpentine,15,440,256
HC,77,388,5,Serpentine,15,440,256
HC,77,389,5,Serpentine,15,440,256
HC,77,390,5,Serpentine,15,440,256
HC,77,391,5,Serpentine,15,440,256
HC,77,392,5,Serpentine,15,440,256
HC,77,393,5,Serpentine,15,440,256
HC,77,394,5,Serpentine,15,440,256
HC,77,395,5,Serpentine,15,440,256
HC,77,396,5,Serpentine,15,440,256
HC,77,397,5,Serpentine,15,440,256
HC,77,398,5,Serpentine,15,440,256
HC,77,399,5,Serpentine,15,440,256
HC,77,400,5,Serpentine,15,440,256
HC,77,401,5,Serpentine,15,440,256
HC,78,45,3,Prehnite,14,440,256
HC,78,46,3,Prehnite,14,440,256
HC,78,339,5,Serpentine,15,440,256
HC,78,340,5,Serpentine,15,440,256
HC,78,358,5,Serpentine,15,440,256
HC,78,359,5,Serpentine,15,440,256
HC,78,360,5,Serpentine,15,440,256
HC,78,361,5,Serpentine,15,440,256
HC,78,362,5,Serpentine,15,440,256
HC,78,363,5,Serpentine,15,440,256
HC,78,364,5,Serpentine,15,440,256
HC,78,365,5,Serpentine,15,440,256
HC,78,366,5,Serpentine,15,440,256
HC,78,367,5,Serpentine,15,440,256
HC,78,368,5,Serpentine,15,440,256
HC,78,369,5,Serpentine,15,440,256
HC,78,370,5,Serpentine,15,440,256
HC,78,371,5,Serpentine,15,440,256
HC,78,372,5,Serpentine,15,440,256
HC,78,373,5,Serpentine,15,440,256
HC,78,374,5,Serpentine,15,440,256
HC,78,375,5,Serpentine,15,440,256
HC,78,376,5,Serpentine,15,440,256
HC,78,377,5,Serpentine,15,440,256
HC,78,378,5,Serpentine,15,440,256
HC,78,379,5,Serpentine,15,440,256
HC,78,380,5,Serpentine,15,440,256
HC,78,381,5,Serpentine,15,440,256
HC,78,382,5,Serpentine,15,440,256
HC,78,383,5,Serpentine,15,440,256
HC,78,384,5,Serpentine,15,440,256
HC,78,385,5,Serpentine,15,440,256
HC,78,386,5,Serpentine,15,440,256
HC,78,387,5,Serpentine,15,440,256
HC,78,388,5,Serpentine,15,440,256
HC,78,389,5,Serpentine,15,440,256
HC,78,390,5,Serpentine,15,440,256
HC,78,391,5,Serpentine,15,440,256
HC,78,392,5,Serpentine,15,440,256
HC,78,393,5,Serpentine,15,440,256
HC,78,394,5,Serpentine,15,440,256
HC,78,395,5,Serpentine,15,440,256
HC,78,396,5,Serpentine,15,440,256
HC,78,397,5,Serpentine,15,440,256
HC,78,398,5,Serpentine,15,440,256
HC,78,399,5,Serpentine,15,440,256
HC,78,400,5,Serpentine,15,440,256
HC,78,401,5,Serpentine,15,440,256
HC,79,45,3,Prehnite,14,440,256
HC,79,46,3,Prehnite,14,440,256
HC,79,338,5,Serpentine,15,440,256
HC,79,339,5,Serpentine,15,440,256
HC,79,340,5,Serpentine,15,440,256
HC,79,341,5,Serpentine,15,440,256
HC,79,342,5,Serpentine,15,440,256
HC,79,358,5,Serpentine,15,440,256
HC,79,359,5,Serpentine,15,440,256
HC,79,360,5,Serpentine,15,440,256
HC,79,361,5,Serpentine,15,440,256
HC,79,362,5,Serpentine,15,440,256
HC,79,363,5,Serpentine,15,440,256
HC,79,364,5,Serpentine,15,440,256
HC,79,365,5,Serpentine,15,440,256
HC,79,366,5,Serpentine,15,440,256
HC,79,367,5,Serpentine,15,440,256
HC,79,368,5,Serpentine,15,440,256
HC,79,369,5,Serpentine,15,440,256
HC,79,370,5,Serpentine,15,440,256
HC,79,371,5,Serpentine,15,440,256
HC,79,372,5,Serpentine,15,440,256
HC,79,373,5,Serpentine,15,440,256
HC,79,374,5,Serpentine,15,440,256
HC,79,375,5,Serpentine,15,440,256
HC,79,376,5,Serpentine,15,440,256
HC,79,377,5,Serpentine,15,440,256
HC,79,378,5,Serpentine,15,440,256
HC,79,379,5,Serpentine,15,440,256
HC,79,380,5,Serpentine,15,440,256
HC,79,381,5,Serpentine,15,440,256
HC,79,382,5,Serpentine,15,440,256
HC,79,383,5,Serpentine,15,440,256
HC,79,384,5,Serpentine,15,440,256
HC,79,385,5,Serpentine,15,440,256
HC,79,386,5,Serpentine,15,440,256
HC,79,387,5,Serpentine,15,440,256
HC,79,388,5,Serpentine,15,440,256
HC,79,389,5,Serpentine,15,440,256
HC,79,390,5,Serpentine,15,440,256
HC,79,391,5,Serpentine,15,440,256
HC,79,392,5,Serpentine,15,440,256
HC,79,393,5,Serpentine,15,440,256
HC,79,394,5,Serpentine,15,440,256
HC,79,395,5,Serpentine,15,440,256
HC,79,396,5,Serpentine,15,440,256
HC,79,397,5,Serpentine,15,440,256
HC,79,398,5,Serpentine,15,440,256
HC,79,399,5,Serpentine,15,440,256
HC,79,400,5,Serpentine,15,440,256
HC,79,401,5,Serpentine,15,440,256
HC,80,337,5,Serpentine,15,440,256
HC,80,338,5,Serpentine,15,440,256
HC,80,339,5,Serpentine,15,440,256
HC,80,340,5,Serpentine,15,440,256
HC,80,341,5,Serpentine,15,440,256
HC,80,342,5,Serpentine,15,440,256
HC,80,358,5,Serpentine,15,440,256
HC,80,359,5,Serpentine,15,440,256
HC,80,360,5,Serpentine,15,440,256
HC,80,361,5,Serpentine,15,440,256
HC,80,362,5,Serpentine,15,440,256
HC,80,363,5,Serpentine,15,440,256
HC,80,364,5,Serpentine,15,440,256
HC,80,365,5,Serpentine,15,440,256
HC,80,366,5,Serpentine,15,440,256
HC,80,367,5,Serpentine,15,440,256
HC,80,368,5,Serpentine,15,440,256
HC,80,369,5,Serpentine,15,440,256
HC,80,370,5,Serpentine,15,440,256
HC,80,371,5,Serpentine,15,440,256
HC,80,372,5,Serpentine,15,440,256
HC,80,373,5,Serpentine,15,440,256
HC,80,374,5,Serpentine,15,440,256
HC,80,375,5,Serpentine,15,440,256
HC,80,376,5,Serpentine,15,440,256
HC,80,377,5,Serpentine,15,440,256
HC,80,378,5,Serpentine,15,440,256
HC,80,379,5,Serpentine,15,440,256
HC,80,380,5,Serpentine,15,440,256
HC,80,381,5,Serpentine,15,440,256
HC,80,382,5,Serpentine,15,440,256
HC,80,383,5,Serpentine,15,440,256
HC,80,384,5,Serpentine,15,440,256
HC,80,385,5,Serpentine,15,440,256
HC,80,386,5,Serpentine,15,440,256
HC,80,387,5,Serpentine,15,440,256
HC,80,388,5,Serpentine,15,440,256
HC,80,389,5,Serpentine,15,440,256
HC,80,390,5,Serpentine,15,440,256
HC,80,391,5,Serpentine,15,440,256
HC,80,392,5,Serpentine,15,440,256
HC,80,393,5,Serpentine,15,440,256
HC,80,394,5,Serpentine,15,440,256
HC,80,395,5,Serpentine,15,440,256
HC,80,396,5,Serpentine,15,440,256
HC,80,397,5,Serpentine,15,440,256
HC,80,398,5,Serpentine,15,440,256
HC,80,399,5,Serpentine,15,440,256
HC,80,400,5,Serpentine,15,440,256
HC,80,401,5,Serpentine,15,440,256
HC,81,337,5,Serpentine,15,440,256
HC,81,338,5,Serpentine,15,440,256
HC,81,339,5,Serpentine,15,440,256
HC,81,340,5,Serpentine,15,440,256
HC,81,341,5,Serpentine,15,440,256
HC,81,342,5,Serpentine,15,440,256
HC,81,343,5,Serpentine,15,440,256
HC,81,359,5,Serpentine,15,440,256
HC,81,360,5,Serpentine,15,440,256
HC,81,361,5,Serpentine,15,440,256
HC,81,362,5,Serpentine,15,440,256
HC,81,363,5,Serpentine,15,440,256
HC,81,364,5,Serpentine,15,440,256
HC,81,365,5,Serpentine,15,440,256
HC,81,366,5,Serpentine,15,440,256
HC,81,367,5,Serpentine,15,440,256
HC,81,368,5,Serpentine,15,440,256
HC,81,369,5,Serpentine,15,440,256
HC,81,370,5,Serpentine,15,440,256
HC,81,371,5,Serpentine,15,440,256
HC,81,372,5,Serpentine,15,440,256
HC,81,373,5,Serpentine,15,440,256
HC,81,374,5,Serpentine,15,440,256
HC,81,375,5,Serpentine,15,440,256
HC,81,376,5,Serpentine,15,440,256
HC,81,377,5,Serpentine,15,440,256
HC,81,378,5,Serpentine,15,440,256
HC,81,379,5,Serpentine,15,440,256
HC,81,380,5,Serpentine,15,440,256
HC,81,381,5,Serpentine,15,440,256
HC,81,382,5,Serpentine,15,440,256
HC,81,383,5,Serpentine,15,440,256
HC,81,384,5,Serpentine,15,440,256
HC,81,385,5,Serpentine,15,440,256
HC,81,386,5,Serpentine,15,440,256
HC,81,387,5,Serpentine,15,440,256
HC,81,388,5,Serpentine,15,440,256
HC,81,389,5,Serpentine,15,440,256
HC,81,390,5,Serpentine,15,440,256
HC,81,391,5,Serpentine,15,440,256
HC,81,392,5,Serpentine,15,440,256
HC,81,393,5,Serpentine,15,440,256
HC,81,394,5,Serpentine,15,440,256
HC,81,395,5,Serpentine,15,440,256
HC,81,396,5,Serpentine,15,440,256
HC,81,397,5,Serpentine,15,440,256
HC,81,398,5,Serpentine,15,440,256
HC,81,399,5,Serpentine,15,440,256
HC,81,400,5,Serpentine,15,440,256
HC,81,401,5,Serpentine,15,440,256
HC,81,402,5,Serpentine,15,440,256
HC,82,337,5,Serpentine,15,440,256
HC,82,338,5,Serpentine,15,440,256
HC,82,339,5,Serpentine,15,440,256
HC,82,340,5,Serpentine,15,440,256
HC,82,341,5,Serpentine,15,440,256
HC,82,342,5,Serpentine,15,440,256
HC,82,343,5,Serpentine,15,440,256
HC,82,344,5,Serpentine,15,440,256
HC,82,360,5,Serpentine,15,440,256
HC,82,361,5,Serpentine,15,440,256
HC,82,362,5,Serpentine,15,440,256
HC,82,363,5,Serpentine,15,440,256
HC,82,364,5,Serpentine,15,440,256
HC,82,365,5,Serpentine,15,440,256
HC,82,366,5,Serpentine,15,440,256
HC,82,367,5,Serpentine,15,440,256
HC,82,368,5,Serpentine,15,440,256
HC,82,369,5,Serpentine,15,440,256
HC,82,370,5,Serpentine,15,440,256
HC,82,371,5,Serpentine,15,440,256
HC,82,372,5,Serpentine,15,440,256
HC,82,373,5,Serpentine,15,440,256
HC,82,374,5,Serpentine,15,440,256
HC,82,375,5,Serpentine,15,440,256
HC,82,376,5,Serpentine,15,440,256
HC,82,377,5,Serpentine,15,440,256
HC,82,378,5,Serpentine,15,440,256
HC,82,379,5,Serpentine,15,440,256
HC,82,380,5,Serpentine,15,440,256
HC,82,381,5,Serpentine,15,440,256
HC,82,382,5,Serpentine,15,440,256
HC,82,383,5,Serpentine,15,440,256
HC,82,384,5,Serpentine,15,440,256
HC,82,385,5,Serpentine,15,440,256
HC,82,386,5,Serpentine,15,440,256
HC,82,387,5,Serpentine,15,440,256
HC,82,388,5,Serpentine,15,440,256
HC,82,389,5,Serpentine,15,440,256
HC,82,390,5,Serpentine,15,440,256
HC,82,391,5,Serpentine,15,440,256
HC,82,392,5,Serpentine,15,440,256
HC,82,393,5,Serpentine,15,440,256
HC,82,394,5,Serpentine,15,440,256
HC,82,395,5,Serpentine,15,440,256
HC,82,396,5,Serpentine,15,440,256
HC,82,397,5,Serpentine,15,440,256
HC,82,398,5,Serpentine,15,440,256
HC,82,399,5,Serpentine,15,440,256
HC,82,400,5,Serpentine,15,440,256
HC,82,401,5,Serpentine,15,440,256
HC,82,402,5,Serpentine,15,440,256
HC,83,337,5,Serpentine,15,440,256
HC,83,338,5,Serpentine,15,440,256
HC,83,339,5,Serpentine,15,440,256
HC,83,340,5,Serpentine,15,440,256
HC,83,341,5,Serpentine,15,440,256
HC,83,342,5,Serpentine,15,440,256
HC,83,343,5,Serpentine,15,440,256
HC,83,344,5,Serpentine,15,440,256
HC,83,363,5,Serpentine,15,440,256
HC,83,364,5,Serpentine,15,440,256
HC,83,365,5,Serpentine,15,440,256
HC,83,366,5,Serpentine,15,440,256
HC,83,367,5,Serpentine,15,440,256
HC,83,368,5,Serpentine,15,440,256
HC,83,369,5,Serpentine,15,440,256
HC,83,370,5,Serpentine,15,440,256
HC,83,371,5,Serpentine,15,440,256
HC,83,372,5,Serpentine,15,440,256
HC,83,373,5,Serpentine,15,440,256
HC,83,374,5,Serpentine,15,440,256
HC,83,375,5,Serpentine,15,440,256
HC,83,376,5,Serpentine,15,440,256
HC,83,377,5,Serpentine,15,440,256
HC,83,378,5,Serpentine,15,440,256
HC,83,379,5,Serpentine,15,440,256
HC,83,380,5,Serpentine,15,440,256
HC,83,381,5,Serpentine,15,440,256
HC,83,382,5,Serpentine,15,440,256
HC,83,383,5,Serpentine,15,440,256
HC,83,384,5,Serpentine,15,440,256
HC,83,385,5,Serpentine,15,440,256
HC,83,386,5,Serpentine,15,440,256
HC,83,387,5,Serpentine,15,440,256
HC,83,388,5,Serpentine,15,440,256
HC,83,389,5,Serpentine,15,440,256
HC,83,390,5,Serpentine,15,440,256
HC,83,391,5,Serpentine,15,440,256
HC,83,392,5,Serpentine,15,440,256
HC,83,393,5,Serpentine,15,440,256
HC,83,394,5,Serpentine,15,440,256
HC,83,395,5,Serpentine,15,440,256
HC,83,396,5,Serpentine,15,440,256
HC,83,397,5,Serpentine,15,440,256
HC,83,398,5,Serpentine,15,440,256
HC,83,399,5,Serpentine,15,440,256
HC,83,400,5,Serpentine,15,440,256
HC,83,401,5,Serpentine,15,440,256
HC,83,402,5,Serpentine,15,440,256
HC,84,337,5,Serpentine,15,440,256
HC,84,338,5,Serpentine,15,440,256
HC,84,339,5,Serpentine,15,440,256
HC,84,340,5,Serpentine,15,440,256
HC,84,341,5,Serpentine,15,440,256
HC,84,342,5,Serpentine,15,440,256
HC,84,343,5,Serpentine,15,440,256
HC,84,344,5,Serpentine,15,440,256
HC,84,364,5,Serpentine,15,440,256
HC,84,365,5,Serpentine,15,440,256
HC,84,366,5,Serpentine,15,440,256
HC,84,367,5,Serpentine,15,440,256
HC,84,368,5,Serpentine,15,440,256
HC,84,369,5,Serpentine,15,440,256
HC,84,370,5,Serpentine,15,440,256
HC,84,371,5,Serpentine,15,440,256
HC,84,372,5,Serpentine,15,440,256
HC,84,373,5,Serpentine,15,440,256
HC,84,374,5,Serpentine,15,440,256
HC,84,375,5,Serpentine,15,440,256
HC,84,376,5,Serpentine,15,440,256
HC,84,377,5,Serpentine,15,440,256
HC,84,378,5,Serpentine,15,440,256
HC,84,379,5,Serpentine,15,440,256
HC,84,380,5,Serpentine,15,440,256
HC,84,381,5,Serpentine,15,440,256
HC,84,382,5,Serpentine,15,440,256
HC,84,383,5,Serpentine,15,440,256
HC,84,384,5,Serpentine,15,440,256
HC,84,385,5,Serpentine,15,440,256
HC,84,386,5,Serpentine,15,440,256
HC,84,387,5,Serpentine,15,440,256
HC,84,388,5,Serpentine,15,440,256
HC,84,389,5,Serpentine,15,440,256
HC,84,390,5,Serpentine,15,440,256
HC,84,391,5,Serpentine,15,440,256
HC,84,392,5,Serpentine,15,440,256
HC,84,393,5,Serpentine,15,440,256
HC,84,394,5,Serpentine,15,440,256
HC,84,395,5,Serpentine,15,440,256
HC,84,396,5,Serpentine,15,440,256
HC,84,397,5,Serpentine,15,440,256
HC,84,398,5,Serpentine,15,440,256
HC,84,399,5,Serpentine,15,440,256
HC,84,400,5,Serpentine,15,440,256
HC,84,401,5,Serpentine,15,440,256
HC,84,402,5,Serpentine,15,440,256
HC,85,337,5,Serpentine,15,440,256
HC,85,338,5,Serpentine,15,440,256
HC,85,339,5,Serpentine,15,440,256
HC,85,340,5,Serpentine,15,440,256
HC,85,341,5,Serpentine,15,440,256
HC,85,342,5,Serpentine,15,440,256
HC,85,343,5,Serpentine,15,440,256
HC,85,344,5,Serpentine,15,440,256
HC,85,345,5,Serpentine,15,440,256
HC,85,364,5,Serpentine,15,440,256
HC,85,365,5,Serpentine,15,440,256
HC,85,366,5,Serpentine,15,440,256
HC,85,367,5,Serpentine,15,440,256
HC,85,368,5,Serpentine,15,440,256
HC,85,369,5,Serpentine,15,440,256
HC,85,370,5,Serpentine,15,440,256
HC,85,371,5,Serpentine,15,440,256
HC,85,372,5,Serpentine,15,440,256
HC,85,373,5,Serpentine,15,440,256
HC,85,374,5,Serpentine,15,440,256
HC,85,375,5,Serpentine,15,440,256
HC,85,376,5,Serpentine,15,440,256
HC,85,377,5,Serpentine,15,440,256
HC,85,378,5,Serpentine,15,440,256
HC,85,379,5,Serpentine,15,440,256
HC,85,380,5,Serpentine,15,440,256
HC,85,381,5,Serpentine,15,440,256
HC,85,382,5,Serpentine,15,440,256
HC,85,383,5,Serpentine,15,440,256
HC,85,384,5,Serpentine,15,440,256
HC,85,385,5,Serpentine,15,440,256
HC,85,386,5,Serpentine,15,440,256
HC,85,387,5,Serpentine,15,440,256
HC,85,388,5,Serpentine,15,440,256
HC,85,389,5,Serpentine,15,440,256
HC,85,390,5,Serpentine,15,440,256
HC,85,391,5,Serpentine,15,440,256
HC,85,392,5,Serpentine,15,440,256
HC,85,393,5,Serpentine,15,440,256
HC,85,394,5,Serpentine,15,440,256
HC,85,395,5,Serpentine,15,440,256
HC,85,396,5,Serpentine,15,440,256
HC,85,397,5,Serpentine,15,440,256
HC,85,398,5,Serpentine,15,440,256
HC,85,399,5,Serpentine,15,440,256
HC,85,400,5,Serpentine,15,440,256
HC,85,401,5,Serpentine,15,440,256
HC,85,402,5,Serpentine,15,440,256
HC,86,201,5,Serpentine,15,440,256
HC,86,202,5,Serpentine,15,440,256
HC,86,203,5,Serpentine,15,440,256
HC,86,337,5,Serpentine,15,440,256
HC,86,338,5,Serpentine,15,440,256
HC,86,339,5,Serpentine,15,440,256
HC,86,340,5,Serpentine,15,440,256
HC,86,341,5,Serpentine,15,440,256
HC,86,342,5,Serpentine,15,440,256
HC,86,343,5,Serpentine,15,440,256
HC,86,344,5,Serpentine,15,440,256
HC,86,345,5,Serpentine,15,440,256
HC,86,364,5,Serpentine,15,440,256
HC,86,365,5,Serpentine,15,440,256
HC,86,366,5,Serpentine,15,440,256
HC,86,367,5,Serpentine,15,440,256
HC,86,368,5,Serpentine,15,440,256
HC,86,369,5,Serpentine,15,440,256
HC,86,370,5,Serpentine,15,440,256
HC,86,371,5,Serpentine,15,440,256
HC,86,372,5,Serpentine,15,440,256
HC,86,373,5,Serpentine,15,440,256
HC,86,374,5,Serpentine,15,440,256
HC,86,375,5,Serpentine,15,440,256
HC,86,376,5,Serpentine,15,440,256
HC,86,377,5,Serpentine,15,440,256
HC,86,378,5,Serpentine,15,440,256
HC,86,379,5,Serpentine,15,440,256
HC,86,380,5,Serpentine,15,440,256
HC,86,381,5,Serpentine,15,440,256
HC,86,382,5,Serpentine,15,440,256
HC,86,383,5,Serpentine,15,440,256
HC,86,384,5,Serpentine,15,440,256
HC,86,385,5,Serpentine,15,440,256
HC,86,386,5,Serpentine,15,440,256
HC,86,387,5,Serpentine,15,440,256
HC,86,388,5,Serpentine,15,440,256
HC,86,389,5,Serpentine,15,440,256
HC,86,390,5,Serpentine,15,440,256
HC,86,391,5,Serpentine,15,440,256
HC,86,392,5,Serpentine,15,440,256
HC,86,393,5,Serpentine,15,440,256
HC,86,394,5,Serpentine,15,440,256
HC,86,395,5,Serpentine,15,440,256
HC,86,396,5,Serpentine,15,440,256
HC,86,397,5,Serpentine,15,440,256
HC,86,398,5,Serpentine,15,440,256
HC,86,399,5,Serpentine,15,440,256
HC,86,400,5,Serpentine,15,440,256
HC,86,401,5,Serpentine,15,440,256
HC,86,402,5,Serpentine,15,440,256
HC,87,200,5,Serpentine,15,440,256
HC,87,201,5,Serpentine,15,440,256
HC,87,202,5,Serpentine,15,440,256
HC,87,203,5,Serpentine,15,440,256
HC,87,204,5,Serpentine,15,440,256
HC,87,205,5,Serpentine,15,440,256
HC,87,206,5,Serpentine,15,440,256
HC,87,337,5,Serpentine,15,440,256
HC,87,338,5,Serpentine,15,440,256
HC,87,339,5,Serpentine,15,440,256
HC,87,340,5,Serpentine,15,440,256
HC,87,341,5,Serpentine,15,440,256
HC,87,342,5,Serpentine,15,440,256
HC,87,343,5,Serpentine,15,440,256
HC,87,344,5,Serpentine,15,440,256
HC,87,345,5,Serpentine,15,440,256
HC,87,346,5,Serpentine,15,440,256
HC,87,364,5,Serpentine,15,440,256
HC,87,365,5,Serpentine,15,440,256
HC,87,366,5,Serpentine,15,440,256
HC,87,367,5,Serpentine,15,440,256
HC,87,368,5,Serpentine,15,440,256
HC,87,369,5,Serpentine,15,440,256
HC,87,370,5,Serpentine,15,440,256
HC,87,371,5,Serpentine,15,440,256
HC,87,372,5,Serpentine,15,440,256
HC,87,373,5,Serpentine,15,440,256
HC,87,374,5,Serpentine,15,440,256
HC,87,375,5,Serpentine,15,440,256
HC,87,376,5,Serpentine,15,440,256
HC,87,377,5,Serpentine,15,440,256
HC,87,378,5,Serpentine,15,440,256
HC,87,379,5,Serpentine,15,440,256
HC,87,380,5,Serpentine,15,440,256
HC,87,381,5,Serpentine,15,440,256
HC,87,382,5,Serpentine,15,440,256
HC,87,383,5,Serpentine,15,440,256
HC,87,384,5,Serpentine,15,440,256
HC,87,385,5,Serpentine,15,440,256
HC,87,386,5,Serpentine,15,440,256
HC,87,387,5,Serpentine,15,440,256
HC,87,388,5,Serpentine,15,440,256
HC,87,389,5,Serpentine,15,440,256
HC,87,390,5,Serpentine,15,440,256
HC,87,391,5,Serpentine,15,440,256
HC,87,392,5,Serpentine,15,440,256
HC,87,393,5,Serpentine,15,440,256
HC,87,394,5,Serpentine,15,440,256
HC,87,395,5,Serpentine,15,440,256
HC,87,396,5,Serpentine,15,440,256
HC,87,397,5,Serpentine,15,440,256
HC,87,398,5,Serpentine,15,440,256
HC,87,399,5,Serpentine,15,440,256
HC,87,400,5,Serpentine,15,440,256
HC,87,401,5,Serpentine,15,440,256
HC,87,402,5,Serpentine,15,440,256
HC,87,403,5,Serpentine,15,440,256
HC,88,199,5,Serpentine,15,440,256
HC,88,200,5,Serpentine,15,440,256
HC,88,201,5,Serpentine,15,440,256
HC,88,202,5,Serpentine,15,440,256
HC,88,203,5,Serpentine,15,440,256
HC,88,204,5,Serpentine,15,440,256
HC,88,205,5,Serpentine,15,440,256
HC,88,206,5,Serpentine,15,440,256
HC,88,337,5,Serpentine,15,440,256
HC,88,338,5,Serpentine,15,440,256
HC,88,339,5,Serpentine,15,440,256
HC,88,340,5,Serpentine,15,440,256
HC,88,341,5,Serpentine,15,440,256
HC,88,342,5,Serpentine,15,440,256
HC,88,343,5,Serpentine,15,440,256
HC,88,344,5,Serpentine,15,440,256
HC,88,345,5,Serpentine,15,440,256
HC,88,346,5,Serpentine,15,440,256
HC,88,365,5,Serpentine,15,440,256
HC,88,366,5,Serpentine,15,440,256
HC,88,367,5,Serpentine,15,440,256
HC,88,368,5,Serpentine,15,440,256
HC,88,369,5,Serpentine,15,440,256
HC,88,370,5,Serpentine,15,440,256
HC,88,371,5,Serpentine,15,440,256
HC,88,372,5,Serpentine,15,440,256
HC,88,373,5,Serpentine,15,440,256
HC,88,374,5,Serpentine,15,440,256
HC,88,375,5,Serpentine,15,440,256
HC,88,376,5,Serpentine,15,440,256
HC,88,377,5,Serpentine,15,440,256
HC,88,378,5,Serpentine,15,440,256
HC,88,379,5,Serpentine,15,440,256
HC,88,380,5,Serpentine,15,440,256
HC,88,381,5,Serpentine,15,440,256
HC,88,382,5,Serpentine,15,440,256
HC,88,383,5,Serpentine,15,440,256
HC,88,384,5,Serpentine,15,440,256
HC,88,385,5,Serpentine,15,440,256
HC,88,386,5,Serpentine,15,440,256
HC,88,387,5,Serpentine,15,440,256
HC,88,388,5,Serpentine,15,440,256
HC,88,389,5,Serpentine,15,440,256
HC,88,390,5,Serpentine,15,440,256
HC,88,391,5,Serpentine,15,440,256
HC,88,392,5,Serpentine,15,440,256
HC,88,393,5,Serpentine,15,440,256
HC,88,394,5,Serpentine,15,440,256
HC,88,395,5,Serpentine,15,440,256
HC,88,396,5,Serpentine,15,440,256
HC,88,397,5,Serpentine,15,440,256
HC,88,398,5,Serpentine,15,440,256
HC,88,399,5,Serpentine,15,440,256
HC,88,400,5,Serpentine,15,440,256
HC,88,401,5,Serpentine,15,440,256
HC,88,402,5,Serpentine,15,440,256
HC,88,403,5,Serpentine,15,440,256
HC,89,197,5,Serpentine,15,440,256
HC,89,198,5,Serpentine,15,440,256
HC,89,199,5,Serpentine,15,440,256
HC,89,200,5,Serpentine,15,440,256
HC,89,201,5,Serpentine,15,440,256
HC,89,202,5,Serpentine,15,440,256
HC,89,203,5,Serpentine,15,440,256
HC,89,204,5,Serpentine,15,440,256
HC,89,205,5,Serpentine,15,440,256
HC,89,206,5,Serpentine,15,440,256
HC,89,337,5,Serpentine,15,440,256
HC,89,338,5,Serpentine,15,440,256
HC,89,339,5,Serpentine,15,440,256
HC,89,340,5,Serpentine,15,440,256
HC,89,341,5,Serpentine,15,440,256
HC,89,342,5,Serpentine,15,440,256
HC,89,343,5,Serpentine,15,440,256
HC,89,344,5,Serpentine,15,440,256
HC,89,345,5,Serpentine,15,440,256
HC,89,346,5,Serpentine,15,440,256
HC,89,366,5,Serpentine,15,440,256
HC,89,367,5,Serpentine,15,440,256
HC,89,368,5,Serpentine,15,440,256
HC,89,369,5,Serpentine,15,440,256
HC,89,370,5,Serpentine,15,440,256
HC,89,371,5,Serpentine,15,440,256
HC,89,372,5,Serpentine,15,440,256
HC,89,373,5,Serpentine,15,440,256
HC,89,374,5,Serpentine,15,440,256
HC,89,375,5,Serpentine,15,440,256
HC,89,376,5,Serpentine,15,440,256
HC,89,377,5,Serpentine,15,440,256
HC,89,378,5,Serpentine,15,440,256
HC,89,379,5,Serpentine,15,440,256
HC,89,380,5,Serpentine,15,440,256
HC,89,381,5,Serpentine,15,440,256
HC,89,382,5,Serpentine,15,440,256
HC,89,383,5,Serpentine,15,440,256
HC,89,384,5,Serpentine,15,440,256
HC,89,385,5,Serpentine,15,440,256
HC,89,386,5,Serpentine,15,440,256
HC,89,387,5,Serpentine,15,440,256
HC,89,388,5,Serpentine,15,440,256
HC,89,389,5,Serpentine,15,440,256
HC,89,390,5,Serpentine,15,440,256
HC,89,391,5,Serpentine,15,440,256
HC,89,392,5,Serpentine,15,440,256
HC,89,393,5,Serpentine,15,440,256
HC,89,394,5,Serpentine,15,440,256
HC,89,395,5,Serpentine,15,440,256
HC,89,396,5,Serpentine,15,440,256
HC,89,397,5,Serpentine,15,440,256
HC,89,398,5,Serpentine,15,440,256
HC,89,399,5,Serpentine,15,440,256
HC,89,400,5,Serpentine,15,440,256
HC,89,401,5,Serpentine,15,440,256
HC,89,402,5,Serpentine,15,440,256
HC,89,403,5,Serpentine,15,440,256
HC,90,196,5,Serpentine,15,440,256
HC,90,197,5,Serpentine,15,440,256
HC,90,198,5,Serpentine,15,440,256
HC,90,199,5,Serpentine,15,440,256
HC,90,200,5,Serpentine,15,440,256
HC,90,201,5,Serpentine,15,440,256
HC,90,202,5,Serpentine,15,440,256
HC,90,203,5,Serpentine,15,440,256
HC,90,204,5,Serpentine,15,440,256
HC,90,205,5,Serpentine,15,440,256
HC,90,206,5,Serpentine,15,440,256
HC,90,337,5,Serpentine,15,440,256
HC,90,338,5,Serpentine,15,440,256
HC,90,339,5,Serpentine,15,440,256
HC,90,340,5,Serpentine,15,440,256
HC,90,341,5,Serpentine,15,440,256
HC,90,342,5,Serpentine,15,440,256
HC,90,343,5,Serpentine,15,440,256
HC,90,344,5,Serpentine,15,440,256
HC,90,345,5,Serpentine,15,440,256
HC,90,346,5,Serpentine,15,440,256
HC,90,366,5,Serpentine,15,440,256
HC,90,367,5,Serpentine,15,440,256
HC,90,368,5,Serpentine,15,440,256
HC,90,369,5,Serpentine,15,440,256
HC,90,370,5,Serpentine,15,440,256
HC,90,371,5,Serpentine,15,440,256
HC,90,372,5,Serpentine,15,440,256
HC,90,373,5,Serpentine,15,440,256
HC,90,374,5,Serpentine,15,440,256
HC,90,375,5,Serpentine,15,440,256
HC,90,376,5,Serpentine,15,440,256
HC,90,377,5,Serpentine,15,440,256
HC,90,378,5,Serpentine,15,440,256
HC,90,379,5,Serpentine,15,440,256
HC,90,380,5,Serpentine,15,440,256
HC,90,381,5,Serpentine,15,440,256
HC,90,382,5,Serpentine,15,440,256
HC,90,383,5,Serpentine,15,440,256
HC,90,384,5,Serpentine,15,440,256
HC,90,385,5,Serpentine,15,440,256
HC,90,386,5,Serpentine,15,440,256
HC,90,387,5,Serpentine,15,440,256
HC,90,388,5,Serpentine,15,440,256
HC,90,389,5,Serpentine,15,440,256
HC,90,390,5,Serpentine,15,440,256
HC,90,391,5,Serpentine,15,440,256
HC,90,392,5,Serpentine,15,440,256
HC,90,393,5,Serpentine,15,440,256
HC,90,394,5,Serpentine,15,440,256
HC,90,395,5,Serpentine,15,440,256
HC,90,396,5,Serpentine,15,440,256
HC,90,397,5,Serpentine,15,440,256
HC,90,398,5,Serpentine,15,440,256
HC,90,399,5,Serpentine,15,440,256
HC,90,400,5,Serpentine,15,440,256
HC,90,401,5,Serpentine,15,440,256
HC,90,402,5,Serpentine,15,440,256
HC,90,403,5,Serpentine,15,440,256
HC,91,195,5,Serpentine,15,440,256
HC,91,196,5,Serpentine,15,440,256
HC,91,197,5,Serpentine,15,440,256
HC,91,198,5,Serpentine,15,440,256
HC,91,199,5,Serpentine,15,440,256
HC,91,200,5,Serpentine,15,440,256
HC,91,201,5,Serpentine,15,440,256
HC,91,202,5,Serpentine,15,440,256
HC,91,203,5,Serpentine,15,440,256
HC,91,204,5,Serpentine,15,440,256
HC,91,205,5,Serpentine,15,440,256
HC,91,206,5,Serpentine,15,440,256
HC,91,337,5,Serpentine,15,440,256
HC,91,338,5,Serpentine,15,440,256
HC,91,339,5,Serpentine,15,440,256
HC,91,340,5,Serpentine,15,440,256
HC,91,341,5,Serpentine,15,440,256
HC,91,342,5,Serpentine,15,440,256
HC,91,343,5,Serpentine,15,440,256
HC,91,344,5,Serpentine,15,440,256
HC,91,345,5,Serpentine,15,440,256
HC,91,346,5,Serpentine,15,440,256
HC,91,367,5,Serpentine,15,440,256
HC,91,368,5,Serpentine,15,440,256
HC,91,369,5,Serpentine,15,440,256
HC,91,370,5,Serpentine,15,440,256
HC,91,371,5,Serpentine,15,440,256
HC,91,372,5,Serpentine,15,440,256
HC,91,373,5,Serpentine,15,440,256
HC,91,374,5,Serpentine,15,440,256
HC,91,375,5,Serpentine,15,440,256
HC,91,376,5,Serpentine,15,440,256
HC,91,377,5,Serpentine,15,440,256
HC,91,378,5,Serpentine,15,440,256
HC,91,379,5,Serpentine,15,440,256
HC,91,380,5,Serpentine,15,440,256
HC,91,381,5,Serpentine,15,440,256
HC,91,382,5,Serpentine,15,440,256
HC,91,383,5,Serpentine,15,440,256
HC,91,384,5,Serpentine,15,440,256
HC,91,385,5,Serpentine,15,440,256
HC,91,386,5,Serpentine,15,440,256
HC,91,387,5,Serpentine,15,440,256
HC,91,388,5,Serpentine,15,440,256
HC,91,389,5,Serpentine,15,440,256
HC,91,390,5,Serpentine,15,440,256
HC,91,391,5,Serpentine,15,440,256
HC,91,392,5,Serpentine,15,440,256
HC,91,393,5,Serpentine,15,440,256
HC,91,394,5,Serpentine,15,440,256
HC,91,395,5,Serpentine,15,440,256
HC,91,396,5,Serpentine,15,440,256
HC,91,397,5,Serpentine,15,440,256
HC,91,398,5,Serpentine,15,440,256
HC,91,399,5,Serpentine,15,440,256
HC,91,400,5,Serpentine,15,440,256
HC,91,401,5,Serpentine,15,440,256
HC,91,402,5,Serpentine,15,440,256
HC,91,403,5,Serpentine,15,440,256
HC,92,195,5,Serpentine,15,440,256
HC,92,196,5,Serpentine,15,440,256
HC,92,197,5,Serpentine,15,440,256
HC,92,198,5,Serpentine,15,440,256
HC,92,199,5,Serpentine,15,440,256
HC,92,200,5,Serpentine,15,440,256
HC,92,201,5,Serpentine,15,440,256
HC,92,202,5,Serpentine,15,440,256
HC,92,203,5,Serpentine,15,440,256
HC,92,204,5,Serpentine,15,440,256
HC,92,205,5,Serpentine,15,440,256
HC,92,206,5,Serpentine,15,440,256
HC,92,337,5,Serpentine,15,440,256
HC,92,338,5,Serpentine,15,440,256
HC,92,339,5,Serpentine,15,440,256
HC,92,340,5,Serpentine,15,440,256
HC,92,341,5,Serpentine,15,440,256
HC,92,342,5,Serpentine,15,440,256
HC,92,343,5,Serpentine,15,440,256
HC,92,344,5,Serpentine,15,440,256
HC,92,345,5,Serpentine,15,440,256
HC,92,346,5,Serpentine,15,440,256
HC,92,367,5,Serpentine,15,440,256
HC,92,368,5,Serpentine,15,440,256
HC,92,369,5,Serpentine,15,440,256
HC,92,370,5,Serpentine,15,440,256
HC,92,371,5,Serpentine,15,440,256
HC,92,372,5,Serpentine,15,440,256
HC,92,373,5,Serpentine,15,440,256
HC,92,374,5,Serpentine,15,440,256
HC,92,375,5,Serpentine,15,440,256
HC,92,376,5,Serpentine,15,440,256
HC,92,377,5,Serpentine,15,440,256
HC,92,378,5,Serpentine,15,440,256
HC,92,379,5,Serpentine,15,440,256
HC,92,380,5,Serpentine,15,440,256
HC,92,381,5,Serpentine,15,440,256
HC,92,382,5,Serpentine,15,440,256
HC,92,383,5,Serpentine,15,440,256
HC,92,384,5,Serpentine,15,440,256
HC,92,385,5,Serpentine,15,440,256
HC,92,386,5,Serpentine,15,440,256
HC,92,387,5,Serpentine,15,440,256
HC,92,388,5,Serpentine,15,440,256
HC,92,389,5,Serpentine,15,440,256
HC,92,390,5,Serpentine,15,440,256
HC,92,391,5,Serpentine,15,440,256
HC,92,392,5,Serpentine,15,440,256
HC,92,393,5,Serpentine,15,440,256
HC,92,394,5,Serpentine,15,440,256
HC,92,395,5,Serpentine,15,440,256
HC,92,396,5,Serpentine,15,440,256
HC,92,397,5,Serpentine,15,440,256
HC,92,398,5,Serpentine,15,440,256
HC,92,399,5,Serpentine,15,440,256
HC,92,400,5,Serpentine,15,440,256
HC,92,401,5,Serpentine,15,440,256
HC,92,402,5,Serpentine,15,440,256
HC,92,403,5,Serpentine,15,440,256
HC,93,194,5,Serpentine,15,440,256
HC,93,195,5,Serpentine,15,440,256
HC,93,196,5,Serpentine,15,440,256
HC,93,197,5,Serpentine,15,440,256
HC,93,198,5,Serpentine,15,440,256
HC,93,199,5,Serpentine,15,440,256
HC,93,200,5,Serpentine,15,440,256
HC,93,201,5,Serpentine,15,440,256
HC,93,202,5,Serpentine,15,440,256
HC,93,203,5,Serpentine,15,440,256
HC,93,204,5,Serpentine,15,440,256
HC,93,205,5,Serpentine,15,440,256
HC,93,337,5,Serpentine,15,440,256
HC,93,338,5,Serpentine,15,440,256
HC,93,339,5,Serpentine,15,440,256
HC,93,340,5,Serpentine,15,440,256
HC,93,341,5,Serpentine,15,440,256
HC,93,342,5,Serpentine,15,440,256
HC,93,343,5,Serpentine,15,440,256
HC,93,344,5,Serpentine,15,440,256
HC,93,345,5,Serpentine,15,440,256
HC,93,346,5,Serpentine,15,440,256
HC,93,369,5,Serpentine,15,440,256
HC,93,370,5,Serpentine,15,440,256
HC,93,371,5,Serpentine,15,440,256
HC,93,372,5,Serpentine,15,440,256
HC,93,373,5,Serpentine,15,440,256
HC,93,374,5,Serpentine,15,440,256
HC,93,375,5,Serpentine,15,440,256
HC,93,376,5,Serpentine,15,440,256
HC,93,377,5,Serpentine,15,440,256
HC,93,378,5,Serpentine,15,440,256
HC,93,379,5,Serpentine,15,440,256
HC,93,380,5,Serpentine,15,440,256
HC,93,381,5,Serpentine,15,440,256
HC,93,382,5,Serpentine,15,440,256
HC,93,383,5,Serpentine,15,440,256
HC,93,384,5,Serpentine,15,440,256
HC,93,385,5,Serpentine,15,440,256
HC,93,386,5,Serpentine,15,440,256
HC,93,387,5,Serpentine,15,440,256
HC,93,388,5,Serpentine,15,440,256
HC,93,389,5,Serpentine,15,440,256
HC,93,390,5,Serpentine,15,440,256
HC,93,391,5,Serpentine,15,440,256
HC,93,392,5,Serpentine,15,440,256
HC,93,393,5,Serpentine,15,440,256
HC,93,394,5,Serpentine,15,440,256
HC,93,395,5,Serpentine,15,440,256
HC,93,396,5,Serpentine,15,440,256
HC,93,397,5,Serpentine,15,440,256
HC,93,398,5,Serpentine,15,440,256
HC,93,399,5,Serpentine,15,440,256
HC,93,400,5,Serpentine,15,440,256
HC,93,401,5,Serpentine,15,440,256
HC,93,402,5,Serpentine,15,440,256
HC,93,403,5,Serpentine,15,440,256
HC,94,193,5,Serpentine,15,440,256
HC,94,194,5,Serpentine,15,440,256
HC,94,195,5,Serpentine,15,440,256
HC,94,196,5,Serpentine,15,440,256
HC,94,197,5,Serpentine,15,440,256
HC,94,198,5,Serpentine,15,440,256
HC,94,199,5,Serpentine,15,440,256
HC,94,200,5,Serpentine,15,440,256
HC,94,201,5,Serpentine,15,440,256
HC,94,202,5,Serpentine,15,440,256
HC,94,203,5,Serpentine,15,440,256
HC,94,204,5,Serpentine,15,440,256
HC,94,337,5,Serpentine,15,440,256
HC,94,338,5,Serpentine,15,440,256
HC,94,339,5,Serpentine,15,440,256
HC,94,340,5,Serpentine,15,440,256
HC,94,341,5,Serpentine,15,440,256
HC,94,342,5,Serpentine,15,440,256
HC,94,343,5,Serpentine,15,440,256
HC,94,344,5,Serpentine,15,440,256
HC,94,345,5,Serpentine,15,440,256
HC,94,346,5,Serpentine,15,440,256
HC,94,370,5,Serpentine,15,440,256
HC,94,371,5,Serpentine,15,440,256
HC,94,372,5,Serpentine,15,440,256
HC,94,373,5,Serpentine,15,440,256
HC,94,374,5,Serpentine,15,440,256
HC,94,375,5,Serpentine,15,440,256
HC,94,376,5,Serpentine,15,440,256
HC,94,377,5,Serpentine,15,440,256
HC,94,378,5,Serpentine,15,440,256
HC,94,379,5,Serpentine,15,440,256
HC,94,380,5,Serpentine,15,440,256
HC,94,381,5,Serpentine,15,440,256
HC,94,382,5,Serpentine,15,440,256
HC,94,383,5,Serpentine,15,440,256
HC,94,384,5,Serpentine,15,440,256
HC,94,385,5,Serpentine,15,440,256
HC,94,386,5,Serpentine,15,440,256
HC,94,387,5,Serpentine,15,440,256
HC,94,388,5,Serpentine,15,440,256
HC,94,389,5,Serpentine,15,440,256
HC,94,390,5,Serpentine,15,440,256
HC,94,391,5,Serpentine,15,440,256
HC,94,392,5,Serpentine,15,440,256
HC,94,393,5,Serpentine,15,440,256
HC,94,394,5,Serpentine,15,440,256
HC,94,395,5,Serpentine,15,440,256
HC,94,396,5,Serpentine,15,440,256
HC,94,397,5,Serpentine,15,440,256
HC,94,398,5,Serpentine,15,440,256
HC,94,399,5,Serpentine,15,440,256
HC,94,400,5,Serpentine,15,440,256
HC,94,401,5,Serpentine,15,440,256
HC,94,402,5,Serpentine,15,440,256
HC,94,403,5,Serpentine,15,440,256
HC,95,190,5,Serpentine,15,440,256
HC,95,191,5,Serpentine,15,440,256
HC,95,192,5,Serpentine,15,440,256
HC,95,193,5,Serpentine,15,440,256
HC,95,194,5,Serpentine,15,440,256
HC,95,195,5,Serpentine,15,440,256
HC,95,196,5,Serpentine,15,440,256
HC,95,197,5,Serpentine,15,440,256
HC,95,198,5,Serpentine,15,440,256
HC,95,199,5,Serpentine,15,440,256
HC,95,200,5,Serpentine,15,440,256
HC,95,201,5,Serpentine,15,440,256
HC,95,202,5,Serpentine,15,440,256
HC,95,203,5,Serpentine,15,440,256
HC,95,204,5,Serpentine,15,440,256
HC,95,338,5,Serpentine,15,440,256
HC,95,339,5,Serpentine,15,440,256
HC,95,340,5,Serpentine,15,440,256
HC,95,341,5,Serpentine,15,440,256
HC,95,342,5,Serpentine,15,440,256
HC,95,343,5,Serpentine,15,440,256
HC,95,344,5,Serpentine,15,440,256
HC,95,345,5,Serpentine,15,440,256
HC,95,346,5,Serpentine,15,440,256
HC,95,370,5,Serpentine,15,440,256
HC,95,371,5,Serpentine,15,440,256
HC,95,372,5,Serpentine,15,440,256
HC,95,373,5,Serpentine,15,440,256
HC,95,374,5,Serpentine,15,440,256
HC,95,375,5,Serpentine,15,440,256
HC,95,376,5,Serpentine,15,440,256
HC,95,377,5,Serpentine,15,440,256
HC,95,378,5,Serpentine,15,440,256
HC,95,379,5,Serpentine,15,440,256
HC,95,380,5,Serpentine,15,440,256
HC,95,381,5,Serpentine,15,440,256
HC,95,382,5,Serpentine,15,440,256
HC,95,383,5,Serpentine,15,440,256
HC,95,384,5,Serpentine,15,440,256
HC,95,385,5,Serpentine,15,440,256
HC,95,386,5,Serpentine,15,440,256
HC,95,387,5,Serpentine,15,440,256
HC,95,388,5,Serpentine,15,440,256
HC,95,389,5,Serpentine,15,440,256
HC,95,390,5,Serpentine,15,440,256
HC,95,391,5,Serpentine,15,440,256
HC,95,392,5,Serpentine,15,440,256
HC,95,393,5,Serpentine,15,440,256
HC,95,394,5,Serpentine,15,440,256
HC,95,395,5,Serpentine,15,440,256
HC,95,396,5,Serpentine,15,440,256
HC,95,397,5,Serpentine,15,440,256
HC,95,398,5,Serpentine,15,440,256
HC,95,399,5,Serpentine,15,440,256
HC,95,400,5,Serpentine,15,440,256
HC,95,401,5,Serpentine,15,440,256
HC,95,402,5,Serpentine,15,440,256
HC,95,403,5,Serpentine,15,440,256
HC,96,189,5,Serpentine,15,440,256
HC,96,190,5,Serpentine,15,440,256
HC,96,191,5,Serpentine,15,440,256
HC,96,192,5,Serpentine,15,440,256
HC,96,193,5,Serpentine,15,440,256
HC,96,194,5,Serpentine,15,440,256
HC,96,195,5,Serpentine,15,440,256
HC,96,196,5,Serpentine,15,440,256
HC,96,197,5,Serpentine,15,440,256
HC,96,198,5,Serpentine,15,440,256
HC,96,199,5,Serpentine,15,440,256
HC,96,200,5,Serpentine,15,440,256
HC,96,201,5,Serpentine,15,440,256
HC,96,202,5,Serpentine,15,440,256
HC,96,203,5,Serpentine,15,440,256
HC,96,338,5,Serpentine,15,440,256
HC,96,339,5,Serpentine,15,440,256
HC,96,340,5,Serpentine,15,440,256
HC,96,341,5,Serpentine,15,440,256
HC,96,342,5,Serpentine,15,440,256
HC,96,343,5,Serpentine,15,440,256
HC,96,344,5,Serpentine,15,440,256
HC,96,345,5,Serpentine,15,440,256
HC,96,346,5,Serpentine,15,440,256
HC,96,370,5,Serpentine,15,440,256
HC,96,371,5,Serpentine,15,440,256
HC,96,372,5,Serpentine,15,440,256
HC,96,373,5,Serpentine,15,440,256
HC,96,374,5,Serpentine,15,440,256
HC,96,375,5,Serpentine,15,440,256
HC,96,376,5,Serpentine,15,440,256
HC,96,377,5,Serpentine,15,440,256
HC,96,378,5,Serpentine,15,440,256
HC,96,379,5,Serpentine,15,440,256
HC,96,380,5,Serpentine,15,440,256
HC,96,381,5,Serpentine,15,440,256
HC,96,382,5,Serpentine,15,440,256
HC,96,383,5,Serpentine,15,440,256
HC,96,384,5,Serpentine,15,440,256
HC,96,385,5,Serpentine,15,440,256
HC,96,386,5,Serpentine,15,440,256
HC,96,387,5,Serpentine,15,440,256
HC,96,388,5,Serpentine,15,440,256
HC,96,389,5,Serpentine,15,440,256
HC,96,390,5,Serpentine,15,440,256
HC,96,391,5,Serpentine,15,440,256
HC,96,392,5,Serpentine,15,440,256
HC,96,393,5,Serpentine,15,440,256
HC,96,394,5,Serpentine,15,440,256
HC,96,395,5,Serpentine,15,440,256
HC,96,396,5,Serpentine,15,440,256
HC,96,397,5,Serpentine,15,440,256
HC,96,398,5,Serpentine,15,440,256
HC,96,399,5,Serpentine,15,440,256
HC,96,400,5,Serpentine,15,440,256
HC,96,401,5,Serpentine,15,440,256
HC,96,402,5,Serpentine,15,440,256
HC,96,403,5,Serpentine,15,440,256
HC,97,187,5,Serpentine,15,440,256
HC,97,188,5,Serpentine,15,440,256
HC,97,189,5,Serpentine,15,440,256
HC,97,190,5,Serpentine,15,440,256
HC,97,191,5,Serpentine,15,440,256
HC,97,192,5,Serpentine,15,440,256
HC,97,193,5,Serpentine,15,440,256
HC,97,194,5,Serpentine,15,440,256
HC,97,195,5,Serpentine,15,440,256
HC,97,196,5,Serpentine,15,440,256
HC,97,197,5,Serpentine,15,440,256
HC,97,198,5,Serpentine,15,440,256
HC,97,199,5,Serpentine,15,440,256
HC,97,200,5,Serpentine,15,440,256
HC,97,201,5,Serpentine,15,440,256
HC,97,338,5,Serpentine,15,440,256
HC,97,339,5,Serpentine,15,440,256
HC,97,340,5,Serpentine,15,440,256
HC,97,341,5,Serpentine,15,440,256
HC,97,342,5,Serpentine,15,440,256
HC,97,343,5,Serpentine,15,440,256
HC,97,344,5,Serpentine,15,440,256
HC,97,345,5,Serpentine,15,440,256
HC,97,346,5,Serpentine,15,440,256
HC,97,370,5,Serpentine,15,440,256
HC,97,371,5,Serpentine,15,440,256
HC,97,372,5,Serpentine,15,440,256
HC,97,373,5,Serpentine,15,440,256
HC,97,374,5,Serpentine,15,440,256
HC,97,375,5,Serpentine,15,440,256
HC,97,376,5,Serpentine,15,440,256
HC,97,377,5,Serpentine,15,440,256
HC,97,378,5,Serpentine,15,440,256
HC,97,379,5,Serpentine,15,440,256
HC,97,380,5,Serpentine,15,440,256
HC,97,381,5,Serpentine,15,440,256
HC,97,382,5,Serpentine,15,440,256
HC,97,383,5,Serpentine,15,440,256
HC,97,384,5,Serpentine,15,440,256
HC,97,385,5,Serpentine,15,440,256
HC,97,386,5,Serpentine,15,440,256
HC,97,387,5,Serpentine,15,440,256
HC,97,388,5,Serpentine,15,440,256
HC,97,389,5,Serpentine,15,440,256
HC,97,390,5,Serpentine,15,440,256
HC,97,391,5,Serpentine,15,440,256
HC,97,392,5,Serpentine,15,440,256
HC,97,393,5,Serpentine,15,440,256
HC,97,394,5,Serpentine,15,440,256
HC,97,395,5,Serpentine,15,440,256
HC,97,396,5,Serpentine,15,440,256
HC,97,397,5,Serpentine,15,440,256
HC,97,398,5,Serpentine,15,440,256
HC,97,399,5,Serpentine,15,440,256
HC,97,400,5,Serpentine,15,440,256
HC,97,401,5,Serpentine,15,440,256
HC,97,402,5,Serpentine,15,440,256
HC,97,403,5,Serpentine,15,440,256
HC,98,186,5,Serpentine,15,440,256
HC,98,187,5,Serpentine,15,440,256
HC,98,188,5,Serpentine,15,440,256
HC,98,189,5,Serpentine,15,440,256
HC,98,190,5,Serpentine,15,440,256
HC,98,191,5,Serpentine,15,440,256
HC,98,192,5,Serpentine,15,440,256
HC,98,193,5,Serpentine,15,440,256
HC,98,194,5,Serpentine,15,440,256
HC,98,195,5,Serpentine,15,440,256
HC,98,196,5,Serpentine,15,440,256
HC,98,197,5,Serpentine,15,440,256
HC,98,198,5,Serpentine,15,440,256
HC,98,199,5,Serpentine,15,440,256
HC,98,200,5,Serpentine,15,440,256
HC,98,338,5,Serpentine,15,440,256
HC,98,339,5,Serpentine,15,440,256
HC,98,340,5,Serpentine,15,440,256
HC,98,341,5,Serpentine,15,440,256
HC,98,342,5,Serpentine,15,440,256
HC,98,343,5,Serpentine,15,440,256
HC,98,344,5,Serpentine,15,440,256
HC,98,345,5,Serpentine,15,440,256
HC,98,346,5,Serpentine,15,440,256
HC,98,370,5,Serpentine,15,440,256
HC,98,371,5,Serpentine,15,440,256
HC,98,372,5,Serpentine,15,440,256
HC,98,373,5,Serpentine,15,440,256
HC,98,374,5,Serpentine,15,440,256
HC,98,375,5,Serpentine,15,440,256
HC,98,376,5,Serpentine,15,440,256
HC,98,377,5,Serpentine,15,440,256
HC,98,378,5,Serpentine,15,440,256
HC,98,379,5,Serpentine,15,440,256
HC,98,380,5,Serpentine,15,440,256
HC,98,381,5,Serpentine,15,440,256
HC,98,382,5,Serpentine,15,440,256
HC,98,383,5,Serpentine,15,440,256
HC,98,384,5,Serpentine,15,440,256
HC,98,385,5,Serpentine,15,440,256
HC,98,386,5,Serpentine,15,440,256
HC,98,387,5,Serpentine,15,440,256
HC,98,388,5,Serpentine,15,440,256
HC,98,389,5,Serpentine,15,440,256
HC,98,390,5,Serpentine,15,440,256
HC,98,391,5,Serpentine,15,440,256
HC,98,392,5,Serpentine,15,440,256
HC,98,393,5,Serpentine,15,440,256
HC,98,394,5,Serpentine,15,440,256
HC,98,395,5,Serpentine,15,440,256
HC,98,396,5,Serpentine,15,440,256
HC,98,397,5,Serpentine,15,440,256
HC,98,398,5,Serpentine,15,440,256
HC,98,399,5,Serpentine,15,440,256
HC,98,400,5,Serpentine,15,440,256
HC,98,401,5,Serpentine,15,440,256
HC,98,402,5,Serpentine,15,440,256
HC,98,403,5,Serpentine,15,440,256
HC,99,185,5,Serpentine,15,440,256
HC,99,186,5,Serpentine,15,440,256
HC,99,187,5,Serpentine,15,440,256
HC,99,188,5,Serpentine,15,440,256
HC,99,189,5,Serpentine,15,440,256
HC,99,190,5,Serpentine,15,440,256
HC,99,191,5,Serpentine,15,440,256
HC,99,192,5,Serpentine,15,440,256
HC,99,193,5,Serpentine,15,440,256
HC,99,194,5,Serpentine,15,440,256
HC,99,195,5,Serpentine,15,440,256
HC,99,196,5,Serpentine,15,440,256
HC,99,197,5,Serpentine,15,440,256
HC,99,198,5,Serpentine,15,440,256
HC,99,199,5,Serpentine,15,440,256
HC,99,339,5,Serpentine,15,440,256
HC,99,340,5,Serpentine,15,440,256
HC,99,341,5,Serpentine,15,440,256
HC,99,342,5,Serpentine,15,440,256
HC,99,343,5,Serpentine,15,440,256
HC,99,344,5,Serpentine,15,440,256
HC,99,345,5,Serpentine,15,440,256
HC,99,346,5,Serpentine,15,440,256
HC,99,347,5,Serpentine,15,440,256
HC,99,371,5,Serpentine,15,440,256
HC,99,372,5,Serpentine,15,440,256
HC,99,373,5,Serpentine,15,440,256
HC,99,374,5,Serpentine,15,440,256
HC,99,375,5,Serpentine,15,440,256
HC,99,376,5,Serpentine,15,440,256
HC,99,377,5,Serpentine,15,440,256
HC,99,378,5,Serpentine,15,440,256
HC,99,379,5,Serpentine,15,440,256
HC,99,380,5,Serpentine,15,440,256
HC,99,381,5,Serpentine,15,440,256
HC,99,382,5,Serpentine,15,440,256
HC,99,383,5,Serpentine,15,440,256
HC,99,384,5,Serpentine,15,440,256
HC,99,385,5,Serpentine,15,440,256
HC,99,386,5,Serpentine,15,440,256
HC,99,387,5,Serpentine,15,440,256
HC,99,388,5,Serpentine,15,440,256
HC,99,389,5,Serpentine,15,440,256
HC,99,390,5,Serpentine,15,440,256
HC,99,391,5,Serpentine,15,440,256
HC,99,392,5,Serpentine,15,440,256
HC,99,393,5,Serpentine,15,440,256
HC,99,394,5,Serpentine,15,440,256
HC,99,395,5,Serpentine,15,440,256
HC,99,396,5,Serpentine,15,440,256
HC,99,397,5,Serpentine,15,440,256
HC,99,398,5,Serpentine,15,440,256
HC,99,399,5,Serpentine,15,440,256
HC,99,400,5,Serpentine,15,440,256
HC,99,401,5,Serpentine,15,440,256
HC,99,402,5,Serpentine,15,440,256
HC,99,403,5,Serpentine,15,440,256
HC,100,47,4,High-Ca Pyroxene,6,440,256
HC,100,48,4,High-Ca Pyroxene,6,440,256
HC,100,49,4,High-Ca Pyroxene,6,440,256
HC,100,50,4,High-Ca Pyroxene,6,440,256
HC,100,184,5,Serpentine,15,440,256
HC,100,185,5,Serpentine,15,440,256
HC,100,186,5,Serpentine,15,440,256
HC,100,187,5,Serpentine,15,440,256
HC,100,188,5,Serpentine,15,440,256
HC,100,189,5,Serpentine,15,440,256
HC,100,190,5,Serpentine,15,440,256
HC,100,191,5,Serpentine,15,440,256
HC,100,192,5,Serpentine,15,440,256
HC,100,193,5,Serpentine,15,440,256
HC,100,194,5,Serpentine,15,440,256
HC,100,195,5,Serpentine,15,440,256
HC,100,196,5,Serpentine,15,440,256
HC,100,197,5,Serpentine,15,440,256
HC,100,198,5,Serpentine,15,440,256
HC,100,339,5,Serpentine,15,440,256
HC,100,340,5,Serpentine,15,440,256
HC,100,341,5,Serpentine,15,440,256
HC,100,342,5,Serpentine,15,440,256
HC,100,343,5,Serpentine,15,440,256
HC,100,344,5,Serpentine,15,440,256
HC,100,345,5,Serpentine,15,440,256
HC,100,346,5,Serpentine,15,440,256
HC,100,347,5,Serpentine,15,440,256
HC,100,371,5,Serpentine,15,440,256
HC,100,372,5,Serpentine,15,440,256
HC,100,373,5,Serpentine,15,440,256
HC,100,378,5,Serpentine,15,440,256
HC,100,379,5,Serpentine,15,440,256
HC,100,380,5,Serpentine,15,440,256
HC,100,381,5,Serpentine,15,440,256
HC,100,382,5,Serpentine,15,440,256
HC,100,383,5,Serpentine,15,440,256
HC,100,384,5,Serpentine,15,440,256
HC,100,385,5,Serpentine,15,440,256
HC,100,386,5,Serpentine,15,440,256
HC,100,387,5,Serpentine,15,440,256
HC,100,388,5,Serpentine,15,440,256
HC,100,389,5,Serpentine,15,440,256
HC,100,390,5,Serpentine,15,440,256
HC,100,391,5,Serpentine,15,440,256
HC,100,392,5,Serpentine,15,440,256
HC,100,393,5,Serpentine,15,440,256
HC,100,394,5,Serpentine,15,440,256
HC,100,395,5,Serpentine,15,440,256
HC,100,396,5,Serpentine,15,440,256
HC,100,397,5,Serpentine,15,440,256
HC,100,398,5,Serpentine,15,440,256
HC,100,399,5,Serpentine,15,440,256
HC,100,400,5,Serpentine,15,440,256
HC,100,401,5,Serpentine,15,440,256
HC,100,402,5,Serpentine,15,440,256
HC,100,403,5,Serpentine,15,440,256
HC,101,45,4,High-Ca Pyroxene,6,440,256
HC,101,46,4,High-Ca Pyroxene,6,440,256
HC,101,47,4,High-Ca Pyroxene,6,440,256
HC,101,48,4,High-Ca Pyroxene,6,440,256
HC,101,49,4,High-Ca Pyroxene,6,440,256
HC,101,50,4,High-Ca Pyroxene,6,440,256
HC,101,51,4,High-Ca Pyroxene,6,440,256
HC,101,183,5,Serpentine,15,440,256
HC,101,184,5,Serpentine,15,440,256
HC,101,185,5,Serpentine,15,440,256
HC,101,186,5,Serpentine,15,440,256
HC,101,187,5,Serpentine,15,440,256
HC,101,188,5,Serpentine,15,440,256
HC,101,189,5,Serpentine,15,440,256
HC,101,190,5,Serpentine,15,440,256
HC,101,191,5,Serpentine,15,440,256
HC,101,192,5,Serpentine,15,440,256
HC,101,193,5,Serpentine,15,440,256
HC,101,194,5,Serpentine,15,440,256
HC,101,195,5,Serpentine,15,440,256
HC,101,196,5,Serpentine,15,440,256
HC,101,339,5,Serpentine,15,440,256
HC,101,340,5,Serpentine,15,440,256
HC,101,341,5,Serpentine,15,440,256
HC,101,342,5,Serpentine,15,440,256
HC,101,343,5,Serpentine,15,440,256
HC,101,344,5,Serpentine,15,440,256
HC,101,345,5,Serpentine,15,440,256
HC,101,346,5,Serpentine,15,440,256
HC,101,347,5,Serpentine,15,440,256
HC,101,380,5,Serpentine,15,440,256
HC,101,381,5,Serpentine,15,440,256
HC,101,382,5,Serpentine,15,440,256
HC,101,383,5,Serpentine,15,440,256
HC,101,384,5,Serpentine,15,440,256
HC,101,385,5,Serpentine,15,440,256
HC,101,386,5,Serpentine,15,440,256
HC,101,387,5,Serpentine,15,440,256
HC,101,388,5,Serpentine,15,440,256
HC,101,389,5,Serpentine,15,440,256
HC,101,390,5,Serpentine,15,440,256
HC,101,391,5,Serpentine,15,440,256
HC,101,392,5,Serpentine,15,440,256
HC,101,393,5,Serpentine,15,440,256
HC,101,394,5,Serpentine,15,440,256
HC,101,395,5,Serpentine,15,440,256
HC,101,396,5,Serpentine,15,440,256
HC,101,397,5,Serpentine,15,440,256
HC,101,398,5,Serpentine,15,440,256
HC,101,399,5,Serpentine,15,440,256
HC,101,400,5,Serpentine,15,440,256
HC,101,401,5,Serpentine,15,440,256
HC,101,402,5,Serpentine,15,440,256
HC,101,403,5,Serpentine,15,440,256
HC,102,44,4,High-Ca Pyroxene,6,440,256
HC,102,45,4,High-Ca Pyroxene,6,440,256
HC,102,46,4,High-Ca Pyroxene,6,440,256
HC,102,47,4,High-Ca Pyroxene,6,440,256
HC,102,48,4,High-Ca Pyroxene,6,440,256
HC,102,49,4,High-Ca Pyroxene,6,440,256
HC,102,50,4,High-Ca Pyroxene,6,440,256
HC,102,51,4,High-Ca Pyroxene,6,440,256
HC,102,182,5,Serpentine,15,440,256
HC,102,183,5,Serpentine,15,440,256
HC,102,184,5,Serpentine,15,440,256
HC,102,185,5,Serpentine,15,440,256
HC,102,186,5,Serpentine,15,440,256
HC,102,187,5,Serpentine,15,440,256
HC,102,188,5,Serpentine,15,440,256
HC,102,189,5,Serpentine,15,440,256
HC,102,190,5,Serpentine,15,440,256
HC,102,191,5,Serpentine,15,440,256
HC,102,192,5,Serpentine,15,440,256
HC,102,193,5,Serpentine,15,440,256
HC,102,194,5,Serpentine,15,440,256
HC,102,339,5,Serpentine,15,440,256
HC,102,340,5,Serpentine,15,440,256
HC,102,341,5,Serpentine,15,440,256
HC,102,342,5,Serpentine,15,440,256
HC,102,343,5,Serpentine,15,440,256
HC,102,344,5,Serpentine,15,440,256
HC,102,345,5,Serpentine,15,440,256
HC,102,346,5,Serpentine,15,440,256
HC,102,347,5,Serpentine,15,440,256
HC,102,381,5,Serpentine,15,440,256
HC,102,382,5,Serpentine,15,440,256
HC,102,383,5,Serpentine,15,440,256
HC,102,384,5,Serpentine,15,440,256
HC,102,385,5,Serpentine,15,440,256
HC,102,386,5,Serpentine,15,440,256
HC,102,387,5,Serpentine,15,440,256
HC,102,388,5,Serpentine,15,440,256
HC,102,389,5,Serpentine,15,440,256
HC,102,390,5,Serpentine,15,440,256
HC,102,391,5,Serpentine,15,440,256
HC,102,392,5,Serpentine,15,440,256
HC,102,393,5,Serpentine,15,440,256
HC,102,394,5,Serpentine,15,440,256
HC,102,395,5,Serpentine,15,440,256
HC,102,396,5,Serpentine,15,440,256
HC,102,397,5,Serpentine,15,440,256
HC,102,398,5,Serpentine,15,440,256
HC,102,399,5,Serpentine,15,440,256
HC,102,400,5,Serpentine,15,440,256
HC,102,401,5,Serpentine,15,440,256
HC,102,402,5,Serpentine,15,440,256
HC,102,403,5,Serpentine,15,440,256
HC,103,43,4,High-Ca Pyroxene,6,440,256
HC,103,44,4,High-Ca Pyroxene,6,440,256
HC,103,45,4,High-Ca Pyroxene,6,440,256
HC,103,46,4,High-Ca Pyroxene,6,440,256
HC,103,47,4,High-Ca Pyroxene,6,440,256
HC,103,48,4,High-Ca Pyroxene,6,440,256
HC,103,49,4,High-Ca Pyroxene,6,440,256
HC,103,50,4,High-Ca Pyroxene,6,440,256
HC,103,51,4,High-Ca Pyroxene,6,440,256
HC,103,180,5,Serpentine,15,440,256
HC,103,181,5,Serpentine,15,440,256
HC,103,182,5,Serpentine,15,440,256
HC,103,183,5,Serpentine,15,440,256
HC,103,184,5,Serpentine,15,440,256
HC,103,185,5,Serpentine,15,440,256
HC,103,186,5,Serpentine,15,440,256
HC,103,187,5,Serpentine,15,440,256
HC,103,188,5,Serpentine,15,440,256
HC,103,189,5,Serpentine,15,440,256
HC,103,190,5,Serpentine,15,440,256
HC,103,191,5,Serpentine,15,440,256
HC,103,192,5,Serpentine,15,440,256
HC,103,339,5,Serpentine,15,440,256
HC,103,340,5,Serpentine,15,440,256
HC,103,341,5,Serpentine,15,440,256
HC,103,342,5,Serpentine,15,440,256
HC,103,343,5,Serpentine,15,440,256
HC,103,344,5,Serpentine,15,440,256
HC,103,345,5,Serpentine,15,440,256
HC,103,346,5,Serpentine,15,440,256
HC,103,347,5,Serpentine,15,440,256
HC,103,348,5,Serpentine,15,440,256
HC,103,382,5,Serpentine,15,440,256
HC,103,383,5,Serpentine,15,440,256
HC,103,384,5,Serpentine,15,440,256
HC,103,385,5,Serpentine,15,440,256
HC,103,386,5,Serpentine,15,440,256
HC,103,387,5,Serpentine,15,440,256
HC,103,388,5,Serpentine,15,440,256
HC,103,389,5,Serpentine,15,440,256
HC,103,390,5,Serpentine,15,440,256
HC,103,391,5,Serpentine,15,440,256
HC,103,392,5,Serpentine,15,440,256
HC,103,393,5,Serpentine,15,440,256
HC,103,394,5,Serpentine,15,440,256
HC,103,395,5,Serpentine,15,440,256
HC,103,396,5,Serpentine,15,440,256
HC,103,397,5,Serpentine,15,440,256
HC,103,398,5,Serpentine,15,440,256
HC,103,399,5,Serpentine,15,440,256
HC,103,400,5,Serpentine,15,440,256
HC,103,401,5,Serpentine,15,440,256
HC,103,402,5,Serpentine,15,440,256
HC,104,43,4,High-Ca Pyroxene,6,440,256
HC,104,44,4,High-Ca Pyroxene,6,440,256
HC,104,45,4,High-Ca Pyroxene,6,440,256
HC,104,46,4,High-Ca Pyroxene,6,440,256
HC,104,47,4,High-Ca Pyroxene,6,440,256
HC,104,48,4,High-Ca Pyroxene,6,440,256
HC,104,49,4,High-Ca Pyroxene,6,440,256
HC,104,50,4,High-Ca Pyroxene,6,440,256
HC,104,51,4,High-Ca Pyroxene,6,440,256
HC,104,179,5,Serpentine,15,440,256
HC,104,180,5,Serpentine,15,440,256
HC,104,181,5,Serpentine,15,440,256
HC,104,182,5,Serpentine,15,440,256
HC,104,183,5,Serpentine,15,440,256
HC,104,184,5,Serpentine,15,440,256
HC,104,185,5,Serpentine,15,440,256
HC,104,186,5,Serpentine,15,440,256
HC,104,187,5,Serpentine,15,440,256
HC,104,188,5,Serpentine,15,440,256
HC,104,189,5,Serpentine,15,440,256
HC,104,190,5,Serpentine,15,440,256
HC,104,339,5,Serpentine,15,440,256
HC,104,340,5,Serpentine,15,440,256
HC,104,341,5,Serpentine,15,440,256
HC,104,342,5,Serpentine,15,440,256
HC,104,343,5,Serpentine,15,440,256
HC,104,344,5,Serpentine,15,440,256
HC,104,345,5,Serpentine,15,440,256
HC,104,346,5,Serpentine,15,440,256
HC,104,347,5,Serpentine,15,440,256
HC,104,348,5,Serpentine,15,440,256
HC,104,383,5,Serpentine,15,440,256
HC,104,384,5,Serpentine,15,440,256
HC,104,385,5,Serpentine,15,440,256
HC,104,386,5,Serpentine,15,440,256
HC,104,387,5,Serpentine,15,440,256
HC,104,388,5,Serpentine,15,440,256
HC,104,389,5,Serpentine,15,440,256
HC,104,390,5,Serpentine,15,440,256
HC,104,391,5,Serpentine,15,440,256
HC,104,392,5,Serpentine,15,440,256
HC,104,393,5,Serpentine,15,440,256
HC,104,394,5,Serpentine,15,440,256
HC,104,395,5,Serpentine,15,440,256
HC,104,396,5,Serpentine,15,440,256
HC,104,397,5,Serpentine,15,440,256
HC,104,398,5,Serpentine,15,440,256
HC,104,399,5,Serpentine,15,440,256
HC,104,400,5,Serpentine,15,440,256
HC,104,401,5,Serpentine,15,440,256
HC,105,43,4,High-Ca Pyroxene,6,440,256
HC,105,44,4,High-Ca Pyroxene,6,440,256
HC,105,45,4,High-Ca Pyroxene,6,440,256
HC,105,46,4,High-Ca Pyroxene,6,440,256
HC,105,47,4,High-Ca Pyroxene,6,440,256
HC,105,48,4,High-Ca Pyroxene,6,440,256
HC,105,49,4,High-Ca Pyroxene,6,440,256
HC,105,50,4,High-Ca Pyroxene,6,440,256
HC,105,179,5,Serpentine,15,440,256
HC,105,180,5,Serpentine,15,440,256
HC,105,181,5,Serpentine,15,440,256
HC,105,182,5,Serpentine,15,440,256
HC,105,183,5,Serpentine,15,440,256
HC,105,184,5,Serpentine,15,440,256
HC,105,185,5,Serpentine,15,440,256
HC,105,186,5,Serpentine,15,440,256
HC,105,187,5,Serpentine,15,440,256
HC,105,188,5,Serpentine,15,440,256
HC,105,189,5,Serpentine,15,440,256
HC,105,339,5,Serpentine,15,440,256
HC,105,340,5,Serpentine,15,440,256
HC,105,341,5,Serpentine,15,440,256
HC,105,342,5,Serpentine,15,440,256
HC,105,343,5,Serpentine,15,440,256
HC,105,344,5,Serpentine,15,440,256
HC,105,345,5,Serpentine,15,440,256
HC,105,346,5,Serpentine,15,440,256
HC,105,347,5,Serpentine,15,440,256
HC,105,348,5,Serpentine,15,440,256
HC,105,385,5,Serpentine,15,440,256
HC,105,386,5,Serpentine,15,440,256
HC,105,387,5,Serpentine,15,440,256
HC,105,388,5,Serpentine,15,440,256
HC,105,389,5,Serpentine,15,440,256
HC,105,390,5,Serpentine,15,440,256
HC,105,391,5,Serpentine,15,440,256
HC,105,392,5,Serpentine,15,440,256
HC,105,393,5,Serpentine,15,440,256
HC,105,394,5,Serpentine,15,440,256
HC,105,395,5,Serpentine,15,440,256
HC,105,396,5,Serpentine,15,440,256
HC,105,397,5,Serpentine,15,440,256
HC,105,398,5,Serpentine,15,440,256
HC,105,399,5,Serpentine,15,440,256
HC,105,400,5,Serpentine,15,440,256
HC,105,401,5,Serpentine,15,440,256
HC,106,42,4,High-Ca Pyroxene,6,440,256
HC,106,43,4,High-Ca Pyroxene,6,440,256
HC,106,44,4,High-Ca Pyroxene,6,440,256
HC,106,45,4,High-Ca Pyroxene,6,440,256
HC,106,46,4,High-Ca Pyroxene,6,440,256
HC,106,47,4,High-Ca Pyroxene,6,440,256
HC,106,48,4,High-Ca Pyroxene,6,440,256
HC,106,49,4,High-Ca Pyroxene,6,440,256
HC,106,50,4,High-Ca Pyroxene,6,440,256
HC,106,179,5,Serpentine,15,440,256
HC,106,180,5,Serpentine,15,440,256
HC,106,181,5,Serpentine,15,440,256
HC,106,182,5,Serpentine,15,440,256
HC,106,183,5,Serpentine,15,440,256
HC,106,184,5,Serpentine,15,440,256
HC,106,185,5,Serpentine,15,440,256
HC,106,339,5,Serpentine,15,440,256
HC,106,340,5,Serpentine,15,440,256
HC,106,341,5,Serpentine,15,440,256
HC,106,342,5,Serpentine,15,440,256
HC,106,343,5,Serpentine,15,440,256
HC,106,344,5,Serpentine,15,440,256
HC,106,345,5,Serpentine,15,440,256
HC,106,346,5,Serpentine,15,440,256
HC,106,347,5,Serpentine,15,440,256
HC,106,348,5,Serpentine,15,440,256
HC,106,386,5,Serpentine,15,440,256
HC,106,387,5,Serpentine,15,440,256
HC,106,388,5,Serpentine,15,440,256
HC,106,389,5,Serpentine,15,440,256
HC,106,390,5,Serpentine,15,440,256
HC,106,391,5,Serpentine,15,440,256
HC,106,392,5,Serpentine,15,440,256
HC,106,393,5,Serpentine,15,440,256
HC,106,394,5,Serpentine,15,440,256
HC,106,395,5,Serpentine,15,440,256
HC,106,396,5,Serpentine,15,440,256
HC,106,397,5,Serpentine,15,440,256
HC,106,398,5,Serpentine,15,440,256
HC,106,399,5,Serpentine,15,440,256
HC,106,400,5,Serpentine,15,440,256
HC,106,401,5,Serpentine,15,440,256
HC,107,42,4,High-Ca Pyroxene,6,440,256
HC,107,43,4,High-Ca Pyroxene,6,440,256
HC,107,44,4,High-Ca Pyroxene,6,440,256
HC,107,45,4,High-Ca Pyroxene,6,440,256
HC,107,46,4,High-Ca Pyroxene,6,440,256
HC,107,47,4,High-Ca Pyroxene,6,440,256
HC,107,48,4,High-Ca Pyroxene,6,440,256
HC,107,49,4,High-Ca Pyroxene,6,440,256
HC,107,50,4,High-Ca Pyroxene,6,440,256
HC,107,180,5,Serpentine,15,440,256
HC,107,181,5,Serpentine,15,440,256
HC,107,182,5,Serpentine,15,440,256
HC,107,183,5,Serpentine,15,440,256
HC,107,339,5,Serpentine,15,440,256
HC,107,340,5,Serpentine,15,440,256
HC,107,341,5,Serpentine,15,440,256
HC,107,342,5,Serpentine,15,440,256
HC,107,343,5,Serpentine,15,440,256
HC,107,344,5,Serpentine,15,440,256
HC,107,345,5,Serpentine,15,440,256
HC,107,346,5,Serpentine,15,440,256
HC,107,347,5,Serpentine,15,440,256
HC,107,348,5,Serpentine,15,440,256
HC,107,386,5,Serpentine,15,440,256
HC,107,387,5,Serpentine,15,440,256
HC,107,388,5,Serpentine,15,440,256
HC,107,389,5,Serpentine,15,440,256
HC,107,390,5,Serpentine,15,440,256
HC,107,391,5,Serpentine,15,440,256
HC,107,392,5,Serpentine,15,440,256
HC,107,393,5,Serpentine,15,440,256
HC,107,394,5,Serpentine,15,440,256
HC,107,395,5,Serpentine,15,440,256
HC,107,396,5,Serpentine,15,440,256
HC,107,397,5,Serpentine,15,440,256
HC,107,398,5,Serpentine,15,440,256
HC,107,399,5,Serpentine,15,440,256
HC,107,400,5,Serpentine,15,440,256
HC,107,401,5,Serpentine,15,440,256
HC,108,42,4,High-Ca Pyroxene,6,440,256
HC,108,43,4,High-Ca Pyroxene,6,440,256
HC,108,44,4,High-Ca Pyroxene,6,440,256
HC,108,45,4,High-Ca Pyroxene,6,440,256
HC,108,46,4,High-Ca Pyroxene,6,440,256
HC,108,47,4,High-Ca Pyroxene,6,440,256
HC,108,48,4,High-Ca Pyroxene,6,440,256
HC,108,49,4,High-Ca Pyroxene,6,440,256
HC,108,339,5,Serpentine,15,440,256
HC,108,340,5,Serpentine,15,440,256
HC,108,341,5,Serpentine,15,440,256
HC,108,342,5,Serpentine,15,440,256
HC,108,343,5,Serpentine,15,440,256
HC,108,344,5,Serpentine,15,440,256
HC,108,345,5,Serpentine,15,440,256
HC,108,346,5,Serpentine,15,440,256
HC,108,347,5,Serpentine,15,440,256
HC,108,348,5,Serpentine,15,440,256
HC,108,387,5,Serpentine,15,440,256
HC,108,388,5,Serpentine,15,440,256
HC,108,389,5,Serpentine,15,440,256
HC,108,390,5,Serpentine,15,440,256
HC,108,391,5,Serpentine,15,440,256
HC,108,392,5,Serpentine,15,440,256
HC,108,393,5,Serpentine,15,440,256
HC,108,394,5,Serpentine,15,440,256
HC,108,395,5,Serpentine,15,440,256
HC,108,396,5,Serpentine,15,440,256
HC,108,397,5,Serpentine,15,440,256
HC,108,398,5,Serpentine,15,440,256
HC,108,399,5,Serpentine,15,440,256
HC,108,400,5,Serpentine,15,440,256
HC,108,401,5,Serpentine,15,440,256
HC,109,42,4,High-Ca Pyroxene,6,440,256
HC,109,43,4,High-Ca Pyroxene,6,440,256
HC,109,44,4,High-Ca Pyroxene,6,440,256
HC,109,45,4,High-Ca Pyroxene,6,440,256
HC,109,46,4,High-Ca Pyroxene,6,440,256
HC,109,47,4,High-Ca Pyroxene,6,440,256
HC,109,48,4,High-Ca Pyroxene,6,440,256
HC,109,49,4,High-Ca Pyroxene,6,440,256
HC,109,339,5,Serpentine,15,440,256
HC,109,340,5,Serpentine,15,440,256
HC,109,341,5,Serpentine,15,440,256
HC,109,342,5,Serpentine,15,440,256
HC,109,343,5,Serpentine,15,440,256
HC,109,344,5,Serpentine,15,440,256
HC,109,345,5,Serpentine,15,440,256
HC,109,346,5,Serpentine,15,440,256
HC,109,347,5,Serpentine,15,440,256
HC,109,348,5,Serpentine,15,440,256
HC,109,388,5,Serpentine,15,440,256
HC,109,389,5,Serpentine,15,440,256
HC,109,390,5,Serpentine,15,440,256
HC,109,391,5,Serpentine,15,440,256
HC,109,392,5,Serpentine,15,440,256
HC,109,393,5,Serpentine,15,440,256
HC,109,394,5,Serpentine,15,440,256
HC,109,395,5,Serpentine,15,440,256
HC,109,396,5,Serpentine,15,440,256
HC,109,397,5,Serpentine,15,440,256
HC,109,398,5,Serpentine,15,440,256
HC,109,399,5,Serpentine,15,440,256
HC,109,400,5,Serpentine,15,440,256
HC,109,401,5,Serpentine,15,440,256
HC,110,42,4,High-Ca Pyroxene,6,440,256
HC,110,43,4,High-Ca Pyroxene,6,440,256
HC,110,44,4,High-Ca Pyroxene,6,440,256
HC,110,45,4,High-Ca Pyroxene,6,440,256
HC,110,46,4,High-Ca Pyroxene,6,440,256
HC,110,47,4,High-Ca Pyroxene,6,440,256
HC,110,48,4,High-Ca Pyroxene,6,440,256
HC,110,339,5,Serpentine,15,440,256
HC,110,340,5,Serpentine,15,440,256
HC,110,341,5,Serpentine,15,440,256
HC,110,342,5,Serpentine,15,440,256
HC,110,343,5,Serpentine,15,440,256
HC,110,344,5,Serpentine,15,440,256
HC,110,345,5,Serpentine,15,440,256
HC,110,346,5,Serpentine,15,440,256
HC,110,347,5,Serpentine,15,440,256
HC,110,348,5,Serpentine,15,440,256
HC,110,390,5,Serpentine,15,440,256
HC,110,391,5,Serpentine,15,440,256
HC,110,392,5,Serpentine,15,440,256
HC,110,393,5,Serpentine,15,440,256
HC,110,394,5,Serpentine,15,440,256
HC,110,395,5,Serpentine,15,440,256
HC,110,396,5,Serpentine,15,440,256
HC,110,397,5,Serpentine,15,440,256
HC,110,398,5,Serpentine,15,440,256
HC,110,399,5,Serpentine,15,440,256
HC,110,400,5,Serpentine,15,440,256
HC,111,43,4,High-Ca Pyroxene,6,440,256
HC,111,44,4,High-Ca Pyroxene,6,440,256
HC,111,45,4,High-Ca Pyroxene,6,440,256
HC,111,46,4,High-Ca Pyroxene,6,440,256
HC,111,47,4,High-Ca Pyroxene,6,440,256
HC,111,339,5,Serpentine,15,440,256
HC,111,340,5,Serpentine,15,440,256
HC,111,341,5,Serpentine,15,440,256
HC,111,342,5,Serpentine,15,440,256
HC,111,343,5,Serpentine,15,440,256
HC,111,344,5,Serpentine,15,440,256
HC,111,345,5,Serpentine,15,440,256
HC,111,346,5,Serpentine,15,440,256
HC,111,347,5,Serpentine,15,440,256
HC,111,348,5,Serpentine,15,440,256
HC,111,391,5,Serpentine,15,440,256
HC,111,392,5,Serpentine,15,440,256
HC,111,393,5,Serpentine,15,440,256
HC,111,394,5,Serpentine,15,440,256
HC,111,395,5,Serpentine,15,440,256
HC,111,396,5,Serpentine,15,440,256
HC,111,397,5,Serpentine,15,440,256
HC,111,398,5,Serpentine,15,440,256
HC,111,399,5,Serpentine,15,440,256
HC,112,339,5,Serpentine,15,440,256
HC,112,340,5,Serpentine,15,440,256
HC,112,341,5,Serpentine,15,440,256
HC,112,342,5,Serpentine,15,440,256
HC,112,343,5,Serpentine,15,440,256
HC,112,344,5,Serpentine,15,440,256
HC,112,345,5,Serpentine,15,440,256
HC,112,346,5,Serpentine,15,440,256
HC,112,347,5,Serpentine,15,440,256
HC,112,348,5,Serpentine,15,440,256
HC,112,394,5,Serpentine,15,440,256
HC,112,395,5,Serpentine,15,440,256
HC,112,396,5,Serpentine,15,440,256
HC,112,397,5,Serpentine,15,440,256
HC,113,339,5,Serpentine,15,440,256
HC,113,340,5,Serpentine,15,440,256
HC,113,341,5,Serpentine,15,440,256
HC,113,342,5,Serpentine,15,440,256
HC,113,343,5,Serpentine,15,440,256
HC,113,344,5,Serpentine,15,440,256
HC,113,345,5,Serpentine,15,440,256
HC,113,346,5,Serpentine,15,440,256
HC,113,347,5,Serpentine,15,440,256
HC,113,348,5,Serpentine,15,440,256
HC,114,339,5,Serpentine,15,440,256
HC,114,340,5,Serpentine,15,440,256
HC,114,341,5,Serpentine,15,440,256
HC,114,342,5,Serpentine,15,440,256
HC,114,343,5,Serpentine,15,440,256
HC,114,344,5,Serpentine,15,440,256
HC,114,345,5,Serpentine,15,440,256
HC,114,346,5,Serpentine,15,440,256
HC,114,347,5,Serpentine,15,440,256
HC,114,348,5,Serpentine,15,440,256
HC,114,349,5,Serpentine,15,440,256
HC,115,340,5,Serpentine,15,440,256
HC,115,341,5,Serpentine,15,440,256
HC,115,342,5,Serpentine,15,440,256
HC,115,343,5,Serpentine,15,440,256
HC,115,344,5,Serpentine,15,440,256
HC,115,345,5,Serpentine,15,440,256
HC,115,346,5,Serpentine,15,440,256
HC,115,347,5,Serpentine,15,440,256
HC,115,348,5,Serpentine,15,440,256
HC,115,349,5,Serpentine,15,440,256
HC,116,340,5,Serpentine,15,440,256
HC,116,341,5,Serpentine,15,440,256
HC,116,342,5,Serpentine,15,440,256
HC,116,343,5,Serpentine,15,440,256
HC,116,344,5,Serpentine,15,440,256
HC,116,345,5,Serpentine,15,440,256
HC,116,346,5,Serpentine,15,440,256
HC,116,347,5,Serpentine,15,440,256
HC,116,348,5,Serpentine,15,440,256
HC,116,349,5,Serpentine,15,440,256
HC,117,340,5,Serpentine,15,440,256
HC,117,341,5,Serpentine,15,440,256
HC,117,342,5,Serpentine,15,440,256
HC,117,343,5,Serpentine,15,440,256
HC,117,344,5,Serpentine,15,440,256
HC,117,345,5,Serpentine,15,440,256
HC,117,346,5,Serpentine,15,440,256
HC,117,347,5,Serpentine,15,440,256
HC,117,348,5,Serpentine,15,440,256
HC,117,349,5,Serpentine,15,440,256
HC,118,340,5,Serpentine,15,440,256
HC,118,341,5,Serpentine,15,440,256
HC,118,342,5,Serpentine,15,440,256
HC,118,343,5,Serpentine,15,440,256
HC,118,344,5,Serpentine,15,440,256
HC,118,345,5,Serpentine,15,440,256
HC,118,346,5,Serpentine,15,440,256
HC,118,347,5,Serpentine,15,440,256
HC,118,348,5,Serpentine,15,440,256
HC,118,349,5,Serpentine,15,440,256
HC,118,350,5,Serpentine,15,440,256
HC,119,125,2,Plagioclase,13,440,256
HC,119,126,2,Plagioclase,13,440,256
HC,119,127,2,Plagioclase,13,440,256
HC,119,128,2,Plagioclase,13,440,256
HC,119,129,2,Plagioclase,13,440,256
HC,119,154,5,Serpentine,15,440,256
HC,119,155,5,Serpentine,15,440,256
HC,119,156,5,Serpentine,15,440,256
HC,119,157,5,Serpentine,15,440,256
HC,119,158,5,Serpentine,15,440,256
HC,119,159,5,Serpentine,15,440,256
HC,119,160,5,Serpentine,15,440,256
HC,119,161,5,Serpentine,15,440,256
HC,119,340,5,Serpentine,15,440,256
HC,119,341,5,Serpentine,15,440,256
HC,119,342,5,Serpentine,15,440,256
HC,119,343,5,Serpentine,15,440,256
HC,119,344,5,Serpentine,15,440,256
HC,119,345,5,Serpentine,15,440,256
HC,119,346,5,Serpentine,15,440,256
HC,119,347,5,Serpentine,15,440,256
HC,119,348,5,Serpentine,15,440,256
HC,119,349,5,Serpentine,15,440,256
HC,119,350,5,Serpentine,15,440,256
HC,119,351,5,Serpentine,15,440,256
HC,120,124,2,Plagioclase,13,440,256
HC,120,125,2,Plagioclase,13,440,256
HC,120,126,2,Plagioclase,13,440,256
HC,120,127,2,Plagioclase,13,440,256
HC,120,128,2,Plagioclase,13,440,256
HC,120,129,2,Plagioclase,13,440,256
HC,120,130,2,Plagioclase,13,440,256
HC,120,152,5,Serpentine,15,440,256
HC,120,153,5,Serpentine,15,440,256
HC,120,154,5,Serpentine,15,440,256
HC,120,155,5,Serpentine,15,440,256
HC,120,156,5,Serpentine,15,440,256
HC,120,157,5,Serpentine,15,440,256
HC,120,158,5,Serpentine,15,440,256
HC,120,159,5,Serpentine,15,440,256
HC,120,160,5,Serpentine,15,440,256
HC,120,161,5,Serpentine,15,440,256
HC,120,162,5,Serpentine,15,440,256
HC,120,340,5,Serpentine,15,440,256
HC,120,341,5,Serpentine,15,440,256
HC,120,342,5,Serpentine,15,440,256
HC,120,343,5,Serpentine,15,440,256
HC,120,344,5,Serpentine,15,440,256
HC,120,345,5,Serpentine,15,440,256
HC,120,346,5,Serpentine,15,440,256
HC,120,347,5,Serpentine,15,440,256
HC,120,348,5,Serpentine,15,440,256
HC,120,349,5,Serpentine,15,440,256
HC,120,350,5,Serpentine,15,440,256
HC,120,351,5,Serpentine,15,440,256
HC,121,124,2,Plagioclase,13,440,256
HC,121,125,2,Plagioclase,13,440,256
HC,121,126,2,Plagioclase,13,440,256
HC,121,127,2,Plagioclase,13,440,256
HC,121,128,2,Plagioclase,13,440,256
HC,121,129,2,Plagioclase,13,440,256
HC,121,130,2,Plagioclase,13,440,256
HC,121,151,5,Serpentine,15,440,256
HC,121,152,5,Serpentine,15,440,256
HC,121,153,5,Serpentine,15,440,256
HC,121,154,5,Serpentine,15,440,256
HC,121,155,5,Serpentine,15,440,256
HC,121,156,5,Serpentine,15,440,256
HC,121,157,5,Serpentine,15,440,256
HC,121,158,5,Serpentine,15,440,256
HC,121,159,5,Serpentine,15,440,256
HC,121,160,5,Serpentine,15,440,256
HC,121,161,5,Serpentine,15,440,256
HC,121,162,5,Serpentine,15,440,256
HC,121,163,5,Serpentine,15,440,256
HC,121,164,5,Serpentine,15,440,256
HC,121,165,5,Serpentine,15,440,256
HC,121,341,5,Serpentine,15,440,256
HC,121,342,5,Serpentine,15,440,256
HC,121,343,5,Serpentine,15,440,256
HC,121,344,5,Serpentine,15,440,256
HC,121,345,5,Serpentine,15,440,256
HC,121,346,5,Serpentine,15,440,256
HC,121,347,5,Serpentine,15,440,256
HC,121,348,5,Serpentine,15,440,256
HC,121,349,5,Serpentine,15,440,256
HC,121,350,5,Serpentine,15,440,256
HC,121,351,5,Serpentine,15,440,256
HC,122,124,2,Plagioclase,13,440,256
HC,122,125,2,Plagioclase,13,440,256
HC,122,126,2,Plagioclase,13,440,256
HC,122,127,2,Plagioclase,13,440,256
HC,122,128,2,Plagioclase,13,440,256
HC,122,151,5,Serpentine,15,440,256
HC,122,152,5,Serpentine,15,440,256
HC,122,153,5,Serpentine,15,440,256
HC,122,154,5,Serpentine,15,440,256
HC,122,155,5,Serpentine,15,440,256
HC,122,156,5,Serpentine,15,440,256
HC,122,157,5,Serpentine,15,440,256
HC,122,158,5,Serpentine,15,440,256
HC,122,159,5,Serpentine,15,440,256
HC,122,160,5,Serpentine,15,440,256
HC,122,161,5,Serpentine,15,440,256
HC,122,162,5,Serpentine,15,440,256
HC,122,163,5,Serpentine,15,440,256
HC,122,164,5,Serpentine,15,440,256
HC,122,165,5,Serpentine,15,440,256
HC,122,166,5,Serpentine,15,440,256
HC,122,341,5,Serpentine,15,440,256
HC,122,342,5,Serpentine,15,440,256
HC,122,343,5,Serpentine,15,440,256
HC,122,344,5,Serpentine,15,440,256
HC,122,345,5,Serpentine,15,440,256
HC,122,346,5,Serpentine,15,440,256
HC,122,347,5,Serpentine,15,440,256
HC,122,348,5,Serpentine,15,440,256
HC,122,349,5,Serpentine,15,440,256
HC,122,350,5,Serpentine,15,440,256
HC,122,351,5,Serpentine,15,440,256
HC,122,352,5,Serpentine,15,440,256
HC,123,150,5,Serpentine,15,440,256
HC,123,151,5,Serpentine,15,440,256
HC,123,152,5,Serpentine,15,440,256
HC,123,153,5,Serpentine,15,440,256
HC,123,154,5,Serpentine,15,440,256
HC,123,155,5,Serpentine,15,440,256
HC,123,156,5,Serpentine,15,440,256
HC,123,157,5,Serpentine,15,440,256
HC,123,158,5,Serpentine,15,440,256
HC,123,159,5,Serpentine,15,440,256
HC,123,160,5,Serpentine,15,440,256
HC,123,161,5,Serpentine,15,440,256
HC,123,162,5,Serpentine,15,440,256
HC,123,163,5,Serpentine,15,440,256
HC,123,164,5,Serpentine,15,440,256
HC,123,165,5,Serpentine,15,440,256
HC,123,166,5,Serpentine,15,440,256
HC,123,167,5,Serpentine,15,440,256
HC,123,342,5,Serpentine,15,440,256
HC,123,343,5,Serpentine,15,440,256
HC,123,344,5,Serpentine,15,440,256
HC,123,345,5,Serpentine,15,440,256
HC,123,346,5,Serpentine,15,440,256
HC,123,347,5,Serpentine,15,440,256
HC,123,348,5,Serpentine,15,440,256
HC,123,349,5,Serpentine,15,440,256
HC,123,350,5,Serpentine,15,440,256
HC,123,351,5,Serpentine,15,440,256
HC,123,352,5,Serpentine,15,440,256
HC,123,353,5,Serpentine,15,440,256
HC,124,150,5,Serpentine,15,440,256
HC,124,151,5,Serpentine,15,440,256
HC,124,152,5,Serpentine,15,440,256
HC,124,153,5,Serpentine,15,440,256
HC,124,154,5,Serpentine,15,440,256
HC,124,155,5,Serpentine,15,440,256
HC,124,156,5,Serpentine,15,440,256
HC,124,157,5,Serpentine,15,440,256
HC,124,158,5,Serpentine,15,440,256
HC,124,159,5,Serpentine,15,440,256
HC,124,160,5,Serpentine,15,440,256
HC,124,161,5,Serpentine,15,440,256
HC,124,162,5,Serpentine,15,440,256
HC,124,163,5,Serpentine,15,440,256
HC,124,164,5,Serpentine,15,440,256
HC,124,165,5,Serpentine,15,440,256
HC,124,166,5,Serpentine,15,440,256
HC,124,167,5,Serpentine,15,440,256
HC,124,168,5,Serpentine,15,440,256
HC,124,304,5,Serpentine,15,440,256
HC,124,305,5,Serpentine,15,440,256
HC,124,306,5,Serpentine,15,440,256
HC,124,307,5,Serpentine,15,440,256
HC,124,308,5,Serpentine,15,440,256
HC,124,309,5,Serpentine,15,440,256
HC,124,342,5,Serpentine,15,440,256
HC,124,343,5,Serpentine,15,440,256
HC,124,344,5,Serpentine,15,440,256
HC,124,345,5,Serpentine,15,440,256
HC,124,346,5,Serpentine,15,440,256
HC,124,347,5,Serpentine,15,440,256
HC,124,348,5,Serpentine,15,440,256
HC,124,349,5,Serpentine,15,440,256
HC,124,350,5,Serpentine,15,440,256
HC,124,351,5,Serpentine,15,440,256
HC,124,352,5,Serpentine,15,440,256
HC,124,353,5,Serpentine,15,440,256
HC,125,133,3,Prehnite,14,440,256
HC,125,134,3,Prehnite,14,440,256
HC,125,135,3,Prehnite,14,440,256
HC,125,136,3,Prehnite,14,440,256
HC,125,150,5,Serpentine,15,440,256
HC,125,151,5,Serpentine,15,440,256
HC,125,152,5,Serpentine,15,440,256
HC,125,153,5,Serpentine,15,440,256
HC,125,154,5,Serpentine,15,440,256
HC,125,155,5,Serpentine,15,440,256
HC,125,156,5,Serpentine,15,440,256
HC,125,157,5,Serpentine,15,440,256
HC,125,158,5,Serpentine,15,440,256
HC,125,159,5,Serpentine,15,440,256
HC,125,160,5,Serpentine,15,440,256
HC,125,161,5,Serpentine,15,440,256
HC,125,162,5,Serpentine,15,440,256
HC,125,163,5,Serpentine,15,440,256
HC,125,164,5,Serpentine,15,440,256
HC,125,165,5,Serpentine,15,440,256
HC,125,166,5,Serpentine,15,440,256
HC,125,167,5,Serpentine,15,440,256
HC,125,168,5,Serpentine,15,440,256
HC,125,169,5,Serpentine,15,440,256
HC,125,301,5,Serpentine,15,440,256
HC,125,302,5,Serpentine,15,440,256
HC,125,303,5,Serpentine,15,440,256
HC,125,304,5,Serpentine,15,440,256
HC,125,305,5,Serpentine,15,440,256
HC,125,306,5,Serpentine,15,440,256
HC,125,307,5,Serpentine,15,440,256
HC,125,308,5,Serpentine,15,440,256
HC,125,309,5,Serpentine,15,440,256
HC,125,310,5,Serpentine,15,440,256
HC,125,311,5,Serpentine,15,440,256
HC,125,342,5,Serpentine,15,440,256
HC,125,343,5,Serpentine,15,440,256
HC,125,344,5,Serpentine,15,440,256
HC,125,345,5,Serpentine,15,440,256
HC,125,346,5,Serpentine,15,440,256
HC,125,347,5,Serpentine,15,440,256
HC,125,348,5,Serpentine,15,440,256
HC,125,349,5,Serpentine,15,440,256
HC,125,350,5,Serpentine,15,440,256
HC,125,351,5,Serpentine,15,440,256
HC,125,352,5,Serpentine,15,440,256
HC,125,353,5,Serpentine,15,440,256
HC,126,130,3,Prehnite,14,440,256
HC,126,131,3,Prehnite,14,440,256
HC,126,132,3,Prehnite,14,440,256
HC,126,133,3,Prehnite,14,440,256
HC,126,134,3,Prehnite,14,440,256
HC,126,135,3,Prehnite,14,440,256
HC,126,136,3,Prehnite,14,440,256
HC,126,150,5,Serpentine,15,440,256
HC,126,151,5,Serpentine,15,440,256
HC,126,152,5,Serpentine,15,440,256
HC,126,153,5,Serpentine,15,440,256
HC,126,154,5,Serpentine,15,440,256
HC,126,155,5,Serpentine,15,440,256
HC,126,156,5,Serpentine,15,440,256
HC,126,157,5,Serpentine,15,440,256
HC,126,158,5,Serpentine,15,440,256
HC,126,159,5,Serpentine,15,440,256
HC,126,160,5,Serpentine,15,440,256
HC,126,161,5,Serpentine,15,440,256
HC,126,162,5,Serpentine,15,440,256
HC,126,163,5,Serpentine,15,440,256
HC,126,164,5,Serpentine,15,440,256
HC,126,165,5,Serpentine,15,440,256
HC,126,166,5,Serpentine,15,440,256
HC,126,167,5,Serpentine,15,440,256
HC,126,168,5,Serpentine,15,440,256
HC,126,169,5,Serpentine,15,440,256
HC,126,210,5,Serpentine,15,440,256
HC,126,211,5,Serpentine,15,440,256
HC,126,212,5,Serpentine,15,440,256
HC,126,213,5,Serpentine,15,440,256
HC,126,214,5,Serpentine,15,440,256
HC,126,215,5,Serpentine,15,440,256
HC,126,216,5,Serpentine,15,440,256
HC,126,217,5,Serpentine,15,440,256
HC,126,218,5,Serpentine,15,440,256
HC,126,219,5,Serpentine,15,440,256
HC,126,220,5,Serpentine,15,440,256
HC,126,221,5,Serpentine,15,440,256
HC,126,222,5,Serpentine,15,440,256
HC,126,298,5,Serpentine,15,440,256
HC,126,299,5,Serpentine,15,440,256
HC,126,300,5,Serpentine,15,440,256
HC,126,301,5,Serpentine,15,440,256
HC,126,302,5,Serpentine,15,440,256
HC,126,303,5,Serpentine,15,440,256
HC,126,304,5,Serpentine,15,440,256
HC,126,305,5,Serpentine,15,440,256
HC,126,306,5,Serpentine,15,440,256
HC,126,307,5,Serpentine,15,440,256
HC,126,308,5,Serpentine,15,440,256
HC,126,309,5,Serpentine,15,440,256
HC,126,310,5,Serpentine,15,440,256
HC,126,311,5,Serpentine,15,440,256
HC,126,312,5,Serpentine,15,440,256
HC,126,342,5,Serpentine,15,440,256
HC,126,343,5,Serpentine,15,440,256
HC,126,344,5,Serpentine,15,440,256
HC,126,345,5,Serpentine,15,440,256
HC,126,346,5,Serpentine,15,440,256
HC,126,347,5,Serpentine,15,440,256
HC,126,348,5,Serpentine,15,440,256
HC,126,349,5,Serpentine,15,440,256
HC,126,350,5,Serpentine,15,440,256
HC,126,351,5,Serpentine,15,440,256
HC,126,352,5,Serpentine,15,440,256
HC,126,353,5,Serpentine,15,440,256
HC,126,354,5,Serpentine,15,440,256
HC,127,126,3,Prehnite,14,440,256
HC,127,127,3,Prehnite,14,440,256
HC,127,128,3,Prehnite,14,440,256
HC,127,129,3,Prehnite,14,440,256
HC,127,130,3,Prehnite,14,440,256
HC,127,131,3,Prehnite,14,440,256
HC,127,132,3,Prehnite,14,440,256
HC,127,133,3,Prehnite,14,440,256
HC,127,134,3,Prehnite,14,440,256
HC,127,135,3,Prehnite,14,440,256
HC,127,136,3,Prehnite,14,440,256
HC,127,137,3,Prehnite,14,440,256
HC,127,151,5,Serpentine,15,440,256
HC,127,152,5,Serpentine,15,440,256
HC,127,153,5,Serpentine,15,440,256
HC,127,154,5,Serpentine,15,440,256
HC,127,155,5,Serpentine,15,440,256
HC,127,156,5,Serpentine,15,440,256
HC,127,157,5,Serpentine,15,440,256
HC,127,158,5,Serpentine,15,440,256
HC,127,159,5,Serpentine,15,440,256
HC,127,160,5,Serpentine,15,440,256
HC,127,161,5,Serpentine,15,440,256
HC,127,162,5,Serpentine,15,440,256
HC,127,163,5,Serpentine,15,440,256
HC,127,164,5,Serpentine,15,440,256
HC,127,165,5,Serpentine,15,440,256
HC,127,166,5,Serpentine,15,440,256
HC,127,167,5,Serpentine,15,440,256
HC,127,168,5,Serpentine,15,440,256
HC,127,169,5,Serpentine,15,440,256
HC,127,170,5,Serpentine,15,440,256
HC,127,210,5,Serpentine,15,440,256
HC,127,211,5,Serpentine,15,440,256
HC,127,212,5,Serpentine,15,440,256
HC,127,213,5,Serpentine,15,440,256
HC,127,214,5,Serpentine,15,440,256
HC,127,215,5,Serpentine,15,440,256
HC,127,216,5,Serpentine,15,440,256
HC,127,217,5,Serpentine,15,440,256
HC,127,218,5,Serpentine,15,440,256
HC,127,219,5,Serpentine,15,440,256
HC,127,220,5,Serpentine,15,440,256
HC,127,221,5,Serpentine,15,440,256
HC,127,222,5,Serpentine,15,440,256
HC,127,298,5,Serpentine,15,440,256
HC,127,299,5,Serpentine,15,440,256
HC,127,300,5,Serpentine,15,440,256
HC,127,301,5,Serpentine,15,440,256
HC,127,302,5,Serpentine,15,440,256
HC,127,303,5,Serpentine,15,440,256
HC,127,304,5,Serpentine,15,440,256
HC,127,305,5,Serpentine,15,440,256
HC,127,306,5,Serpentine,15,440,256
HC,127,307,5,Serpentine,15,440,256
HC,127,308,5,Serpentine,15,440,256
HC,127,309,5,Serpentine,15,440,256
HC,127,310,5,Serpentine,15,440,256
HC,127,311,5,Serpentine,15,440,256
HC,127,312,5,Serpentine,15,440,256
HC,127,342,5,Serpentine,15,440,256
HC,127,343,5,Serpentine,15,440,256
HC,127,344,5,Serpentine,15,440,256
HC,127,345,5,Serpentine,15,440,256
HC,127,346,5,Serpentine,15,440,256
HC,127,347,5,Serpentine,15,440,256
HC,127,348,5,Serpentine,15,440,256
HC,127,349,5,Serpentine,15,440,256
HC,127,350,5,Serpentine,15,440,256
HC,127,351,5,Serpentine,15,440,256
HC,127,352,5,Serpentine,15,440,256
HC,127,353,5,Serpentine,15,440,256
HC,127,354,5,Serpentine,15,440,256
HC,128,123,3,Prehnite,14,440,256
HC,128,124,3,Prehnite,14,440,256
HC,128,125,3,Prehnite,14,440,256
HC,128,126,3,Prehnite,14,440,256
HC,128,127,3,Prehnite,14,440,256
HC,128,128,3,Prehnite,14,440,256
HC,128,129,3,Prehnite,14,440,256
HC,128,130,3,Prehnite,14,440,256
HC,128,131,3,Prehnite,14,440,256
HC,128,132,3,Prehnite,14,440,256
HC,128,133,3,Prehnite,14,440,256
HC,128,134,3,Prehnite,14,440,256
HC,128,135,3,Prehnite,14,440,256
HC,128,136,3,Prehnite,14,440,256
HC,128,137,3,Prehnite,14,440,256
HC,128,141,2,Plagioclase,13,440,256
HC,128,142,2,Plagioclase,13,440,256
HC,128,143,2,Plagioclase,13,440,256
HC,128,144,2,Plagioclase,13,440,256
HC,128,145,2,Plagioclase,13,440,256
HC,128,151,5,Serpentine,15,440,256
HC,128,152,5,Serpentine,15,440,256
HC,128,153,5,Serpentine,15,440,256
HC,128,154,5,Serpentine,15,440,256
HC,128,155,5,Serpentine,15,440,256
HC,128,156,5,Serpentine,15,440,256
HC,128,157,5,Serpentine,15,440,256
HC,128,158,5,Serpentine,15,440,256
HC,128,159,5,Serpentine,15,440,256
HC,128,160,5,Serpentine,15,440,256
HC,128,161,5,Serpentine,15,440,256
HC,128,162,5,Serpentine,15,440,256
HC,128,163,5,Serpentine,15,440,256
HC,128,164,5,Serpentine,15,440,256
HC,128,165,5,Serpentine,15,440,256
HC,128,166,5,Serpentine,15,440,256
HC,128,167,5,Serpentine,15,440,256
HC,128,168,5,Serpentine,15,440,256
HC,128,169,5,Serpentine,15,440,256
HC,128,170,5,Serpentine,15,440,256
HC,128,208,5,Serpentine,15,440,256
HC,128,209,5,Serpentine,15,440,256
HC,128,210,5,Serpentine,15,440,256
HC,128,211,5,Serpentine,15,440,256
HC,128,212,5,Serpentine,15,440,256
HC,128,213,5,Serpentine,15,440,256
HC,128,214,5,Serpentine,15,440,256
HC,128,215,5,Serpentine,15,440,256
HC,128,216,5,Serpentine,15,440,256
HC,128,217,5,Serpentine,15,440,256
HC,128,218,5,Serpentine,15,440,256
HC,128,219,5,Serpentine,15,440,256
HC,128,220,5,Serpentine,15,440,256
HC,128,221,5,Serpentine,15,440,256
HC,128,222,5,Serpentine,15,440,256
HC,128,223,5,Serpentine,15,440,256
HC,128,224,5,Serpentine,15,440,256
HC,128,297,5,Serpentine,15,440,256
HC,128,298,5,Serpentine,15,440,256
HC,128,299,5,Serpentine,15,440,256
HC,128,300,5,Serpentine,15,440,256
HC,128,301,5,Serpentine,15,440,256
HC,128,302,5,Serpentine,15,440,256
HC,128,303,5,Serpentine,15,440,256
HC,128,304,5,Serpentine,15,440,256
HC,128,305,5,Serpentine,15,440,256
HC,128,306,5,Serpentine,15,440,256
HC,128,307,5,Serpentine,15,440,256
HC,128,308,5,Serpentine,15,440,256
HC,128,309,5,Serpentine,15,440,256
HC,128,310,5,Serpentine,15,440,256
HC,128,311,5,Serpentine,15,440,256
HC,128,312,5,Serpentine,15,440,256
HC,128,343,5,Serpentine,15,440,256
HC,128,344,5,Serpentine,15,440,256
HC,128,345,5,Serpentine,15,440,256
HC,128,346,5,Serpentine,15,440,256
HC,128,347,5,Serpentine,15,440,256
HC,128,348,5,Serpentine,15,440,256
HC,128,349,5,Serpentine,15,440,256
HC,128,350,5,Serpentine,15,440,256
HC,128,351,5,Serpentine,15,440,256
HC,128,352,5,Serpentine,15,440,256
HC,128,353,5,Serpentine,15,440,256
HC,128,354,5,Serpentine,15,440,256
HC,129,123,3,Prehnite,14,440,256
HC,129,124,3,Prehnite,14,440,256
HC,129,125,3,Prehnite,14,440,256
HC,129,126,3,Prehnite,14,440,256
HC,129,127,3,Prehnite,14,440,256
HC,129,128,3,Prehnite,14,440,256
HC,129,129,3,Prehnite,14,440,256
HC,129,130,3,Prehnite,14,440,256
HC,129,131,3,Prehnite,14,440,256
HC,129,132,3,Prehnite,14,440,256
HC,129,133,3,Prehnite,14,440,256
HC,129,134,3,Prehnite,14,440,256
HC,129,135,3,Prehnite,14,440,256
HC,129,136,3,Prehnite,14,440,256
HC,129,137,3,Prehnite,14,440,256
HC,129,141,2,Plagioclase,13,440,256
HC,129,142,2,Plagioclase,13,440,256
HC,129,143,2,Plagioclase,13,440,256
HC,129,144,2,Plagioclase,13,440,256
HC,129,145,2,Plagioclase,13,440,256
HC,129,151,5,Serpentine,15,440,256
HC,129,152,5,Serpentine,15,440,256
HC,129,153,5,Serpentine,15,440,256
HC,129,154,5,Serpentine,15,440,256
HC,129,155,5,Serpentine,15,440,256
HC,129,156,5,Serpentine,15,440,256
HC,129,157,5,Serpentine,15,440,256
HC,129,158,5,Serpentine,15,440,256
HC,129,159,5,Serpentine,15,440,256
HC,129,160,5,Serpentine,15,440,256
HC,129,161,5,Serpentine,15,440,256
HC,129,162,5,Serpentine,15,440,256
HC,129,163,5,Serpentine,15,440,256
HC,129,164,5,Serpentine,15,440,256
HC,129,165,5,Serpentine,15,440,256
HC,129,166,5,Serpentine,15,440,256
HC,129,167,5,Serpentine,15,440,256
HC,129,168,5,Serpentine,15,440,256
HC,129,169,5,Serpentine,15,440,256
HC,129,170,5,Serpentine,15,440,256
HC,129,206,5,Serpentine,15,440,256
HC,129,207,5,Serpentine,15,440,256
HC,129,208,5,Serpentine,15,440,256
HC,129,209,5,Serpentine,15,440,256
HC,129,210,5,Serpentine,15,440,256
HC,129,211,5,Serpentine,15,440,256
HC,129,212,5,Serpentine,15,440,256
HC,129,213,5,Serpentine,15,440,256
HC,129,214,5,Serpentine,15,440,256
HC,129,215,5,Serpentine,15,440,256
HC,129,216,5,Serpentine,15,440,256
HC,129,217,5,Serpentine,15,440,256
HC,129,218,5,Serpentine,15,440,256
HC,129,219,5,Serpentine,15,440,256
HC,129,220,5,Serpentine,15,440,256
HC,129,221,5,Serpentine,15,440,256
HC,129,222,5,Serpentine,15,440,256
HC,129,223,5,Serpentine,15,440,256
HC,129,224,5,Serpentine,15,440,256
HC,129,297,5,Serpentine,15,440,256
HC,129,298,5,Serpentine,15,440,256
HC,129,299,5,Serpentine,15,440,256
HC,129,300,5,Serpentine,15,440,256
HC,129,301,5,Serpentine,15,440,256
HC,129,302,5,Serpentine,15,440,256
HC,129,303,5,Serpentine,15,440,256
HC,129,304,5,Serpentine,15,440,256
HC,129,305,5,Serpentine,15,440,256
HC,129,306,5,Serpentine,15,440,256
HC,129,307,5,Serpentine,15,440,256
HC,129,308,5,Serpentine,15,440,256
HC,129,309,5,Serpentine,15,440,256
HC,129,310,5,Serpentine,15,440,256
HC,129,311,5,Serpentine,15,440,256
HC,129,312,5,Serpentine,15,440,256
HC,129,313,5,Serpentine,15,440,256
HC,129,343,5,Serpentine,15,440,256
HC,129,344,5,Serpentine,15,440,256
HC,129,345,5,Serpentine,15,440,256
HC,129,346,5,Serpentine,15,440,256
HC,129,347,5,Serpentine,15,440,256
HC,129,348,5,Serpentine,15,440,256
HC,129,349,5,Serpentine,15,440,256
HC,129,350,5,Serpentine,15,440,256
HC,129,351,5,Serpentine,15,440,256
HC,129,352,5,Serpentine,15,440,256
HC,129,353,5,Serpentine,15,440,256
HC,129,354,5,Serpentine,15,440,256
HC,130,122,3,Prehnite,14,440,256
HC,130,123,3,Prehnite,14,440,256
HC,130,124,3,Prehnite,14,440,256
HC,130,125,3,Prehnite,14,440,256
HC,130,126,3,Prehnite,14,440,256
HC,130,127,3,Prehnite,14,440,256
HC,130,128,3,Prehnite,14,440,256
HC,130,129,3,Prehnite,14,440,256
HC,130,130,3,Prehnite,14,440,256
HC,130,131,3,Prehnite,14,440,256
HC,130,132,3,Prehnite,14,440,256
HC,130,133,3,Prehnite,14,440,256
HC,130,134,3,Prehnite,14,440,256
HC,130,135,3,Prehnite,14,440,256
HC,130,136,3,Prehnite,14,440,256
HC,130,137,3,Prehnite,14,440,256
HC,130,138,3,Prehnite,14,440,256
HC,130,140,2,Plagioclase,13,440,256
HC,130,141,2,Plagioclase,13,440,256
HC,130,142,2,Plagioclase,13,440,256
HC,130,143,2,Plagioclase,13,440,256
HC,130,144,2,Plagioclase,13,440,256
HC,130,145,2,Plagioclase,13,440,256
HC,130,146,2,Plagioclase,13,440,256
HC,130,152,5,Serpentine,15,440,256
HC,130,153,5,Serpentine,15,440,256
HC,130,154,5,Serpentine,15,440,256
HC,130,155,5,Serpentine,15,440,256
HC,130,156,5,Serpentine,15,440,256
HC,130,157,5,Serpentine,15,440,256
HC,130,158,5,Serpentine,15,440,256
HC,130,159,5,Serpentine,15,440,256
HC,130,160,5,Serpentine,15,440,256
HC,130,161,5,Serpentine,15,440,256
HC,130,162,5,Serpentine,15,440,256
HC,130,163,5,Serpentine,15,440,256
HC,130,164,5,Serpentine,15,440,256
HC,130,165,5,Serpentine,15,440,256
HC,130,166,5,Serpentine,15,440,256
HC,130,167,5,Serpentine,15,440,256
HC,130,168,5,Serpentine,15,440,256
HC,130,169,5,Serpentine,15,440,256
HC,130,170,5,Serpentine,15,440,256
HC,130,171,5,Serpentine,15,440,256
HC,130,205,5,Serpentine,15,440,256
HC,130,206,5,Serpentine,15,440,256
HC,130,207,5,Serpentine,15,440,256
HC,130,208,5,Serpentine,15,440,256
HC,130,209,5,Serpentine,15,440,256
HC,130,210,5,Serpentine,15,440,256
HC,130,211,5,Serpentine,15,440,256
HC,130,212,5,Serpentine,15,440,256
HC,130,213,5,Serpentine,15,440,256
HC,130,214,5,Serpentine,15,440,256
HC,130,215,5,Serpentine,15,440,256
HC,130,216,5,Serpentine,15,440,256
HC,130,217,5,Serpentine,15,440,256
HC,130,218,5,Serpentine,15,440,256
HC,130,219,5,Serpentine,15,440,256
HC,130,220,5,Serpentine,15,440,256
HC,130,221,5,Serpentine,15,440,256
HC,130,222,5,Serpentine,15,440,256
HC,130,223,5,Serpentine,15,440,256
HC,130,224,5,Serpentine,15,440,256
HC,130,225,5,Serpentine,15,440,256
HC,130,298,5,Serpentine,15,440,256
HC,130,299,5,Serpentine,15,440,256
HC,130,300,5,Serpentine,15,440,256
HC,130,301,5,Serpentine,15,440,256
HC,130,302,5,Serpentine,15,440,256
HC,130,303,5,Serpentine,15,440,256
HC,130,304,5,Serpentine,15,440,256
HC,130,305,5,Serpentine,15,440,256
HC,130,306,5,Serpentine,15,440,256
HC,130,307,5,Serpentine,15,440,256
HC,130,308,5,Serpentine,15,440,256
HC,130,309,5,Serpentine,15,440,256
HC,130,310,5,Serpentine,15,440,256
HC,130,311,5,Serpentine,15,440,256
HC,130,312,5,Serpentine,15,440,256
HC,130,313,5,Serpentine,15,440,256
HC,130,344,5,Serpentine,15,440,256
HC,130,345,5,Serpentine,15,440,256
HC,130,346,5,Serpentine,15,440,256
HC,130,347,5,Serpentine,15,440,256
HC,130,348,5,Serpentine,15,440,256
HC,130,349,5,Serpentine,15,440,256
HC,130,350,5,Serpentine,15,440,256
HC,130,351,5,Serpentine,15,440,256
HC,130,352,5,Serpentine,15,440,256
HC,130,353,5,Serpentine,15,440,256
HC,130,354,5,Serpentine,15,440,256
HC,130,355,5,Serpentine,15,440,256
HC,131,90,2,Plagioclase,13,440,256
HC,131,91,2,Plagioclase,13,440,256
HC,131,92,2,Plagioclase,13,440,256
HC,131,93,2,Plagioclase,13,440,256
HC,131,122,3,Prehnite,14,440,256
HC,131,123,3,Prehnite,14,440,256
HC,131,124,3,Prehnite,14,440,256
HC,131,125,3,Prehnite,14,440,256
HC,131,126,3,Prehnite,14,440,256
HC,131,127,3,Prehnite,14,440,256
HC,131,128,3,Prehnite,14,440,256
HC,131,129,3,Prehnite,14,440,256
HC,131,130,3,Prehnite,14,440,256
HC,131,131,3,Prehnite,14,440,256
HC,131,132,3,Prehnite,14,440,256
HC,131,133,3,Prehnite,14,440,256
HC,131,134,3,Prehnite,14,440,256
HC,131,135,3,Prehnite,14,440,256
HC,131,136,3,Prehnite,14,440,256
HC,131,137,3,Prehnite,14,440,256
HC,131,138,3,Prehnite,14,440,256
HC,131,140,2,Plagioclase,13,440,256
HC,131,141,2,Plagioclase,13,440,256
HC,131,142,2,Plagioclase,13,440,256
HC,131,143,2,Plagioclase,13,440,256
HC,131,144,2,Plagioclase,13,440,256
HC,131,145,2,Plagioclase,13,440,256
HC,131,146,2,Plagioclase,13,440,256
HC,131,152,5,Serpentine,15,440,256
HC,131,153,5,Serpentine,15,440,256
HC,131,154,5,Serpentine,15,440,256
HC,131,155,5,Serpentine,15,440,256
HC,131,156,5,Serpentine,15,440,256
HC,131,157,5,Serpentine,15,440,256
HC,131,158,5,Serpentine,15,440,256
HC,131,159,5,Serpentine,15,440,256
HC,131,160,5,Serpentine,15,440,256
HC,131,161,5,Serpentine,15,440,256
HC,131,162,5,Serpentine,15,440,256
HC,131,163,5,Serpentine,15,440,256
HC,131,164,5,Serpentine,15,440,256
HC,131,165,5,Serpentine,15,440,256
HC,131,166,5,Serpentine,15,440,256
HC,131,167,5,Serpentine,15,440,256
HC,131,168,5,Serpentine,15,440,256
HC,131,169,5,Serpentine,15,440,256
HC,131,170,5,Serpentine,15,440,256
HC,131,171,5,Serpentine,15,440,256
HC,131,204,5,Serpentine,15,440,256
HC,131,205,5,Serpentine,15,440,256
HC,131,206,5,Serpentine,15,440,256
HC,131,207,5,Serpentine,15,440,256
HC,131,208,5,Serpentine,15,440,256
HC,131,209,5,Serpentine,15,440,256
HC,131,210,5,Serpentine,15,440,256
HC,131,211,5,Serpentine,15,440,256
HC,131,212,5,Serpentine,15,440,256
HC,131,213,5,Serpentine,15,440,256
HC,131,214,5,Serpentine,15,440,256
HC,131,215,5,Serpentine,15,440,256
HC,131,216,5,Serpentine,15,440,256
HC,131,217,5,Serpentine,15,440,256
HC,131,218,5,Serpentine,15,440,256
HC,131,219,5,Serpentine,15,440,256
HC,131,220,5,Serpentine,15,440,256
HC,131,221,5,Serpentine,15,440,256
HC,131,222,5,Serpentine,15,440,256
HC,131,223,5,Serpentine,15,440,256
HC,131,224,5,Serpentine,15,440,256
HC,131,225,5,Serpentine,15,440,256
HC,131,226,5,Serpentine,15,440,256
HC,131,299,5,Serpentine,15,440,256
HC,131,300,5,Serpentine,15,440,256
HC,131,301,5,Serpentine,15,440,256
HC,131,302,5,Serpentine,15,440,256
HC,131,303,5,Serpentine,15,440,256
HC,131,304,5,Serpentine,15,440,256
HC,131,305,5,Serpentine,15,440,256
HC,131,306,5,Serpentine,15,440,256
HC,131,307,5,Serpentine,15,440,256
HC,131,308,5,Serpentine,15,440,256
HC,131,309,5,Serpentine,15,440,256
HC,131,310,5,Serpentine,15,440,256
HC,131,311,5,Serpentine,15,440,256
HC,131,312,5,Serpentine,15,440,256
HC,131,313,5,Serpentine,15,440,256
HC,131,314,5,Serpentine,15,440,256
HC,131,344,5,Serpentine,15,440,256
HC,131,345,5,Serpentine,15,440,256
HC,131,346,5,Serpentine,15,440,256
HC,131,347,5,Serpentine,15,440,256
HC,131,348,5,Serpentine,15,440,256
HC,131,349,5,Serpentine,15,440,256
HC,131,350,5,Serpentine,15,440,256
HC,131,351,5,Serpentine,15,440,256
HC,131,352,5,Serpentine,15,440,256
HC,131,353,5,Serpentine,15,440,256
HC,131,354,5,Serpentine,15,440,256
HC,131,355,5,Serpentine,15,440,256
HC,131,356,5,Serpentine,15,440,256
HC,132,88,2,Plagioclase,13,440,256
HC,132,89,2,Plagioclase,13,440,256
HC,132,90,2,Plagioclase,13,440,256
HC,132,91,2,Plagioclase,13,440,256
HC,132,92,2,Plagioclase,13,440,256
HC,132,93,2,Plagioclase,13,440,256
HC,132,94,2,Plagioclase,13,440,256
HC,132,95,2,Plagioclase,13,440,256
HC,132,122,3,Prehnite,14,440,256
HC,132,123,3,Prehnite,14,440,256
HC,132,124,3,Prehnite,14,440,256
HC,132,125,3,Prehnite,14,440,256
HC,132,126,3,Prehnite,14,440,256
HC,132,127,3,Prehnite,14,440,256
HC,132,128,3,Prehnite,14,440,256
HC,132,129,3,Prehnite,14,440,256
HC,132,130,3,Prehnite,14,440,256
HC,132,131,3,Prehnite,14,440,256
HC,132,132,3,Prehnite,14,440,256
HC,132,133,3,Prehnite,14,440,256
HC,132,134,3,Prehnite,14,440,256
HC,132,135,3,Prehnite,14,440,256
HC,132,136,3,Prehnite,14,440,256
HC,132,137,3,Prehnite,14,440,256
HC,132,138,3,Prehnite,14,440,256
HC,132,140,2,Plagioclase,13,440,256
HC,132,141,2,Plagioclase,13,440,256
HC,132,142,2,Plagioclase,13,440,256
HC,132,143,2,Plagioclase,13,440,256
HC,132,144,2,Plagioclase,13,440,256
HC,132,145,2,Plagioclase,13,440,256
HC,132,146,2,Plagioclase,13,440,256
HC,132,154,5,Serpentine,15,440,256
HC,132,155,5,Serpentine,15,440,256
HC,132,156,5,Serpentine,15,440,256
HC,132,157,5,Serpentine,15,440,256
HC,132,158,5,Serpentine,15,440,256
HC,132,159,5,Serpentine,15,440,256
HC,132,160,5,Serpentine,15,440,256
HC,132,161,5,Serpentine,15,440,256
HC,132,162,5,Serpentine,15,440,256
HC,132,163,5,Serpentine,15,440,256
HC,132,164,5,Serpentine,15,440,256
HC,132,165,5,Serpentine,15,440,256
HC,132,166,5,Serpentine,15,440,256
HC,132,167,5,Serpentine,15,440,256
HC,132,168,5,Serpentine,15,440,256
HC,132,169,5,Serpentine,15,440,256
HC,132,170,5,Serpentine,15,440,256
HC,132,171,5,Serpentine,15,440,256
HC,132,172,5,Serpentine,15,440,256
HC,132,203,5,Serpentine,15,440,256
HC,132,204,5,Serpentine,15,440,256
HC,132,205,5,Serpentine,15,440,256
HC,132,206,5,Serpentine,15,440,256
HC,132,207,5,Serpentine,15,440,256
HC,132,208,5,Serpentine,15,440,256
HC,132,209,5,Serpentine,15,440,256
HC,132,210,5,Serpentine,15,440,256
HC,132,211,5,Serpentine,15,440,256
HC,132,212,5,Serpentine,15,440,256
HC,132,213,5,Serpentine,15,440,256
HC,132,214,5,Serpentine,15,440,256
HC,132,215,5,Serpentine,15,440,256
HC,132,216,5,Serpentine,15,440,256
HC,132,217,5,Serpentine,15,440,256
HC,132,218,5,Serpentine,15,440,256
HC,132,219,5,Serpentine,15,440,256
HC,132,220,5,Serpentine,15,440,256
HC,132,221,5,Serpentine,15,440,256
HC,132,222,5,Serpentine,15,440,256
HC,132,223,5,Serpentine,15,440,256
HC,132,224,5,Serpentine,15,440,256
HC,132,225,5,Serpentine,15,440,256
HC,132,226,5,Serpentine,15,440,256
HC,132,299,5,Serpentine,15,440,256
HC,132,300,5,Serpentine,15,440,256
HC,132,301,5,Serpentine,15,440,256
HC,132,302,5,Serpentine,15,440,256
HC,132,303,5,Serpentine,15,440,256
HC,132,304,5,Serpentine,15,440,256
HC,132,305,5,Serpentine,15,440,256
HC,132,306,5,Serpentine,15,440,256
HC,132,307,5,Serpentine,15,440,256
HC,132,308,5,Serpentine,15,440,256
HC,132,309,5,Serpentine,15,440,256
HC,132,310,5,Serpentine,15,440,256
HC,132,311,5,Serpentine,15,440,256
HC,132,312,5,Serpentine,15,440,256
HC,132,313,5,Serpentine,15,440,256
HC,132,314,5,Serpentine,15,440,256
HC,132,345,5,Serpentine,15,440,256
HC,132,346,5,Serpentine,15,440,256
HC,132,347,5,Serpentine,15,440,256
HC,132,348,5,Serpentine,15,440,256
HC,132,349,5,Serpentine,15,440,256
HC,132,350,5,Serpentine,15,440,256
HC,132,351,5,Serpentine,15,440,256
HC,132,352,5,Serpentine,15,440,256
HC,132,353,5,Serpentine,15,440,256
HC,132,354,5,Serpentine,15,440,256
HC,132,355,5,Serpentine,15,440,256
HC,132,356,5,Serpentine,15,440,256
HC,133,86,2,Plagioclase,13,440,256
HC,133,87,2,Plagioclase,13,440,256
HC,133,88,2,Plagioclase,13,440,256
HC,133,89,2,Plagioclase,13,440,256
HC,133,90,2,Plagioclase,13,440,256
HC,133,91,2,Plagioclase,13,440,256
HC,133,92,2,Plagioclase,13,440,256
HC,133,93,2,Plagioclase,13,440,256
HC,133,94,2,Plagioclase,13,440,256
HC,133,95,2,Plagioclase,13,440,256
HC,133,122,3,Prehnite,14,440,256
HC,133,123,3,Prehnite,14,440,256
HC,133,124,3,Prehnite,14,440,256
HC,133,125,3,Prehnite,14,440,256
HC,133,126,3,Prehnite,14,440,256
HC,133,127,3,Prehnite,14,440,256
HC,133,128,3,Prehnite,14,440,256
HC,133,129,3,Prehnite,14,440,256
HC,133,130,3,Prehnite,14,440,256
HC,133,131,3,Prehnite,14,440,256
HC,133,132,3,Prehnite,14,440,256
HC,133,133,3,Prehnite,14,440,256
HC,133,134,3,Prehnite,14,440,256
HC,133,135,3,Prehnite,14,440,256
HC,133,136,3,Prehnite,14,440,256
HC,133,137,3,Prehnite,14,440,256
HC,133,138,3,Prehnite,14,440,256
HC,133,141,2,Plagioclase,13,440,256
HC,133,142,2,Plagioclase,13,440,256
HC,133,143,2,Plagioclase,13,440,256
HC,133,144,2,Plagioclase,13,440,256
HC,133,145,2,Plagioclase,13,440,256
HC,133,146,2,Plagioclase,13,440,256
HC,133,147,2,Plagioclase,13,440,256
HC,133,156,5,Serpentine,15,440,256
HC,133,157,5,Serpentine,15,440,256
HC,133,158,5,Serpentine,15,440,256
HC,133,159,5,Serpentine,15,440,256
HC,133,160,5,Serpentine,15,440,256
HC,133,161,5,Serpentine,15,440,256
HC,133,162,5,Serpentine,15,440,256
HC,133,163,5,Serpentine,15,440,256
HC,133,164,5,Serpentine,15,440,256
HC,133,165,5,Serpentine,15,440,256
HC,133,166,5,Serpentine,15,440,256
HC,133,167,5,Serpentine,15,440,256
HC,133,168,5,Serpentine,15,440,256
HC,133,169,5,Serpentine,15,440,256
HC,133,170,5,Serpentine,15,440,256
HC,133,171,5,Serpentine,15,440,256
HC,133,172,5,Serpentine,15,440,256
HC,133,202,5,Serpentine,15,440,256
HC,133,203,5,Serpentine,15,440,256
HC,133,204,5,Serpentine,15,440,256
HC,133,205,5,Serpentine,15,440,256
HC,133,206,5,Serpentine,15,440,256
HC,133,207,5,Serpentine,15,440,256
HC,133,208,5,Serpentine,15,440,256
HC,133,209,5,Serpentine,15,440,256
HC,133,210,5,Serpentine,15,440,256
HC,133,211,5,Serpentine,15,440,256
HC,133,212,5,Serpentine,15,440,256
HC,133,213,5,Serpentine,15,440,256
HC,133,214,5,Serpentine,15,440,256
HC,133,215,5,Serpentine,15,440,256
HC,133,216,5,Serpentine,15,440,256
HC,133,217,5,Serpentine,15,440,256
HC,133,218,5,Serpentine,15,440,256
HC,133,219,5,Serpentine,15,440,256
HC,133,220,5,Serpentine,15,440,256
HC,133,221,5,Serpentine,15,440,256
HC,133,222,5,Serpentine,15,440,256
HC,133,223,5,Serpentine,15,440,256
HC,133,224,5,Serpentine,15,440,256
HC,133,225,5,Serpentine,15,440,256
HC,133,226,5,Serpentine,15,440,256
HC,133,299,5,Serpentine,15,440,256
HC,133,300,5,Serpentine,15,440,256
HC,133,301,5,Serpentine,15,440,256
HC,133,302,5,Serpentine,15,440,256
HC,133,303,5,Serpentine,15,440,256
HC,133,304,5,Serpentine,15,440,256
HC,133,305,5,Serpentine,15,440,256
HC,133,306,5,Serpentine,15,440,256
HC,133,307,5,Serpentine,15,440,256
HC,133,308,5,Serpentine,15,440,256
HC,133,309,5,Serpentine,15,440,256
HC,133,310,5,Serpentine,15,440,256
HC,133,311,5,Serpentine,15,440,256
HC,133,312,5,Serpentine,15,440,256
HC,133,313,5,Serpentine,15,440,256
HC,133,314,5,Serpentine,15,440,256
HC,133,315,5,Serpentine,15,440,256
HC,133,346,5,Serpentine,15,440,256
HC,133,347,5,Serpentine,15,440,256
HC,133,348,5,Serpentine,15,440,256
HC,133,349,5,Serpentine,15,440,256
HC,133,350,5,Serpentine,15,440,256
HC,133,351,5,Serpentine,15,440,256
HC,133,352,5,Serpentine,15,440,256
HC,133,353,5,Serpentine,15,440,256
HC,133,354,5,Serpentine,15,440,256
HC,133,355,5,Serpentine,15,440,256
HC,133,356,5,Serpentine,15,440,256
HC,134,85,2,Plagioclase,13,440,256
HC,134,86,2,Plagioclase,13,440,256
HC,134,87,2,Plagioclase,13,440,256
HC,134,88,2,Plagioclase,13,440,256
HC,134,89,2,Plagioclase,13,440,256
HC,134,90,2,Plagioclase,13,440,256
HC,134,91,2,Plagioclase,13,440,256
HC,134,92,2,Plagioclase,13,440,256
HC,134,93,2,Plagioclase,13,440,256
HC,134,94,2,Plagioclase,13,440,256
HC,134,95,2,Plagioclase,13,440,256
HC,134,121,3,Prehnite,14,440,256
HC,134,122,3,Prehnite,14,440,256
HC,134,123,3,Prehnite,14,440,256
HC,134,124,3,Prehnite,14,440,256
HC,134,125,3,Prehnite,14,440,256
HC,134,126,3,Prehnite,14,440,256
HC,134,127,3,Prehnite,14,440,256
HC,134,128,3,Prehnite,14,440,256
HC,134,129,3,Prehnite,14,440,256
HC,134,130,3,Prehnite,14,440,256
HC,134,131,3,Prehnite,14,440,256
HC,134,132,3,Prehnite,14,440,256
HC,134,133,3,Prehnite,14,440,256
HC,134,134,3,Prehnite,14,440,256
HC,134,135,3,Prehnite,14,440,256
HC,134,136,3,Prehnite,14,440,256
HC,134,137,3,Prehnite,14,440,256
HC,134,138,3,Prehnite,14,440,256
HC,134,139,3,Prehnite,14,440,256
HC,134,141,2,Plagioclase,13,440,256
HC,134,142,2,Plagioclase,13,440,256
HC,134,143,2,Plagioclase,13,440,256
HC,134,144,2,Plagioclase,13,440,256
HC,134,145,2,Plagioclase,13,440,256
HC,134,146,2,Plagioclase,13,440,256
HC,134,147,2,Plagioclase,13,440,256
HC,134,148,2,Plagioclase,13,440,256
HC,134,156,5,Serpentine,15,440,256
HC,134,157,5,Serpentine,15,440,256
HC,134,158,5,Serpentine,15,440,256
HC,134,159,5,Serpentine,15,440,256
HC,134,160,5,Serpentine,15,440,256
HC,134,161,5,Serpentine,15,440,256
HC,134,162,5,Serpentine,15,440,256
HC,134,163,5,Serpentine,15,440,256
HC,134,164,5,Serpentine,15,440,256
HC,134,165,5,Serpentine,15,440,256
HC,134,166,5,Serpentine,15,440,256
HC,134,167,5,Serpentine,15,440,256
HC,134,168,5,Serpentine,15,440,256
HC,134,169,5,Serpentine,15,440,256
HC,134,170,5,Serpentine,15,440,256
HC,134,171,5,Serpentine,15,440,256
HC,134,172,5,Serpentine,15,440,256
HC,134,173,5,Serpentine,15,440,256
HC,134,202,5,Serpentine,15,440,256
HC,134,203,5,Serpentine,15,440,256
HC,134,204,5,Serpentine,15,440,256
HC,134,205,5,Serpentine,15,440,256
HC,134,206,5,Serpentine,15,440,256
HC,134,207,5,Serpentine,15,440,256
HC,134,208,5,Serpentine,15,440,256
HC,134,209,5,Serpentine,15,440,256
HC,134,210,5,Serpentine,15,440,256
HC,134,211,5,Serpentine,15,440,256
HC,134,212,5,Serpentine,15,440,256
HC,134,213,5,Serpentine,15,440,256
HC,134,214,5,Serpentine,15,440,256
HC,134,215,5,Serpentine,15,440,256
HC,134,216,5,Serpentine,15,440,256
HC,134,217,5,Serpentine,15,440,256
HC,134,218,5,Serpentine,15,440,256
HC,134,219,5,Serpentine,15,440,256
HC,134,220,5,Serpentine,15,440,256
HC,134,221,5,Serpentine,15,440,256
HC,134,222,5,Serpentine,15,440,256
HC,134,223,5,Serpentine,15,440,256
HC,134,224,5,Serpentine,15,440,256
HC,134,225,5,Serpentine,15,440,256
HC,134,226,5,Serpentine,15,440,256
HC,134,227,5,Serpentine,15,440,256
HC,134,301,5,Serpentine,15,440,256
HC,134,302,5,Serpentine,15,440,256
HC,134,303,5,Serpentine,15,440,256
HC,134,304,5,Serpentine,15,440,256
HC,134,305,5,Serpentine,15,440,256
HC,134,306,5,Serpentine,15,440,256
HC,134,307,5,Serpentine,15,440,256
HC,134,308,5,Serpentine,15,440,256
HC,134,309,5,Serpentine,15,440,256
HC,134,310,5,Serpentine,15,440,256
HC,134,311,5,Serpentine,15,440,256
HC,134,312,5,Serpentine,15,440,256
HC,134,313,5,Serpentine,15,440,256
HC,134,314,5,Serpentine,15,440,256
HC,134,315,5,Serpentine,15,440,256
HC,134,316,5,Serpentine,15,440,256
HC,134,347,5,Serpentine,15,440,256
HC,134,348,5,Serpentine,15,440,256
HC,134,349,5,Serpentine,15,440,256
HC,134,350,5,Serpentine,15,440,256
HC,134,351,5,Serpentine,15,440,256
HC,134,352,5,Serpentine,15,440,256
HC,134,353,5,Serpentine,15,440,256
HC,134,354,5,Serpentine,15,440,256
HC,134,355,5,Serpentine,15,440,256
HC,134,356,5,Serpentine,15,440,256
HC,135,62,4,High-Ca Pyroxene,6,440,256
HC,135,63,4,High-Ca Pyroxene,6,440,256
HC,135,64,4,High-Ca Pyroxene,6,440,256
HC,135,65,4,High-Ca Pyroxene,6,440,256
HC,135,83,2,Plagioclase,13,440,256
HC,135,84,2,Plagioclase,13,440,256
HC,135,85,2,Plagioclase,13,440,256
HC,135,86,2,Plagioclase,13,440,256
HC,135,87,2,Plagioclase,13,440,256
HC,135,88,2,Plagioclase,13,440,256
HC,135,89,2,Plagioclase,13,440,256
HC,135,90,2,Plagioclase,13,440,256
HC,135,91,2,Plagioclase,13,440,256
HC,135,92,2,Plagioclase,13,440,256
HC,135,93,2,Plagioclase,13,440,256
HC,135,94,2,Plagioclase,13,440,256
HC,135,95,2,Plagioclase,13,440,256
HC,135,121,3,Prehnite,14,440,256
HC,135,122,3,Prehnite,14,440,256
HC,135,123,3,Prehnite,14,440,256
HC,135,124,3,Prehnite,14,440,256
HC,135,125,3,Prehnite,14,440,256
HC,135,126,3,Prehnite,14,440,256
HC,135,127,3,Prehnite,14,440,256
HC,135,128,3,Prehnite,14,440,256
HC,135,129,3,Prehnite,14,440,256
HC,135,130,3,Prehnite,14,440,256
HC,135,131,3,Prehnite,14,440,256
HC,135,132,3,Prehnite,14,440,256
HC,135,133,3,Prehnite,14,440,256
HC,135,134,3,Prehnite,14,440,256
HC,135,135,3,Prehnite,14,440,256
HC,135,136,3,Prehnite,14,440,256
HC,135,137,3,Prehnite,14,440,256
HC,135,138,3,Prehnite,14,440,256
HC,135,139,3,Prehnite,14,440,256
HC,135,142,2,Plagioclase,13,440,256
HC,135,143,2,Plagioclase,13,440,256
HC,135,144,2,Plagioclase,13,440,256
HC,135,145,2,Plagioclase,13,440,256
HC,135,146,2,Plagioclase,13,440,256
HC,135,147,2,Plagioclase,13,440,256
HC,135,148,2,Plagioclase,13,440,256
HC,135,156,5,Serpentine,15,440,256
HC,135,157,5,Serpentine,15,440,256
HC,135,158,5,Serpentine,15,440,256
HC,135,159,5,Serpentine,15,440,256
HC,135,160,5,Serpentine,15,440,256
HC,135,161,5,Serpentine,15,440,256
HC,135,162,5,Serpentine,15,440,256
HC,135,163,5,Serpentine,15,440,256
HC,135,164,5,Serpentine,15,440,256
HC,135,165,5,Serpentine,15,440,256
HC,135,166,5,Serpentine,15,440,256
HC,135,167,5,Serpentine,15,440,256
HC,135,168,5,Serpentine,15,440,256
HC,135,169,5,Serpentine,15,440,256
HC,135,170,5,Serpentine,15,440,256
HC,135,171,5,Serpentine,15,440,256
HC,135,172,5,Serpentine,15,440,256
HC,135,173,5,Serpentine,15,440,256
HC,135,202,5,Serpentine,15,440,256
HC,135,203,5,Serpentine,15,440,256
HC,135,204,5,Serpentine,15,440,256
HC,135,205,5,Serpentine,15,440,256
HC,135,206,5,Serpentine,15,440,256
HC,135,207,5,Serpentine,15,440,256
HC,135,208,5,Serpentine,15,440,256
HC,135,209,5,Serpentine,15,440,256
HC,135,210,5,Serpentine,15,440,256
HC,135,211,5,Serpentine,15,440,256
HC,135,212,5,Serpentine,15,440,256
HC,135,213,5,Serpentine,15,440,256
HC,135,214,5,Serpentine,15,440,256
HC,135,215,5,Serpentine,15,440,256
HC,135,216,5,Serpentine,15,440,256
HC,135,217,5,Serpentine,15,440,256
HC,135,218,5,Serpentine,15,440,256
HC,135,219,5,Serpentine,15,440,256
HC,135,220,5,Serpentine,15,440,256
HC,135,221,5,Serpentine,15,440,256
HC,135,222,5,Serpentine,15,440,256
HC,135,223,5,Serpentine,15,440,256
HC,135,224,5,Serpentine,15,440,256
HC,135,225,5,Serpentine,15,440,256
HC,135,226,5,Serpentine,15,440,256
HC,135,227,5,Serpentine,15,440,256
HC,135,302,5,Serpentine,15,440,256
HC,135,303,5,Serpentine,15,440,256
HC,135,304,5,Serpentine,15,440,256
HC,135,305,5,Serpentine,15,440,256
HC,135,306,5,Serpentine,15,440,256
HC,135,307,5,Serpentine,15,440,256
HC,135,308,5,Serpentine,15,440,256
HC,135,309,5,Serpentine,15,440,256
HC,135,310,5,Serpentine,15,440,256
HC,135,311,5,Serpentine,15,440,256
HC,135,312,5,Serpentine,15,440,256
HC,135,313,5,Serpentine,15,440,256
HC,135,314,5,Serpentine,15,440,256
HC,135,315,5,Serpentine,15,440,256
HC,135,316,5,Serpentine,15,440,256
HC,135,317,5,Serpentine,15,440,256
HC,135,318,5,Serpentine,15,440,256
HC,135,319,5,Serpentine,15,440,256
HC,135,348,5,Serpentine,15,440,256
HC,135,349,5,Serpentine,15,440,256
HC,135,350,5,Serpentine,15,440,256
HC,135,351,5,Serpentine,15,440,256
HC,135,352,5,Serpentine,15,440,256
HC,135,353,5,Serpentine,15,440,256
HC,135,354,5,Serpentine,15,440,256
HC,135,355,5,Serpentine,15,440,256
HC,135,356,5,Serpentine,15,440,256
HC,135,357,5,Serpentine,15,440,256
HC,136,59,4,High-Ca Pyroxene,6,440,256
HC,136,60,4,High-Ca Pyroxene,6,440,256
HC,136,61,4,High-Ca Pyroxene,6,440,256
HC,136,62,4,High-Ca Pyroxene,6,440,256
HC,136,63,4,High-Ca Pyroxene,6,440,256
HC,136,64,4,High-Ca Pyroxene,6,440,256
HC,136,65,4,High-Ca Pyroxene,6,440,256
HC,136,66,4,High-Ca Pyroxene,6,440,256
HC,136,67,4,High-Ca Pyroxene,6,440,256
HC,136,82,2,Plagioclase,13,440,256
HC,136,83,2,Plagioclase,13,440,256
HC,136,84,2,Plagioclase,13,440,256
HC,136,85,2,Plagioclase,13,440,256
HC,136,86,2,Plagioclase,13,440,256
HC,136,87,2,Plagioclase,13,440,256
HC,136,88,2,Plagioclase,13,440,256
HC,136,89,2,Plagioclase,13,440,256
HC,136,90,2,Plagioclase,13,440,256
HC,136,91,2,Plagioclase,13,440,256
HC,136,92,2,Plagioclase,13,440,256
HC,136,93,2,Plagioclase,13,440,256
HC,136,94,2,Plagioclase,13,440,256
HC,136,121,3,Prehnite,14,440,256
HC,136,122,3,Prehnite,14,440,256
HC,136,123,3,Prehnite,14,440,256
HC,136,124,3,Prehnite,14,440,256
HC,136,125,3,Prehnite,14,440,256
HC,136,126,3,Prehnite,14,440,256
HC,136,127,3,Prehnite,14,440,256
HC,136,128,3,Prehnite,14,440,256
HC,136,129,3,Prehnite,14,440,256
HC,136,130,3,Prehnite,14,440,256
HC,136,131,3,Prehnite,14,440,256
HC,136,132,3,Prehnite,14,440,256
HC,136,133,3,Prehnite,14,440,256
HC,136,134,3,Prehnite,14,440,256
HC,136,135,3,Prehnite,14,440,256
HC,136,136,3,Prehnite,14,440,256
HC,136,137,3,Prehnite,14,440,256
HC,136,138,3,Prehnite,14,440,256
HC,136,139,3,Prehnite,14,440,256
HC,136,142,2,Plagioclase,13,440,256
HC,136,143,2,Plagioclase,13,440,256
HC,136,144,2,Plagioclase,13,440,256
HC,136,145,2,Plagioclase,13,440,256
HC,136,146,2,Plagioclase,13,440,256
HC,136,147,2,Plagioclase,13,440,256
HC,136,148,2,Plagioclase,13,440,256
HC,136,155,5,Serpentine,15,440,256
HC,136,156,5,Serpentine,15,440,256
HC,136,157,5,Serpentine,15,440,256
HC,136,158,5,Serpentine,15,440,256
HC,136,159,5,Serpentine,15,440,256
HC,136,160,5,Serpentine,15,440,256
HC,136,161,5,Serpentine,15,440,256
HC,136,162,5,Serpentine,15,440,256
HC,136,163,5,Serpentine,15,440,256
HC,136,164,5,Serpentine,15,440,256
HC,136,165,5,Serpentine,15,440,256
HC,136,166,5,Serpentine,15,440,256
HC,136,167,5,Serpentine,15,440,256
HC,136,168,5,Serpentine,15,440,256
HC,136,169,5,Serpentine,15,440,256
HC,136,170,5,Serpentine,15,440,256
HC,136,171,5,Serpentine,15,440,256
HC,136,172,5,Serpentine,15,440,256
HC,136,173,5,Serpentine,15,440,256
HC,136,202,5,Serpentine,15,440,256
HC,136,203,5,Serpentine,15,440,256
HC,136,204,5,Serpentine,15,440,256
HC,136,205,5,Serpentine,15,440,256
HC,136,206,5,Serpentine,15,440,256
HC,136,207,5,Serpentine,15,440,256
HC,136,208,5,Serpentine,15,440,256
HC,136,209,5,Serpentine,15,440,256
HC,136,210,5,Serpentine,15,440,256
HC,136,211,5,Serpentine,15,440,256
HC,136,212,5,Serpentine,15,440,256
HC,136,213,5,Serpentine,15,440,256
HC,136,214,5,Serpentine,15,440,256
HC,136,215,5,Serpentine,15,440,256
HC,136,216,5,Serpentine,15,440,256
HC,136,217,5,Serpentine,15,440,256
HC,136,218,5,Serpentine,15,440,256
HC,136,219,5,Serpentine,15,440,256
HC,136,220,5,Serpentine,15,440,256
HC,136,221,5,Serpentine,15,440,256
HC,136,222,5,Serpentine,15,440,256
HC,136,223,5,Serpentine,15,440,256
HC,136,224,5,Serpentine,15,440,256
HC,136,225,5,Serpentine,15,440,256
HC,136,226,5,Serpentine,15,440,256
HC,136,227,5,Serpentine,15,440,256
HC,136,303,5,Serpentine,15,440,256
HC,136,304,5,Serpentine,15,440,256
HC,136,305,5,Serpentine,15,440,256
HC,136,306,5,Serpentine,15,440,256
HC,136,307,5,Serpentine,15,440,256
HC,136,308,5,Serpentine,15,440,256
HC,136,309,5,Serpentine,15,440,256
HC,136,310,5,Serpentine,15,440,256
HC,136,311,5,Serpentine,15,440,256
HC,136,312,5,Serpentine,15,440,256
HC,136,313,5,Serpentine,15,440,256
HC,136,314,5,Serpentine,15,440,256
HC,136,315,5,Serpentine,15,440,256
HC,136,316,5,Serpentine,15,440,256
HC,136,317,5,Serpentine,15,440,256
HC,136,318,5,Serpentine,15,440,256
HC,136,319,5,Serpentine,15,440,256
HC,136,320,5,Serpentine,15,440,256
HC,136,348,5,Serpentine,15,440,256
HC,136,349,5,Serpentine,15,440,256
HC,136,350,5,Serpentine,15,440,256
HC,136,351,5,Serpentine,15,440,256
HC,136,352,5,Serpentine,15,440,256
HC,136,353,5,Serpentine,15,440,256
HC,136,354,5,Serpentine,15,440,256
HC,136,355,5,Serpentine,15,440,256
HC,136,356,5,Serpentine,15,440,256
HC,136,357,5,Serpentine,15,440,256
HC,137,56,4,High-Ca Pyroxene,6,440,256
HC,137,57,4,High-Ca Pyroxene,6,440,256
HC,137,58,4,High-Ca Pyroxene,6,440,256
HC,137,59,4,High-Ca Pyroxene,6,440,256
HC,137,60,4,High-Ca Pyroxene,6,440,256
HC,137,61,4,High-Ca Pyroxene,6,440,256
HC,137,62,4,High-Ca Pyroxene,6,440,256
HC,137,63,4,High-Ca Pyroxene,6,440,256
HC,137,64,4,High-Ca Pyroxene,6,440,256
HC,137,65,4,High-Ca Pyroxene,6,440,256
HC,137,66,4,High-Ca Pyroxene,6,440,256
HC,137,67,4,High-Ca Pyroxene,6,440,256
HC,137,81,2,Plagioclase,13,440,256
HC,137,82,2,Plagioclase,13,440,256
HC,137,83,2,Plagioclase,13,440,256
HC,137,84,2,Plagioclase,13,440,256
HC,137,85,2,Plagioclase,13,440,256
HC,137,86,2,Plagioclase,13,440,256
HC,137,87,2,Plagioclase,13,440,256
HC,137,88,2,Plagioclase,13,440,256
HC,137,89,2,Plagioclase,13,440,256
HC,137,90,2,Plagioclase,13,440,256
HC,137,91,2,Plagioclase,13,440,256
HC,137,92,2,Plagioclase,13,440,256
HC,137,93,2,Plagioclase,13,440,256
HC,137,94,2,Plagioclase,13,440,256
HC,137,121,3,Prehnite,14,440,256
HC,137,122,3,Prehnite,14,440,256
HC,137,123,3,Prehnite,14,440,256
HC,137,124,3,Prehnite,14,440,256
HC,137,125,3,Prehnite,14,440,256
HC,137,126,3,Prehnite,14,440,256
HC,137,127,3,Prehnite,14,440,256
HC,137,128,3,Prehnite,14,440,256
HC,137,129,3,Prehnite,14,440,256
HC,137,130,3,Prehnite,14,440,256
HC,137,131,3,Prehnite,14,440,256
HC,137,132,3,Prehnite,14,440,256
HC,137,133,3,Prehnite,14,440,256
HC,137,134,3,Prehnite,14,440,256
HC,137,135,3,Prehnite,14,440,256
HC,137,136,3,Prehnite,14,440,256
HC,137,137,3,Prehnite,14,440,256
HC,137,138,3,Prehnite,14,440,256
HC,137,139,3,Prehnite,14,440,256
HC,137,143,2,Plagioclase,13,440,256
HC,137,144,2,Plagioclase,13,440,256
HC,137,145,2,Plagioclase,13,440,256
HC,137,146,2,Plagioclase,13,440,256
HC,137,147,2,Plagioclase,13,440,256
HC,137,148,2,Plagioclase,13,440,256
HC,137,155,5,Serpentine,15,440,256
HC,137,156,5,Serpentine,15,440,256
HC,137,157,5,Serpentine,15,440,256
HC,137,158,5,Serpentine,15,440,256
HC,137,159,5,Serpentine,15,440,256
HC,137,160,5,Serpentine,15,440,256
HC,137,161,5,Serpentine,15,440,256
HC,137,162,5,Serpentine,15,440,256
HC,137,163,5,Serpentine,15,440,256
HC,137,164,5,Serpentine,15,440,256
HC,137,165,5,Serpentine,15,440,256
HC,137,166,5,Serpentine,15,440,256
HC,137,167,5,Serpentine,15,440,256
HC,137,168,5,Serpentine,15,440,256
HC,137,169,5,Serpentine,15,440,256
HC,137,170,5,Serpentine,15,440,256
HC,137,171,5,Serpentine,15,440,256
HC,137,172,5,Serpentine,15,440,256
HC,137,173,5,Serpentine,15,440,256
HC,137,174,5,Serpentine,15,440,256
HC,137,202,5,Serpentine,15,440,256
HC,137,203,5,Serpentine,15,440,256
HC,137,204,5,Serpentine,15,440,256
HC,137,205,5,Serpentine,15,440,256
HC,137,206,5,Serpentine,15,440,256
HC,137,207,5,Serpentine,15,440,256
HC,137,208,5,Serpentine,15,440,256
HC,137,209,5,Serpentine,15,440,256
HC,137,210,5,Serpentine,15,440,256
HC,137,211,5,Serpentine,15,440,256
HC,137,212,5,Serpentine,15,440,256
HC,137,213,5,Serpentine,15,440,256
HC,137,214,5,Serpentine,15,440,256
HC,137,215,5,Serpentine,15,440,256
HC,137,216,5,Serpentine,15,440,256
HC,137,217,5,Serpentine,15,440,256
HC,137,218,5,Serpentine,15,440,256
HC,137,219,5,Serpentine,15,440,256
HC,137,220,5,Serpentine,15,440,256
HC,137,221,5,Serpentine,15,440,256
HC,137,222,5,Serpentine,15,440,256
HC,137,223,5,Serpentine,15,440,256
HC,137,224,5,Serpentine,15,440,256
HC,137,225,5,Serpentine,15,440,256
HC,137,226,5,Serpentine,15,440,256
HC,137,227,5,Serpentine,15,440,256
HC,137,303,5,Serpentine,15,440,256
HC,137,304,5,Serpentine,15,440,256
HC,137,305,5,Serpentine,15,440,256
HC,137,306,5,Serpentine,15,440,256
HC,137,307,5,Serpentine,15,440,256
HC,137,308,5,Serpentine,15,440,256
HC,137,309,5,Serpentine,15,440,256
HC,137,310,5,Serpentine,15,440,256
HC,137,311,5,Serpentine,15,440,256
HC,137,312,5,Serpentine,15,440,256
HC,137,313,5,Serpentine,15,440,256
HC,137,314,5,Serpentine,15,440,256
HC,137,315,5,Serpentine,15,440,256
HC,137,316,5,Serpentine,15,440,256
HC,137,317,5,Serpentine,15,440,256
HC,137,318,5,Serpentine,15,440,256
HC,137,319,5,Serpentine,15,440,256
HC,137,320,5,Serpentine,15,440,256
HC,137,321,5,Serpentine,15,440,256
HC,137,349,5,Serpentine,15,440,256
HC,137,350,5,Serpentine,15,440,256
HC,137,351,5,Serpentine,15,440,256
HC,137,352,5,Serpentine,15,440,256
HC,137,353,5,Serpentine,15,440,256
HC,137,354,5,Serpentine,15,440,256
HC,137,355,5,Serpentine,15,440,256
HC,137,356,5,Serpentine,15,440,256
HC,137,357,5,Serpentine,15,440,256
HC,138,55,4,High-Ca Pyroxene,6,440,256
HC,138,56,4,High-Ca Pyroxene,6,440,256
HC,138,57,4,High-Ca Pyroxene,6,440,256
HC,138,58,4,High-Ca Pyroxene,6,440,256
HC,138,59,4,High-Ca Pyroxene,6,440,256
HC,138,60,4,High-Ca Pyroxene,6,440,256
HC,138,61,4,High-Ca Pyroxene,6,440,256
HC,138,62,4,High-Ca Pyroxene,6,440,256
HC,138,63,4,High-Ca Pyroxene,6,440,256
HC,138,64,4,High-Ca Pyroxene,6,440,256
HC,138,65,4,High-Ca Pyroxene,6,440,256
HC,138,66,4,High-Ca Pyroxene,6,440,256
HC,138,67,4,High-Ca Pyroxene,6,440,256
HC,138,79,2,Plagioclase,13,440,256
HC,138,80,2,Plagioclase,13,440,256
HC,138,81,2,Plagioclase,13,440,256
HC,138,82,2,Plagioclase,13,440,256
HC,138,83,2,Plagioclase,13,440,256
HC,138,84,2,Plagioclase,13,440,256
HC,138,85,2,Plagioclase,13,440,256
HC,138,86,2,Plagioclase,13,440,256
HC,138,87,2,Plagioclase,13,440,256
HC,138,88,2,Plagioclase,13,440,256
HC,138,89,2,Plagioclase,13,440,256
HC,138,90,2,Plagioclase,13,440,256
HC,138,91,2,Plagioclase,13,440,256
HC,138,92,2,Plagioclase,13,440,256
HC,138,121,3,Prehnite,14,440,256
HC,138,122,3,Prehnite,14,440,256
HC,138,123,3,Prehnite,14,440,256
HC,138,124,3,Prehnite,14,440,256
HC,138,125,3,Prehnite,14,440,256
HC,138,126,3,Prehnite,14,440,256
HC,138,127,3,Prehnite,14,440,256
HC,138,128,3,Prehnite,14,440,256
HC,138,129,3,Prehnite,14,440,256
HC,138,130,3,Prehnite,14,440,256
HC,138,131,3,Prehnite,14,440,256
HC,138,132,3,Prehnite,14,440,256
HC,138,133,3,Prehnite,14,440,256
HC,138,134,3,Prehnite,14,440,256
HC,138,135,3,Prehnite,14,440,256
HC,138,136,3,Prehnite,14,440,256
HC,138,137,3,Prehnite,14,440,256
HC,138,138,3,Prehnite,14,440,256
HC,138,139,3,Prehnite,14,440,256
HC,138,143,2,Plagioclase,13,440,256
HC,138,144,2,Plagioclase,13,440,256
HC,138,145,2,Plagioclase,13,440,256
HC,138,146,2,Plagioclase,13,440,256
HC,138,147,2,Plagioclase,13,440,256
HC,138,148,2,Plagioclase,13,440,256
HC,138,155,5,Serpentine,15,440,256
HC,138,156,5,Serpentine,15,440,256
HC,138,157,5,Serpentine,15,440,256
HC,138,158,5,Serpentine,15,440,256
HC,138,159,5,Serpentine,15,440,256
HC,138,160,5,Serpentine,15,440,256
HC,138,161,5,Serpentine,15,440,256
HC,138,162,5,Serpentine,15,440,256
HC,138,163,5,Serpentine,15,440,256
HC,138,164,5,Serpentine,15,440,256
HC,138,165,5,Serpentine,15,440,256
HC,138,166,5,Serpentine,15,440,256
HC,138,167,5,Serpentine,15,440,256
HC,138,168,5,Serpentine,15,440,256
HC,138,169,5,Serpentine,15,440,256
HC,138,170,5,Serpentine,15,440,256
HC,138,171,5,Serpentine,15,440,256
HC,138,172,5,Serpentine,15,440,256
HC,138,173,5,Serpentine,15,440,256
HC,138,174,5,Serpentine,15,440,256
HC,138,202,5,Serpentine,15,440,256
HC,138,203,5,Serpentine,15,440,256
HC,138,204,5,Serpentine,15,440,256
HC,138,205,5,Serpentine,15,440,256
HC,138,206,5,Serpentine,15,440,256
HC,138,207,5,Serpentine,15,440,256
HC,138,208,5,Serpentine,15,440,256
HC,138,209,5,Serpentine,15,440,256
HC,138,210,5,Serpentine,15,440,256
HC,138,211,5,Serpentine,15,440,256
HC,138,212,5,Serpentine,15,440,256
HC,138,213,5,Serpentine,15,440,256
HC,138,214,5,Serpentine,15,440,256
HC,138,215,5,Serpentine,15,440,256
HC,138,216,5,Serpentine,15,440,256
HC,138,217,5,Serpentine,15,440,256
HC,138,218,5,Serpentine,15,440,256
HC,138,219,5,Serpentine,15,440,256
HC,138,220,5,Serpentine,15,440,256
HC,138,221,5,Serpentine,15,440,256
HC,138,222,5,Serpentine,15,440,256
HC,138,223,5,Serpentine,15,440,256
HC,138,224,5,Serpentine,15,440,256
HC,138,225,5,Serpentine,15,440,256
HC,138,226,5,Serpentine,15,440,256
HC,138,227,5,Serpentine,15,440,256
HC,138,304,5,Serpentine,15,440,256
HC,138,305,5,Serpentine,15,440,256
HC,138,306,5,Serpentine,15,440,256
HC,138,307,5,Serpentine,15,440,256
HC,138,308,5,Serpentine,15,440,256
HC,138,309,5,Serpentine,15,440,256
HC,138,310,5,Serpentine,15,440,256
HC,138,311,5,Serpentine,15,440,256
HC,138,312,5,Serpentine,15,440,256
HC,138,313,5,Serpentine,15,440,256
HC,138,314,5,Serpentine,15,440,256
HC,138,315,5,Serpentine,15,440,256
HC,138,316,5,Serpentine,15,440,256
HC,138,317,5,Serpentine,15,440,256
HC,138,318,5,Serpentine,15,440,256
HC,138,319,5,Serpentine,15,440,256
HC,138,320,5,Serpentine,15,440,256
HC,138,321,5,Serpentine,15,440,256
HC,138,322,5,Serpentine,15,440,256
HC,138,323,5,Serpentine,15,440,256
HC,138,331,5,Serpentine,15,440,256
HC,138,332,5,Serpentine,15,440,256
HC,138,333,5,Serpentine,15,440,256
HC,138,350,5,Serpentine,15,440,256
HC,138,351,5,Serpentine,15,440,256
HC,138,352,5,Serpentine,15,440,256
HC,138,353,5,Serpentine,15,440,256
HC,138,354,5,Serpentine,15,440,256
HC,138,355,5,Serpentine,15,440,256
HC,138,356,5,Serpentine,15,440,256
HC,138,357,5,Serpentine,15,440,256
HC,139,53,4,High-Ca Pyroxene,6,440,256
HC,139,54,4,High-Ca Pyroxene,6,440,256
HC,139,55,4,High-Ca Pyroxene,6,440,256
HC,139,56,4,High-Ca Pyroxene,6,440,256
HC,139,57,4,High-Ca Pyroxene,6,440,256
HC,139,58,4,High-Ca Pyroxene,6,440,256
HC,139,59,4,High-Ca Pyroxene,6,440,256
HC,139,60,4,High-Ca Pyroxene,6,440,256
HC,139,61,4,High-Ca Pyroxene,6,440,256
HC,139,62,4,High-Ca Pyroxene,6,440,256
HC,139,63,4,High-Ca Pyroxene,6,440,256
HC,139,64,4,High-Ca Pyroxene,6,440,256
HC,139,65,4,High-Ca Pyroxene,6,440,256
HC,139,66,4,High-Ca Pyroxene,6,440,256
HC,139,67,4,High-Ca Pyroxene,6,440,256
HC,139,78,2,Plagioclase,13,440,256
HC,139,79,2,Plagioclase,13,440,256
HC,139,80,2,Plagioclase,13,440,256
HC,139,81,2,Plagioclase,13,440,256
HC,139,82,2,Plagioclase,13,440,256
HC,139,83,2,Plagioclase,13,440,256
HC,139,84,2,Plagioclase,13,440,256
HC,139,85,2,Plagioclase,13,440,256
HC,139,86,2,Plagioclase,13,440,256
HC,139,87,2,Plagioclase,13,440,256
HC,139,88,2,Plagioclase,13,440,256
HC,139,89,2,Plagioclase,13,440,256
HC,139,90,2,Plagioclase,13,440,256
HC,139,99,1,Analcime,1,440,256
HC,139,100,1,Analcime,1,440,256
HC,139,101,1,Analcime,1,440,256
HC,139,102,1,Analcime,1,440,256
HC,139,103,1,Analcime,1,440,256
HC,139,110,1,Analcime,1,440,256
HC,139,111,1,Analcime,1,440,256
HC,139,112,1,Analcime,1,440,256
HC,139,113,1,Analcime,1,440,256
HC,139,122,3,Prehnite,14,440,256
HC,139,123,3,Prehnite,14,440,256
HC,139,124,3,Prehnite,14,440,256
HC,139,125,3,Prehnite,14,440,256
HC,139,126,3,Prehnite,14,440,256
HC,139,127,3,Prehnite,14,440,256
HC,139,128,3,Prehnite,14,440,256
HC,139,129,3,Prehnite,14,440,256
HC,139,130,3,Prehnite,14,440,256
HC,139,131,3,Prehnite,14,440,256
HC,139,132,3,Prehnite,14,440,256
HC,139,133,3,Prehnite,14,440,256
HC,139,134,3,Prehnite,14,440,256
HC,139,135,3,Prehnite,14,440,256
HC,139,136,3,Prehnite,14,440,256
HC,139,137,3,Prehnite,14,440,256
HC,139,138,3,Prehnite,14,440,256
HC,139,139,3,Prehnite,14,440,256
HC,139,143,2,Plagioclase,13,440,256
HC,139,144,2,Plagioclase,13,440,256
HC,139,145,2,Plagioclase,13,440,256
HC,139,146,2,Plagioclase,13,440,256
HC,139,147,2,Plagioclase,13,440,256
HC,139,148,2,Plagioclase,13,440,256
HC,139,155,5,Serpentine,15,440,256
HC,139,156,5,Serpentine,15,440,256
HC,139,157,5,Serpentine,15,440,256
HC,139,158,5,Serpentine,15,440,256
HC,139,159,5,Serpentine,15,440,256
HC,139,160,5,Serpentine,15,440,256
HC,139,161,5,Serpentine,15,440,256
HC,139,162,5,Serpentine,15,440,256
HC,139,163,5,Serpentine,15,440,256
HC,139,164,5,Serpentine,15,440,256
HC,139,165,5,Serpentine,15,440,256
HC,139,166,5,Serpentine,15,440,256
HC,139,167,5,Serpentine,15,440,256
HC,139,168,5,Serpentine,15,440,256
HC,139,169,5,Serpentine,15,440,256
HC,139,170,5,Serpentine,15,440,256
HC,139,171,5,Serpentine,15,440,256
HC,139,172,5,Serpentine,15,440,256
HC,139,173,5,Serpentine,15,440,256
HC,139,174,5,Serpentine,15,440,256
HC,139,202,5,Serpentine,15,440,256
HC,139,203,5,Serpentine,15,440,256
HC,139,204,5,Serpentine,15,440,256
HC,139,205,5,Serpentine,15,440,256
HC,139,206,5,Serpentine,15,440,256
HC,139,207,5,Serpentine,15,440,256
HC,139,208,5,Serpentine,15,440,256
HC,139,209,5,Serpentine,15,440,256
HC,139,210,5,Serpentine,15,440,256
HC,139,211,5,Serpentine,15,440,256
HC,139,212,5,Serpentine,15,440,256
HC,139,213,5,Serpentine,15,440,256
HC,139,214,5,Serpentine,15,440,256
HC,139,215,5,Serpentine,15,440,256
HC,139,216,5,Serpentine,15,440,256
HC,139,217,5,Serpentine,15,440,256
HC,139,218,5,Serpentine,15,440,256
HC,139,219,5,Serpentine,15,440,256
HC,139,220,5,Serpentine,15,440,256
HC,139,221,5,Serpentine,15,440,256
HC,139,222,5,Serpentine,15,440,256
HC,139,223,5,Serpentine,15,440,256
HC,139,224,5,Serpentine,15,440,256
HC,139,225,5,Serpentine,15,440,256
HC,139,226,5,Serpentine,15,440,256
HC,139,304,5,Serpentine,15,440,256
HC,139,305,5,Serpentine,15,440,256
HC,139,306,5,Serpentine,15,440,256
HC,139,307,5,Serpentine,15,440,256
HC,139,308,5,Serpentine,15,440,256
HC,139,309,5,Serpentine,15,440,256
HC,139,310,5,Serpentine,15,440,256
HC,139,311,5,Serpentine,15,440,256
HC,139,312,5,Serpentine,15,440,256
HC,139,313,5,Serpentine,15,440,256
HC,139,314,5,Serpentine,15,440,256
HC,139,315,5,Serpentine,15,440,256
HC,139,316,5,Serpentine,15,440,256
HC,139,317,5,Serpentine,15,440,256
HC,139,318,5,Serpentine,15,440,256
HC,139,319,5,Serpentine,15,440,256
HC,139,320,5,Serpentine,15,440,256
HC,139,321,5,Serpentine,15,440,256
HC,139,322,5,Serpentine,15,440,256
HC,139,323,5,Serpentine,15,440,256
HC,139,324,5,Serpentine,15,440,256
HC,139,325,5,Serpentine,15,440,256
HC,139,326,5,Serpentine,15,440,256
HC,139,327,5,Serpentine,15,440,256
HC,139,328,5,Serpentine,15,440,256
HC,139,329,5,Serpentine,15,440,256
HC,139,330,5,Serpentine,15,440,256
HC,139,331,5,Serpentine,15,440,256
HC,139,332,5,Serpentine,15,440,256
HC,139,333,5,Serpentine,15,440,256
HC,139,334,5,Serpentine,15,440,256
HC,139,352,5,Serpentine,15,440,256
HC,139,353,5,Serpentine,15,440,256
HC,139,354,5,Serpentine,15,440,256
HC,139,355,5,Serpentine,15,440,256
HC,139,356,5,Serpentine,15,440,256
HC,140,51,4,High-Ca Pyroxene,6,440,256
HC,140,52,4,High-Ca Pyroxene,6,440,256
HC,140,53,4,High-Ca Pyroxene,6,440,256
HC,140,54,4,High-Ca Pyroxene,6,440,256
HC,140,55,4,High-Ca Pyroxene,6,440,256
HC,140,56,4,High-Ca Pyroxene,6,440,256
HC,140,57,4,High-Ca Pyroxene,6,440,256
HC,140,58,4,High-Ca Pyroxene,6,440,256
HC,140,59,4,High-Ca Pyroxene,6,440,256
HC,140,60,4,High-Ca Pyroxene,6,440,256
HC,140,61,4,High-Ca Pyroxene,6,440,256
HC,140,62,4,High-Ca Pyroxene,6,440,256
HC,140,63,4,High-Ca Pyroxene,6,440,256
HC,140,64,4,High-Ca Pyroxene,6,440,256
HC,140,65,4,High-Ca Pyroxene,6,440,256
HC,140,66,4,High-Ca Pyroxene,6,440,256
HC,140,67,4,High-Ca Pyroxene,6,440,256
HC,140,77,2,Plagioclase,13,440,256
HC,140,78,2,Plagioclase,13,440,256
HC,140,79,2,Plagioclase,13,440,256
HC,140,80,2,Plagioclase,13,440,256
HC,140,81,2,Plagioclase,13,440,256
HC,140,82,2,Plagioclase,13,440,256
HC,140,83,2,Plagioclase,13,440,256
HC,140,84,2,Plagioclase,13,440,256
HC,140,85,2,Plagioclase,13,440,256
HC,140,86,2,Plagioclase,13,440,256
HC,140,87,2,Plagioclase,13,440,256
HC,140,88,2,Plagioclase,13,440,256
HC,140,89,2,Plagioclase,13,440,256
HC,140,98,1,Analcime,1,440,256
HC,140,99,1,Analcime,1,440,256
HC,140,100,1,Analcime,1,440,256
HC,140,101,1,Analcime,1,440,256
HC,140,102,1,Analcime,1,440,256
HC,140,103,1,Analcime,1,440,256
HC,140,109,1,Analcime,1,440,256
HC,140,110,1,Analcime,1,440,256
HC,140,111,1,Analcime,1,440,256
HC,140,112,1,Analcime,1,440,256
HC,140,113,1,Analcime,1,440,256
HC,140,122,3,Prehnite,14,440,256
HC,140,123,3,Prehnite,14,440,256
HC,140,124,3,Prehnite,14,440,256
HC,140,125,3,Prehnite,14,440,256
HC,140,126,3,Prehnite,14,440,256
HC,140,127,3,Prehnite,14,440,256
HC,140,128,3,Prehnite,14,440,256
HC,140,129,3,Prehnite,14,440,256
HC,140,130,3,Prehnite,14,440,256
HC,140,131,3,Prehnite,14,440,256
HC,140,132,3,Prehnite,14,440,256
HC,140,133,3,Prehnite,14,440,256
HC,140,134,3,Prehnite,14,440,256
HC,140,135,3,Prehnite,14,440,256
HC,140,136,3,Prehnite,14,440,256
HC,140,137,3,Prehnite,14,440,256
HC,140,138,3,Prehnite,14,440,256
HC,140,143,2,Plagioclase,13,440,256
HC,140,144,2,Plagioclase,13,440,256
HC,140,145,2,Plagioclase,13,440,256
HC,140,146,2,Plagioclase,13,440,256
HC,140,147,2,Plagioclase,13,440,256
HC,140,148,2,Plagioclase,13,440,256
HC,140,155,5,Serpentine,15,440,256
HC,140,156,5,Serpentine,15,440,256
HC,140,157,5,Serpentine,15,440,256
HC,140,158,5,Serpentine,15,440,256
HC,140,159,5,Serpentine,15,440,256
HC,140,160,5,Serpentine,15,440,256
HC,140,161,5,Serpentine,15,440,256
HC,140,162,5,Serpentine,15,440,256
HC,140,163,5,Serpentine,15,440,256
HC,140,164,5,Serpentine,15,440,256
HC,140,165,5,Serpentine,15,440,256
HC,140,166,5,Serpentine,15,440,256
HC,140,167,5,Serpentine,15,440,256
HC,140,168,5,Serpentine,15,440,256
HC,140,169,5,Serpentine,15,440,256
HC,140,170,5,Serpentine,15,440,256
HC,140,171,5,Serpentine,15,440,256
HC,140,172,5,Serpentine,15,440,256
HC,140,173,5,Serpentine,15,440,256
HC,140,174,5,Serpentine,15,440,256
HC,140,175,5,Serpentine,15,440,256
HC,140,202,5,Serpentine,15,440,256
HC,140,203,5,Serpentine,15,440,256
HC,140,204,5,Serpentine,15,440,256
HC,140,205,5,Serpentine,15,440,256
HC,140,206,5,Serpentine,15,440,256
HC,140,207,5,Serpentine,15,440,256
HC,140,208,5,Serpentine,15,440,256
HC,140,209,5,Serpentine,15,440,256
HC,140,210,5,Serpentine,15,440,256
HC,140,211,5,Serpentine,15,440,256
HC,140,212,5,Serpentine,15,440,256
HC,140,213,5,Serpentine,15,440,256
HC,140,214,5,Serpentine,15,440,256
HC,140,215,5,Serpentine,15,440,256
HC,140,216,5,Serpentine,15,440,256
HC,140,217,5,Serpentine,15,440,256
HC,140,218,5,Serpentine,15,440,256
HC,140,219,5,Serpentine,15,440,256
HC,140,220,5,Serpentine,15,440,256
HC,140,221,5,Serpentine,15,440,256
HC,140,222,5,Serpentine,15,440,256
HC,140,223,5,Serpentine,15,440,256
HC,140,224,5,Serpentine,15,440,256
HC,140,225,5,Serpentine,15,440,256
HC,140,226,5,Serpentine,15,440,256
HC,140,307,5,Serpentine,15,440,256
HC,140,308,5,Serpentine,15,440,256
HC,140,309,5,Serpentine,15,440,256
HC,140,310,5,Serpentine,15,440,256
HC,140,311,5,Serpentine,15,440,256
HC,140,312,5,Serpentine,15,440,256
HC,140,313,5,Serpentine,15,440,256
HC,140,314,5,Serpentine,15,440,256
HC,140,315,5,Serpentine,15,440,256
HC,140,316,5,Serpentine,15,440,256
HC,140,317,5,Serpentine,15,440,256
HC,140,318,5,Serpentine,15,440,256
HC,140,319,5,Serpentine,15,440,256
HC,140,320,5,Serpentine,15,440,256
HC,140,321,5,Serpentine,15,440,256
HC,140,322,5,Serpentine,15,440,256
HC,140,323,5,Serpentine,15,440,256
HC,140,324,5,Serpentine,15,440,256
HC,140,325,5,Serpentine,15,440,256
HC,140,326,5,Serpentine,15,440,256
HC,140,327,5,Serpentine,15,440,256
HC,140,328,5,Serpentine,15,440,256
HC,140,329,5,Serpentine,15,440,256
HC,140,330,5,Serpentine,15,440,256
HC,140,331,5,Serpentine,15,440,256
HC,140,332,5,Serpentine,15,440,256
HC,140,333,5,Serpentine,15,440,256
HC,140,334,5,Serpentine,15,440,256
HC,140,335,5,Serpentine,15,440,256
HC,140,336,5,Serpentine,15,440,256
HC,141,50,4,High-Ca Pyroxene,6,440,256
HC,141,51,4,High-Ca Pyroxene,6,440,256
HC,141,52,4,High-Ca Pyroxene,6,440,256
HC,141,53,4,High-Ca Pyroxene,6,440,256
HC,141,54,4,High-Ca Pyroxene,6,440,256
HC,141,55,4,High-Ca Pyroxene,6,440,256
HC,141,56,4,High-Ca Pyroxene,6,440,256
HC,141,57,4,High-Ca Pyroxene,6,440,256
HC,141,58,4,High-Ca Pyroxene,6,440,256
HC,141,59,4,High-Ca Pyroxene,6,440,256
HC,141,60,4,High-Ca Pyroxene,6,440,256
HC,141,61,4,High-Ca Pyroxene,6,440,256
HC,141,62,4,High-Ca Pyroxene,6,440,256
HC,141,63,4,High-Ca Pyroxene,6,440,256
HC,141,64,4,High-Ca Pyroxene,6,440,256
HC,141,65,4,High-Ca Pyroxene,6,440,256
HC,141,66,4,High-Ca Pyroxene,6,440,256
HC,141,67,4,High-Ca Pyroxene,6,440,256
HC,141,75,2,Plagioclase,13,440,256
HC,141,76,2,Plagioclase,13,440,256
HC,141,77,2,Plagioclase,13,440,256
HC,141,78,2,Plagioclase,13,440,256
HC,141,79,2,Plagioclase,13,440,256
HC,141,80,2,Plagioclase,13,440,256
HC,141,81,2,Plagioclase,13,440,256
HC,141,82,2,Plagioclase,13,440,256
HC,141,83,2,Plagioclase,13,440,256
HC,141,84,2,Plagioclase,13,440,256
HC,141,85,2,Plagioclase,13,440,256
HC,141,86,2,Plagioclase,13,440,256
HC,141,87,2,Plagioclase,13,440,256
HC,141,98,1,Analcime,1,440,256
HC,141,99,1,Analcime,1,440,256
HC,141,100,1,Analcime,1,440,256
HC,141,101,1,Analcime,1,440,256
HC,141,102,1,Analcime,1,440,256
HC,141,103,1,Analcime,1,440,256
HC,141,109,1,Analcime,1,440,256
HC,141,110,1,Analcime,1,440,256
HC,141,111,1,Analcime,1,440,256
HC,141,112,1,Analcime,1,440,256
HC,141,113,1,Analcime,1,440,256
HC,141,124,3,Prehnite,14,440,256
HC,141,125,3,Prehnite,14,440,256
HC,141,126,3,Prehnite,14,440,256
HC,141,127,3,Prehnite,14,440,256
HC,141,128,3,Prehnite,14,440,256
HC,141,129,3,Prehnite,14,440,256
HC,141,130,3,Prehnite,14,440,256
HC,141,131,3,Prehnite,14,440,256
HC,141,132,3,Prehnite,14,440,256
HC,141,133,3,Prehnite,14,440,256
HC,141,134,3,Prehnite,14,440,256
HC,141,135,3,Prehnite,14,440,256
HC,141,136,3,Prehnite,14,440,256
HC,141,137,3,Prehnite,14,440,256
HC,141,138,3,Prehnite,14,440,256
HC,141,143,2,Plagioclase,13,440,256
HC,141,144,2,Plagioclase,13,440,256
HC,141,145,2,Plagioclase,13,440,256
HC,141,146,2,Plagioclase,13,440,256
HC,141,147,2,Plagioclase,13,440,256
HC,141,148,2,Plagioclase,13,440,256
HC,141,156,5,Serpentine,15,440,256
HC,141,157,5,Serpentine,15,440,256
HC,141,158,5,Serpentine,15,440,256
HC,141,159,5,Serpentine,15,440,256
HC,141,160,5,Serpentine,15,440,256
HC,141,161,5,Serpentine,15,440,256
HC,141,162,5,Serpentine,15,440,256
HC,141,163,5,Serpentine,15,440,256
HC,141,164,5,Serpentine,15,440,256
HC,141,165,5,Serpentine,15,440,256
HC,141,166,5,Serpentine,15,440,256
HC,141,167,5,Serpentine,15,440,256
HC,141,168,5,Serpentine,15,440,256
HC,141,169,5,Serpentine,15,440,256
HC,141,170,5,Serpentine,15,440,256
HC,141,171,5,Serpentine,15,440,256
HC,141,172,5,Serpentine,15,440,256
HC,141,173,5,Serpentine,15,440,256
HC,141,174,5,Serpentine,15,440,256
HC,141,175,5,Serpentine,15,440,256
HC,141,202,5,Serpentine,15,440,256
HC,141,203,5,Serpentine,15,440,256
HC,141,204,5,Serpentine,15,440,256
HC,141,205,5,Serpentine,15,440,256
HC,141,206,5,Serpentine,15,440,256
HC,141,207,5,Serpentine,15,440,256
HC,141,208,5,Serpentine,15,440,256
HC,141,209,5,Serpentine,15,440,256
HC,141,210,5,Serpentine,15,440,256
HC,141,211,5,Serpentine,15,440,256
HC,141,212,5,Serpentine,15,440,256
HC,141,213,5,Serpentine,15,440,256
HC,141,214,5,Serpentine,15,440,256
HC,141,215,5,Serpentine,15,440,256
HC,141,216,5,Serpentine,15,440,256
HC,141,217,5,Serpentine,15,440,256
HC,141,218,5,Serpentine,15,440,256
HC,141,219,5,Serpentine,15,440,256
HC,141,220,5,Serpentine,15,440,256
HC,141,221,5,Serpentine,15,440,256
HC,141,222,5,Serpentine,15,440,256
HC,141,223,5,Serpentine,15,440,256
HC,141,224,5,Serpentine,15,440,256
HC,141,225,5,Serpentine,15,440,256
HC,141,226,5,Serpentine,15,440,256
HC,141,308,5,Serpentine,15,440,256
HC,141,309,5,Serpentine,15,440,256
HC,141,310,5,Serpentine,15,440,256
HC,141,311,5,Serpentine,15,440,256
HC,141,312,5,Serpentine,15,440,256
HC,141,313,5,Serpentine,15,440,256
HC,141,314,5,Serpentine,15,440,256
HC,141,315,5,Serpentine,15,440,256
HC,141,316,5,Serpentine,15,440,256
HC,141,317,5,Serpentine,15,440,256
HC,141,318,5,Serpentine,15,440,256
HC,141,319,5,Serpentine,15,440,256
HC,141,320,5,Serpentine,15,440,256
HC,141,321,5,Serpentine,15,440,256
HC,141,322,5,Serpentine,15,440,256
HC,141,323,5,Serpentine,15,440,256
HC,141,324,5,Serpentine,15,440,256
HC,141,325,5,Serpentine,15,440,256
HC,141,326,5,Serpentine,15,440,256
HC,141,327,5,Serpentine,15,440,256
HC,141,328,5,Serpentine,15,440,256
HC,141,329,5,Serpentine,15,440,256
HC,141,330,5,Serpentine,15,440,256
HC,141,331,5,Serpentine,15,440,256
HC,141,332,5,Serpentine,15,440,256
HC,141,333,5,Serpentine,15,440,256
HC,141,334,5,Serpentine,15,440,256
HC,141,335,5,Serpentine,15,440,256
HC,141,336,5,Serpentine,15,440,256
HC,142,49,4,High-Ca Pyroxene,6,440,256
HC,142,50,4,High-Ca Pyroxene,6,440,256
HC,142,51,4,High-Ca Pyroxene,6,440,256
HC,142,52,4,High-Ca Pyroxene,6,440,256
HC,142,53,4,High-Ca Pyroxene,6,440,256
HC,142,54,4,High-Ca Pyroxene,6,440,256
HC,142,55,4,High-Ca Pyroxene,6,440,256
HC,142,56,4,High-Ca Pyroxene,6,440,256
HC,142,57,4,High-Ca Pyroxene,6,440,256
HC,142,58,4,High-Ca Pyroxene,6,440,256
HC,142,59,4,High-Ca Pyroxene,6,440,256
HC,142,60,4,High-Ca Pyroxene,6,440,256
HC,142,61,4,High-Ca Pyroxene,6,440,256
HC,142,62,4,High-Ca Pyroxene,6,440,256
HC,142,63,4,High-Ca Pyroxene,6,440,256
HC,142,64,4,High-Ca Pyroxene,6,440,256
HC,142,65,4,High-Ca Pyroxene,6,440,256
HC,142,66,4,High-Ca Pyroxene,6,440,256
HC,142,67,4,High-Ca Pyroxene,6,440,256
HC,142,74,2,Plagioclase,13,440,256
HC,142,75,2,Plagioclase,13,440,256
HC,142,76,2,Plagioclase,13,440,256
HC,142,77,2,Plagioclase,13,440,256
HC,142,78,2,Plagioclase,13,440,256
HC,142,79,2,Plagioclase,13,440,256
HC,142,80,2,Plagioclase,13,440,256
HC,142,81,2,Plagioclase,13,440,256
HC,142,82,2,Plagioclase,13,440,256
HC,142,83,2,Plagioclase,13,440,256
HC,142,84,2,Plagioclase,13,440,256
HC,142,85,2,Plagioclase,13,440,256
HC,142,98,1,Analcime,1,440,256
HC,142,99,1,Analcime,1,440,256
HC,142,100,1,Analcime,1,440,256
HC,142,101,1,Analcime,1,440,256
HC,142,102,1,Analcime,1,440,256
HC,142,103,1,Analcime,1,440,256
HC,142,110,1,Analcime,1,440,256
HC,142,111,1,Analcime,1,440,256
HC,142,112,1,Analcime,1,440,256
HC,142,127,3,Prehnite,14,440,256
HC,142,128,3,Prehnite,14,440,256
HC,142,129,3,Prehnite,14,440,256
HC,142,130,3,Prehnite,14,440,256
HC,142,131,3,Prehnite,14,440,256
HC,142,132,3,Prehnite,14,440,256
HC,142,133,3,Prehnite,14,440,256
HC,142,134,3,Prehnite,14,440,256
HC,142,135,3,Prehnite,14,440,256
HC,142,136,3,Prehnite,14,440,256
HC,142,137,3,Prehnite,14,440,256
HC,142,138,3,Prehnite,14,440,256
HC,142,144,2,Plagioclase,13,440,256
HC,142,145,2,Plagioclase,13,440,256
HC,142,146,2,Plagioclase,13,440,256
HC,142,147,2,Plagioclase,13,440,256
HC,142,148,2,Plagioclase,13,440,256
HC,142,157,5,Serpentine,15,440,256
HC,142,158,5,Serpentine,15,440,256
HC,142,159,5,Serpentine,15,440,256
HC,142,160,5,Serpentine,15,440,256
HC,142,161,5,Serpentine,15,440,256
HC,142,162,5,Serpentine,15,440,256
HC,142,163,5,Serpentine,15,440,256
HC,142,164,5,Serpentine,15,440,256
HC,142,165,5,Serpentine,15,440,256
HC,142,166,5,Serpentine,15,440,256
HC,142,167,5,Serpentine,15,440,256
HC,142,168,5,Serpentine,15,440,256
HC,142,169,5,Serpentine,15,440,256
HC,142,170,5,Serpentine,15,440,256
HC,142,171,5,Serpentine,15,440,256
HC,142,172,5,Serpentine,15,440,256
HC,142,173,5,Serpentine,15,440,256
HC,142,174,5,Serpentine,15,440,256
HC,142,175,5,Serpentine,15,440,256
HC,142,202,5,Serpentine,15,440,256
HC,142,203,5,Serpentine,15,440,256
HC,142,204,5,Serpentine,15,440,256
HC,142,205,5,Serpentine,15,440,256
HC,142,206,5,Serpentine,15,440,256
HC,142,207,5,Serpentine,15,440,256
HC,142,208,5,Serpentine,15,440,256
HC,142,209,5,Serpentine,15,440,256
HC,142,210,5,Serpentine,15,440,256
HC,142,211,5,Serpentine,15,440,256
HC,142,212,5,Serpentine,15,440,256
HC,142,213,5,Serpentine,15,440,256
HC,142,214,5,Serpentine,15,440,256
HC,142,215,5,Serpentine,15,440,256
HC,142,216,5,Serpentine,15,440,256
HC,142,217,5,Serpentine,15,440,256
HC,142,218,5,Serpentine,15,440,256
HC,142,219,5,Serpentine,15,440,256
HC,142,220,5,Serpentine,15,440,256
HC,142,221,5,Serpentine,15,440,256
HC,142,222,5,Serpentine,15,440,256
HC,142,223,5,Serpentine,15,440,256
HC,142,224,5,Serpentine,15,440,256
HC,142,225,5,Serpentine,15,440,256
HC,142,226,5,Serpentine,15,440,256
HC,142,310,5,Serpentine,15,440,256
HC,142,311,5,Serpentine,15,440,256
HC,142,312,5,Serpentine,15,440,256
HC,142,313,5,Serpentine,15,440,256
HC,142,314,5,Serpentine,15,440,256
HC,142,315,5,Serpentine,15,440,256
HC,142,316,5,Serpentine,15,440,256
HC,142,317,5,Serpentine,15,440,256
HC,142,318,5,Serpentine,15,440,256
HC,142,319,5,Serpentine,15,440,256
HC,142,320,5,Serpentine,15,440,256
HC,142,321,5,Serpentine,15,440,256
HC,142,322,5,Serpentine,15,440,256
HC,142,323,5,Serpentine,15,440,256
HC,142,324,5,Serpentine,15,440,256
HC,142,325,5,Serpentine,15,440,256
HC,142,326,5,Serpentine,15,440,256
HC,142,327,5,Serpentine,15,440,256
HC,142,328,5,Serpentine,15,440,256
HC,142,329,5,Serpentine,15,440,256
HC,142,330,5,Serpentine,15,440,256
HC,142,331,5,Serpentine,15,440,256
HC,142,332,5,Serpentine,15,440,256
HC,142,333,5,Serpentine,15,440,256
HC,142,334,5,Serpentine,15,440,256
HC,142,335,5,Serpentine,15,440,256
HC,142,336,5,Serpentine,15,440,256
HC,142,337,5,Serpentine,15,440,256
HC,143,47,4,High-Ca Pyroxene,6,440,256
HC,143,48,4,High-Ca Pyroxene,6,440,256
HC,143,49,4,High-Ca Pyroxene,6,440,256
HC,143,50,4,High-Ca Pyroxene,6,440,256
HC,143,51,4,High-Ca Pyroxene,6,440,256
HC,143,52,4,High-Ca Pyroxene,6,440,256
HC,143,53,4,High-Ca Pyroxene,6,440,256
HC,143,54,4,High-Ca Pyroxene,6,440,256
HC,143,55,4,High-Ca Pyroxene,6,440,256
HC,143,56,4,High-Ca Pyroxene,6,440,256
HC,143,57,4,High-Ca Pyroxene,6,440,256
HC,143,58,4,High-Ca Pyroxene,6,440,256
HC,143,59,4,High-Ca Pyroxene,6,440,256
HC,143,60,4,High-Ca Pyroxene,6,440,256
HC,143,61,4,High-Ca Pyroxene,6,440,256
HC,143,62,4,High-Ca Pyroxene,6,440,256
HC,143,63,4,High-Ca Pyroxene,6,440,256
HC,143,64,4,High-Ca Pyroxene,6,440,256
HC,143,65,4,High-Ca Pyroxene,6,440,256
HC,143,66,4,High-Ca Pyroxene,6,440,256
HC,143,73,2,Plagioclase,13,440,256
HC,143,74,2,Plagioclase,13,440,256
HC,143,75,2,Plagioclase,13,440,256
HC,143,76,2,Plagioclase,13,440,256
HC,143,77,2,Plagioclase,13,440,256
HC,143,78,2,Plagioclase,13,440,256
HC,143,79,2,Plagioclase,13,440,256
HC,143,80,2,Plagioclase,13,440,256
HC,143,81,2,Plagioclase,13,440,256
HC,143,82,2,Plagioclase,13,440,256
HC,143,83,2,Plagioclase,13,440,256
HC,143,84,2,Plagioclase,13,440,256
HC,143,98,1,Analcime,1,440,256
HC,143,99,1,Analcime,1,440,256
HC,143,100,1,Analcime,1,440,256
HC,143,101,1,Analcime,1,440,256
HC,143,102,1,Analcime,1,440,256
HC,143,103,1,Analcime,1,440,256
HC,143,131,3,Prehnite,14,440,256
HC,143,132,3,Prehnite,14,440,256
HC,143,133,3,Prehnite,14,440,256
HC,143,134,3,Prehnite,14,440,256
HC,143,135,3,Prehnite,14,440,256
HC,143,136,3,Prehnite,14,440,256
HC,143,137,3,Prehnite,14,440,256
HC,143,144,2,Plagioclase,13,440,256
HC,143,145,2,Plagioclase,13,440,256
HC,143,146,2,Plagioclase,13,440,256
HC,143,147,2,Plagioclase,13,440,256
HC,143,148,2,Plagioclase,13,440,256
HC,143,158,5,Serpentine,15,440,256
HC,143,159,5,Serpentine,15,440,256
HC,143,160,5,Serpentine,15,440,256
HC,143,161,5,Serpentine,15,440,256
HC,143,162,5,Serpentine,15,440,256
HC,143,163,5,Serpentine,15,440,256
HC,143,164,5,Serpentine,15,440,256
HC,143,165,5,Serpentine,15,440,256
HC,143,166,5,Serpentine,15,440,256
HC,143,167,5,Serpentine,15,440,256
HC,143,168,5,Serpentine,15,440,256
HC,143,169,5,Serpentine,15,440,256
HC,143,170,5,Serpentine,15,440,256
HC,143,171,5,Serpentine,15,440,256
HC,143,172,5,Serpentine,15,440,256
HC,143,173,5,Serpentine,15,440,256
HC,143,174,5,Serpentine,15,440,256
HC,143,175,5,Serpentine,15,440,256
HC,143,202,5,Serpentine,15,440,256
HC,143,203,5,Serpentine,15,440,256
HC,143,204,5,Serpentine,15,440,256
HC,143,205,5,Serpentine,15,440,256
HC,143,206,5,Serpentine,15,440,256
HC,143,207,5,Serpentine,15,440,256
HC,143,208,5,Serpentine,15,440,256
HC,143,209,5,Serpentine,15,440,256
HC,143,210,5,Serpentine,15,440,256
HC,143,211,5,Serpentine,15,440,256
HC,143,212,5,Serpentine,15,440,256
HC,143,213,5,Serpentine,15,440,256
HC,143,214,5,Serpentine,15,440,256
HC,143,215,5,Serpentine,15,440,256
HC,143,216,5,Serpentine,15,440,256
HC,143,217,5,Serpentine,15,440,256
HC,143,218,5,Serpentine,15,440,256
HC,143,219,5,Serpentine,15,440,256
HC,143,220,5,Serpentine,15,440,256
HC,143,221,5,Serpentine,15,440,256
HC,143,222,5,Serpentine,15,440,256
HC,143,223,5,Serpentine,15,440,256
HC,143,224,5,Serpentine,15,440,256
HC,143,225,5,Serpentine,15,440,256
HC,143,226,5,Serpentine,15,440,256
HC,143,311,5,Serpentine,15,440,256
HC,143,312,5,Serpentine,15,440,256
HC,143,313,5,Serpentine,15,440,256
HC,143,314,5,Serpentine,15,440,256
HC,143,315,5,Serpentine,15,440,256
HC,143,316,5,Serpentine,15,440,256
HC,143,317,5,Serpentine,15,440,256
HC,143,318,5,Serpentine,15,440,256
HC,143,319,5,Serpentine,15,440,256
HC,143,320,5,Serpentine,15,440,256
HC,143,321,5,Serpentine,15,440,256
HC,143,322,5,Serpentine,15,440,256
HC,143,323,5,Serpentine,15,440,256
HC,143,324,5,Serpentine,15,440,256
HC,143,325,5,Serpentine,15,440,256
HC,143,326,5,Serpentine,15,440,256
HC,143,327,5,Serpentine,15,440,256
HC,143,328,5,Serpentine,15,440,256
HC,143,329,5,Serpentine,15,440,256
HC,143,330,5,Serpentine,15,440,256
HC,143,331,5,Serpentine,15,440,256
HC,143,332,5,Serpentine,15,440,256
HC,143,333,5,Serpentine,15,440,256
HC,143,334,5,Serpentine,15,440,256
HC,143,335,5,Serpentine,15,440,256
HC,143,336,5,Serpentine,15,440,256
HC,143,337,5,Serpentine,15,440,256
HC,143,338,5,Serpentine,15,440,256
HC,144,46,4,High-Ca Pyroxene,6,440,256
HC,144,47,4,High-Ca Pyroxene,6,440,256
HC,144,48,4,High-Ca Pyroxene,6,440,256
HC,144,49,4,High-Ca Pyroxene,6,440,256
HC,144,50,4,High-Ca Pyroxene,6,440,256
HC,144,51,4,High-Ca Pyroxene,6,440,256
HC,144,52,4,High-Ca Pyroxene,6,440,256
HC,144,53,4,High-Ca Pyroxene,6,440,256
HC,144,54,4,High-Ca Pyroxene,6,440,256
HC,144,55,4,High-Ca Pyroxene,6,440,256
HC,144,56,4,High-Ca Pyroxene,6,440,256
HC,144,57,4,High-Ca Pyroxene,6,440,256
HC,144,58,4,High-Ca Pyroxene,6,440,256
HC,144,59,4,High-Ca Pyroxene,6,440,256
HC,144,60,4,High-Ca Pyroxene,6,440,256
HC,144,61,4,High-Ca Pyroxene,6,440,256
HC,144,62,4,High-Ca Pyroxene,6,440,256
HC,144,63,4,High-Ca Pyroxene,6,440,256
HC,144,64,4,High-Ca Pyroxene,6,440,256
HC,144,65,4,High-Ca Pyroxene,6,440,256
HC,144,66,4,High-Ca Pyroxene,6,440,256
HC,144,72,2,Plagioclase,13,440,256
HC,144,73,2,Plagioclase,13,440,256
HC,144,74,2,Plagioclase,13,440,256
HC,144,75,2,Plagioclase,13,440,256
HC,144,76,2,Plagioclase,13,440,256
HC,144,77,2,Plagioclase,13,440,256
HC,144,78,2,Plagioclase,13,440,256
HC,144,79,2,Plagioclase,13,440,256
HC,144,80,2,Plagioclase,13,440,256
HC,144,81,2,Plagioclase,13,440,256
HC,144,82,2,Plagioclase,13,440,256
HC,144,83,2,Plagioclase,13,440,256
HC,144,99,1,Analcime,1,440,256
HC,144,100,1,Analcime,1,440,256
HC,144,101,1,Analcime,1,440,256
HC,144,102,1,Analcime,1,440,256
HC,144,144,2,Plagioclase,13,440,256
HC,144,145,2,Plagioclase,13,440,256
HC,144,146,2,Plagioclase,13,440,256
HC,144,147,2,Plagioclase,13,440,256
HC,144,148,2,Plagioclase,13,440,256
HC,144,157,5,Serpentine,15,440,256
HC,144,158,5,Serpentine,15,440,256
HC,144,159,5,Serpentine,15,440,256
HC,144,160,5,Serpentine,15,440,256
HC,144,161,5,Serpentine,15,440,256
HC,144,162,5,Serpentine,15,440,256
HC,144,163,5,Serpentine,15,440,256
HC,144,164,5,Serpentine,15,440,256
HC,144,165,5,Serpentine,15,440,256
HC,144,166,5,Serpentine,15,440,256
HC,144,167,5,Serpentine,15,440,256
HC,144,168,5,Serpentine,15,440,256
HC,144,169,5,Serpentine,15,440,256
HC,144,170,5,Serpentine,15,440,256
HC,144,171,5,Serpentine,15,440,256
HC,144,172,5,Serpentine,15,440,256
HC,144,173,5,Serpentine,15,440,256
HC,144,174,5,Serpentine,15,440,256
HC,144,175,5,Serpentine,15,440,256
HC,144,203,5,Serpentine,15,440,256
HC,144,204,5,Serpentine,15,440,256
HC,144,205,5,Serpentine,15,440,256
HC,144,206,5,Serpentine,15,440,256
HC,144,207,5,Serpentine,15,440,256
HC,144,208,5,Serpentine,15,440,256
HC,144,209,5,Serpentine,15,440,256
HC,144,210,5,Serpentine,15,440,256
HC,144,211,5,Serpentine,15,440,256
HC,144,212,5,Serpentine,15,440,256
HC,144,213,5,Serpentine,15,440,256
HC,144,214,5,Serpentine,15,440,256
HC,144,215,5,Serpentine,15,440,256
HC,144,216,5,Serpentine,15,440,256
HC,144,217,5,Serpentine,15,440,256
HC,144,218,5,Serpentine,15,440,256
HC,144,219,5,Serpentine,15,440,256
HC,144,220,5,Serpentine,15,440,256
HC,144,221,5,Serpentine,15,440,256
HC,144,222,5,Serpentine,15,440,256
HC,144,223,5,Serpentine,15,440,256
HC,144,224,5,Serpentine,15,440,256
HC,144,225,5,Serpentine,15,440,256
HC,144,226,5,Serpentine,15,440,256
HC,144,312,5,Serpentine,15,440,256
HC,144,313,5,Serpentine,15,440,256
HC,144,314,5,Serpentine,15,440,256
HC,144,315,5,Serpentine,15,440,256
HC,144,316,5,Serpentine,15,440,256
HC,144,317,5,Serpentine,15,440,256
HC,144,318,5,Serpentine,15,440,256
HC,144,319,5,Serpentine,15,440,256
HC,144,320,5,Serpentine,15,440,256
HC,144,321,5,Serpentine,15,440,256
HC,144,322,5,Serpentine,15,440,256
HC,144,323,5,Serpentine,15,440,256
HC,144,324,5,Serpentine,15,440,256
HC,144,325,5,Serpentine,15,440,256
HC,144,326,5,Serpentine,15,440,256
HC,144,327,5,Serpentine,15,440,256
HC,144,328,5,Serpentine,15,440,256
HC,144,329,5,Serpentine,15,440,256
HC,144,330,5,Serpentine,15,440,256
HC,144,331,5,Serpentine,15,440,256
HC,144,332,5,Serpentine,15,440,256
HC,144,333,5,Serpentine,15,440,256
HC,144,334,5,Serpentine,15,440,256
HC,144,335,5,Serpentine,15,440,256
HC,144,336,5,Serpentine,15,440,256
HC,144,337,5,Serpentine,15,440,256
HC,144,338,5,Serpentine,15,440,256
HC,145,45,4,High-Ca Pyroxene,6,440,256
HC,145,46,4,High-Ca Pyroxene,6,440,256
HC,145,47,4,High-Ca Pyroxene,6,440,256
HC,145,48,4,High-Ca Pyroxene,6,440,256
HC,145,49,4,High-Ca Pyroxene,6,440,256
HC,145,50,4,High-Ca Pyroxene,6,440,256
HC,145,51,4,High-Ca Pyroxene,6,440,256
HC,145,52,4,High-Ca Pyroxene,6,440,256
HC,145,53,4,High-Ca Pyroxene,6,440,256
HC,145,54,4,High-Ca Pyroxene,6,440,256
HC,145,55,4,High-Ca Pyroxene,6,440,256
HC,145,56,4,High-Ca Pyroxene,6,440,256
HC,145,57,4,High-Ca Pyroxene,6,440,256
HC,145,58,4,High-Ca Pyroxene,6,440,256
HC,145,59,4,High-Ca Pyroxene,6,440,256
HC,145,60,4,High-Ca Pyroxene,6,440,256
HC,145,61,4,High-Ca Pyroxene,6,440,256
HC,145,62,4,High-Ca Pyroxene,6,440,256
HC,145,63,4,High-Ca Pyroxene,6,440,256
HC,145,64,4,High-Ca Pyroxene,6,440,256
HC,145,65,4,High-Ca Pyroxene,6,440,256
HC,145,72,2,Plagioclase,13,440,256
HC,145,73,2,Plagioclase,13,440,256
HC,145,74,2,Plagioclase,13,440,256
HC,145,75,2,Plagioclase,13,440,256
HC,145,76,2,Plagioclase,13,440,256
HC,145,77,2,Plagioclase,13,440,256
HC,145,78,2,Plagioclase,13,440,256
HC,145,79,2,Plagioclase,13,440,256
HC,145,80,2,Plagioclase,13,440,256
HC,145,81,2,Plagioclase,13,440,256
HC,145,144,2,Plagioclase,13,440,256
HC,145,145,2,Plagioclase,13,440,256
HC,145,146,2,Plagioclase,13,440,256
HC,145,147,2,Plagioclase,13,440,256
HC,145,148,2,Plagioclase,13,440,256
HC,145,156,5,Serpentine,15,440,256
HC,145,157,5,Serpentine,15,440,256
HC,145,158,5,Serpentine,15,440,256
HC,145,159,5,Serpentine,15,440,256
HC,145,160,5,Serpentine,15,440,256
HC,145,161,5,Serpentine,15,440,256
HC,145,162,5,Serpentine,15,440,256
HC,145,163,5,Serpentine,15,440,256
HC,145,164,5,Serpentine,15,440,256
HC,145,165,5,Serpentine,15,440,256
HC,145,166,5,Serpentine,15,440,256
HC,145,167,5,Serpentine,15,440,256
HC,145,168,5,Serpentine,15,440,256
HC,145,169,5,Serpentine,15,440,256
HC,145,170,5,Serpentine,15,440,256
HC,145,171,5,Serpentine,15,440,256
HC,145,172,5,Serpentine,15,440,256
HC,145,173,5,Serpentine,15,440,256
HC,145,174,5,Serpentine,15,440,256
HC,145,175,5,Serpentine,15,440,256
HC,145,176,5,Serpentine,15,440,256
HC,145,204,5,Serpentine,15,440,256
HC,145,205,5,Serpentine,15,440,256
HC,145,206,5,Serpentine,15,440,256
HC,145,207,5,Serpentine,15,440,256
HC,145,208,5,Serpentine,15,440,256
HC,145,209,5,Serpentine,15,440,256
HC,145,210,5,Serpentine,15,440,256
HC,145,211,5,Serpentine,15,440,256
HC,145,212,5,Serpentine,15,440,256
HC,145,213,5,Serpentine,15,440,256
HC,145,214,5,Serpentine,15,440,256
HC,145,215,5,Serpentine,15,440,256
HC,145,216,5,Serpentine,15,440,256
HC,145,217,5,Serpentine,15,440,256
HC,145,218,5,Serpentine,15,440,256
HC,145,219,5,Serpentine,15,440,256
HC,145,220,5,Serpentine,15,440,256
HC,145,221,5,Serpentine,15,440,256
HC,145,222,5,Serpentine,15,440,256
HC,145,223,5,Serpentine,15,440,256
HC,145,224,5,Serpentine,15,440,256
HC,145,225,5,Serpentine,15,440,256
HC,145,312,5,Serpentine,15,440,256
HC,145,313,5,Serpentine,15,440,256
HC,145,314,5,Serpentine,15,440,256
HC,145,315,5,Serpentine,15,440,256
HC,145,316,5,Serpentine,15,440,256
HC,145,317,5,Serpentine,15,440,256
HC,145,318,5,Serpentine,15,440,256
HC,145,319,5,Serpentine,15,440,256
HC,145,320,5,Serpentine,15,440,256
HC,145,321,5,Serpentine,15,440,256
HC,145,322,5,Serpentine,15,440,256
HC,145,323,5,Serpentine,15,440,256
HC,145,324,5,Serpentine,15,440,256
HC,145,325,5,Serpentine,15,440,256
HC,145,326,5,Serpentine,15,440,256
HC,145,327,5,Serpentine,15,440,256
HC,145,328,5,Serpentine,15,440,256
HC,145,329,5,Serpentine,15,440,256
HC,145,330,5,Serpentine,15,440,256
HC,145,331,5,Serpentine,15,440,256
HC,145,332,5,Serpentine,15,440,256
HC,145,333,5,Serpentine,15,440,256
HC,145,334,5,Serpentine,15,440,256
HC,145,335,5,Serpentine,15,440,256
HC,145,336,5,Serpentine,15,440,256
HC,145,337,5,Serpentine,15,440,256
HC,145,338,5,Serpentine,15,440,256
HC,145,339,5,Serpentine,15,440,256
HC,146,45,4,High-Ca Pyroxene,6,440,256
HC,146,46,4,High-Ca Pyroxene,6,440,256
HC,146,47,4,High-Ca Pyroxene,6,440,256
HC,146,48,4,High-Ca Pyroxene,6,440,256
HC,146,49,4,High-Ca Pyroxene,6,440,256
HC,146,50,4,High-Ca Pyroxene,6,440,256
HC,146,51,4,High-Ca Pyroxene,6,440,256
HC,146,52,4,High-Ca Pyroxene,6,440,256
HC,146,53,4,High-Ca Pyroxene,6,440,256
HC,146,54,4,High-Ca Pyroxene,6,440,256
HC,146,55,4,High-Ca Pyroxene,6,440,256
HC,146,56,4,High-Ca Pyroxene,6,440,256
HC,146,57,4,High-Ca Pyroxene,6,440,256
HC,146,58,4,High-Ca Pyroxene,6,440,256
HC,146,59,4,High-Ca Pyroxene,6,440,256
HC,146,60,4,High-Ca Pyroxene,6,440,256
HC,146,61,4,High-Ca Pyroxene,6,440,256
HC,146,62,4,High-Ca Pyroxene,6,440,256
HC,146,63,4,High-Ca Pyroxene,6,440,256
HC,146,64,4,High-Ca Pyroxene,6,440,256
HC,146,71,2,Plagioclase,13,440,256
HC,146,72,2,Plagioclase,13,440,256
HC,146,73,2,Plagioclase,13,440,256
HC,146,74,2,Plagioclase,13,440,256
HC,146,75,2,Plagioclase,13,440,256
HC,146,76,2,Plagioclase,13,440,256
HC,146,77,2,Plagioclase,13,440,256
HC,146,78,2,Plagioclase,13,440,256
HC,146,79,2,Plagioclase,13,440,256
HC,146,109,1,Analcime,1,440,256
HC,146,110,1,Analcime,1,440,256
HC,146,111,1,Analcime,1,440,256
HC,146,112,1,Analcime,1,440,256
HC,146,113,1,Analcime,1,440,256
HC,146,114,1,Analcime,1,440,256
HC,146,115,1,Analcime,1,440,256
HC,146,116,1,Analcime,1,440,256
HC,146,117,1,Analcime,1,440,256
HC,146,118,1,Analcime,1,440,256
HC,146,119,1,Analcime,1,440,256
HC,146,120,1,Analcime,1,440,256
HC,146,121,1,Analcime,1,440,256
HC,146,122,1,Analcime,1,440,256
HC,146,144,2,Plagioclase,13,440,256
HC,146,145,2,Plagioclase,13,440,256
HC,146,146,2,Plagioclase,13,440,256
HC,146,147,2,Plagioclase,13,440,256
HC,146,148,2,Plagioclase,13,440,256
HC,146,156,5,Serpentine,15,440,256
HC,146,157,5,Serpentine,15,440,256
HC,146,158,5,Serpentine,15,440,256
HC,146,159,5,Serpentine,15,440,256
HC,146,160,5,Serpentine,15,440,256
HC,146,161,5,Serpentine,15,440,256
HC,146,162,5,Serpentine,15,440,256
HC,146,163,5,Serpentine,15,440,256
HC,146,164,5,Serpentine,15,440,256
HC,146,165,5,Serpentine,15,440,256
HC,146,166,5,Serpentine,15,440,256
HC,146,167,5,Serpentine,15,440,256
HC,146,168,5,Serpentine,15,440,256
HC,146,169,5,Serpentine,15,440,256
HC,146,170,5,Serpentine,15,440,256
HC,146,171,5,Serpentine,15,440,256
HC,146,172,5,Serpentine,15,440,256
HC,146,173,5,Serpentine,15,440,256
HC,146,174,5,Serpentine,15,440,256
HC,146,175,5,Serpentine,15,440,256
HC,146,176,5,Serpentine,15,440,256
HC,146,206,5,Serpentine,15,440,256
HC,146,207,5,Serpentine,15,440,256
HC,146,208,5,Serpentine,15,440,256
HC,146,209,5,Serpentine,15,440,256
HC,146,210,5,Serpentine,15,440,256
HC,146,211,5,Serpentine,15,440,256
HC,146,212,5,Serpentine,15,440,256
HC,146,213,5,Serpentine,15,440,256
HC,146,214,5,Serpentine,15,440,256
HC,146,215,5,Serpentine,15,440,256
HC,146,216,5,Serpentine,15,440,256
HC,146,217,5,Serpentine,15,440,256
HC,146,218,5,Serpentine,15,440,256
HC,146,219,5,Serpentine,15,440,256
HC,146,220,5,Serpentine,15,440,256
HC,146,221,5,Serpentine,15,440,256
HC,146,222,5,Serpentine,15,440,256
HC,146,223,5,Serpentine,15,440,256
HC,146,224,5,Serpentine,15,440,256
HC,146,225,5,Serpentine,15,440,256
HC,146,313,5,Serpentine,15,440,256
HC,146,314,5,Serpentine,15,440,256
HC,146,315,5,Serpentine,15,440,256
HC,146,316,5,Serpentine,15,440,256
HC,146,317,5,Serpentine,15,440,256
HC,146,318,5,Serpentine,15,440,256
HC,146,319,5,Serpentine,15,440,256
HC,146,320,5,Serpentine,15,440,256
HC,146,321,5,Serpentine,15,440,256
HC,146,322,5,Serpentine,15,440,256
HC,146,323,5,Serpentine,15,440,256
HC,146,324,5,Serpentine,15,440,256
HC,146,325,5,Serpentine,15,440,256
HC,146,326,5,Serpentine,15,440,256
HC,146,327,5,Serpentine,15,440,256
HC,146,328,5,Serpentine,15,440,256
HC,146,329,5,Serpentine,15,440,256
HC,146,330,5,Serpentine,15,440,256
HC,146,331,5,Serpentine,15,440,256
HC,146,332,5,Serpentine,15,440,256
HC,146,333,5,Serpentine,15,440,256
HC,146,334,5,Serpentine,15,440,256
HC,146,335,5,Serpentine,15,440,256
HC,146,336,5,Serpentine,15,440,256
HC,146,337,5,Serpentine,15,440,256
HC,146,338,5,Serpentine,15,440,256
HC,146,339,5,Serpentine,15,440,256
HC,146,340,5,Serpentine,15,440,256
HC,146,341,5,Serpentine,15,440,256
HC,146,342,5,Serpentine,15,440,256
HC,147,44,4,High-Ca Pyroxene,6,440,256
HC,147,45,4,High-Ca Pyroxene,6,440,256
HC,147,46,4,High-Ca Pyroxene,6,440,256
HC,147,47,4,High-Ca Pyroxene,6,440,256
HC,147,48,4,High-Ca Pyroxene,6,440,256
HC,147,49,4,High-Ca Pyroxene,6,440,256
HC,147,50,4,High-Ca Pyroxene,6,440,256
HC,147,51,4,High-Ca Pyroxene,6,440,256
HC,147,52,4,High-Ca Pyroxene,6,440,256
HC,147,53,4,High-Ca Pyroxene,6,440,256
HC,147,54,4,High-Ca Pyroxene,6,440,256
HC,147,55,4,High-Ca Pyroxene,6,440,256
HC,147,56,4,High-Ca Pyroxene,6,440,256
HC,147,57,4,High-Ca Pyroxene,6,440,256
HC,147,58,4,High-Ca Pyroxene,6,440,256
HC,147,59,4,High-Ca Pyroxene,6,440,256
HC,147,60,4,High-Ca Pyroxene,6,440,256
HC,147,61,4,High-Ca Pyroxene,6,440,256
HC,147,62,4,High-Ca Pyroxene,6,440,256
HC,147,63,4,High-Ca Pyroxene,6,440,256
HC,147,71,2,Plagioclase,13,440,256
HC,147,72,2,Plagioclase,13,440,256
HC,147,73,2,Plagioclase,13,440,256
HC,147,74,2,Plagioclase,13,440,256
HC,147,75,2,Plagioclase,13,440,256
HC,147,76,2,Plagioclase,13,440,256
HC,147,77,2,Plagioclase,13,440,256
HC,147,78,2,Plagioclase,13,440,256
HC,147,107,1,Analcime,1,440,256
HC,147,108,1,Analcime,1,440,256
HC,147,109,1,Analcime,1,440,256
HC,147,110,1,Analcime,1,440,256
HC,147,111,1,Analcime,1,440,256
HC,147,112,1,Analcime,1,440,256
HC,147,113,1,Analcime,1,440,256
HC,147,114,1,Analcime,1,440,256
HC,147,115,1,Analcime,1,440,256
HC,147,116,1,Analcime,1,440,256
HC,147,117,1,Analcime,1,440,256
HC,147,118,1,Analcime,1,440,256
HC,147,119,1,Analcime,1,440,256
HC,147,120,1,Analcime,1,440,256
HC,147,121,1,Analcime,1,440,256
HC,147,122,1,Analcime,1,440,256
HC,147,123,1,Analcime,1,440,256
HC,147,124,1,Analcime,1,440,256
HC,147,125,1,Analcime,1,440,256
HC,147,144,2,Plagioclase,13,440,256
HC,147,145,2,Plagioclase,13,440,256
HC,147,146,2,Plagioclase,13,440,256
HC,147,147,2,Plagioclase,13,440,256
HC,147,148,2,Plagioclase,13,440,256
HC,147,156,5,Serpentine,15,440,256
HC,147,157,5,Serpentine,15,440,256
HC,147,158,5,Serpentine,15,440,256
HC,147,159,5,Serpentine,15,440,256
HC,147,160,5,Serpentine,15,440,256
HC,147,161,5,Serpentine,15,440,256
HC,147,162,5,Serpentine,15,440,256
HC,147,163,5,Serpentine,15,440,256
HC,147,164,5,Serpentine,15,440,256
HC,147,165,5,Serpentine,15,440,256
HC,147,166,5,Serpentine,15,440,256
HC,147,167,5,Serpentine,15,440,256
HC,147,168,5,Serpentine,15,440,256
HC,147,169,5,Serpentine,15,440,256
HC,147,170,5,Serpentine,15,440,256
HC,147,171,5,Serpentine,15,440,256
HC,147,172,5,Serpentine,15,440,256
HC,147,173,5,Serpentine,15,440,256
HC,147,174,5,Serpentine,15,440,256
HC,147,175,5,Serpentine,15,440,256
HC,147,176,5,Serpentine,15,440,256
HC,147,208,5,Serpentine,15,440,256
HC,147,209,5,Serpentine,15,440,256
HC,147,210,5,Serpentine,15,440,256
HC,147,211,5,Serpentine,15,440,256
HC,147,212,5,Serpentine,15,440,256
HC,147,213,5,Serpentine,15,440,256
HC,147,214,5,Serpentine,15,440,256
HC,147,215,5,Serpentine,15,440,256
HC,147,216,5,Serpentine,15,440,256
HC,147,217,5,Serpentine,15,440,256
HC,147,218,5,Serpentine,15,440,256
HC,147,219,5,Serpentine,15,440,256
HC,147,220,5,Serpentine,15,440,256
HC,147,221,5,Serpentine,15,440,256
HC,147,222,5,Serpentine,15,440,256
HC,147,223,5,Serpentine,15,440,256
HC,147,224,5,Serpentine,15,440,256
HC,147,314,5,Serpentine,15,440,256
HC,147,315,5,Serpentine,15,440,256
HC,147,316,5,Serpentine,15,440,256
HC,147,317,5,Serpentine,15,440,256
HC,147,318,5,Serpentine,15,440,256
HC,147,319,5,Serpentine,15,440,256
HC,147,320,5,Serpentine,15,440,256
HC,147,321,5,Serpentine,15,440,256
HC,147,322,5,Serpentine,15,440,256
HC,147,323,5,Serpentine,15,440,256
HC,147,324,5,Serpentine,15,440,256
HC,147,325,5,Serpentine,15,440,256
HC,147,326,5,Serpentine,15,440,256
HC,147,327,5,Serpentine,15,440,256
HC,147,328,5,Serpentine,15,440,256
HC,147,329,5,Serpentine,15,440,256
HC,147,330,5,Serpentine,15,440,256
HC,147,331,5,Serpentine,15,440,256
HC,147,332,5,Serpentine,15,440,256
HC,147,333,5,Serpentine,15,440,256
HC,147,334,5,Serpentine,15,440,256
HC,147,335,5,Serpentine,15,440,256
HC,147,336,5,Serpentine,15,440,256
HC,147,337,5,Serpentine,15,440,256
HC,147,338,5,Serpentine,15,440,256
HC,147,339,5,Serpentine,15,440,256
HC,147,340,5,Serpentine,15,440,256
HC,147,341,5,Serpentine,15,440,256
HC,147,342,5,Serpentine,15,440,256
HC,147,343,5,Serpentine,15,440,256
HC,147,344,5,Serpentine,15,440,256
HC,148,44,4,High-Ca Pyroxene,6,440,256
HC,148,45,4,High-Ca Pyroxene,6,440,256
HC,148,46,4,High-Ca Pyroxene,6,440,256
HC,148,47,4,High-Ca Pyroxene,6,440,256
HC,148,48,4,High-Ca Pyroxene,6,440,256
HC,148,49,4,High-Ca Pyroxene,6,440,256
HC,148,50,4,High-Ca Pyroxene,6,440,256
HC,148,51,4,High-Ca Pyroxene,6,440,256
HC,148,52,4,High-Ca Pyroxene,6,440,256
HC,148,53,4,High-Ca Pyroxene,6,440,256
HC,148,54,4,High-Ca Pyroxene,6,440,256
HC,148,55,4,High-Ca Pyroxene,6,440,256
HC,148,56,4,High-Ca Pyroxene,6,440,256
HC,148,57,4,High-Ca Pyroxene,6,440,256
HC,148,58,4,High-Ca Pyroxene,6,440,256
HC,148,59,4,High-Ca Pyroxene,6,440,256
HC,148,60,4,High-Ca Pyroxene,6,440,256
HC,148,61,4,High-Ca Pyroxene,6,440,256
HC,148,62,4,High-Ca Pyroxene,6,440,256
HC,148,63,4,High-Ca Pyroxene,6,440,256
HC,148,71,2,Plagioclase,13,440,256
HC,148,72,2,Plagioclase,13,440,256
HC,148,73,2,Plagioclase,13,440,256
HC,148,74,2,Plagioclase,13,440,256
HC,148,75,2,Plagioclase,13,440,256
HC,148,76,2,Plagioclase,13,440,256
HC,148,77,2,Plagioclase,13,440,256
HC,148,79,3,Prehnite,14,440,256
HC,148,80,3,Prehnite,14,440,256
HC,148,81,3,Prehnite,14,440,256
HC,148,82,3,Prehnite,14,440,256
HC,148,83,3,Prehnite,14,440,256
HC,148,105,1,Analcime,1,440,256
HC,148,106,1,Analcime,1,440,256
HC,148,107,1,Analcime,1,440,256
HC,148,108,1,Analcime,1,440,256
HC,148,109,1,Analcime,1,440,256
HC,148,110,1,Analcime,1,440,256
HC,148,111,1,Analcime,1,440,256
HC,148,112,1,Analcime,1,440,256
HC,148,113,1,Analcime,1,440,256
HC,148,114,1,Analcime,1,440,256
HC,148,115,1,Analcime,1,440,256
HC,148,116,1,Analcime,1,440,256
HC,148,117,1,Analcime,1,440,256
HC,148,118,1,Analcime,1,440,256
HC,148,119,1,Analcime,1,440,256
HC,148,120,1,Analcime,1,440,256
HC,148,121,1,Analcime,1,440,256
HC,148,122,1,Analcime,1,440,256
HC,148,123,1,Analcime,1,440,256
HC,148,124,1,Analcime,1,440,256
HC,148,125,1,Analcime,1,440,256
HC,148,126,1,Analcime,1,440,256
HC,148,127,1,Analcime,1,440,256
HC,148,128,1,Analcime,1,440,256
HC,148,129,1,Analcime,1,440,256
HC,148,130,1,Analcime,1,440,256
HC,148,131,1,Analcime,1,440,256
HC,148,144,2,Plagioclase,13,440,256
HC,148,145,2,Plagioclase,13,440,256
HC,148,146,2,Plagioclase,13,440,256
HC,148,147,2,Plagioclase,13,440,256
HC,148,148,2,Plagioclase,13,440,256
HC,148,156,5,Serpentine,15,440,256
HC,148,157,5,Serpentine,15,440,256
HC,148,158,5,Serpentine,15,440,256
HC,148,159,5,Serpentine,15,440,256
HC,148,160,5,Serpentine,15,440,256
HC,148,161,5,Serpentine,15,440,256
HC,148,162,5,Serpentine,15,440,256
HC,148,163,5,Serpentine,15,440,256
HC,148,164,5,Serpentine,15,440,256
HC,148,165,5,Serpentine,15,440,256
HC,148,166,5,Serpentine,15,440,256
HC,148,167,5,Serpentine,15,440,256
HC,148,168,5,Serpentine,15,440,256
HC,148,169,5,Serpentine,15,440,256
HC,148,170,5,Serpentine,15,440,256
HC,148,171,5,Serpentine,15,440,256
HC,148,172,5,Serpentine,15,440,256
HC,148,173,5,Serpentine,15,440,256
HC,148,174,5,Serpentine,15,440,256
HC,148,175,5,Serpentine,15,440,256
HC,148,176,5,Serpentine,15,440,256
HC,148,211,5,Serpentine,15,440,256
HC,148,212,5,Serpentine,15,440,256
HC,148,213,5,Serpentine,15,440,256
HC,148,214,5,Serpentine,15,440,256
HC,148,215,5,Serpentine,15,440,256
HC,148,216,5,Serpentine,15,440,256
HC,148,217,5,Serpentine,15,440,256
HC,148,218,5,Serpentine,15,440,256
HC,148,219,5,Serpentine,15,440,256
HC,148,220,5,Serpentine,15,440,256
HC,148,221,5,Serpentine,15,440,256
HC,148,222,5,Serpentine,15,440,256
HC,148,223,5,Serpentine,15,440,256
HC,148,224,5,Serpentine,15,440,256
HC,148,315,5,Serpentine,15,440,256
HC,148,316,5,Serpentine,15,440,256
HC,148,317,5,Serpentine,15,440,256
HC,148,318,5,Serpentine,15,440,256
HC,148,319,5,Serpentine,15,440,256
HC,148,320,5,Serpentine,15,440,256
HC,148,321,5,Serpentine,15,440,256
HC,148,322,5,Serpentine,15,440,256
HC,148,323,5,Serpentine,15,440,256
HC,148,324,5,Serpentine,15,440,256
HC,148,325,5,Serpentine,15,440,256
HC,148,326,5,Serpentine,15,440,256
HC,148,327,5,Serpentine,15,440,256
HC,148,328,5,Serpentine,15,440,256
HC,148,329,5,Serpentine,15,440,256
HC,148,330,5,Serpentine,15,440,256
HC,148,331,5,Serpentine,15,440,256
HC,148,332,5,Serpentine,15,440,256
HC,148,333,5,Serpentine,15,440,256
HC,148,334,5,Serpentine,15,440,256
HC,148,335,5,Serpentine,15,440,256
HC,148,336,5,Serpentine,15,440,256
HC,148,337,5,Serpentine,15,440,256
HC,148,338,5,Serpentine,15,440,256
HC,148,339,5,Serpentine,15,440,256
HC,148,340,5,Serpentine,15,440,256
HC,148,341,5,Serpentine,15,440,256
HC,148,342,5,Serpentine,15,440,256
HC,148,343,5,Serpentine,15,440,256
HC,148,344,5,Serpentine,15,440,256
HC,148,345,5,Serpentine,15,440,256
HC,149,43,4,High-Ca Pyroxene,6,440,256
HC,149,44,4,High-Ca Pyroxene,6,440,256
HC,149,45,4,High-Ca Pyroxene,6,440,256
HC,149,46,4,High-Ca Pyroxene,6,440,256
HC,149,47,4,High-Ca Pyroxene,6,440,256
HC,149,48,4,High-Ca Pyroxene,6,440,256
HC,149,49,4,High-Ca Pyroxene,6,440,256
HC,149,50,4,High-Ca Pyroxene,6,440,256
HC,149,51,4,High-Ca Pyroxene,6,440,256
HC,149,52,4,High-Ca Pyroxene,6,440,256
HC,149,53,4,High-Ca Pyroxene,6,440,256
HC,149,54,4,High-Ca Pyroxene,6,440,256
HC,149,55,4,High-Ca Pyroxene,6,440,256
HC,149,56,4,High-Ca Pyroxene,6,440,256
HC,149,57,4,High-Ca Pyroxene,6,440,256
HC,149,58,4,High-Ca Pyroxene,6,440,256
HC,149,59,4,High-Ca Pyroxene,6,440,256
HC,149,60,4,High-Ca Pyroxene,6,440,256
HC,149,61,4,High-Ca Pyroxene,6,440,256
HC,149,62,4,High-Ca Pyroxene,6,440,256
HC,149,72,2,Plagioclase,13,440,256
HC,149,73,2,Plagioclase,13,440,256
HC,149,74,2,Plagioclase,13,440,256
HC,149,75,2,Plagioclase,13,440,256
HC,149,77,3,Prehnite,14,440,256
HC,149,78,3,Prehnite,14,440,256
HC,149,79,3,Prehnite,14,440,256
HC,149,80,3,Prehnite,14,440,256
HC,149,81,3,Prehnite,14,440,256
HC,149,82,3,Prehnite,14,440,256
HC,149,83,3,Prehnite,14,440,256
HC,149,84,3,Prehnite,14,440,256
HC,149,104,1,Analcime,1,440,256
HC,149,105,1,Analcime,1,440,256
HC,149,106,1,Analcime,1,440,256
HC,149,107,1,Analcime,1,440,256
HC,149,108,1,Analcime,1,440,256
HC,149,109,1,Analcime,1,440,256
HC,149,110,1,Analcime,1,440,256
HC,149,111,1,Analcime,1,440,256
HC,149,112,1,Analcime,1,440,256
HC,149,113,1,Analcime,1,440,256
HC,149,114,1,Analcime,1,440,256
HC,149,115,1,Analcime,1,440,256
HC,149,116,1,Analcime,1,440,256
HC,149,117,1,Analcime,1,440,256
HC,149,118,1,Analcime,1,440,256
HC,149,119,1,Analcime,1,440,256
HC,149,120,1,Analcime,1,440,256
HC,149,121,1,Analcime,1,440,256
HC,149,122,1,Analcime,1,440,256
HC,149,123,1,Analcime,1,440,256
HC,149,124,1,Analcime,1,440,256
HC,149,125,1,Analcime,1,440,256
HC,149,126,1,Analcime,1,440,256
HC,149,127,1,Analcime,1,440,256
HC,149,128,1,Analcime,1,440,256
HC,149,129,1,Analcime,1,440,256
HC,149,130,1,Analcime,1,440,256
HC,149,131,1,Analcime,1,440,256
HC,149,132,1,Analcime,1,440,256
HC,149,133,1,Analcime,1,440,256
HC,149,134,1,Analcime,1,440,256
HC,149,135,1,Analcime,1,440,256
HC,149,136,1,Analcime,1,440,256
HC,149,137,1,Analcime,1,440,256
HC,149,138,1,Analcime,1,440,256
HC,149,144,2,Plagioclase,13,440,256
HC,149,145,2,Plagioclase,13,440,256
HC,149,146,2,Plagioclase,13,440,256
HC,149,147,2,Plagioclase,13,440,256
HC,149,148,2,Plagioclase,13,440,256
HC,149,155,5,Serpentine,15,440,256
HC,149,156,5,Serpentine,15,440,256
HC,149,157,5,Serpentine,15,440,256
HC,149,158,5,Serpentine,15,440,256
HC,149,159,5,Serpentine,15,440,256
HC,149,160,5,Serpentine,15,440,256
HC,149,161,5,Serpentine,15,440,256
HC,149,162,5,Serpentine,15,440,256
HC,149,163,5,Serpentine,15,440,256
HC,149,164,5,Serpentine,15,440,256
HC,149,165,5,Serpentine,15,440,256
HC,149,166,5,Serpentine,15,440,256
HC,149,167,5,Serpentine,15,440,256
HC,149,168,5,Serpentine,15,440,256
HC,149,169,5,Serpentine,15,440,256
HC,149,170,5,Serpentine,15,440,256
HC,149,171,5,Serpentine,15,440,256
HC,149,172,5,Serpentine,15,440,256
HC,149,173,5,Serpentine,15,440,256
HC,149,174,5,Serpentine,15,440,256
HC,149,175,5,Serpentine,15,440,256
HC,149,176,5,Serpentine,15,440,256
HC,149,212,5,Serpentine,15,440,256
HC,149,213,5,Serpentine,15,440,256
HC,149,214,5,Serpentine,15,440,256
HC,149,215,5,Serpentine,15,440,256
HC,149,216,5,Serpentine,15,440,256
HC,149,217,5,Serpentine,15,440,256
HC,149,218,5,Serpentine,15,440,256
HC,149,219,5,Serpentine,15,440,256
HC,149,220,5,Serpentine,15,440,256
HC,149,221,5,Serpentine,15,440,256
HC,149,222,5,Serpentine,15,440,256
HC,149,317,5,Serpentine,15,440,256
HC,149,318,5,Serpentine,15,440,256
HC,149,319,5,Serpentine,15,440,256
HC,149,320,5,Serpentine,15,440,256
HC,149,321,5,Serpentine,15,440,256
HC,149,322,5,Serpentine,15,440,256
HC,149,323,5,Serpentine,15,440,256
HC,149,324,5,Serpentine,15,440,256
HC,149,325,5,Serpentine,15,440,256
HC,149,326,5,Serpentine,15,440,256
HC,149,327,5,Serpentine,15,440,256
HC,149,328,5,Serpentine,15,440,256
HC,149,329,5,Serpentine,15,440,256
HC,149,330,5,Serpentine,15,440,256
HC,149,331,5,Serpentine,15,440,256
HC,149,332,5,Serpentine,15,440,256
HC,149,333,5,Serpentine,15,440,256
HC,149,334,5,Serpentine,15,440,256
HC,149,335,5,Serpentine,15,440,256
HC,149,336,5,Serpentine,15,440,256
HC,149,337,5,Serpentine,15,440,256
HC,149,338,5,Serpentine,15,440,256
HC,149,339,5,Serpentine,15,440,256
HC,149,340,5,Serpentine,15,440,256
HC,149,341,5,Serpentine,15,440,256
HC,149,342,5,Serpentine,15,440,256
HC,149,343,5,Serpentine,15,440,256
HC,149,344,5,Serpentine,15,440,256
HC,149,345,5,Serpentine,15,440,256
HC,150,43,4,High-Ca Pyroxene,6,440,256
HC,150,44,4,High-Ca Pyroxene,6,440,256
HC,150,45,4,High-Ca Pyroxene,6,440,256
HC,150,46,4,High-Ca Pyroxene,6,440,256
HC,150,47,4,High-Ca Pyroxene,6,440,256
HC,150,48,4,High-Ca Pyroxene,6,440,256
HC,150,49,4,High-Ca Pyroxene,6,440,256
HC,150,50,4,High-Ca Pyroxene,6,440,256
HC,150,51,4,High-Ca Pyroxene,6,440,256
HC,150,52,4,High-Ca Pyroxene,6,440,256
HC,150,53,4,High-Ca Pyroxene,6,440,256
HC,150,54,4,High-Ca Pyroxene,6,440,256
HC,150,55,4,High-Ca Pyroxene,6,440,256
HC,150,56,4,High-Ca Pyroxene,6,440,256
HC,150,57,4,High-Ca Pyroxene,6,440,256
HC,150,58,4,High-Ca Pyroxene,6,440,256
HC,150,59,4,High-Ca Pyroxene,6,440,256
HC,150,60,4,High-Ca Pyroxene,6,440,256
HC,150,61,4,High-Ca Pyroxene,6,440,256
HC,150,76,3,Prehnite,14,440,256
HC,150,77,3,Prehnite,14,440,256
HC,150,78,3,Prehnite,14,440,256
HC,150,79,3,Prehnite,14,440,256
HC,150,80,3,Prehnite,14,440,256
HC,150,81,3,Prehnite,14,440,256
HC,150,82,3,Prehnite,14,440,256
HC,150,83,3,Prehnite,14,440,256
HC,150,84,3,Prehnite,14,440,256
HC,150,85,3,Prehnite,14,440,256
HC,150,103,1,Analcime,1,440,256
HC,150,104,1,Analcime,1,440,256
HC,150,105,1,Analcime,1,440,256
HC,150,106,1,Analcime,1,440,256
HC,150,107,1,Analcime,1,440,256
HC,150,108,1,Analcime,1,440,256
HC,150,109,1,Analcime,1,440,256
HC,150,110,1,Analcime,1,440,256
HC,150,111,1,Analcime,1,440,256
HC,150,112,1,Analcime,1,440,256
HC,150,113,1,Analcime,1,440,256
HC,150,114,1,Analcime,1,440,256
HC,150,115,1,Analcime,1,440,256
HC,150,116,1,Analcime,1,440,256
HC,150,117,1,Analcime,1,440,256
HC,150,118,1,Analcime,1,440,256
HC,150,119,1,Analcime,1,440,256
HC,150,120,1,Analcime,1,440,256
HC,150,121,1,Analcime,1,440,256
HC,150,122,1,Analcime,1,440,256
HC,150,123,1,Analcime,1,440,256
HC,150,124,1,Analcime,1,440,256
HC,150,125,1,Analcime,1,440,256
HC,150,126,1,Analcime,1,440,256
HC,150,127,1,Analcime,1,440,256
HC,150,128,1,Analcime,1,440,256
HC,150,129,1,Analcime,1,440,256
HC,150,130,1,Analcime,1,440,256
HC,150,131,1,Analcime,1,440,256
HC,150,132,1,Analcime,1,440,256
HC,150,133,1,Analcime,1,440,256
HC,150,134,1,Analcime,1,440,256
HC,150,135,1,Analcime,1,440,256
HC,150,136,1,Analcime,1,440,256
HC,150,137,1,Analcime,1,440,256
HC,150,138,1,Analcime,1,440,256
HC,150,139,1,Analcime,1,440,256
HC,150,144,2,Plagioclase,13,440,256
HC,150,145,2,Plagioclase,13,440,256
HC,150,146,2,Plagioclase,13,440,256
HC,150,147,2,Plagioclase,13,440,256
HC,150,148,2,Plagioclase,13,440,256
HC,150,155,5,Serpentine,15,440,256
HC,150,156,5,Serpentine,15,440,256
HC,150,157,5,Serpentine,15,440,256
HC,150,158,5,Serpentine,15,440,256
HC,150,159,5,Serpentine,15,440,256
HC,150,160,5,Serpentine,15,440,256
HC,150,161,5,Serpentine,15,440,256
HC,150,162,5,Serpentine,15,440,256
HC,150,163,5,Serpentine,15,440,256
HC,150,164,5,Serpentine,15,440,256
HC,150,165,5,Serpentine,15,440,256
HC,150,166,5,Serpentine,15,440,256
HC,150,167,5,Serpentine,15,440,256
HC,150,168,5,Serpentine,15,440,256
HC,150,169,5,Serpentine,15,440,256
HC,150,170,5,Serpentine,15,440,256
HC,150,171,5,Serpentine,15,440,256
HC,150,172,5,Serpentine,15,440,256
HC,150,173,5,Serpentine,15,440,256
HC,150,174,5,Serpentine,15,440,256
HC,150,175,5,Serpentine,15,440,256
HC,150,176,5,Serpentine,15,440,256
HC,150,319,5,Serpentine,15,440,256
HC,150,320,5,Serpentine,15,440,256
HC,150,321,5,Serpentine,15,440,256
HC,150,322,5,Serpentine,15,440,256
HC,150,323,5,Serpentine,15,440,256
HC,150,324,5,Serpentine,15,440,256
HC,150,325,5,Serpentine,15,440,256
HC,150,326,5,Serpentine,15,440,256
HC,150,327,5,Serpentine,15,440,256
HC,150,328,5,Serpentine,15,440,256
HC,150,329,5,Serpentine,15,440,256
HC,150,330,5,Serpentine,15,440,256
HC,150,331,5,Serpentine,15,440,256
HC,150,332,5,Serpentine,15,440,256
HC,150,333,5,Serpentine,15,440,256
HC,150,334,5,Serpentine,15,440,256
HC,150,335,5,Serpentine,15,440,256
HC,150,336,5,Serpentine,15,440,256
HC,150,337,5,Serpentine,15,440,256
HC,150,338,5,Serpentine,15,440,256
HC,150,339,5,Serpentine,15,440,256
HC,150,340,5,Serpentine,15,440,256
HC,150,341,5,Serpentine,15,440,256
HC,150,342,5,Serpentine,15,440,256
HC,150,343,5,Serpentine,15,440,256
HC,150,344,5,Serpentine,15,440,256
HC,150,345,5,Serpentine,15,440,256
HC,151,42,4,High-Ca Pyroxene,6,440,256
HC,151,43,4,High-Ca Pyroxene,6,440,256
HC,151,44,4,High-Ca Pyroxene,6,440,256
HC,151,45,4,High-Ca Pyroxene,6,440,256
HC,151,46,4,High-Ca Pyroxene,6,440,256
HC,151,47,4,High-Ca Pyroxene,6,440,256
HC,151,48,4,High-Ca Pyroxene,6,440,256
HC,151,49,4,High-Ca Pyroxene,6,440,256
HC,151,50,4,High-Ca Pyroxene,6,440,256
HC,151,51,4,High-Ca Pyroxene,6,440,256
HC,151,52,4,High-Ca Pyroxene,6,440,256
HC,151,53,4,High-Ca Pyroxene,6,440,256
HC,151,54,4,High-Ca Pyroxene,6,440,256
HC,151,55,4,High-Ca Pyroxene,6,440,256
HC,151,56,4,High-Ca Pyroxene,6,440,256
HC,151,57,4,High-Ca Pyroxene,6,440,256
HC,151,58,4,High-Ca Pyroxene,6,440,256
HC,151,59,4,High-Ca Pyroxene,6,440,256
HC,151,76,3,Prehnite,14,440,256
HC,151,77,3,Prehnite,14,440,256
HC,151,78,3,Prehnite,14,440,256
HC,151,79,3,Prehnite,14,440,256
HC,151,80,3,Prehnite,14,440,256
HC,151,81,3,Prehnite,14,440,256
HC,151,82,3,Prehnite,14,440,256
HC,151,83,3,Prehnite,14,440,256
HC,151,84,3,Prehnite,14,440,256
HC,151,85,3,Prehnite,14,440,256
HC,151,103,1,Analcime,1,440,256
HC,151,104,1,Analcime,1,440,256
HC,151,105,1,Analcime,1,440,256
HC,151,106,1,Analcime,1,440,256
HC,151,107,1,Analcime,1,440,256
HC,151,108,1,Analcime,1,440,256
HC,151,109,1,Analcime,1,440,256
HC,151,110,1,Analcime,1,440,256
HC,151,111,1,Analcime,1,440,256
HC,151,112,1,Analcime,1,440,256
HC,151,113,1,Analcime,1,440,256
HC,151,114,1,Analcime,1,440,256
HC,151,115,1,Analcime,1,440,256
HC,151,116,1,Analcime,1,440,256
HC,151,117,1,Analcime,1,440,256
HC,151,118,1,Analcime,1,440,256
HC,151,119,1,Analcime,1,440,256
HC,151,120,1,Analcime,1,440,256
HC,151,121,1,Analcime,1,440,256
HC,151,122,1,Analcime,1,440,256
HC,151,123,1,Analcime,1,440,256
HC,151,124,1,Analcime,1,440,256
HC,151,125,1,Analcime,1,440,256
HC,151,126,1,Analcime,1,440,256
HC,151,127,1,Analcime,1,440,256
HC,151,128,1,Analcime,1,440,256
HC,151,129,1,Analcime,1,440,256
HC,151,130,1,Analcime,1,440,256
HC,151,131,1,Analcime,1,440,256
HC,151,132,1,Analcime,1,440,256
HC,151,133,1,Analcime,1,440,256
HC,151,134,1,Analcime,1,440,256
HC,151,135,1,Analcime,1,440,256
HC,151,136,1,Analcime,1,440,256
HC,151,137,1,Analcime,1,440,256
HC,151,138,1,Analcime,1,440,256
HC,151,139,1,Analcime,1,440,256
HC,151,144,2,Plagioclase,13,440,256
HC,151,145,2,Plagioclase,13,440,256
HC,151,146,2,Plagioclase,13,440,256
HC,151,147,2,Plagioclase,13,440,256
HC,151,148,2,Plagioclase,13,440,256
HC,151,155,5,Serpentine,15,440,256
HC,151,156,5,Serpentine,15,440,256
HC,151,157,5,Serpentine,15,440,256
HC,151,158,5,Serpentine,15,440,256
HC,151,159,5,Serpentine,15,440,256
HC,151,160,5,Serpentine,15,440,256
HC,151,161,5,Serpentine,15,440,256
HC,151,162,5,Serpentine,15,440,256
HC,151,163,5,Serpentine,15,440,256
HC,151,164,5,Serpentine,15,440,256
HC,151,165,5,Serpentine,15,440,256
HC,151,166,5,Serpentine,15,440,256
HC,151,167,5,Serpentine,15,440,256
HC,151,168,5,Serpentine,15,440,256
HC,151,169,5,Serpentine,15,440,256
HC,151,170,5,Serpentine,15,440,256
HC,151,171,5,Serpentine,15,440,256
HC,151,172,5,Serpentine,15,440,256
HC,151,173,5,Serpentine,15,440,256
HC,151,174,5,Serpentine,15,440,256
HC,151,175,5,Serpentine,15,440,256
HC,151,176,5,Serpentine,15,440,256
HC,151,177,5,Serpentine,15,440,256
HC,151,321,5,Serpentine,15,440,256
HC,151,322,5,Serpentine,15,440,256
HC,151,323,5,Serpentine,15,440,256
HC,151,324,5,Serpentine,15,440,256
HC,151,325,5,Serpentine,15,440,256
HC,151,326,5,Serpentine,15,440,256
HC,151,327,5,Serpentine,15,440,256
HC,151,328,5,Serpentine,15,440,256
HC,151,329,5,Serpentine,15,440,256
HC,151,330,5,Serpentine,15,440,256
HC,151,331,5,Serpentine,15,440,256
HC,151,332,5,Serpentine,15,440,256
HC,151,333,5,Serpentine,15,440,256
HC,151,334,5,Serpentine,15,440,256
HC,151,335,5,Serpentine,15,440,256
HC,151,336,5,Serpentine,15,440,256
HC,151,337,5,Serpentine,15,440,256
HC,151,338,5,Serpentine,15,440,256
HC,151,339,5,Serpentine,15,440,256
HC,151,340,5,Serpentine,15,440,256
HC,151,341,5,Serpentine,15,440,256
HC,151,342,5,Serpentine,15,440,256
HC,151,343,5,Serpentine,15,440,256
HC,151,344,5,Serpentine,15,440,256
HC,151,345,5,Serpentine,15,440,256
HC,152,42,4,High-Ca Pyroxene,6,440,256
HC,152,43,4,High-Ca Pyroxene,6,440,256
HC,152,44,4,High-Ca Pyroxene,6,440,256
HC,152,45,4,High-Ca Pyroxene,6,440,256
HC,152,46,4,High-Ca Pyroxene,6,440,256
HC,152,47,4,High-Ca Pyroxene,6,440,256
HC,152,48,4,High-Ca Pyroxene,6,440,256
HC,152,49,4,High-Ca Pyroxene,6,440,256
HC,152,50,4,High-Ca Pyroxene,6,440,256
HC,152,51,4,High-Ca Pyroxene,6,440,256
HC,152,52,4,High-Ca Pyroxene,6,440,256
HC,152,53,4,High-Ca Pyroxene,6,440,256
HC,152,54,4,High-Ca Pyroxene,6,440,256
HC,152,55,4,High-Ca Pyroxene,6,440,256
HC,152,56,4,High-Ca Pyroxene,6,440,256
HC,152,57,4,High-Ca Pyroxene,6,440,256
HC,152,58,4,High-Ca Pyroxene,6,440,256
HC,152,59,4,High-Ca Pyroxene,6,440,256
HC,152,76,3,Prehnite,14,440,256
HC,152,77,3,Prehnite,14,440,256
HC,152,78,3,Prehnite,14,440,256
HC,152,79,3,Prehnite,14,440,256
HC,152,80,3,Prehnite,14,440,256
HC,152,81,3,Prehnite,14,440,256
HC,152,82,3,Prehnite,14,440,256
HC,152,83,3,Prehnite,14,440,256
HC,152,84,3,Prehnite,14,440,256
HC,152,85,3,Prehnite,14,440,256
HC,152,102,1,Analcime,1,440,256
HC,152,103,1,Analcime,1,440,256
HC,152,104,1,Analcime,1,440,256
HC,152,105,1,Analcime,1,440,256
HC,152,106,1,Analcime,1,440,256
HC,152,107,1,Analcime,1,440,256
HC,152,108,1,Analcime,1,440,256
HC,152,109,1,Analcime,1,440,256
HC,152,110,1,Analcime,1,440,256
HC,152,111,1,Analcime,1,440,256
HC,152,112,1,Analcime,1,440,256
HC,152,113,1,Analcime,1,440,256
HC,152,114,1,Analcime,1,440,256
HC,152,115,1,Analcime,1,440,256
HC,152,116,1,Analcime,1,440,256
HC,152,117,1,Analcime,1,440,256
HC,152,118,1,Analcime,1,440,256
HC,152,119,1,Analcime,1,440,256
HC,152,120,1,Analcime,1,440,256
HC,152,121,1,Analcime,1,440,256
HC,152,122,1,Analcime,1,440,256
HC,152,123,1,Analcime,1,440,256
HC,152,124,1,Analcime,1,440,256
HC,152,125,1,Analcime,1,440,256
HC,152,126,1,Analcime,1,440,256
HC,152,127,1,Analcime,1,440,256
HC,152,128,1,Analcime,1,440,256
HC,152,129,1,Analcime,1,440,256
HC,152,130,1,Analcime,1,440,256
HC,152,131,1,Analcime,1,440,256
HC,152,132,1,Analcime,1,440,256
HC,152,133,1,Analcime,1,440,256
HC,152,134,1,Analcime,1,440,256
HC,152,135,1,Analcime,1,440,256
HC,152,136,1,Analcime,1,440,256
HC,152,137,1,Analcime,1,440,256
HC,152,138,1,Analcime,1,440,256
HC,152,139,1,Analcime,1,440,256
HC,152,145,2,Plagioclase,13,440,256
HC,152,146,2,Plagioclase,13,440,256
HC,152,147,2,Plagioclase,13,440,256
HC,152,155,5,Serpentine,15,440,256
HC,152,156,5,Serpentine,15,440,256
HC,152,157,5,Serpentine,15,440,256
HC,152,158,5,Serpentine,15,440,256
HC,152,159,5,Serpentine,15,440,256
HC,152,160,5,Serpentine,15,440,256
HC,152,161,5,Serpentine,15,440,256
HC,152,162,5,Serpentine,15,440,256
HC,152,163,5,Serpentine,15,440,256
HC,152,164,5,Serpentine,15,440,256
HC,152,165,5,Serpentine,15,440,256
HC,152,166,5,Serpentine,15,440,256
HC,152,167,5,Serpentine,15,440,256
HC,152,168,5,Serpentine,15,440,256
HC,152,169,5,Serpentine,15,440,256
HC,152,170,5,Serpentine,15,440,256
HC,152,171,5,Serpentine,15,440,256
HC,152,172,5,Serpentine,15,440,256
HC,152,173,5,Serpentine,15,440,256
HC,152,174,5,Serpentine,15,440,256
HC,152,175,5,Serpentine,15,440,256
HC,152,176,5,Serpentine,15,440,256
HC,152,177,5,Serpentine,15,440,256
HC,152,322,5,Serpentine,15,440,256
HC,152,323,5,Serpentine,15,440,256
HC,152,324,5,Serpentine,15,440,256
HC,152,325,5,Serpentine,15,440,256
HC,152,326,5,Serpentine,15,440,256
HC,152,327,5,Serpentine,15,440,256
HC,152,328,5,Serpentine,15,440,256
HC,152,329,5,Serpentine,15,440,256
HC,152,330,5,Serpentine,15,440,256
HC,152,331,5,Serpentine,15,440,256
HC,152,332,5,Serpentine,15,440,256
HC,152,333,5,Serpentine,15,440,256
HC,152,334,5,Serpentine,15,440,256
HC,152,335,5,Serpentine,15,440,256
HC,152,336,5,Serpentine,15,440,256
HC,152,337,5,Serpentine,15,440,256
HC,152,338,5,Serpentine,15,440,256
HC,152,339,5,Serpentine,15,440,256
HC,152,340,5,Serpentine,15,440,256
HC,152,341,5,Serpentine,15,440,256
HC,152,342,5,Serpentine,15,440,256
HC,152,343,5,Serpentine,15,440,256
HC,152,344,5,Serpentine,15,440,256
HC,152,345,5,Serpentine,15,440,256
HC,152,346,5,Serpentine,15,440,256
HC,153,42,4,High-Ca Pyroxene,6,440,256
HC,153,43,4,High-Ca Pyroxene,6,440,256
HC,153,44,4,High-Ca Pyroxene,6,440,256
HC,153,45,4,High-Ca Pyroxene,6,440,256
HC,153,46,4,High-Ca Pyroxene,6,440,256
HC,153,47,4,High-Ca Pyroxene,6,440,256
HC,153,48,4,High-Ca Pyroxene,6,440,256
HC,153,49,4,High-Ca Pyroxene,6,440,256
HC,153,50,4,High-Ca Pyroxene,6,440,256
HC,153,51,4,High-Ca Pyroxene,6,440,256
HC,153,52,4,High-Ca Pyroxene,6,440,256
HC,153,53,4,High-Ca Pyroxene,6,440,256
HC,153,54,4,High-Ca Pyroxene,6,440,256
HC,153,55,4,High-Ca Pyroxene,6,440,256
HC,153,56,4,High-Ca Pyroxene,6,440,256
HC,153,57,4,High-Ca Pyroxene,6,440,256
HC,153,58,4,High-Ca Pyroxene,6,440,256
HC,153,77,3,Prehnite,14,440,256
HC,153,78,3,Prehnite,14,440,256
HC,153,79,3,Prehnite,14,440,256
HC,153,80,3,Prehnite,14,440,256
HC,153,81,3,Prehnite,14,440,256
HC,153,82,3,Prehnite,14,440,256
HC,153,83,3,Prehnite,14,440,256
HC,153,84,3,Prehnite,14,440,256
HC,153,85,3,Prehnite,14,440,256
HC,153,102,1,Analcime,1,440,256
HC,153,103,1,Analcime,1,440,256
HC,153,104,1,Analcime,1,440,256
HC,153,105,1,Analcime,1,440,256
HC,153,106,1,Analcime,1,440,256
HC,153,107,1,Analcime,1,440,256
HC,153,108,1,Analcime,1,440,256
HC,153,109,1,Analcime,1,440,256
HC,153,110,1,Analcime,1,440,256
HC,153,111,1,Analcime,1,440,256
HC,153,112,1,Analcime,1,440,256
HC,153,113,1,Analcime,1,440,256
HC,153,114,1,Analcime,1,440,256
HC,153,115,1,Analcime,1,440,256
HC,153,116,1,Analcime,1,440,256
HC,153,117,1,Analcime,1,440,256
HC,153,118,1,Analcime,1,440,256
HC,153,119,1,Analcime,1,440,256
HC,153,120,1,Analcime,1,440,256
HC,153,121,1,Analcime,1,440,256
HC,153,122,1,Analcime,1,440,256
HC,153,123,1,Analcime,1,440,256
HC,153,124,1,Analcime,1,440,256
HC,153,125,1,Analcime,1,440,256
HC,153,126,1,Analcime,1,440,256
HC,153,127,1,Analcime,1,440,256
HC,153,128,1,Analcime,1,440,256
HC,153,129,1,Analcime,1,440,256
HC,153,130,1,Analcime,1,440,256
HC,153,131,1,Analcime,1,440,256
HC,153,132,1,Analcime,1,440,256
HC,153,133,1,Analcime,1,440,256
HC,153,134,1,Analcime,1,440,256
HC,153,135,1,Analcime,1,440,256
HC,153,136,1,Analcime,1,440,256
HC,153,137,1,Analcime,1,440,256
HC,153,138,1,Analcime,1,440,256
HC,153,145,2,Plagioclase,13,440,256
HC,153,146,2,Plagioclase,13,440,256
HC,153,147,2,Plagioclase,13,440,256
HC,153,155,5,Serpentine,15,440,256
HC,153,156,5,Serpentine,15,440,256
HC,153,157,5,Serpentine,15,440,256
HC,153,158,5,Serpentine,15,440,256
HC,153,159,5,Serpentine,15,440,256
HC,153,160,5,Serpentine,15,440,256
HC,153,161,5,Serpentine,15,440,256
HC,153,162,5,Serpentine,15,440,256
HC,153,163,5,Serpentine,15,440,256
HC,153,164,5,Serpentine,15,440,256
HC,153,165,5,Serpentine,15,440,256
HC,153,166,5,Serpentine,15,440,256
HC,153,167,5,Serpentine,15,440,256
HC,153,168,5,Serpentine,15,440,256
HC,153,169,5,Serpentine,15,440,256
HC,153,170,5,Serpentine,15,440,256
HC,153,171,5,Serpentine,15,440,256
HC,153,172,5,Serpentine,15,440,256
HC,153,173,5,Serpentine,15,440,256
HC,153,174,5,Serpentine,15,440,256
HC,153,175,5,Serpentine,15,440,256
HC,153,176,5,Serpentine,15,440,256
HC,153,177,5,Serpentine,15,440,256
HC,153,323,5,Serpentine,15,440,256
HC,153,324,5,Serpentine,15,440,256
HC,153,325,5,Serpentine,15,440,256
HC,153,326,5,Serpentine,15,440,256
HC,153,327,5,Serpentine,15,440,256
HC,153,328,5,Serpentine,15,440,256
HC,153,329,5,Serpentine,15,440,256
HC,153,330,5,Serpentine,15,440,256
HC,153,331,5,Serpentine,15,440,256
HC,153,332,5,Serpentine,15,440,256
HC,153,333,5,Serpentine,15,440,256
HC,153,334,5,Serpentine,15,440,256
HC,153,335,5,Serpentine,15,440,256
HC,153,336,5,Serpentine,15,440,256
HC,153,337,5,Serpentine,15,440,256
HC,153,338,5,Serpentine,15,440,256
HC,153,339,5,Serpentine,15,440,256
HC,153,340,5,Serpentine,15,440,256
HC,153,341,5,Serpentine,15,440,256
HC,153,342,5,Serpentine,15,440,256
HC,153,343,5,Serpentine,15,440,256
HC,153,344,5,Serpentine,15,440,256
HC,153,345,5,Serpentine,15,440,256
HC,153,346,5,Serpentine,15,440,256
HC,154,42,4,High-Ca Pyroxene,6,440,256
HC,154,43,4,High-Ca Pyroxene,6,440,256
HC,154,44,4,High-Ca Pyroxene,6,440,256
HC,154,45,4,High-Ca Pyroxene,6,440,256
HC,154,46,4,High-Ca Pyroxene,6,440,256
HC,154,47,4,High-Ca Pyroxene,6,440,256
HC,154,48,4,High-Ca Pyroxene,6,440,256
HC,154,49,4,High-Ca Pyroxene,6,440,256
HC,154,50,4,High-Ca Pyroxene,6,440,256
HC,154,51,4,High-Ca Pyroxene,6,440,256
HC,154,52,4,High-Ca Pyroxene,6,440,256
HC,154,53,4,High-Ca Pyroxene,6,440,256
HC,154,54,4,High-Ca Pyroxene,6,440,256
HC,154,55,4,High-Ca Pyroxene,6,440,256
HC,154,56,4,High-Ca Pyroxene,6,440,256
HC,154,57,4,High-Ca Pyroxene,6,440,256
HC,154,78,3,Prehnite,14,440,256
HC,154,79,3,Prehnite,14,440,256
HC,154,80,3,Prehnite,14,440,256
HC,154,81,3,Prehnite,14,440,256
HC,154,82,3,Prehnite,14,440,256
HC,154,83,3,Prehnite,14,440,256
HC,154,84,3,Prehnite,14,440,256
HC,154,102,1,Analcime,1,440,256
HC,154,103,1,Analcime,1,440,256
HC,154,104,1,Analcime,1,440,256
HC,154,105,1,Analcime,1,440,256
HC,154,106,1,Analcime,1,440,256
HC,154,107,1,Analcime,1,440,256
HC,154,108,1,Analcime,1,440,256
HC,154,109,1,Analcime,1,440,256
HC,154,110,1,Analcime,1,440,256
HC,154,111,1,Analcime,1,440,256
HC,154,112,1,Analcime,1,440,256
HC,154,113,1,Analcime,1,440,256
HC,154,114,1,Analcime,1,440,256
HC,154,115,1,Analcime,1,440,256
HC,154,116,1,Analcime,1,440,256
HC,154,117,1,Analcime,1,440,256
HC,154,118,1,Analcime,1,440,256
HC,154,119,1,Analcime,1,440,256
HC,154,120,1,Analcime,1,440,256
HC,154,121,1,Analcime,1,440,256
HC,154,122,1,Analcime,1,440,256
HC,154,123,1,Analcime,1,440,256
HC,154,124,1,Analcime,1,440,256
HC,154,125,1,Analcime,1,440,256
HC,154,126,1,Analcime,1,440,256
HC,154,127,1,Analcime,1,440,256
HC,154,128,1,Analcime,1,440,256
HC,154,129,1,Analcime,1,440,256
HC,154,130,1,Analcime,1,440,256
HC,154,131,1,Analcime,1,440,256
HC,154,132,1,Analcime,1,440,256
HC,154,133,1,Analcime,1,440,256
HC,154,134,1,Analcime,1,440,256
HC,154,135,1,Analcime,1,440,256
HC,154,136,1,Analcime,1,440,256
HC,154,137,1,Analcime,1,440,256
HC,154,138,1,Analcime,1,440,256
HC,154,145,2,Plagioclase,13,440,256
HC,154,146,2,Plagioclase,13,440,256
HC,154,147,2,Plagioclase,13,440,256
HC,154,155,5,Serpentine,15,440,256
HC,154,156,5,Serpentine,15,440,256
HC,154,157,5,Serpentine,15,440,256
HC,154,158,5,Serpentine,15,440,256
HC,154,159,5,Serpentine,15,440,256
HC,154,160,5,Serpentine,15,440,256
HC,154,161,5,Serpentine,15,440,256
HC,154,162,5,Serpentine,15,440,256
HC,154,163,5,Serpentine,15,440,256
HC,154,164,5,Serpentine,15,440,256
HC,154,165,5,Serpentine,15,440,256
HC,154,166,5,Serpentine,15,440,256
HC,154,167,5,Serpentine,15,440,256
HC,154,168,5,Serpentine,15,440,256
HC,154,169,5,Serpentine,15,440,256
HC,154,170,5,Serpentine,15,440,256
HC,154,171,5,Serpentine,15,440,256
HC,154,172,5,Serpentine,15,440,256
HC,154,173,5,Serpentine,15,440,256
HC,154,174,5,Serpentine,15,440,256
HC,154,175,5,Serpentine,15,440,256
HC,154,176,5,Serpentine,15,440,256
HC,154,177,5,Serpentine,15,440,256
HC,154,323,5,Serpentine,15,440,256
HC,154,324,5,Serpentine,15,440,256
HC,154,325,5,Serpentine,15,440,256
HC,154,326,5,Serpentine,15,440,256
HC,154,327,5,Serpentine,15,440,256
HC,154,328,5,Serpentine,15,440,256
HC,154,329,5,Serpentine,15,440,256
HC,154,330,5,Serpentine,15,440,256
HC,154,331,5,Serpentine,15,440,256
HC,154,332,5,Serpentine,15,440,256
HC,154,333,5,Serpentine,15,440,256
HC,154,334,5,Serpentine,15,440,256
HC,154,335,5,Serpentine,15,440,256
HC,154,336,5,Serpentine,15,440,256
HC,154,337,5,Serpentine,15,440,256
HC,154,338,5,Serpentine,15,440,256
HC,154,339,5,Serpentine,15,440,256
HC,154,340,5,Serpentine,15,440,256
HC,154,341,5,Serpentine,15,440,256
HC,154,342,5,Serpentine,15,440,256
HC,154,343,5,Serpentine,15,440,256
HC,154,344,5,Serpentine,15,440,256
HC,154,345,5,Serpentine,15,440,256
HC,154,346,5,Serpentine,15,440,256
HC,155,41,4,High-Ca Pyroxene,6,440,256
HC,155,42,4,High-Ca Pyroxene,6,440,256
HC,155,43,4,High-Ca Pyroxene,6,440,256
HC,155,44,4,High-Ca Pyroxene,6,440,256
HC,155,45,4,High-Ca Pyroxene,6,440,256
HC,155,46,4,High-Ca Pyroxene,6,440,256
HC,155,47,4,High-Ca Pyroxene,6,440,256
HC,155,48,4,High-Ca Pyroxene,6,440,256
HC,155,49,4,High-Ca Pyroxene,6,440,256
HC,155,50,4,High-Ca Pyroxene,6,440,256
HC,155,51,4,High-Ca Pyroxene,6,440,256
HC,155,52,4,High-Ca Pyroxene,6,440,256
HC,155,53,4,High-Ca Pyroxene,6,440,256
HC,155,54,4,High-Ca Pyroxene,6,440,256
HC,155,55,4,High-Ca Pyroxene,6,440,256
HC,155,56,4,High-Ca Pyroxene,6,440,256
HC,155,63,3,Prehnite,14,440,256
HC,155,64,3,Prehnite,14,440,256
HC,155,102,1,Analcime,1,440,256
HC,155,103,1,Analcime,1,440,256
HC,155,104,1,Analcime,1,440,256
HC,155,105,1,Analcime,1,440,256
HC,155,106,1,Analcime,1,440,256
HC,155,107,1,Analcime,1,440,256
HC,155,108,1,Analcime,1,440,256
HC,155,109,1,Analcime,1,440,256
HC,155,110,1,Analcime,1,440,256
HC,155,111,1,Analcime,1,440,256
HC,155,112,1,Analcime,1,440,256
HC,155,113,1,Analcime,1,440,256
HC,155,114,1,Analcime,1,440,256
HC,155,115,1,Analcime,1,440,256
HC,155,116,1,Analcime,1,440,256
HC,155,117,1,Analcime,1,440,256
HC,155,118,1,Analcime,1,440,256
HC,155,119,1,Analcime,1,440,256
HC,155,120,1,Analcime,1,440,256
HC,155,121,1,Analcime,1,440,256
HC,155,122,1,Analcime,1,440,256
HC,155,123,1,Analcime,1,440,256
HC,155,124,1,Analcime,1,440,256
HC,155,125,1,Analcime,1,440,256
HC,155,126,1,Analcime,1,440,256
HC,155,127,1,Analcime,1,440,256
HC,155,128,1,Analcime,1,440,256
HC,155,129,1,Analcime,1,440,256
HC,155,130,1,Analcime,1,440,256
HC,155,131,1,Analcime,1,440,256
HC,155,132,1,Analcime,1,440,256
HC,155,133,1,Analcime,1,440,256
HC,155,134,1,Analcime,1,440,256
HC,155,135,1,Analcime,1,440,256
HC,155,136,1,Analcime,1,440,256
HC,155,137,1,Analcime,1,440,256
HC,155,145,2,Plagioclase,13,440,256
HC,155,146,2,Plagioclase,13,440,256
HC,155,147,2,Plagioclase,13,440,256
HC,155,155,5,Serpentine,15,440,256
HC,155,156,5,Serpentine,15,440,256
HC,155,157,5,Serpentine,15,440,256
HC,155,158,5,Serpentine,15,440,256
HC,155,159,5,Serpentine,15,440,256
HC,155,160,5,Serpentine,15,440,256
HC,155,161,5,Serpentine,15,440,256
HC,155,162,5,Serpentine,15,440,256
HC,155,163,5,Serpentine,15,440,256
HC,155,164,5,Serpentine,15,440,256
HC,155,165,5,Serpentine,15,440,256
HC,155,166,5,Serpentine,15,440,256
HC,155,167,5,Serpentine,15,440,256
HC,155,168,5,Serpentine,15,440,256
HC,155,169,5,Serpentine,15,440,256
HC,155,170,5,Serpentine,15,440,256
HC,155,171,5,Serpentine,15,440,256
HC,155,172,5,Serpentine,15,440,256
HC,155,173,5,Serpentine,15,440,256
HC,155,174,5,Serpentine,15,440,256
HC,155,175,5,Serpentine,15,440,256
HC,155,176,5,Serpentine,15,440,256
HC,155,177,5,Serpentine,15,440,256
HC,155,325,5,Serpentine,15,440,256
HC,155,326,5,Serpentine,15,440,256
HC,155,327,5,Serpentine,15,440,256
HC,155,328,5,Serpentine,15,440,256
HC,155,329,5,Serpentine,15,440,256
HC,155,330,5,Serpentine,15,440,256
HC,155,331,5,Serpentine,15,440,256
HC,155,332,5,Serpentine,15,440,256
HC,155,333,5,Serpentine,15,440,256
HC,155,334,5,Serpentine,15,440,256
HC,155,335,5,Serpentine,15,440,256
HC,155,336,5,Serpentine,15,440,256
HC,155,337,5,Serpentine,15,440,256
HC,155,338,5,Serpentine,15,440,256
HC,155,339,5,Serpentine,15,440,256
HC,155,340,5,Serpentine,15,440,256
HC,155,341,5,Serpentine,15,440,256
HC,155,342,5,Serpentine,15,440,256
HC,155,343,5,Serpentine,15,440,256
HC,155,344,5,Serpentine,15,440,256
HC,155,345,5,Serpentine,15,440,256
HC,155,346,5,Serpentine,15,440,256
HC,156,41,4,High-Ca Pyroxene,6,440,256
HC,156,42,4,High-Ca Pyroxene,6,440,256
HC,156,43,4,High-Ca Pyroxene,6,440,256
HC,156,44,4,High-Ca Pyroxene,6,440,256
HC,156,45,4,High-Ca Pyroxene,6,440,256
HC,156,46,4,High-Ca Pyroxene,6,440,256
HC,156,47,4,High-Ca Pyroxene,6,440,256
HC,156,48,4,High-Ca Pyroxene,6,440,256
HC,156,49,4,High-Ca Pyroxene,6,440,256
HC,156,50,4,High-Ca Pyroxene,6,440,256
HC,156,51,4,High-Ca Pyroxene,6,440,256
HC,156,52,4,High-Ca Pyroxene,6,440,256
HC,156,53,4,High-Ca Pyroxene,6,440,256
HC,156,54,4,High-Ca Pyroxene,6,440,256
HC,156,55,4,High-Ca Pyroxene,6,440,256
HC,156,56,4,High-Ca Pyroxene,6,440,256
HC,156,60,3,Prehnite,14,440,256
HC,156,61,3,Prehnite,14,440,256
HC,156,62,3,Prehnite,14,440,256
HC,156,63,3,Prehnite,14,440,256
HC,156,64,3,Prehnite,14,440,256
HC,156,65,3,Prehnite,14,440,256
HC,156,66,3,Prehnite,14,440,256
HC,156,88,1,Analcime,1,440,256
HC,156,89,1,Analcime,1,440,256
HC,156,90,1,Analcime,1,440,256
HC,156,102,1,Analcime,1,440,256
HC,156,103,1,Analcime,1,440,256
HC,156,104,1,Analcime,1,440,256
HC,156,105,1,Analcime,1,440,256
HC,156,106,1,Analcime,1,440,256
HC,156,107,1,Analcime,1,440,256
HC,156,108,1,Analcime,1,440,256
HC,156,109,1,Analcime,1,440,256
HC,156,110,1,Analcime,1,440,256
HC,156,111,1,Analcime,1,440,256
HC,156,112,1,Analcime,1,440,256
HC,156,113,1,Analcime,1,440,256
HC,156,114,1,Analcime,1,440,256
HC,156,115,1,Analcime,1,440,256
HC,156,116,1,Analcime,1,440,256
HC,156,117,1,Analcime,1,440,256
HC,156,118,1,Analcime,1,440,256
HC,156,119,1,Analcime,1,440,256
HC,156,120,1,Analcime,1,440,256
HC,156,121,1,Analcime,1,440,256
HC,156,122,1,Analcime,1,440,256
HC,156,123,1,Analcime,1,440,256
HC,156,124,1,Analcime,1,440,256
HC,156,125,1,Analcime,1,440,256
HC,156,126,1,Analcime,1,440,256
HC,156,127,1,Analcime,1,440,256
HC,156,128,1,Analcime,1,440,256
HC,156,129,1,Analcime,1,440,256
HC,156,130,1,Analcime,1,440,256
HC,156,131,1,Analcime,1,440,256
HC,156,132,1,Analcime,1,440,256
HC,156,133,1,Analcime,1,440,256
HC,156,134,1,Analcime,1,440,256
HC,156,135,1,Analcime,1,440,256
HC,156,136,1,Analcime,1,440,256
HC,156,145,2,Plagioclase,13,440,256
HC,156,146,2,Plagioclase,13,440,256
HC,156,147,2,Plagioclase,13,440,256
HC,156,155,5,Serpentine,15,440,256
HC,156,156,5,Serpentine,15,440,256
HC,156,157,5,Serpentine,15,440,256
HC,156,158,5,Serpentine,15,440,256
HC,156,159,5,Serpentine,15,440,256
HC,156,160,5,Serpentine,15,440,256
HC,156,161,5,Serpentine,15,440,256
HC,156,162,5,Serpentine,15,440,256
HC,156,163,5,Serpentine,15,440,256
HC,156,164,5,Serpentine,15,440,256
HC,156,165,5,Serpentine,15,440,256
HC,156,166,5,Serpentine,15,440,256
HC,156,167,5,Serpentine,15,440,256
HC,156,168,5,Serpentine,15,440,256
HC,156,169,5,Serpentine,15,440,256
HC,156,170,5,Serpentine,15,440,256
HC,156,171,5,Serpentine,15,440,256
HC,156,172,5,Serpentine,15,440,256
HC,156,173,5,Serpentine,15,440,256
HC,156,174,5,Serpentine,15,440,256
HC,156,175,5,Serpentine,15,440,256
HC,156,176,5,Serpentine,15,440,256
HC,156,177,5,Serpentine,15,440,256
HC,156,326,5,Serpentine,15,440,256
HC,156,327,5,Serpentine,15,440,256
HC,156,328,5,Serpentine,15,440,256
HC,156,329,5,Serpentine,15,440,256
HC,156,330,5,Serpentine,15,440,256
HC,156,331,5,Serpentine,15,440,256
HC,156,332,5,Serpentine,15,440,256
HC,156,333,5,Serpentine,15,440,256
HC,156,334,5,Serpentine,15,440,256
HC,156,335,5,Serpentine,15,440,256
HC,156,336,5,Serpentine,15,440,256
HC,156,337,5,Serpentine,15,440,256
HC,156,338,5,Serpentine,15,440,256
HC,156,339,5,Serpentine,15,440,256
HC,156,340,5,Serpentine,15,440,256
HC,156,341,5,Serpentine,15,440,256
HC,156,342,5,Serpentine,15,440,256
HC,156,343,5,Serpentine,15,440,256
HC,156,344,5,Serpentine,15,440,256
HC,156,345,5,Serpentine,15,440,256
HC,156,346,5,Serpentine,15,440,256
HC,157,41,4,High-Ca Pyroxene,6,440,256
HC,157,42,4,High-Ca Pyroxene,6,440,256
HC,157,43,4,High-Ca Pyroxene,6,440,256
HC,157,44,4,High-Ca Pyroxene,6,440,256
HC,157,45,4,High-Ca Pyroxene,6,440,256
HC,157,46,4,High-Ca Pyroxene,6,440,256
HC,157,47,4,High-Ca Pyroxene,6,440,256
HC,157,48,4,High-Ca Pyroxene,6,440,256
HC,157,49,4,High-Ca Pyroxene,6,440,256
HC,157,50,4,High-Ca Pyroxene,6,440,256
HC,157,51,4,High-Ca Pyroxene,6,440,256
HC,157,52,4,High-Ca Pyroxene,6,440,256
HC,157,53,4,High-Ca Pyroxene,6,440,256
HC,157,54,4,High-Ca Pyroxene,6,440,256
HC,157,55,4,High-Ca Pyroxene,6,440,256
HC,157,59,3,Prehnite,14,440,256
HC,157,60,3,Prehnite,14,440,256
HC,157,61,3,Prehnite,14,440,256
HC,157,62,3,Prehnite,14,440,256
HC,157,63,3,Prehnite,14,440,256
HC,157,64,3,Prehnite,14,440,256
HC,157,65,3,Prehnite,14,440,256
HC,157,66,3,Prehnite,14,440,256
HC,157,67,3,Prehnite,14,440,256
HC,157,87,1,Analcime,1,440,256
HC,157,88,1,Analcime,1,440,256
HC,157,89,1,Analcime,1,440,256
HC,157,90,1,Analcime,1,440,256
HC,157,102,1,Analcime,1,440,256
HC,157,103,1,Analcime,1,440,256
HC,157,104,1,Analcime,1,440,256
HC,157,105,1,Analcime,1,440,256
HC,157,106,1,Analcime,1,440,256
HC,157,107,1,Analcime,1,440,256
HC,157,108,1,Analcime,1,440,256
HC,157,109,1,Analcime,1,440,256
HC,157,110,1,Analcime,1,440,256
HC,157,111,1,Analcime,1,440,256
HC,157,112,1,Analcime,1,440,256
HC,157,113,1,Analcime,1,440,256
HC,157,114,1,Analcime,1,440,256
HC,157,115,1,Analcime,1,440,256
HC,157,116,1,Analcime,1,440,256
HC,157,117,1,Analcime,1,440,256
HC,157,118,1,Analcime,1,440,256
HC,157,119,1,Analcime,1,440,256
HC,157,120,1,Analcime,1,440,256
HC,157,121,1,Analcime,1,440,256
HC,157,122,1,Analcime,1,440,256
HC,157,123,1,Analcime,1,440,256
HC,157,124,1,Analcime,1,440,256
HC,157,125,1,Analcime,1,440,256
HC,157,126,1,Analcime,1,440,256
HC,157,127,1,Analcime,1,440,256
HC,157,128,1,Analcime,1,440,256
HC,157,129,1,Analcime,1,440,256
HC,157,130,1,Analcime,1,440,256
HC,157,131,1,Analcime,1,440,256
HC,157,132,1,Analcime,1,440,256
HC,157,133,1,Analcime,1,440,256
HC,157,134,1,Analcime,1,440,256
HC,157,135,1,Analcime,1,440,256
HC,157,136,1,Analcime,1,440,256
HC,157,145,2,Plagioclase,13,440,256
HC,157,146,2,Plagioclase,13,440,256
HC,157,147,2,Plagioclase,13,440,256
HC,157,155,5,Serpentine,15,440,256
HC,157,156,5,Serpentine,15,440,256
HC,157,157,5,Serpentine,15,440,256
HC,157,158,5,Serpentine,15,440,256
HC,157,159,5,Serpentine,15,440,256
HC,157,160,5,Serpentine,15,440,256
HC,157,161,5,Serpentine,15,440,256
HC,157,162,5,Serpentine,15,440,256
HC,157,163,5,Serpentine,15,440,256
HC,157,164,5,Serpentine,15,440,256
HC,157,165,5,Serpentine,15,440,256
HC,157,166,5,Serpentine,15,440,256
HC,157,167,5,Serpentine,15,440,256
HC,157,168,5,Serpentine,15,440,256
HC,157,169,5,Serpentine,15,440,256
HC,157,170,5,Serpentine,15,440,256
HC,157,171,5,Serpentine,15,440,256
HC,157,172,5,Serpentine,15,440,256
HC,157,173,5,Serpentine,15,440,256
HC,157,174,5,Serpentine,15,440,256
HC,157,175,5,Serpentine,15,440,256
HC,157,176,5,Serpentine,15,440,256
HC,157,177,5,Serpentine,15,440,256
HC,157,178,5,Serpentine,15,440,256
HC,157,328,5,Serpentine,15,440,256
HC,157,329,5,Serpentine,15,440,256
HC,157,330,5,Serpentine,15,440,256
HC,157,331,5,Serpentine,15,440,256
HC,157,332,5,Serpentine,15,440,256
HC,157,333,5,Serpentine,15,440,256
HC,157,334,5,Serpentine,15,440,256
HC,157,335,5,Serpentine,15,440,256
HC,157,336,5,Serpentine,15,440,256
HC,157,337,5,Serpentine,15,440,256
HC,157,338,5,Serpentine,15,440,256
HC,157,339,5,Serpentine,15,440,256
HC,157,340,5,Serpentine,15,440,256
HC,157,341,5,Serpentine,15,440,256
HC,157,342,5,Serpentine,15,440,256
HC,157,343,5,Serpentine,15,440,256
HC,157,344,5,Serpentine,15,440,256
HC,157,345,5,Serpentine,15,440,256
HC,157,346,5,Serpentine,15,440,256
HC,158,41,4,High-Ca Pyroxene,6,440,256
HC,158,42,4,High-Ca Pyroxene,6,440,256
HC,158,43,4,High-Ca Pyroxene,6,440,256
HC,158,44,4,High-Ca Pyroxene,6,440,256
HC,158,45,4,High-Ca Pyroxene,6,440,256
HC,158,46,4,High-Ca Pyroxene,6,440,256
HC,158,47,4,High-Ca Pyroxene,6,440,256
HC,158,48,4,High-Ca Pyroxene,6,440,256
HC,158,49,4,High-Ca Pyroxene,6,440,256
HC,158,50,4,High-Ca Pyroxene,6,440,256
HC,158,51,4,High-Ca Pyroxene,6,440,256
HC,158,52,4,High-Ca Pyroxene,6,440,256
HC,158,53,4,High-Ca Pyroxene,6,440,256
HC,158,54,4,High-Ca Pyroxene,6,440,256
HC,158,59,3,Prehnite,14,440,256
HC,158,60,3,Prehnite,14,440,256
HC,158,61,3,Prehnite,14,440,256
HC,158,62,3,Prehnite,14,440,256
HC,158,63,3,Prehnite,14,440,256
HC,158,64,3,Prehnite,14,440,256
HC,158,65,3,Prehnite,14,440,256
HC,158,66,3,Prehnite,14,440,256
HC,158,67,3,Prehnite,14,440,256
HC,158,87,1,Analcime,1,440,256
HC,158,88,1,Analcime,1,440,256
HC,158,89,1,Analcime,1,440,256
HC,158,90,1,Analcime,1,440,256
HC,158,102,1,Analcime,1,440,256
HC,158,103,1,Analcime,1,440,256
HC,158,104,1,Analcime,1,440,256
HC,158,105,1,Analcime,1,440,256
HC,158,106,1,Analcime,1,440,256
HC,158,107,1,Analcime,1,440,256
HC,158,108,1,Analcime,1,440,256
HC,158,109,1,Analcime,1,440,256
HC,158,110,1,Analcime,1,440,256
HC,158,111,1,Analcime,1,440,256
HC,158,112,1,Analcime,1,440,256
HC,158,113,1,Analcime,1,440,256
HC,158,114,1,Analcime,1,440,256
HC,158,115,1,Analcime,1,440,256
HC,158,116,1,Analcime,1,440,256
HC,158,117,1,Analcime,1,440,256
HC,158,118,1,Analcime,1,440,256
HC,158,119,1,Analcime,1,440,256
HC,158,120,1,Analcime,1,440,256
HC,158,121,1,Analcime,1,440,256
HC,158,122,1,Analcime,1,440,256
HC,158,123,1,Analcime,1,440,256
HC,158,124,1,Analcime,1,440,256
HC,158,125,1,Analcime,1,440,256
HC,158,126,1,Analcime,1,440,256
HC,158,127,1,Analcime,1,440,256
HC,158,128,1,Analcime,1,440,256
HC,158,129,1,Analcime,1,440,256
HC,158,130,1,Analcime,1,440,256
HC,158,131,1,Analcime,1,440,256
HC,158,132,1,Analcime,1,440,256
HC,158,133,1,Analcime,1,440,256
HC,158,134,1,Analcime,1,440,256
HC,158,135,1,Analcime,1,440,256
HC,158,145,2,Plagioclase,13,440,256
HC,158,146,2,Plagioclase,13,440,256
HC,158,147,2,Plagioclase,13,440,256
HC,158,156,5,Serpentine,15,440,256
HC,158,157,5,Serpentine,15,440,256
HC,158,158,5,Serpentine,15,440,256
HC,158,159,5,Serpentine,15,440,256
HC,158,160,5,Serpentine,15,440,256
HC,158,161,5,Serpentine,15,440,256
HC,158,162,5,Serpentine,15,440,256
HC,158,163,5,Serpentine,15,440,256
HC,158,164,5,Serpentine,15,440,256
HC,158,165,5,Serpentine,15,440,256
HC,158,166,5,Serpentine,15,440,256
HC,158,167,5,Serpentine,15,440,256
HC,158,168,5,Serpentine,15,440,256
HC,158,169,5,Serpentine,15,440,256
HC,158,170,5,Serpentine,15,440,256
HC,158,171,5,Serpentine,15,440,256
HC,158,172,5,Serpentine,15,440,256
HC,158,173,5,Serpentine,15,440,256
HC,158,174,5,Serpentine,15,440,256
HC,158,175,5,Serpentine,15,440,256
HC,158,176,5,Serpentine,15,440,256
HC,158,177,5,Serpentine,15,440,256
HC,158,178,5,Serpentine,15,440,256
HC,158,330,5,Serpentine,15,440,256
HC,158,331,5,Serpentine,15,440,256
HC,158,332,5,Serpentine,15,440,256
HC,158,333,5,Serpentine,15,440,256
HC,158,334,5,Serpentine,15,440,256
HC,158,335,5,Serpentine,15,440,256
HC,158,336,5,Serpentine,15,440,256
HC,158,337,5,Serpentine,15,440,256
HC,158,338,5,Serpentine,15,440,256
HC,158,339,5,Serpentine,15,440,256
HC,158,340,5,Serpentine,15,440,256
HC,158,341,5,Serpentine,15,440,256
HC,158,342,5,Serpentine,15,440,256
HC,158,343,5,Serpentine,15,440,256
HC,158,344,5,Serpentine,15,440,256
HC,158,345,5,Serpentine,15,440,256
HC,158,346,5,Serpentine,15,440,256
HC,158,347,5,Serpentine,15,440,256
HC,159,41,4,High-Ca Pyroxene,6,440,256
HC,159,42,4,High-Ca Pyroxene,6,440,256
HC,159,43,4,High-Ca Pyroxene,6,440,256
HC,159,44,4,High-Ca Pyroxene,6,440,256
HC,159,45,4,High-Ca Pyroxene,6,440,256
HC,159,46,4,High-Ca Pyroxene,6,440,256
HC,159,47,4,High-Ca Pyroxene,6,440,256
HC,159,48,4,High-Ca Pyroxene,6,440,256
HC,159,49,4,High-Ca Pyroxene,6,440,256
HC,159,50,4,High-Ca Pyroxene,6,440,256
HC,159,51,4,High-Ca Pyroxene,6,440,256
HC,159,52,4,High-Ca Pyroxene,6,440,256
HC,159,53,4,High-Ca Pyroxene,6,440,256
HC,159,54,4,High-Ca Pyroxene,6,440,256
HC,159,59,3,Prehnite,14,440,256
HC,159,60,3,Prehnite,14,440,256
HC,159,61,3,Prehnite,14,440,256
HC,159,62,3,Prehnite,14,440,256
HC,159,63,3,Prehnite,14,440,256
HC,159,64,3,Prehnite,14,440,256
HC,159,65,3,Prehnite,14,440,256
HC,159,66,3,Prehnite,14,440,256
HC,159,67,3,Prehnite,14,440,256
HC,159,88,1,Analcime,1,440,256
HC,159,89,1,Analcime,1,440,256
HC,159,102,1,Analcime,1,440,256
HC,159,103,1,Analcime,1,440,256
HC,159,104,1,Analcime,1,440,256
HC,159,105,1,Analcime,1,440,256
HC,159,106,1,Analcime,1,440,256
HC,159,107,1,Analcime,1,440,256
HC,159,108,1,Analcime,1,440,256
HC,159,109,1,Analcime,1,440,256
HC,159,110,1,Analcime,1,440,256
HC,159,111,1,Analcime,1,440,256
HC,159,112,1,Analcime,1,440,256
HC,159,113,1,Analcime,1,440,256
HC,159,114,1,Analcime,1,440,256
HC,159,115,1,Analcime,1,440,256
HC,159,116,1,Analcime,1,440,256
HC,159,117,1,Analcime,1,440,256
HC,159,118,1,Analcime,1,440,256
HC,159,119,1,Analcime,1,440,256
HC,159,120,1,Analcime,1,440,256
HC,159,121,1,Analcime,1,440,256
HC,159,122,1,Analcime,1,440,256
HC,159,123,1,Analcime,1,440,256
HC,159,124,1,Analcime,1,440,256
HC,159,125,1,Analcime,1,440,256
HC,159,126,1,Analcime,1,440,256
HC,159,127,1,Analcime,1,440,256
HC,159,128,1,Analcime,1,440,256
HC,159,129,1,Analcime,1,440,256
HC,159,130,1,Analcime,1,440,256
HC,159,131,1,Analcime,1,440,256
HC,159,132,1,Analcime,1,440,256
HC,159,133,1,Analcime,1,440,256
HC,159,134,1,Analcime,1,440,256
HC,159,135,1,Analcime,1,440,256
HC,159,146,2,Plagioclase,13,440,256
HC,159,147,2,Plagioclase,13,440,256
HC,159,157,5,Serpentine,15,440,256
HC,159,158,5,Serpentine,15,440,256
HC,159,159,5,Serpentine,15,440,256
HC,159,160,5,Serpentine,15,440,256
HC,159,161,5,Serpentine,15,440,256
HC,159,162,5,Serpentine,15,440,256
HC,159,163,5,Serpentine,15,440,256
HC,159,164,5,Serpentine,15,440,256
HC,159,165,5,Serpentine,15,440,256
HC,159,166,5,Serpentine,15,440,256
HC,159,167,5,Serpentine,15,440,256
HC,159,168,5,Serpentine,15,440,256
HC,159,169,5,Serpentine,15,440,256
HC,159,170,5,Serpentine,15,440,256
HC,159,171,5,Serpentine,15,440,256
HC,159,172,5,Serpentine,15,440,256
HC,159,173,5,Serpentine,15,440,256
HC,159,174,5,Serpentine,15,440,256
HC,159,175,5,Serpentine,15,440,256
HC,159,176,5,Serpentine,15,440,256
HC,159,177,5,Serpentine,15,440,256
HC,159,178,5,Serpentine,15,440,256
HC,159,331,5,Serpentine,15,440,256
HC,159,332,5,Serpentine,15,440,256
HC,159,333,5,Serpentine,15,440,256
HC,159,334,5,Serpentine,15,440,256
HC,159,335,5,Serpentine,15,440,256
HC,159,336,5,Serpentine,15,440,256
HC,159,337,5,Serpentine,15,440,256
HC,159,338,5,Serpentine,15,440,256
HC,159,339,5,Serpentine,15,440,256
HC,159,340,5,Serpentine,15,440,256
HC,159,341,5,Serpentine,15,440,256
HC,159,342,5,Serpentine,15,440,256
HC,159,343,5,Serpentine,15,440,256
HC,159,344,5,Serpentine,15,440,256
HC,159,345,5,Serpentine,15,440,256
HC,159,346,5,Serpentine,15,440,256
HC,159,347,5,Serpentine,15,440,256
HC,160,41,4,High-Ca Pyroxene,6,440,256
HC,160,42,4,High-Ca Pyroxene,6,440,256
HC,160,43,4,High-Ca Pyroxene,6,440,256
HC,160,44,4,High-Ca Pyroxene,6,440,256
HC,160,45,4,High-Ca Pyroxene,6,440,256
HC,160,46,4,High-Ca Pyroxene,6,440,256
HC,160,47,4,High-Ca Pyroxene,6,440,256
HC,160,48,4,High-Ca Pyroxene,6,440,256
HC,160,49,4,High-Ca Pyroxene,6,440,256
HC,160,50,4,High-Ca Pyroxene,6,440,256
HC,160,51,4,High-Ca Pyroxene,6,440,256
HC,160,52,4,High-Ca Pyroxene,6,440,256
HC,160,53,4,High-Ca Pyroxene,6,440,256
HC,160,59,3,Prehnite,14,440,256
HC,160,60,3,Prehnite,14,440,256
HC,160,61,3,Prehnite,14,440,256
HC,160,62,3,Prehnite,14,440,256
HC,160,63,3,Prehnite,14,440,256
HC,160,64,3,Prehnite,14,440,256
HC,160,65,3,Prehnite,14,440,256
HC,160,66,3,Prehnite,14,440,256
HC,160,102,1,Analcime,1,440,256
HC,160,103,1,Analcime,1,440,256
HC,160,104,1,Analcime,1,440,256
HC,160,105,1,Analcime,1,440,256
HC,160,106,1,Analcime,1,440,256
HC,160,107,1,Analcime,1,440,256
HC,160,108,1,Analcime,1,440,256
HC,160,109,1,Analcime,1,440,256
HC,160,110,1,Analcime,1,440,256
HC,160,111,1,Analcime,1,440,256
HC,160,112,1,Analcime,1,440,256
HC,160,113,1,Analcime,1,440,256
HC,160,114,1,Analcime,1,440,256
HC,160,115,1,Analcime,1,440,256
HC,160,116,1,Analcime,1,440,256
HC,160,117,1,Analcime,1,440,256
HC,160,118,1,Analcime,1,440,256
HC,160,119,1,Analcime,1,440,256
HC,160,120,1,Analcime,1,440,256
HC,160,121,1,Analcime,1,440,256
HC,160,122,1,Analcime,1,440,256
HC,160,123,1,Analcime,1,440,256
HC,160,124,1,Analcime,1,440,256
HC,160,125,1,Analcime,1,440,256
HC,160,126,1,Analcime,1,440,256
HC,160,127,1,Analcime,1,440,256
HC,160,128,1,Analcime,1,440,256
HC,160,129,1,Analcime,1,440,256
HC,160,130,1,Analcime,1,440,256
HC,160,131,1,Analcime,1,440,256
HC,160,132,1,Analcime,1,440,256
HC,160,133,1,Analcime,1,440,256
HC,160,134,1,Analcime,1,440,256
HC,160,135,1,Analcime,1,440,256
HC,160,157,5,Serpentine,15,440,256
HC,160,158,5,Serpentine,15,440,256
HC,160,159,5,Serpentine,15,440,256
HC,160,160,5,Serpentine,15,440,256
HC,160,161,5,Serpentine,15,440,256
HC,160,162,5,Serpentine,15,440,256
HC,160,163,5,Serpentine,15,440,256
HC,160,164,5,Serpentine,15,440,256
HC,160,165,5,Serpentine,15,440,256
HC,160,166,5,Serpentine,15,440,256
HC,160,167,5,Serpentine,15,440,256
HC,160,168,5,Serpentine,15,440,256
HC,160,169,5,Serpentine,15,440,256
HC,160,170,5,Serpentine,15,440,256
HC,160,171,5,Serpentine,15,440,256
HC,160,172,5,Serpentine,15,440,256
HC,160,173,5,Serpentine,15,440,256
HC,160,174,5,Serpentine,15,440,256
HC,160,175,5,Serpentine,15,440,256
HC,160,176,5,Serpentine,15,440,256
HC,160,177,5,Serpentine,15,440,256
HC,160,178,5,Serpentine,15,440,256
HC,160,333,5,Serpentine,15,440,256
HC,160,334,5,Serpentine,15,440,256
HC,160,335,5,Serpentine,15,440,256
HC,160,336,5,Serpentine,15,440,256
HC,160,337,5,Serpentine,15,440,256
HC,160,338,5,Serpentine,15,440,256
HC,160,339,5,Serpentine,15,440,256
HC,160,340,5,Serpentine,15,440,256
HC,160,341,5,Serpentine,15,440,256
HC,160,342,5,Serpentine,15,440,256
HC,160,343,5,Serpentine,15,440,256
HC,160,344,5,Serpentine,15,440,256
HC,160,345,5,Serpentine,15,440,256
HC,160,346,5,Serpentine,15,440,256
HC,160,347,5,Serpentine,15,440,256
HC,160,348,5,Serpentine,15,440,256
HC,161,41,4,High-Ca Pyroxene,6,440,256
HC,161,42,4,High-Ca Pyroxene,6,440,256
HC,161,43,4,High-Ca Pyroxene,6,440,256
HC,161,44,4,High-Ca Pyroxene,6,440,256
HC,161,45,4,High-Ca Pyroxene,6,440,256
HC,161,46,4,High-Ca Pyroxene,6,440,256
HC,161,47,4,High-Ca Pyroxene,6,440,256
HC,161,48,4,High-Ca Pyroxene,6,440,256
HC,161,49,4,High-Ca Pyroxene,6,440,256
HC,161,50,4,High-Ca Pyroxene,6,440,256
HC,161,51,4,High-Ca Pyroxene,6,440,256
HC,161,52,4,High-Ca Pyroxene,6,440,256
HC,161,53,4,High-Ca Pyroxene,6,440,256
HC,161,59,3,Prehnite,14,440,256
HC,161,60,3,Prehnite,14,440,256
HC,161,61,3,Prehnite,14,440,256
HC,161,62,3,Prehnite,14,440,256
HC,161,63,3,Prehnite,14,440,256
HC,161,64,3,Prehnite,14,440,256
HC,161,65,3,Prehnite,14,440,256
HC,161,66,3,Prehnite,14,440,256
HC,161,102,1,Analcime,1,440,256
HC,161,103,1,Analcime,1,440,256
HC,161,104,1,Analcime,1,440,256
HC,161,105,1,Analcime,1,440,256
HC,161,106,1,Analcime,1,440,256
HC,161,107,1,Analcime,1,440,256
HC,161,108,1,Analcime,1,440,256
HC,161,109,1,Analcime,1,440,256
HC,161,110,1,Analcime,1,440,256
HC,161,111,1,Analcime,1,440,256
HC,161,112,1,Analcime,1,440,256
HC,161,113,1,Analcime,1,440,256
HC,161,114,1,Analcime,1,440,256
HC,161,115,1,Analcime,1,440,256
HC,161,116,1,Analcime,1,440,256
HC,161,117,1,Analcime,1,440,256
HC,161,118,1,Analcime,1,440,256
HC,161,119,1,Analcime,1,440,256
HC,161,120,1,Analcime,1,440,256
HC,161,121,1,Analcime,1,440,256
HC,161,122,1,Analcime,1,440,256
HC,161,123,1,Analcime,1,440,256
HC,161,124,1,Analcime,1,440,256
HC,161,125,1,Analcime,1,440,256
HC,161,126,1,Analcime,1,440,256
HC,161,127,1,Analcime,1,440,256
HC,161,128,1,Analcime,1,440,256
HC,161,129,1,Analcime,1,440,256
HC,161,130,1,Analcime,1,440,256
HC,161,131,1,Analcime,1,440,256
HC,161,132,1,Analcime,1,440,256
HC,161,133,1,Analcime,1,440,256
HC,161,134,1,Analcime,1,440,256
HC,161,135,1,Analcime,1,440,256
HC,161,158,5,Serpentine,15,440,256
HC,161,159,5,Serpentine,15,440,256
HC,161,160,5,Serpentine,15,440,256
HC,161,161,5,Serpentine,15,440,256
HC,161,162,5,Serpentine,15,440,256
HC,161,163,5,Serpentine,15,440,256
HC,161,164,5,Serpentine,15,440,256
HC,161,165,5,Serpentine,15,440,256
HC,161,166,5,Serpentine,15,440,256
HC,161,167,5,Serpentine,15,440,256
HC,161,168,5,Serpentine,15,440,256
HC,161,169,5,Serpentine,15,440,256
HC,161,170,5,Serpentine,15,440,256
HC,161,171,5,Serpentine,15,440,256
HC,161,172,5,Serpentine,15,440,256
HC,161,173,5,Serpentine,15,440,256
HC,161,174,5,Serpentine,15,440,256
HC,161,175,5,Serpentine,15,440,256
HC,161,176,5,Serpentine,15,440,256
HC,161,177,5,Serpentine,15,440,256
HC,161,178,5,Serpentine,15,440,256
HC,161,334,5,Serpentine,15,440,256
HC,161,335,5,Serpentine,15,440,256
HC,161,336,5,Serpentine,15,440,256
HC,161,337,5,Serpentine,15,440,256
HC,161,338,5,Serpentine,15,440,256
HC,161,339,5,Serpentine,15,440,256
HC,161,340,5,Serpentine,15,440,256
HC,161,341,5,Serpentine,15,440,256
HC,161,342,5,Serpentine,15,440,256
HC,161,343,5,Serpentine,15,440,256
HC,161,344,5,Serpentine,15,440,256
HC,161,345,5,Serpentine,15,440,256
HC,161,346,5,Serpentine,15,440,256
HC,161,347,5,Serpentine,15,440,256
HC,161,348,5,Serpentine,15,440,256
HC,161,349,5,Serpentine,15,440,256
HC,162,41,4,High-Ca Pyroxene,6,440,256
HC,162,42,4,High-Ca Pyroxene,6,440,256
HC,162,43,4,High-Ca Pyroxene,6,440,256
HC,162,44,4,High-Ca Pyroxene,6,440,256
HC,162,45,4,High-Ca Pyroxene,6,440,256
HC,162,46,4,High-Ca Pyroxene,6,440,256
HC,162,47,4,High-Ca Pyroxene,6,440,256
HC,162,48,4,High-Ca Pyroxene,6,440,256
HC,162,49,4,High-Ca Pyroxene,6,440,256
HC,162,50,4,High-Ca Pyroxene,6,440,256
HC,162,51,4,High-Ca Pyroxene,6,440,256
HC,162,52,4,High-Ca Pyroxene,6,440,256
HC,162,59,3,Prehnite,14,440,256
HC,162,60,3,Prehnite,14,440,256
HC,162,61,3,Prehnite,14,440,256
HC,162,62,3,Prehnite,14,440,256
HC,162,63,3,Prehnite,14,440,256
HC,162,64,3,Prehnite,14,440,256
HC,162,65,3,Prehnite,14,440,256
HC,162,102,1,Analcime,1,440,256
HC,162,103,1,Analcime,1,440,256
HC,162,104,1,Analcime,1,440,256
HC,162,105,1,Analcime,1,440,256
HC,162,106,1,Analcime,1,440,256
HC,162,107,1,Analcime,1,440,256
HC,162,108,1,Analcime,1,440,256
HC,162,109,1,Analcime,1,440,256
HC,162,110,1,Analcime,1,440,256
HC,162,111,1,Analcime,1,440,256
HC,162,112,1,Analcime,1,440,256
HC,162,113,1,Analcime,1,440,256
HC,162,114,1,Analcime,1,440,256
HC,162,115,1,Analcime,1,440,256
HC,162,116,1,Analcime,1,440,256
HC,162,117,1,Analcime,1,440,256
HC,162,118,1,Analcime,1,440,256
HC,162,119,1,Analcime,1,440,256
HC,162,120,1,Analcime,1,440,256
HC,162,121,1,Analcime,1,440,256
HC,162,122,1,Analcime,1,440,256
HC,162,123,1,Analcime,1,440,256
HC,162,124,1,Analcime,1,440,256
HC,162,125,1,Analcime,1,440,256
HC,162,126,1,Analcime,1,440,256
HC,162,127,1,Analcime,1,440,256
HC,162,128,1,Analcime,1,440,256
HC,162,129,1,Analcime,1,440,256
HC,162,130,1,Analcime,1,440,256
HC,162,131,1,Analcime,1,440,256
HC,162,132,1,Analcime,1,440,256
HC,162,133,1,Analcime,1,440,256
HC,162,134,1,Analcime,1,440,256
HC,162,135,1,Analcime,1,440,256
HC,162,136,1,Analcime,1,440,256
HC,162,137,1,Analcime,1,440,256
HC,162,138,1,Analcime,1,440,256
HC,162,158,5,Serpentine,15,440,256
HC,162,159,5,Serpentine,15,440,256
HC,162,160,5,Serpentine,15,440,256
HC,162,161,5,Serpentine,15,440,256
HC,162,162,5,Serpentine,15,440,256
HC,162,163,5,Serpentine,15,440,256
HC,162,164,5,Serpentine,15,440,256
HC,162,165,5,Serpentine,15,440,256
HC,162,166,5,Serpentine,15,440,256
HC,162,167,5,Serpentine,15,440,256
HC,162,168,5,Serpentine,15,440,256
HC,162,169,5,Serpentine,15,440,256
HC,162,170,5,Serpentine,15,440,256
HC,162,171,5,Serpentine,15,440,256
HC,162,172,5,Serpentine,15,440,256
HC,162,173,5,Serpentine,15,440,256
HC,162,174,5,Serpentine,15,440,256
HC,162,175,5,Serpentine,15,440,256
HC,162,176,5,Serpentine,15,440,256
HC,162,177,5,Serpentine,15,440,256
HC,162,178,5,Serpentine,15,440,256
HC,162,335,5,Serpentine,15,440,256
HC,162,336,5,Serpentine,15,440,256
HC,162,337,5,Serpentine,15,440,256
HC,162,338,5,Serpentine,15,440,256
HC,162,339,5,Serpentine,15,440,256
HC,162,340,5,Serpentine,15,440,256
HC,162,341,5,Serpentine,15,440,256
HC,162,342,5,Serpentine,15,440,256
HC,162,343,5,Serpentine,15,440,256
HC,162,344,5,Serpentine,15,440,256
HC,162,345,5,Serpentine,15,440,256
HC,162,346,5,Serpentine,15,440,256
HC,162,347,5,Serpentine,15,440,256
HC,162,348,5,Serpentine,15,440,256
HC,162,349,5,Serpentine,15,440,256
HC,162,350,5,Serpentine,15,440,256
HC,163,41,4,High-Ca Pyroxene,6,440,256
HC,163,42,4,High-Ca Pyroxene,6,440,256
HC,163,43,4,High-Ca Pyroxene,6,440,256
HC,163,44,4,High-Ca Pyroxene,6,440,256
HC,163,45,4,High-Ca Pyroxene,6,440,256
HC,163,46,4,High-Ca Pyroxene,6,440,256
HC,163,47,4,High-Ca Pyroxene,6,440,256
HC,163,48,4,High-Ca Pyroxene,6,440,256
HC,163,49,4,High-Ca Pyroxene,6,440,256
HC,163,50,4,High-Ca Pyroxene,6,440,256
HC,163,51,4,High-Ca Pyroxene,6,440,256
HC,163,52,4,High-Ca Pyroxene,6,440,256
HC,163,102,1,Analcime,1,440,256
HC,163,103,1,Analcime,1,440,256
HC,163,104,1,Analcime,1,440,256
HC,163,105,1,Analcime,1,440,256
HC,163,106,1,Analcime,1,440,256
HC,163,107,1,Analcime,1,440,256
HC,163,108,1,Analcime,1,440,256
HC,163,109,1,Analcime,1,440,256
HC,163,110,1,Analcime,1,440,256
HC,163,111,1,Analcime,1,440,256
HC,163,112,1,Analcime,1,440,256
HC,163,113,1,Analcime,1,440,256
HC,163,114,1,Analcime,1,440,256
HC,163,115,1,Analcime,1,440,256
HC,163,116,1,Analcime,1,440,256
HC,163,117,1,Analcime,1,440,256
HC,163,118,1,Analcime,1,440,256
HC,163,119,1,Analcime,1,440,256
HC,163,120,1,Analcime,1,440,256
HC,163,121,1,Analcime,1,440,256
HC,163,122,1,Analcime,1,440,256
HC,163,123,1,Analcime,1,440,256
HC,163,124,1,Analcime,1,440,256
HC,163,125,1,Analcime,1,440,256
HC,163,126,1,Analcime,1,440,256
HC,163,127,1,Analcime,1,440,256
HC,163,128,1,Analcime,1,440,256
HC,163,129,1,Analcime,1,440,256
HC,163,130,1,Analcime,1,440,256
HC,163,131,1,Analcime,1,440,256
HC,163,132,1,Analcime,1,440,256
HC,163,133,1,Analcime,1,440,256
HC,163,134,1,Analcime,1,440,256
HC,163,135,1,Analcime,1,440,256
HC,163,136,1,Analcime,1,440,256
HC,163,137,1,Analcime,1,440,256
HC,163,138,1,Analcime,1,440,256
HC,163,139,1,Analcime,1,440,256
HC,163,158,5,Serpentine,15,440,256
HC,163,159,5,Serpentine,15,440,256
HC,163,160,5,Serpentine,15,440,256
HC,163,161,5,Serpentine,15,440,256
HC,163,162,5,Serpentine,15,440,256
HC,163,163,5,Serpentine,15,440,256
HC,163,164,5,Serpentine,15,440,256
HC,163,165,5,Serpentine,15,440,256
HC,163,166,5,Serpentine,15,440,256
HC,163,167,5,Serpentine,15,440,256
HC,163,168,5,Serpentine,15,440,256
HC,163,169,5,Serpentine,15,440,256
HC,163,170,5,Serpentine,15,440,256
HC,163,171,5,Serpentine,15,440,256
HC,163,172,5,Serpentine,15,440,256
HC,163,173,5,Serpentine,15,440,256
HC,163,174,5,Serpentine,15,440,256
HC,163,175,5,Serpentine,15,440,256
HC,163,176,5,Serpentine,15,440,256
HC,163,177,5,Serpentine,15,440,256
HC,163,178,5,Serpentine,15,440,256
HC,163,179,5,Serpentine,15,440,256
HC,163,336,5,Serpentine,15,440,256
HC,163,337,5,Serpentine,15,440,256
HC,163,338,5,Serpentine,15,440,256
HC,163,339,5,Serpentine,15,440,256
HC,163,340,5,Serpentine,15,440,256
HC,163,341,5,Serpentine,15,440,256
HC,163,342,5,Serpentine,15,440,256
HC,163,343,5,Serpentine,15,440,256
HC,163,344,5,Serpentine,15,440,256
HC,163,345,5,Serpentine,15,440,256
HC,163,346,5,Serpentine,15,440,256
HC,163,347,5,Serpentine,15,440,256
HC,163,348,5,Serpentine,15,440,256
HC,163,349,5,Serpentine,15,440,256
HC,163,350,5,Serpentine,15,440,256
HC,163,351,5,Serpentine,15,440,256
HC,164,41,4,High-Ca Pyroxene,6,440,256
HC,164,42,4,High-Ca Pyroxene,6,440,256
HC,164,43,4,High-Ca Pyroxene,6,440,256
HC,164,44,4,High-Ca Pyroxene,6,440,256
HC,164,45,4,High-Ca Pyroxene,6,440,256
HC,164,46,4,High-Ca Pyroxene,6,440,256
HC,164,47,4,High-Ca Pyroxene,6,440,256
HC,164,48,4,High-Ca Pyroxene,6,440,256
HC,164,49,4,High-Ca Pyroxene,6,440,256
HC,164,50,4,High-Ca Pyroxene,6,440,256
HC,164,51,4,High-Ca Pyroxene,6,440,256
HC,164,86,1,Analcime,1,440,256
HC,164,87,1,Analcime,1,440,256
HC,164,88,1,Analcime,1,440,256
HC,164,89,1,Analcime,1,440,256
HC,164,90,1,Analcime,1,440,256
HC,164,91,1,Analcime,1,440,256
HC,164,92,1,Analcime,1,440,256
HC,164,93,1,Analcime,1,440,256
HC,164,103,1,Analcime,1,440,256
HC,164,104,1,Analcime,1,440,256
HC,164,105,1,Analcime,1,440,256
HC,164,106,1,Analcime,1,440,256
HC,164,107,1,Analcime,1,440,256
HC,164,108,1,Analcime,1,440,256
HC,164,109,1,Analcime,1,440,256
HC,164,110,1,Analcime,1,440,256
HC,164,111,1,Analcime,1,440,256
HC,164,112,1,Analcime,1,440,256
HC,164,113,1,Analcime,1,440,256
HC,164,115,1,Analcime,1,440,256
HC,164,116,1,Analcime,1,440,256
HC,164,117,1,Analcime,1,440,256
HC,164,118,1,Analcime,1,440,256
HC,164,119,1,Analcime,1,440,256
HC,164,120,1,Analcime,1,440,256
HC,164,121,1,Analcime,1,440,256
HC,164,122,1,Analcime,1,440,256
HC,164,123,1,Analcime,1,440,256
HC,164,124,1,Analcime,1,440,256
HC,164,125,1,Analcime,1,440,256
HC,164,126,1,Analcime,1,440,256
HC,164,127,1,Analcime,1,440,256
HC,164,128,1,Analcime,1,440,256
HC,164,129,1,Analcime,1,440,256
HC,164,130,1,Analcime,1,440,256
HC,164,131,1,Analcime,1,440,256
HC,164,132,1,Analcime,1,440,256
HC,164,133,1,Analcime,1,440,256
HC,164,134,1,Analcime,1,440,256
HC,164,135,1,Analcime,1,440,256
HC,164,136,1,Analcime,1,440,256
HC,164,137,1,Analcime,1,440,256
HC,164,138,1,Analcime,1,440,256
HC,164,139,1,Analcime,1,440,256
HC,164,158,5,Serpentine,15,440,256
HC,164,159,5,Serpentine,15,440,256
HC,164,160,5,Serpentine,15,440,256
HC,164,161,5,Serpentine,15,440,256
HC,164,162,5,Serpentine,15,440,256
HC,164,163,5,Serpentine,15,440,256
HC,164,164,5,Serpentine,15,440,256
HC,164,165,5,Serpentine,15,440,256
HC,164,166,5,Serpentine,15,440,256
HC,164,167,5,Serpentine,15,440,256
HC,164,168,5,Serpentine,15,440,256
HC,164,169,5,Serpentine,15,440,256
HC,164,170,5,Serpentine,15,440,256
HC,164,171,5,Serpentine,15,440,256
HC,164,172,5,Serpentine,15,440,256
HC,164,173,5,Serpentine,15,440,256
HC,164,174,5,Serpentine,15,440,256
HC,164,175,5,Serpentine,15,440,256
HC,164,176,5,Serpentine,15,440,256
HC,164,177,5,Serpentine,15,440,256
HC,164,178,5,Serpentine,15,440,256
HC,164,179,5,Serpentine,15,440,256
HC,164,336,5,Serpentine,15,440,256
HC,164,337,5,Serpentine,15,440,256
HC,164,338,5,Serpentine,15,440,256
HC,164,339,5,Serpentine,15,440,256
HC,164,340,5,Serpentine,15,440,256
HC,164,341,5,Serpentine,15,440,256
HC,164,342,5,Serpentine,15,440,256
HC,164,343,5,Serpentine,15,440,256
HC,164,344,5,Serpentine,15,440,256
HC,164,345,5,Serpentine,15,440,256
HC,164,346,5,Serpentine,15,440,256
HC,164,347,5,Serpentine,15,440,256
HC,164,348,5,Serpentine,15,440,256
HC,164,349,5,Serpentine,15,440,256
HC,164,350,5,Serpentine,15,440,256
HC,164,351,5,Serpentine,15,440,256
HC,164,352,5,Serpentine,15,440,256
HC,164,353,5,Serpentine,15,440,256
HC,165,40,4,High-Ca Pyroxene,6,440,256
HC,165,41,4,High-Ca Pyroxene,6,440,256
HC,165,42,4,High-Ca Pyroxene,6,440,256
HC,165,43,4,High-Ca Pyroxene,6,440,256
HC,165,44,4,High-Ca Pyroxene,6,440,256
HC,165,45,4,High-Ca Pyroxene,6,440,256
HC,165,46,4,High-Ca Pyroxene,6,440,256
HC,165,47,4,High-Ca Pyroxene,6,440,256
HC,165,48,4,High-Ca Pyroxene,6,440,256
HC,165,49,4,High-Ca Pyroxene,6,440,256
HC,165,50,4,High-Ca Pyroxene,6,440,256
HC,165,51,4,High-Ca Pyroxene,6,440,256
HC,165,84,1,Analcime,1,440,256
HC,165,85,1,Analcime,1,440,256
HC,165,86,1,Analcime,1,440,256
HC,165,87,1,Analcime,1,440,256
HC,165,88,1,Analcime,1,440,256
HC,165,89,1,Analcime,1,440,256
HC,165,90,1,Analcime,1,440,256
HC,165,91,1,Analcime,1,440,256
HC,165,92,1,Analcime,1,440,256
HC,165,93,1,Analcime,1,440,256
HC,165,94,1,Analcime,1,440,256
HC,165,105,1,Analcime,1,440,256
HC,165,106,1,Analcime,1,440,256
HC,165,107,1,Analcime,1,440,256
HC,165,108,1,Analcime,1,440,256
HC,165,109,1,Analcime,1,440,256
HC,165,116,1,Analcime,1,440,256
HC,165,117,1,Analcime,1,440,256
HC,165,118,1,Analcime,1,440,256
HC,165,119,1,Analcime,1,440,256
HC,165,120,1,Analcime,1,440,256
HC,165,121,1,Analcime,1,440,256
HC,165,122,1,Analcime,1,440,256
HC,165,123,1,Analcime,1,440,256
HC,165,124,1,Analcime,1,440,256
HC,165,125,1,Analcime,1,440,256
HC,165,126,1,Analcime,1,440,256
HC,165,127,1,Analcime,1,440,256
HC,165,128,1,Analcime,1,440,256
HC,165,129,1,Analcime,1,440,256
HC,165,130,1,Analcime,1,440,256
HC,165,131,1,Analcime,1,440,256
HC,165,132,1,Analcime,1,440,256
HC,165,133,1,Analcime,1,440,256
HC,165,134,1,Analcime,1,440,256
HC,165,135,1,Analcime,1,440,256
HC,165,136,1,Analcime,1,440,256
HC,165,137,1,Analcime,1,440,256
HC,165,138,1,Analcime,1,440,256
HC,165,139,1,Analcime,1,440,256
HC,165,158,5,Serpentine,15,440,256
HC,165,159,5,Serpentine,15,440,256
HC,165,160,5,Serpentine,15,440,256
HC,165,161,5,Serpentine,15,440,256
HC,165,162,5,Serpentine,15,440,256
HC,165,163,5,Serpentine,15,440,256
HC,165,164,5,Serpentine,15,440,256
HC,165,165,5,Serpentine,15,440,256
HC,165,166,5,Serpentine,15,440,256
HC,165,167,5,Serpentine,15,440,256
HC,165,168,5,Serpentine,15,440,256
HC,165,169,5,Serpentine,15,440,256
HC,165,170,5,Serpentine,15,440,256
HC,165,171,5,Serpentine,15,440,256
HC,165,172,5,Serpentine,15,440,256
HC,165,173,5,Serpentine,15,440,256
HC,165,174,5,Serpentine,15,440,256
HC,165,175,5,Serpentine,15,440,256
HC,165,176,5,Serpentine,15,440,256
HC,165,177,5,Serpentine,15,440,256
HC,165,178,5,Serpentine,15,440,256
HC,165,179,5,Serpentine,15,440,256
HC,165,338,5,Serpentine,15,440,256
HC,165,339,5,Serpentine,15,440,256
HC,165,340,5,Serpentine,15,440,256
HC,165,341,5,Serpentine,15,440,256
HC,165,342,5,Serpentine,15,440,256
HC,165,343,5,Serpentine,15,440,256
HC,165,344,5,Serpentine,15,440,256
HC,165,345,5,Serpentine,15,440,256
HC,165,346,5,Serpentine,15,440,256
HC,165,347,5,Serpentine,15,440,256
HC,165,348,5,Serpentine,15,440,256
HC,165,349,5,Serpentine,15,440,256
HC,165,350,5,Serpentine,15,440,256
HC,165,351,5,Serpentine,15,440,256
HC,165,352,5,Serpentine,15,440,256
HC,165,353,5,Serpentine,15,440,256
HC,165,354,5,Serpentine,15,440,256
HC,165,355,5,Serpentine,15,440,256
HC,165,356,5,Serpentine,15,440,256
HC,166,40,4,High-Ca Pyroxene,6,440,256
HC,166,41,4,High-Ca Pyroxene,6,440,256
HC,166,42,4,High-Ca Pyroxene,6,440,256
HC,166,43,4,High-Ca Pyroxene,6,440,256
HC,166,44,4,High-Ca Pyroxene,6,440,256
HC,166,45,4,High-Ca Pyroxene,6,440,256
HC,166,46,4,High-Ca Pyroxene,6,440,256
HC,166,47,4,High-Ca Pyroxene,6,440,256
HC,166,48,4,High-Ca Pyroxene,6,440,256
HC,166,49,4,High-Ca Pyroxene,6,440,256
HC,166,50,4,High-Ca Pyroxene,6,440,256
HC,166,51,4,High-Ca Pyroxene,6,440,256
HC,166,83,1,Analcime,1,440,256
HC,166,84,1,Analcime,1,440,256
HC,166,85,1,Analcime,1,440,256
HC,166,86,1,Analcime,1,440,256
HC,166,87,1,Analcime,1,440,256
HC,166,88,1,Analcime,1,440,256
HC,166,89,1,Analcime,1,440,256
HC,166,90,1,Analcime,1,440,256
HC,166,91,1,Analcime,1,440,256
HC,166,92,1,Analcime,1,440,256
HC,166,93,1,Analcime,1,440,256
HC,166,94,1,Analcime,1,440,256
HC,166,95,1,Analcime,1,440,256
HC,166,117,1,Analcime,1,440,256
HC,166,118,1,Analcime,1,440,256
HC,166,119,1,Analcime,1,440,256
HC,166,120,1,Analcime,1,440,256
HC,166,121,1,Analcime,1,440,256
HC,166,122,1,Analcime,1,440,256
HC,166,123,1,Analcime,1,440,256
HC,166,124,1,Analcime,1,440,256
HC,166,125,1,Analcime,1,440,256
HC,166,126,1,Analcime,1,440,256
HC,166,127,1,Analcime,1,440,256
HC,166,128,1,Analcime,1,440,256
HC,166,129,1,Analcime,1,440,256
HC,166,130,1,Analcime,1,440,256
HC,166,131,1,Analcime,1,440,256
HC,166,132,1,Analcime,1,440,256
HC,166,133,1,Analcime,1,440,256
HC,166,134,1,Analcime,1,440,256
HC,166,135,1,Analcime,1,440,256
HC,166,136,1,Analcime,1,440,256
HC,166,137,1,Analcime,1,440,256
HC,166,138,1,Analcime,1,440,256
HC,166,158,5,Serpentine,15,440,256
HC,166,159,5,Serpentine,15,440,256
HC,166,160,5,Serpentine,15,440,256
HC,166,161,5,Serpentine,15,440,256
HC,166,162,5,Serpentine,15,440,256
HC,166,163,5,Serpentine,15,440,256
HC,166,164,5,Serpentine,15,440,256
HC,166,165,5,Serpentine,15,440,256
HC,166,166,5,Serpentine,15,440,256
HC,166,167,5,Serpentine,15,440,256
HC,166,168,5,Serpentine,15,440,256
HC,166,169,5,Serpentine,15,440,256
HC,166,170,5,Serpentine,15,440,256
HC,166,171,5,Serpentine,15,440,256
HC,166,172,5,Serpentine,15,440,256
HC,166,173,5,Serpentine,15,440,256
HC,166,174,5,Serpentine,15,440,256
HC,166,175,5,Serpentine,15,440,256
HC,166,176,5,Serpentine,15,440,256
HC,166,177,5,Serpentine,15,440,256
HC,166,178,5,Serpentine,15,440,256
HC,166,179,5,Serpentine,15,440,256
HC,166,342,5,Serpentine,15,440,256
HC,166,343,5,Serpentine,15,440,256
HC,166,344,5,Serpentine,15,440,256
HC,166,345,5,Serpentine,15,440,256
HC,166,346,5,Serpentine,15,440,256
HC,166,347,5,Serpentine,15,440,256
HC,166,348,5,Serpentine,15,440,256
HC,166,349,5,Serpentine,15,440,256
HC,166,350,5,Serpentine,15,440,256
HC,166,351,5,Serpentine,15,440,256
HC,166,352,5,Serpentine,15,440,256
HC,166,353,5,Serpentine,15,440,256
HC,166,354,5,Serpentine,15,440,256
HC,166,355,5,Serpentine,15,440,256
HC,166,356,5,Serpentine,15,440,256
HC,166,357,5,Serpentine,15,440,256
HC,167,40,4,High-Ca Pyroxene,6,440,256
HC,167,41,4,High-Ca Pyroxene,6,440,256
HC,167,42,4,High-Ca Pyroxene,6,440,256
HC,167,43,4,High-Ca Pyroxene,6,440,256
HC,167,44,4,High-Ca Pyroxene,6,440,256
HC,167,45,4,High-Ca Pyroxene,6,440,256
HC,167,46,4,High-Ca Pyroxene,6,440,256
HC,167,47,4,High-Ca Pyroxene,6,440,256
HC,167,48,4,High-Ca Pyroxene,6,440,256
HC,167,49,4,High-Ca Pyroxene,6,440,256
HC,167,50,4,High-Ca Pyroxene,6,440,256
HC,167,51,4,High-Ca Pyroxene,6,440,256
HC,167,83,1,Analcime,1,440,256
HC,167,84,1,Analcime,1,440,256
HC,167,85,1,Analcime,1,440,256
HC,167,86,1,Analcime,1,440,256
HC,167,87,1,Analcime,1,440,256
HC,167,88,1,Analcime,1,440,256
HC,167,89,1,Analcime,1,440,256
HC,167,90,1,Analcime,1,440,256
HC,167,91,1,Analcime,1,440,256
HC,167,92,1,Analcime,1,440,256
HC,167,93,1,Analcime,1,440,256
HC,167,94,1,Analcime,1,440,256
HC,167,95,1,Analcime,1,440,256
HC,167,118,1,Analcime,1,440,256
HC,167,119,1,Analcime,1,440,256
HC,167,120,1,Analcime,1,440,256
HC,167,121,1,Analcime,1,440,256
HC,167,122,1,Analcime,1,440,256
HC,167,123,1,Analcime,1,440,256
HC,167,124,1,Analcime,1,440,256
HC,167,125,1,Analcime,1,440,256
HC,167,126,1,Analcime,1,440,256
HC,167,127,1,Analcime,1,440,256
HC,167,128,1,Analcime,1,440,256
HC,167,129,1,Analcime,1,440,256
HC,167,130,1,Analcime,1,440,256
HC,167,131,1,Analcime,1,440,256
HC,167,132,1,Analcime,1,440,256
HC,167,133,1,Analcime,1,440,256
HC,167,134,1,Analcime,1,440,256
HC,167,135,1,Analcime,1,440,256
HC,167,136,1,Analcime,1,440,256
HC,167,137,1,Analcime,1,440,256
HC,167,138,1,Analcime,1,440,256
HC,167,158,5,Serpentine,15,440,256
HC,167,159,5,Serpentine,15,440,256
HC,167,160,5,Serpentine,15,440,256
HC,167,161,5,Serpentine,15,440,256
HC,167,162,5,Serpentine,15,440,256
HC,167,163,5,Serpentine,15,440,256
HC,167,164,5,Serpentine,15,440,256
HC,167,165,5,Serpentine,15,440,256
HC,167,166,5,Serpentine,15,440,256
HC,167,167,5,Serpentine,15,440,256
HC,167,168,5,Serpentine,15,440,256
HC,167,169,5,Serpentine,15,440,256
HC,167,170,5,Serpentine,15,440,256
HC,167,171,5,Serpentine,15,440,256
HC,167,172,5,Serpentine,15,440,256
HC,167,173,5,Serpentine,15,440,256
HC,167,174,5,Serpentine,15,440,256
HC,167,175,5,Serpentine,15,440,256
HC,167,176,5,Serpentine,15,440,256
HC,167,177,5,Serpentine,15,440,256
HC,167,178,5,Serpentine,15,440,256
HC,167,179,5,Serpentine,15,440,256
HC,167,344,5,Serpentine,15,440,256
HC,167,345,5,Serpentine,15,440,256
HC,167,346,5,Serpentine,15,440,256
HC,167,347,5,Serpentine,15,440,256
HC,167,348,5,Serpentine,15,440,256
HC,167,349,5,Serpentine,15,440,256
HC,167,350,5,Serpentine,15,440,256
HC,167,351,5,Serpentine,15,440,256
HC,167,352,5,Serpentine,15,440,256
HC,167,353,5,Serpentine,15,440,256
HC,167,354,5,Serpentine,15,440,256
HC,167,355,5,Serpentine,15,440,256
HC,167,356,5,Serpentine,15,440,256
HC,167,357,5,Serpentine,15,440,256
HC,167,358,5,Serpentine,15,440,256
HC,168,40,4,High-Ca Pyroxene,6,440,256
HC,168,41,4,High-Ca Pyroxene,6,440,256
HC,168,42,4,High-Ca Pyroxene,6,440,256
HC,168,43,4,High-Ca Pyroxene,6,440,256
HC,168,44,4,High-Ca Pyroxene,6,440,256
HC,168,45,4,High-Ca Pyroxene,6,440,256
HC,168,46,4,High-Ca Pyroxene,6,440,256
HC,168,47,4,High-Ca Pyroxene,6,440,256
HC,168,48,4,High-Ca Pyroxene,6,440,256
HC,168,49,4,High-Ca Pyroxene,6,440,256
HC,168,50,4,High-Ca Pyroxene,6,440,256
HC,168,51,4,High-Ca Pyroxene,6,440,256
HC,168,83,1,Analcime,1,440,256
HC,168,84,1,Analcime,1,440,256
HC,168,85,1,Analcime,1,440,256
HC,168,86,1,Analcime,1,440,256
HC,168,87,1,Analcime,1,440,256
HC,168,88,1,Analcime,1,440,256
HC,168,89,1,Analcime,1,440,256
HC,168,90,1,Analcime,1,440,256
HC,168,91,1,Analcime,1,440,256
HC,168,92,1,Analcime,1,440,256
HC,168,93,1,Analcime,1,440,256
HC,168,94,1,Analcime,1,440,256
HC,168,95,1,Analcime,1,440,256
HC,168,119,1,Analcime,1,440,256
HC,168,120,1,Analcime,1,440,256
HC,168,121,1,Analcime,1,440,256
HC,168,122,1,Analcime,1,440,256
HC,168,123,1,Analcime,1,440,256
HC,168,124,1,Analcime,1,440,256
HC,168,125,1,Analcime,1,440,256
HC,168,126,1,Analcime,1,440,256
HC,168,129,1,Analcime,1,440,256
HC,168,130,1,Analcime,1,440,256
HC,168,131,1,Analcime,1,440,256
HC,168,132,1,Analcime,1,440,256
HC,168,133,1,Analcime,1,440,256
HC,168,134,1,Analcime,1,440,256
HC,168,135,1,Analcime,1,440,256
HC,168,136,1,Analcime,1,440,256
HC,168,159,5,Serpentine,15,440,256
HC,168,160,5,Serpentine,15,440,256
HC,168,161,5,Serpentine,15,440,256
HC,168,162,5,Serpentine,15,440,256
HC,168,163,5,Serpentine,15,440,256
HC,168,164,5,Serpentine,15,440,256
HC,168,165,5,Serpentine,15,440,256
HC,168,166,5,Serpentine,15,440,256
HC,168,167,5,Serpentine,15,440,256
HC,168,168,5,Serpentine,15,440,256
HC,168,169,5,Serpentine,15,440,256
HC,168,170,5,Serpentine,15,440,256
HC,168,171,5,Serpentine,15,440,256
HC,168,172,5,Serpentine,15,440,256
HC,168,173,5,Serpentine,15,440,256
HC,168,174,5,Serpentine,15,440,256
HC,168,175,5,Serpentine,15,440,256
HC,168,176,5,Serpentine,15,440,256
HC,168,177,5,Serpentine,15,440,256
HC,168,178,5,Serpentine,15,440,256
HC,168,179,5,Serpentine,15,440,256
HC,168,348,5,Serpentine,15,440,256
HC,168,349,5,Serpentine,15,440,256
HC,168,350,5,Serpentine,15,440,256
HC,168,351,5,Serpentine,15,440,256
HC,168,352,5,Serpentine,15,440,256
HC,168,353,5,Serpentine,15,440,256
HC,168,354,5,Serpentine,15,440,256
HC,168,355,5,Serpentine,15,440,256
HC,168,356,5,Serpentine,15,440,256
HC,168,357,5,Serpentine,15,440,256
HC,168,358,5,Serpentine,15,440,256
HC,168,359,5,Serpentine,15,440,256
HC,169,40,4,High-Ca Pyroxene,6,440,256
HC,169,41,4,High-Ca Pyroxene,6,440,256
HC,169,42,4,High-Ca Pyroxene,6,440,256
HC,169,43,4,High-Ca Pyroxene,6,440,256
HC,169,44,4,High-Ca Pyroxene,6,440,256
HC,169,45,4,High-Ca Pyroxene,6,440,256
HC,169,46,4,High-Ca Pyroxene,6,440,256
HC,169,47,4,High-Ca Pyroxene,6,440,256
HC,169,48,4,High-Ca Pyroxene,6,440,256
HC,169,49,4,High-Ca Pyroxene,6,440,256
HC,169,50,4,High-Ca Pyroxene,6,440,256
HC,169,83,1,Analcime,1,440,256
HC,169,84,1,Analcime,1,440,256
HC,169,85,1,Analcime,1,440,256
HC,169,86,1,Analcime,1,440,256
HC,169,87,1,Analcime,1,440,256
HC,169,88,1,Analcime,1,440,256
HC,169,89,1,Analcime,1,440,256
HC,169,90,1,Analcime,1,440,256
HC,169,91,1,Analcime,1,440,256
HC,169,92,1,Analcime,1,440,256
HC,169,93,1,Analcime,1,440,256
HC,169,94,1,Analcime,1,440,256
HC,169,95,1,Analcime,1,440,256
HC,169,159,5,Serpentine,15,440,256
HC,169,160,5,Serpentine,15,440,256
HC,169,161,5,Serpentine,15,440,256
HC,169,162,5,Serpentine,15,440,256
HC,169,163,5,Serpentine,15,440,256
HC,169,164,5,Serpentine,15,440,256
HC,169,165,5,Serpentine,15,440,256
HC,169,166,5,Serpentine,15,440,256
HC,169,167,5,Serpentine,15,440,256
HC,169,168,5,Serpentine,15,440,256
HC,169,169,5,Serpentine,15,440,256
HC,169,170,5,Serpentine,15,440,256
HC,169,171,5,Serpentine,15,440,256
HC,169,172,5,Serpentine,15,440,256
HC,169,173,5,Serpentine,15,440,256
HC,169,174,5,Serpentine,15,440,256
HC,169,175,5,Serpentine,15,440,256
HC,169,176,5,Serpentine,15,440,256
HC,169,177,5,Serpentine,15,440,256
HC,169,178,5,Serpentine,15,440,256
HC,169,179,5,Serpentine,15,440,256
HC,169,350,5,Serpentine,15,440,256
HC,169,351,5,Serpentine,15,440,256
HC,169,352,5,Serpentine,15,440,256
HC,169,353,5,Serpentine,15,440,256
HC,169,354,5,Serpentine,15,440,256
HC,169,355,5,Serpentine,15,440,256
HC,169,356,5,Serpentine,15,440,256
HC,169,357,5,Serpentine,15,440,256
HC,169,358,5,Serpentine,15,440,256
HC,169,359,5,Serpentine,15,440,256
HC,169,360,5,Serpentine,15,440,256
HC,170,40,4,High-Ca Pyroxene,6,440,256
HC,170,41,4,High-Ca Pyroxene,6,440,256
HC,170,42,4,High-Ca Pyroxene,6,440,256
HC,170,43,4,High-Ca Pyroxene,6,440,256
HC,170,44,4,High-Ca Pyroxene,6,440,256
HC,170,45,4,High-Ca Pyroxene,6,440,256
HC,170,46,4,High-Ca Pyroxene,6,440,256
HC,170,47,4,High-Ca Pyroxene,6,440,256
HC,170,48,4,High-Ca Pyroxene,6,440,256
HC,170,49,4,High-Ca Pyroxene,6,440,256
HC,170,50,4,High-Ca Pyroxene,6,440,256
HC,170,84,1,Analcime,1,440,256
HC,170,85,1,Analcime,1,440,256
HC,170,86,1,Analcime,1,440,256
HC,170,87,1,Analcime,1,440,256
HC,170,88,1,Analcime,1,440,256
HC,170,89,1,Analcime,1,440,256
HC,170,90,1,Analcime,1,440,256
HC,170,91,1,Analcime,1,440,256
HC,170,92,1,Analcime,1,440,256
HC,170,93,1,Analcime,1,440,256
HC,170,94,1,Analcime,1,440,256
HC,170,95,1,Analcime,1,440,256
HC,170,159,5,Serpentine,15,440,256
HC,170,160,5,Serpentine,15,440,256
HC,170,161,5,Serpentine,15,440,256
HC,170,162,5,Serpentine,15,440,256
HC,170,163,5,Serpentine,15,440,256
HC,170,164,5,Serpentine,15,440,256
HC,170,165,5,Serpentine,15,440,256
HC,170,166,5,Serpentine,15,440,256
HC,170,167,5,Serpentine,15,440,256
HC,170,168,5,Serpentine,15,440,256
HC,170,169,5,Serpentine,15,440,256
HC,170,170,5,Serpentine,15,440,256
HC,170,171,5,Serpentine,15,440,256
HC,170,172,5,Serpentine,15,440,256
HC,170,173,5,Serpentine,15,440,256
HC,170,174,5,Serpentine,15,440,256
HC,170,175,5,Serpentine,15,440,256
HC,170,176,5,Serpentine,15,440,256
HC,170,177,5,Serpentine,15,440,256
HC,170,178,5,Serpentine,15,440,256
HC,170,179,5,Serpentine,15,440,256
HC,170,351,5,Serpentine,15,440,256
HC,170,352,5,Serpentine,15,440,256
HC,170,353,5,Serpentine,15,440,256
HC,170,354,5,Serpentine,15,440,256
HC,170,355,5,Serpentine,15,440,256
HC,170,356,5,Serpentine,15,440,256
HC,170,357,5,Serpentine,15,440,256
HC,170,358,5,Serpentine,15,440,256
HC,170,359,5,Serpentine,15,440,256
HC,170,360,5,Serpentine,15,440,256
HC,170,361,5,Serpentine,15,440,256
HC,171,40,4,High-Ca Pyroxene,6,440,256
HC,171,41,4,High-Ca Pyroxene,6,440,256
HC,171,42,4,High-Ca Pyroxene,6,440,256
HC,171,43,4,High-Ca Pyroxene,6,440,256
HC,171,44,4,High-Ca Pyroxene,6,440,256
HC,171,45,4,High-Ca Pyroxene,6,440,256
HC,171,46,4,High-Ca Pyroxene,6,440,256
HC,171,47,4,High-Ca Pyroxene,6,440,256
HC,171,48,4,High-Ca Pyroxene,6,440,256
HC,171,49,4,High-Ca Pyroxene,6,440,256
HC,171,50,4,High-Ca Pyroxene,6,440,256
HC,171,85,1,Analcime,1,440,256
HC,171,86,1,Analcime,1,440,256
HC,171,87,1,Analcime,1,440,256
HC,171,88,1,Analcime,1,440,256
HC,171,89,1,Analcime,1,440,256
HC,171,90,1,Analcime,1,440,256
HC,171,91,1,Analcime,1,440,256
HC,171,92,1,Analcime,1,440,256
HC,171,93,1,Analcime,1,440,256
HC,171,94,1,Analcime,1,440,256
HC,171,160,5,Serpentine,15,440,256
HC,171,161,5,Serpentine,15,440,256
HC,171,162,5,Serpentine,15,440,256
HC,171,163,5,Serpentine,15,440,256
HC,171,164,5,Serpentine,15,440,256
HC,171,165,5,Serpentine,15,440,256
HC,171,166,5,Serpentine,15,440,256
HC,171,167,5,Serpentine,15,440,256
HC,171,168,5,Serpentine,15,440,256
HC,171,169,5,Serpentine,15,440,256
HC,171,170,5,Serpentine,15,440,256
HC,171,171,5,Serpentine,15,440,256
HC,171,172,5,Serpentine,15,440,256
HC,171,173,5,Serpentine,15,440,256
HC,171,174,5,Serpentine,15,440,256
HC,171,175,5,Serpentine,15,440,256
HC,171,176,5,Serpentine,15,440,256
HC,171,177,5,Serpentine,15,440,256
HC,171,178,5,Serpentine,15,440,256
HC,171,179,5,Serpentine,15,440,256
HC,171,356,5,Serpentine,15,440,256
HC,171,357,5,Serpentine,15,440,256
HC,171,358,5,Serpentine,15,440,256
HC,171,359,5,Serpentine,15,440,256
HC,171,360,5,Serpentine,15,440,256
HC,171,361,5,Serpentine,15,440,256
HC,172,41,4,High-Ca Pyroxene,6,440,256
HC,172,42,4,High-Ca Pyroxene,6,440,256
HC,172,43,4,High-Ca Pyroxene,6,440,256
HC,172,44,4,High-Ca Pyroxene,6,440,256
HC,172,45,4,High-Ca Pyroxene,6,440,256
HC,172,46,4,High-Ca Pyroxene,6,440,256
HC,172,47,4,High-Ca Pyroxene,6,440,256
HC,172,48,4,High-Ca Pyroxene,6,440,256
HC,172,49,4,High-Ca Pyroxene,6,440,256
HC,172,50,4,High-Ca Pyroxene,6,440,256
HC,172,86,1,Analcime,1,440,256
HC,172,87,1,Analcime,1,440,256
HC,172,88,1,Analcime,1,440,256
HC,172,89,1,Analcime,1,440,256
HC,172,90,1,Analcime,1,440,256
HC,172,91,1,Analcime,1,440,256
HC,172,92,1,Analcime,1,440,256
HC,172,93,1,Analcime,1,440,256
HC,172,94,1,Analcime,1,440,256
HC,172,160,5,Serpentine,15,440,256
HC,172,161,5,Serpentine,15,440,256
HC,172,162,5,Serpentine,15,440,256
HC,172,163,5,Serpentine,15,440,256
HC,172,164,5,Serpentine,15,440,256
HC,172,165,5,Serpentine,15,440,256
HC,172,166,5,Serpentine,15,440,256
HC,172,167,5,Serpentine,15,440,256
HC,172,168,5,Serpentine,15,440,256
HC,172,169,5,Serpentine,15,440,256
HC,172,170,5,Serpentine,15,440,256
HC,172,171,5,Serpentine,15,440,256
HC,172,172,5,Serpentine,15,440,256
HC,172,173,5,Serpentine,15,440,256
HC,172,174,5,Serpentine,15,440,256
HC,172,175,5,Serpentine,15,440,256
HC,172,176,5,Serpentine,15,440,256
HC,172,177,5,Serpentine,15,440,256
HC,172,178,5,Serpentine,15,440,256
HC,172,179,5,Serpentine,15,440,256
HC,172,358,5,Serpentine,15,440,256
HC,172,359,5,Serpentine,15,440,256
HC,172,360,5,Serpentine,15,440,256
HC,172,361,5,Serpentine,15,440,256
HC,173,41,4,High-Ca Pyroxene,6,440,256
HC,173,42,4,High-Ca Pyroxene,6,440,256
HC,173,43,4,High-Ca Pyroxene,6,440,256
HC,173,44,4,High-Ca Pyroxene,6,440,256
HC,173,45,4,High-Ca Pyroxene,6,440,256
HC,173,46,4,High-Ca Pyroxene,6,440,256
HC,173,47,4,High-Ca Pyroxene,6,440,256
HC,173,48,4,High-Ca Pyroxene,6,440,256
HC,173,49,4,High-Ca Pyroxene,6,440,256
HC,173,90,1,Analcime,1,440,256
HC,173,91,1,Analcime,1,440,256
HC,173,92,1,Analcime,1,440,256
HC,173,93,1,Analcime,1,440,256
HC,173,94,1,Analcime,1,440,256
HC,173,160,5,Serpentine,15,440,256
HC,173,161,5,Serpentine,15,440,256
HC,173,162,5,Serpentine,15,440,256
HC,173,163,5,Serpentine,15,440,256
HC,173,164,5,Serpentine,15,440,256
HC,173,165,5,Serpentine,15,440,256
HC,173,166,5,Serpentine,15,440,256
HC,173,167,5,Serpentine,15,440,256
HC,173,168,5,Serpentine,15,440,256
HC,173,169,5,Serpentine,15,440,256
HC,173,170,5,Serpentine,15,440,256
HC,173,171,5,Serpentine,15,440,256
HC,173,172,5,Serpentine,15,440,256
HC,173,173,5,Serpentine,15,440,256
HC,173,174,5,Serpentine,15,440,256
HC,173,175,5,Serpentine,15,440,256
HC,173,176,5,Serpentine,15,440,256
HC,173,177,5,Serpentine,15,440,256
HC,173,178,5,Serpentine,15,440,256
HC,173,179,5,Serpentine,15,440,256
HC,174,41,4,High-Ca Pyroxene,6,440,256
HC,174,42,4,High-Ca Pyroxene,6,440,256
HC,174,43,4,High-Ca Pyroxene,6,440,256
HC,174,44,4,High-Ca Pyroxene,6,440,256
HC,174,45,4,High-Ca Pyroxene,6,440,256
HC,174,46,4,High-Ca Pyroxene,6,440,256
HC,174,47,4,High-Ca Pyroxene,6,440,256
HC,174,48,4,High-Ca Pyroxene,6,440,256
HC,174,49,4,High-Ca Pyroxene,6,440,256
HC,174,161,5,Serpentine,15,440,256
HC,174,162,5,Serpentine,15,440,256
HC,174,163,5,Serpentine,15,440,256
HC,174,164,5,Serpentine,15,440,256
HC,174,165,5,Serpentine,15,440,256
HC,174,166,5,Serpentine,15,440,256
HC,174,167,5,Serpentine,15,440,256
HC,174,168,5,Serpentine,15,440,256
HC,174,169,5,Serpentine,15,440,256
HC,174,170,5,Serpentine,15,440,256
HC,174,171,5,Serpentine,15,440,256
HC,174,172,5,Serpentine,15,440,256
HC,174,173,5,Serpentine,15,440,256
HC,174,174,5,Serpentine,15,440,256
HC,174,175,5,Serpentine,15,440,256
HC,174,176,5,Serpentine,15,440,256
HC,174,177,5,Serpentine,15,440,256
HC,174,178,5,Serpentine,15,440,256
HC,174,179,5,Serpentine,15,440,256
HC,175,41,4,High-Ca Pyroxene,6,440,256
HC,175,42,4,High-Ca Pyroxene,6,440,256
HC,175,43,4,High-Ca Pyroxene,6,440,256
HC,175,44,4,High-Ca Pyroxene,6,440,256
HC,175,45,4,High-Ca Pyroxene,6,440,256
HC,175,46,4,High-Ca Pyroxene,6,440,256
HC,175,47,4,High-Ca Pyroxene,6,440,256
HC,175,48,4,High-Ca Pyroxene,6,440,256
HC,175,49,4,High-Ca Pyroxene,6,440,256
HC,175,161,5,Serpentine,15,440,256
HC,175,162,5,Serpentine,15,440,256
HC,175,163,5,Serpentine,15,440,256
HC,175,164,5,Serpentine,15,440,256
HC,175,165,5,Serpentine,15,440,256
HC,175,166,5,Serpentine,15,440,256
HC,175,167,5,Serpentine,15,440,256
HC,175,168,5,Serpentine,15,440,256
HC,175,169,5,Serpentine,15,440,256
HC,175,170,5,Serpentine,15,440,256
HC,175,171,5,Serpentine,15,440,256
HC,175,172,5,Serpentine,15,440,256
HC,175,173,5,Serpentine,15,440,256
HC,175,174,5,Serpentine,15,440,256
HC,175,175,5,Serpentine,15,440,256
HC,175,176,5,Serpentine,15,440,256
HC,175,177,5,Serpentine,15,440,256
HC,175,178,5,Serpentine,15,440,256
HC,175,179,5,Serpentine,15,440,256
HC,176,42,4,High-Ca Pyroxene,6,440,256
HC,176,43,4,High-Ca Pyroxene,6,440,256
HC,176,44,4,High-Ca Pyroxene,6,440,256
HC,176,45,4,High-Ca Pyroxene,6,440,256
HC,176,46,4,High-Ca Pyroxene,6,440,256
HC,176,47,4,High-Ca Pyroxene,6,440,256
HC,176,48,4,High-Ca Pyroxene,6,440,256
HC,176,163,5,Serpentine,15,440,256
HC,176,164,5,Serpentine,15,440,256
HC,176,165,5,Serpentine,15,440,256
HC,176,166,5,Serpentine,15,440,256
HC,176,167,5,Serpentine,15,440,256
HC,176,168,5,Serpentine,15,440,256
HC,176,169,5,Serpentine,15,440,256
HC,176,170,5,Serpentine,15,440,256
HC,176,171,5,Serpentine,15,440,256
HC,176,172,5,Serpentine,15,440,256
HC,176,173,5,Serpentine,15,440,256
HC,176,174,5,Serpentine,15,440,256
HC,176,175,5,Serpentine,15,440,256
HC,176,176,5,Serpentine,15,440,256
HC,176,177,5,Serpentine,15,440,256
HC,176,178,5,Serpentine,15,440,256
HC,176,179,5,Serpentine,15,440,256
HC,177,43,4,High-Ca Pyroxene,6,440,256
HC,177,44,4,High-Ca Pyroxene,6,440,256
HC,177,45,4,High-Ca Pyroxene,6,440,256
HC,177,46,4,High-Ca Pyroxene,6,440,256
HC,177,47,4,High-Ca Pyroxene,6,440,256
HC,177,164,5,Serpentine,15,440,256
HC,177,165,5,Serpentine,15,440,256
HC,177,166,5,Serpentine,15,440,256
HC,177,167,5,Serpentine,15,440,256
HC,177,168,5,Serpentine,15,440,256
HC,177,169,5,Serpentine,15,440,256
HC,177,170,5,Serpentine,15,440,256
HC,177,171,5,Serpentine,15,440,256
HC,177,172,5,Serpentine,15,440,256
HC,177,173,5,Serpentine,15,440,256
HC,177,174,5,Serpentine,15,440,256
HC,177,175,5,Serpentine,15,440,256
HC,177,176,5,Serpentine,15,440,256
HC,177,177,5,Serpentine,15,440,256
HC,177,178,5,Serpentine,15,440,256
HC,177,179,5,Serpentine,15,440,256
HC,178,96,1,Analcime,1,440,256
HC,178,97,1,Analcime,1,440,256
HC,178,98,1,Analcime,1,440,256
HC,178,99,1,Analcime,1,440,256
HC,178,164,5,Serpentine,15,440,256
HC,178,165,5,Serpentine,15,440,256
HC,178,166,5,Serpentine,15,440,256
HC,178,167,5,Serpentine,15,440,256
HC,178,168,5,Serpentine,15,440,256
HC,178,169,5,Serpentine,15,440,256
HC,178,170,5,Serpentine,15,440,256
HC,178,171,5,Serpentine,15,440,256
HC,178,172,5,Serpentine,15,440,256
HC,178,173,5,Serpentine,15,440,256
HC,178,174,5,Serpentine,15,440,256
HC,178,175,5,Serpentine,15,440,256
HC,178,176,5,Serpentine,15,440,256
HC,178,177,5,Serpentine,15,440,256
HC,178,178,5,Serpentine,15,440,256
HC,178,179,5,Serpentine,15,440,256
HC,179,87,1,Analcime,1,440,256
HC,179,88,1,Analcime,1,440,256
HC,179,89,1,Analcime,1,440,256
HC,179,90,1,Analcime,1,440,256
HC,179,96,1,Analcime,1,440,256
HC,179,97,1,Analcime,1,440,256
HC,179,98,1,Analcime,1,440,256
HC,179,99,1,Analcime,1,440,256
HC,179,164,5,Serpentine,15,440,256
HC,179,165,5,Serpentine,15,440,256
HC,179,166,5,Serpentine,15,440,256
HC,179,167,5,Serpentine,15,440,256
HC,179,168,5,Serpentine,15,440,256
HC,179,169,5,Serpentine,15,440,256
HC,179,170,5,Serpentine,15,440,256
HC,179,171,5,Serpentine,15,440,256
HC,179,172,5,Serpentine,15,440,256
HC,179,173,5,Serpentine,15,440,256
HC,179,174,5,Serpentine,15,440,256
HC,179,175,5,Serpentine,15,440,256
HC,179,176,5,Serpentine,15,440,256
HC,179,177,5,Serpentine,15,440,256
HC,179,178,5,Serpentine,15,440,256
HC,179,179,5,Serpentine,15,440,256
HC,180,87,1,Analcime,1,440,256
HC,180,88,1,Analcime,1,440,256
HC,180,89,1,Analcime,1,440,256
HC,180,90,1,Analcime,1,440,256
HC,180,96,1,Analcime,1,440,256
HC,180,97,1,Analcime,1,440,256
HC,180,98,1,Analcime,1,440,256
HC,180,99,1,Analcime,1,440,256
HC,180,114,3,Prehnite,14,440,256
HC,180,115,3,Prehnite,14,440,256
HC,180,116,3,Prehnite,14,440,256
HC,180,117,3,Prehnite,14,440,256
HC,180,120,3,Prehnite,14,440,256
HC,180,121,3,Prehnite,14,440,256
HC,180,165,5,Serpentine,15,440,256
HC,180,166,5,Serpentine,15,440,256
HC,180,167,5,Serpentine,15,440,256
HC,180,168,5,Serpentine,15,440,256
HC,180,169,5,Serpentine,15,440,256
HC,180,170,5,Serpentine,15,440,256
HC,180,171,5,Serpentine,15,440,256
HC,180,172,5,Serpentine,15,440,256
HC,180,173,5,Serpentine,15,440,256
HC,180,174,5,Serpentine,15,440,256
HC,180,175,5,Serpentine,15,440,256
HC,180,176,5,Serpentine,15,440,256
HC,180,177,5,Serpentine,15,440,256
HC,180,178,5,Serpentine,15,440,256
HC,180,179,5,Serpentine,15,440,256
HC,181,87,1,Analcime,1,440,256
HC,181,88,1,Analcime,1,440,256
HC,181,89,1,Analcime,1,440,256
HC,181,90,1,Analcime,1,440,256
HC,181,96,1,Analcime,1,440,256
HC,181,97,1,Analcime,1,440,256
HC,181,98,1,Analcime,1,440,256
HC,181,99,1,Analcime,1,440,256
HC,181,113,3,Prehnite,14,440,256
HC,181,114,3,Prehnite,14,440,256
HC,181,115,3,Prehnite,14,440,256
HC,181,116,3,Prehnite,14,440,256
HC,181,117,3,Prehnite,14,440,256
HC,181,118,3,Prehnite,14,440,256
HC,181,119,3,Prehnite,14,440,256
HC,181,120,3,Prehnite,14,440,256
HC,181,121,3,Prehnite,14,440,256
HC,181,122,3,Prehnite,14,440,256
HC,181,165,5,Serpentine,15,440,256
HC,181,166,5,Serpentine,15,440,256
HC,181,167,5,Serpentine,15,440,256
HC,181,168,5,Serpentine,15,440,256
HC,181,169,5,Serpentine,15,440,256
HC,181,170,5,Serpentine,15,440,256
HC,181,171,5,Serpentine,15,440,256
HC,181,172,5,Serpentine,15,440,256
HC,181,173,5,Serpentine,15,440,256
HC,181,174,5,Serpentine,15,440,256
HC,181,175,5,Serpentine,15,440,256
HC,181,176,5,Serpentine,15,440,256
HC,181,177,5,Serpentine,15,440,256
HC,181,178,5,Serpentine,15,440,256
HC,181,179,5,Serpentine,15,440,256
HC,182,87,1,Analcime,1,440,256
HC,182,88,1,Analcime,1,440,256
HC,182,89,1,Analcime,1,440,256
HC,182,90,1,Analcime,1,440,256
HC,182,96,1,Analcime,1,440,256
HC,182,97,1,Analcime,1,440,256
HC,182,98,1,Analcime,1,440,256
HC,182,99,1,Analcime,1,440,256
HC,182,111,3,Prehnite,14,440,256
HC,182,112,3,Prehnite,14,440,256
HC,182,113,3,Prehnite,14,440,256
HC,182,114,3,Prehnite,14,440,256
HC,182,115,3,Prehnite,14,440,256
HC,182,116,3,Prehnite,14,440,256
HC,182,117,3,Prehnite,14,440,256
HC,182,118,3,Prehnite,14,440,256
HC,182,119,3,Prehnite,14,440,256
HC,182,120,3,Prehnite,14,440,256
HC,182,121,3,Prehnite,14,440,256
HC,182,122,3,Prehnite,14,440,256
HC,182,123,3,Prehnite,14,440,256
HC,182,124,3,Prehnite,14,440,256
HC,182,166,5,Serpentine,15,440,256
HC,182,167,5,Serpentine,15,440,256
HC,182,168,5,Serpentine,15,440,256
HC,182,169,5,Serpentine,15,440,256
HC,182,170,5,Serpentine,15,440,256
HC,182,171,5,Serpentine,15,440,256
HC,182,172,5,Serpentine,15,440,256
HC,182,173,5,Serpentine,15,440,256
HC,182,174,5,Serpentine,15,440,256
HC,182,175,5,Serpentine,15,440,256
HC,182,176,5,Serpentine,15,440,256
HC,182,177,5,Serpentine,15,440,256
HC,182,178,5,Serpentine,15,440,256
HC,182,179,5,Serpentine,15,440,256
HC,183,87,1,Analcime,1,440,256
HC,183,88,1,Analcime,1,440,256
HC,183,89,1,Analcime,1,440,256
HC,183,90,1,Analcime,1,440,256
HC,183,110,3,Prehnite,14,440,256
HC,183,111,3,Prehnite,14,440,256
HC,183,112,3,Prehnite,14,440,256
HC,183,113,3,Prehnite,14,440,256
HC,183,114,3,Prehnite,14,440,256
HC,183,115,3,Prehnite,14,440,256
HC,183,116,3,Prehnite,14,440,256
HC,183,117,3,Prehnite,14,440,256
HC,183,118,3,Prehnite,14,440,256
HC,183,119,3,Prehnite,14,440,256
HC,183,120,3,Prehnite,14,440,256
HC,183,121,3,Prehnite,14,440,256
HC,183,122,3,Prehnite,14,440,256
HC,183,123,3,Prehnite,14,440,256
HC,183,124,3,Prehnite,14,440,256
HC,183,166,5,Serpentine,15,440,256
HC,183,167,5,Serpentine,15,440,256
HC,183,168,5,Serpentine,15,440,256
HC,183,169,5,Serpentine,15,440,256
HC,183,170,5,Serpentine,15,440,256
HC,183,171,5,Serpentine,15,440,256
HC,183,172,5,Serpentine,15,440,256
HC,183,173,5,Serpentine,15,440,256
HC,183,174,5,Serpentine,15,440,256
HC,183,175,5,Serpentine,15,440,256
HC,183,176,5,Serpentine,15,440,256
HC,183,177,5,Serpentine,15,440,256
HC,183,178,5,Serpentine,15,440,256
HC,183,179,5,Serpentine,15,440,256
HC,184,87,1,Analcime,1,440,256
HC,184,88,1,Analcime,1,440,256
HC,184,89,1,Analcime,1,440,256
HC,184,90,1,Analcime,1,440,256
HC,184,111,3,Prehnite,14,440,256
HC,184,112,3,Prehnite,14,440,256
HC,184,113,3,Prehnite,14,440,256
HC,184,114,3,Prehnite,14,440,256
HC,184,115,3,Prehnite,14,440,256
HC,184,116,3,Prehnite,14,440,256
HC,184,117,3,Prehnite,14,440,256
HC,184,118,3,Prehnite,14,440,256
HC,184,119,3,Prehnite,14,440,256
HC,184,120,3,Prehnite,14,440,256
HC,184,121,3,Prehnite,14,440,256
HC,184,122,3,Prehnite,14,440,256
HC,184,123,3,Prehnite,14,440,256
HC,184,124,3,Prehnite,14,440,256
HC,184,167,5,Serpentine,15,440,256
HC,184,168,5,Serpentine,15,440,256
HC,184,169,5,Serpentine,15,440,256
HC,184,170,5,Serpentine,15,440,256
HC,184,171,5,Serpentine,15,440,256
HC,184,172,5,Serpentine,15,440,256
HC,184,173,5,Serpentine,15,440,256
HC,184,174,5,Serpentine,15,440,256
HC,184,175,5,Serpentine,15,440,256
HC,184,176,5,Serpentine,15,440,256
HC,184,177,5,Serpentine,15,440,256
HC,184,178,5,Serpentine,15,440,256
HC,184,179,5,Serpentine,15,440,256
HC,184,197,6,Margarite,9,440,256
HC,184,208,6,Margarite,9,440,256
HC,184,209,6,Margarite,9,440,256
HC,185,87,1,Analcime,1,440,256
HC,185,88,1,Analcime,1,440,256
HC,185,89,1,Analcime,1,440,256
HC,185,90,1,Analcime,1,440,256
HC,185,110,3,Prehnite,14,440,256
HC,185,111,3,Prehnite,14,440,256
HC,185,112,3,Prehnite,14,440,256
HC,185,113,3,Prehnite,14,440,256
HC,185,114,3,Prehnite,14,440,256
HC,185,115,3,Prehnite,14,440,256
HC,185,116,3,Prehnite,14,440,256
HC,185,117,3,Prehnite,14,440,256
HC,185,118,3,Prehnite,14,440,256
HC,185,119,3,Prehnite,14,440,256
HC,185,120,3,Prehnite,14,440,256
HC,185,121,3,Prehnite,14,440,256
HC,185,122,3,Prehnite,14,440,256
HC,185,123,3,Prehnite,14,440,256
HC,185,124,3,Prehnite,14,440,256
HC,185,167,5,Serpentine,15,440,256
HC,185,168,5,Serpentine,15,440,256
HC,185,169,5,Serpentine,15,440,256
HC,185,170,5,Serpentine,15,440,256
HC,185,171,5,Serpentine,15,440,256
HC,185,172,5,Serpentine,15,440,256
HC,185,173,5,Serpentine,15,440,256
HC,185,174,5,Serpentine,15,440,256
HC,185,175,5,Serpentine,15,440,256
HC,185,176,5,Serpentine,15,440,256
HC,185,177,5,Serpentine,15,440,256
HC,185,178,5,Serpentine,15,440,256
HC,185,179,5,Serpentine,15,440,256
HC,185,197,6,Margarite,9,440,256
HC,185,208,6,Margarite,9,440,256
HC,185,209,6,Margarite,9,440,256
HC,186,110,3,Prehnite,14,440,256
HC,186,111,3,Prehnite,14,440,256
HC,186,112,3,Prehnite,14,440,256
HC,186,113,3,Prehnite,14,440,256
HC,186,114,3,Prehnite,14,440,256
HC,186,115,3,Prehnite,14,440,256
HC,186,116,3,Prehnite,14,440,256
HC,186,117,3,Prehnite,14,440,256
HC,186,118,3,Prehnite,14,440,256
HC,186,119,3,Prehnite,14,440,256
HC,186,120,3,Prehnite,14,440,256
HC,186,121,3,Prehnite,14,440,256
HC,186,122,3,Prehnite,14,440,256
HC,186,123,3,Prehnite,14,440,256
HC,186,124,3,Prehnite,14,440,256
HC,186,168,5,Serpentine,15,440,256
HC,186,169,5,Serpentine,15,440,256
HC,186,170,5,Serpentine,15,440,256
HC,186,171,5,Serpentine,15,440,256
HC,186,172,5,Serpentine,15,440,256
HC,186,173,5,Serpentine,15,440,256
HC,186,174,5,Serpentine,15,440,256
HC,186,175,5,Serpentine,15,440,256
HC,186,176,5,Serpentine,15,440,256
HC,186,177,5,Serpentine,15,440,256
HC,186,178,5,Serpentine,15,440,256
HC,186,179,5,Serpentine,15,440,256
HC,186,364,5,Serpentine,15,440,256
HC,186,365,5,Serpentine,15,440,256
HC,186,366,5,Serpentine,15,440,256
HC,186,367,5,Serpentine,15,440,256
HC,186,368,5,Serpentine,15,440,256
HC,186,369,5,Serpentine,15,440,256
HC,186,370,5,Serpentine,15,440,256
HC,187,110,3,Prehnite,14,440,256
HC,187,111,3,Prehnite,14,440,256
HC,187,112,3,Prehnite,14,440,256
HC,187,113,3,Prehnite,14,440,256
HC,187,114,3,Prehnite,14,440,256
HC,187,115,3,Prehnite,14,440,256
HC,187,116,3,Prehnite,14,440,256
HC,187,117,3,Prehnite,14,440,256
HC,187,118,3,Prehnite,14,440,256
HC,187,119,3,Prehnite,14,440,256
HC,187,120,3,Prehnite,14,440,256
HC,187,121,3,Prehnite,14,440,256
HC,187,122,3,Prehnite,14,440,256
HC,187,123,3,Prehnite,14,440,256
HC,187,169,5,Serpentine,15,440,256
HC,187,170,5,Serpentine,15,440,256
HC,187,171,5,Serpentine,15,440,256
HC,187,172,5,Serpentine,15,440,256
HC,187,173,5,Serpentine,15,440,256
HC,187,174,5,Serpentine,15,440,256
HC,187,175,5,Serpentine,15,440,256
HC,187,176,5,Serpentine,15,440,256
HC,187,177,5,Serpentine,15,440,256
HC,187,178,5,Serpentine,15,440,256
HC,187,179,5,Serpentine,15,440,256
HC,187,363,5,Serpentine,15,440,256
HC,187,364,5,Serpentine,15,440,256
HC,187,365,5,Serpentine,15,440,256
HC,187,366,5,Serpentine,15,440,256
HC,187,367,5,Serpentine,15,440,256
HC,187,368,5,Serpentine,15,440,256
HC,187,369,5,Serpentine,15,440,256
HC,187,370,5,Serpentine,15,440,256
HC,187,371,5,Serpentine,15,440,256
HC,188,110,3,Prehnite,14,440,256
HC,188,111,3,Prehnite,14,440,256
HC,188,112,3,Prehnite,14,440,256
HC,188,113,3,Prehnite,14,440,256
HC,188,114,3,Prehnite,14,440,256
HC,188,115,3,Prehnite,14,440,256
HC,188,116,3,Prehnite,14,440,256
HC,188,117,3,Prehnite,14,440,256
HC,188,118,3,Prehnite,14,440,256
HC,188,119,3,Prehnite,14,440,256
HC,188,120,3,Prehnite,14,440,256
HC,188,121,3,Prehnite,14,440,256
HC,188,122,3,Prehnite,14,440,256
HC,188,123,3,Prehnite,14,440,256
HC,188,170,5,Serpentine,15,440,256
HC,188,171,5,Serpentine,15,440,256
HC,188,172,5,Serpentine,15,440,256
HC,188,173,5,Serpentine,15,440,256
HC,188,174,5,Serpentine,15,440,256
HC,188,175,5,Serpentine,15,440,256
HC,188,176,5,Serpentine,15,440,256
HC,188,177,5,Serpentine,15,440,256
HC,188,178,5,Serpentine,15,440,256
HC,188,179,5,Serpentine,15,440,256
HC,188,363,5,Serpentine,15,440,256
HC,188,364,5,Serpentine,15,440,256
HC,188,365,5,Serpentine,15,440,256
HC,188,366,5,Serpentine,15,440,256
HC,188,367,5,Serpentine,15,440,256
HC,188,368,5,Serpentine,15,440,256
HC,188,369,5,Serpentine,15,440,256
HC,188,370,5,Serpentine,15,440,256
HC,188,371,5,Serpentine,15,440,256
HC,189,111,3,Prehnite,14,440,256
HC,189,112,3,Prehnite,14,440,256
HC,189,113,3,Prehnite,14,440,256
HC,189,114,3,Prehnite,14,440,256
HC,189,115,3,Prehnite,14,440,256
HC,189,116,3,Prehnite,14,440,256
HC,189,117,3,Prehnite,14,440,256
HC,189,118,3,Prehnite,14,440,256
HC,189,119,3,Prehnite,14,440,256
HC,189,120,3,Prehnite,14,440,256
HC,189,121,3,Prehnite,14,440,256
HC,189,122,3,Prehnite,14,440,256
HC,189,171,5,Serpentine,15,440,256
HC,189,172,5,Serpentine,15,440,256
HC,189,173,5,Serpentine,15,440,256
HC,189,174,5,Serpentine,15,440,256
HC,189,175,5,Serpentine,15,440,256
HC,189,176,5,Serpentine,15,440,256
HC,189,177,5,Serpentine,15,440,256
HC,189,178,5,Serpentine,15,440,256
HC,189,179,5,Serpentine,15,440,256
HC,189,363,5,Serpentine,15,440,256
HC,189,364,5,Serpentine,15,440,256
HC,189,365,5,Serpentine,15,440,256
HC,189,366,5,Serpentine,15,440,256
HC,189,367,5,Serpentine,15,440,256
HC,189,368,5,Serpentine,15,440,256
HC,189,369,5,Serpentine,15,440,256
HC,189,370,5,Serpentine,15,440,256
HC,189,371,5,Serpentine,15,440,256
HC,189,372,5,Serpentine,15,440,256
HC,189,373,5,Serpentine,15,440,256
HC,190,113,3,Prehnite,14,440,256
HC,190,114,3,Prehnite,14,440,256
HC,190,115,3,Prehnite,14,440,256
HC,190,116,3,Prehnite,14,440,256
HC,190,117,3,Prehnite,14,440,256
HC,190,118,3,Prehnite,14,440,256
HC,190,119,3,Prehnite,14,440,256
HC,190,120,3,Prehnite,14,440,256
HC,190,173,5,Serpentine,15,440,256
HC,190,174,5,Serpentine,15,440,256
HC,190,175,5,Serpentine,15,440,256
HC,190,176,5,Serpentine,15,440,256
HC,190,177,5,Serpentine,15,440,256
HC,190,178,5,Serpentine,15,440,256
HC,190,179,5,Serpentine,15,440,256
HC,190,363,5,Serpentine,15,440,256
HC,190,364,5,Serpentine,15,440,256
HC,190,365,5,Serpentine,15,440,256
HC,190,366,5,Serpentine,15,440,256
HC,190,367,5,Serpentine,15,440,256
HC,190,368,5,Serpentine,15,440,256
HC,190,369,5,Serpentine,15,440,256
HC,190,370,5,Serpentine,15,440,256
HC,190,371,5,Serpentine,15,440,256
HC,190,372,5,Serpentine,15,440,256
HC,190,373,5,Serpentine,15,440,256
HC,190,374,5,Serpentine,15,440,256
HC,190,375,5,Serpentine,15,440,256
HC,190,376,5,Serpentine,15,440,256
HC,190,377,5,Serpentine,15,440,256
HC,191,116,3,Prehnite,14,440,256
HC,191,117,3,Prehnite,14,440,256
HC,191,118,3,Prehnite,14,440,256
HC,191,119,3,Prehnite,14,440,256
HC,191,120,3,Prehnite,14,440,256
HC,191,175,5,Serpentine,15,440,256
HC,191,176,5,Serpentine,15,440,256
HC,191,177,5,Serpentine,15,440,256
HC,191,178,5,Serpentine,15,440,256
HC,191,179,5,Serpentine,15,440,256
HC,191,228,6,Margarite,9,440,256
HC,191,363,5,Serpentine,15,440,256
HC,191,364,5,Serpentine,15,440,256
HC,191,365,5,Serpentine,15,440,256
HC,191,366,5,Serpentine,15,440,256
HC,191,367,5,Serpentine,15,440,256
HC,191,368,5,Serpentine,15,440,256
HC,191,369,5,Serpentine,15,440,256
HC,191,370,5,Serpentine,15,440,256
HC,191,371,5,Serpentine,15,440,256
HC,191,372,5,Serpentine,15,440,256
HC,191,373,5,Serpentine,15,440,256
HC,191,374,5,Serpentine,15,440,256
HC,191,375,5,Serpentine,15,440,256
HC,191,376,5,Serpentine,15,440,256
HC,191,377,5,Serpentine,15,440,256
HC,191,378,5,Serpentine,15,440,256
HC,191,379,5,Serpentine,15,440,256
HC,192,176,5,Serpentine,15,440,256
HC,192,177,5,Serpentine,15,440,256
HC,192,178,5,Serpentine,15,440,256
HC,192,179,5,Serpentine,15,440,256
HC,192,180,5,Serpentine,15,440,256
HC,192,228,6,Margarite,9,440,256
HC,192,363,5,Serpentine,15,440,256
HC,192,364,5,Serpentine,15,440,256
HC,192,365,5,Serpentine,15,440,256
HC,192,366,5,Serpentine,15,440,256
HC,192,367,5,Serpentine,15,440,256
HC,192,368,5,Serpentine,15,440,256
HC,192,369,5,Serpentine,15,440,256
HC,192,370,5,Serpentine,15,440,256
HC,192,371,5,Serpentine,15,440,256
HC,192,372,5,Serpentine,15,440,256
HC,192,373,5,Serpentine,15,440,256
HC,192,374,5,Serpentine,15,440,256
HC,192,375,5,Serpentine,15,440,256
HC,192,376,5,Serpentine,15,440,256
HC,192,377,5,Serpentine,15,440,256
HC,192,378,5,Serpentine,15,440,256
HC,192,379,5,Serpentine,15,440,256
HC,192,380,5,Serpentine,15,440,256
HC,192,381,5,Serpentine,15,440,256
HC,193,176,5,Serpentine,15,440,256
HC,193,177,5,Serpentine,15,440,256
HC,193,178,5,Serpentine,15,440,256
HC,193,179,5,Serpentine,15,440,256
HC,193,180,5,Serpentine,15,440,256
HC,193,365,5,Serpentine,15,440,256
HC,193,366,5,Serpentine,15,440,256
HC,193,367,5,Serpentine,15,440,256
HC,193,368,5,Serpentine,15,440,256
HC,193,369,5,Serpentine,15,440,256
HC,193,370,5,Serpentine,15,440,256
HC,193,371,5,Serpentine,15,440,256
HC,193,372,5,Serpentine,15,440,256
HC,193,373,5,Serpentine,15,440,256
HC,193,374,5,Serpentine,15,440,256
HC,193,375,5,Serpentine,15,440,256
HC,193,376,5,Serpentine,15,440,256
HC,193,377,5,Serpentine,15,440,256
HC,193,378,5,Serpentine,15,440,256
HC,193,379,5,Serpentine,15,440,256
HC,193,380,5,Serpentine,15,440,256
HC,193,381,5,Serpentine,15,440,256
HC,193,382,5,Serpentine,15,440,256
HC,194,177,5,Serpentine,15,440,256
HC,194,178,5,Serpentine,15,440,256
HC,194,179,5,Serpentine,15,440,256
HC,194,180,5,Serpentine,15,440,256
HC,194,238,6,Margarite,9,440,256
HC,194,239,6,Margarite,9,440,256
HC,194,366,5,Serpentine,15,440,256
HC,194,367,5,Serpentine,15,440,256
HC,194,368,5,Serpentine,15,440,256
HC,194,369,5,Serpentine,15,440,256
HC,194,370,5,Serpentine,15,440,256
HC,194,371,5,Serpentine,15,440,256
HC,194,372,5,Serpentine,15,440,256
HC,194,373,5,Serpentine,15,440,256
HC,194,374,5,Serpentine,15,440,256
HC,194,375,5,Serpentine,15,440,256
HC,194,376,5,Serpentine,15,440,256
HC,194,377,5,Serpentine,15,440,256
HC,194,378,5,Serpentine,15,440,256
HC,194,379,5,Serpentine,15,440,256
HC,194,380,5,Serpentine,15,440,256
HC,194,381,5,Serpentine,15,440,256
HC,194,382,5,Serpentine,15,440,256
HC,194,383,5,Serpentine,15,440,256
HC,195,238,6,Margarite,9,440,256
HC,195,239,6,Margarite,9,440,256
HC,195,367,5,Serpentine,15,440,256
HC,195,368,5,Serpentine,15,440,256
HC,195,369,5,Serpentine,15,440,256
HC,195,370,5,Serpentine,15,440,256
HC,195,371,5,Serpentine,15,440,256
HC,195,372,5,Serpentine,15,440,256
HC,195,373,5,Serpentine,15,440,256
HC,195,374,5,Serpentine,15,440,256
HC,195,375,5,Serpentine,15,440,256
HC,195,376,5,Serpentine,15,440,256
HC,195,377,5,Serpentine,15,440,256
HC,195,378,5,Serpentine,15,440,256
HC,195,379,5,Serpentine,15,440,256
HC,195,380,5,Serpentine,15,440,256
HC,195,381,5,Serpentine,15,440,256
HC,195,382,5,Serpentine,15,440,256
HC,195,383,5,Serpentine,15,440,256
HC,195,384,5,Serpentine,15,440,256
HC,196,62,3,Prehnite,14,440,256
HC,196,63,3,Prehnite,14,440,256
HC,196,64,3,Prehnite,14,440,256
HC,196,65,3,Prehnite,14,440,256
HC,196,238,6,Margarite,9,440,256
HC,196,239,6,Margarite,9,440,256
HC,196,368,5,Serpentine,15,440,256
HC,196,369,5,Serpentine,15,440,256
HC,196,370,5,Serpentine,15,440,256
HC,196,371,5,Serpentine,15,440,256
HC,196,372,5,Serpentine,15,440,256
HC,196,373,5,Serpentine,15,440,256
HC,196,374,5,Serpentine,15,440,256
HC,196,375,5,Serpentine,15,440,256
HC,196,376,5,Serpentine,15,440,256
HC,196,377,5,Serpentine,15,440,256
HC,196,378,5,Serpentine,15,440,256
HC,196,379,5,Serpentine,15,440,256
HC,196,380,5,Serpentine,15,440,256
HC,196,381,5,Serpentine,15,440,256
HC,196,382,5,Serpentine,15,440,256
HC,196,383,5,Serpentine,15,440,256
HC,196,384,5,Serpentine,15,440,256
HC,196,385,5,Serpentine,15,440,256
HC,196,386,5,Serpentine,15,440,256
HC,197,59,3,Prehnite,14,440,256
HC,197,60,3,Prehnite,14,440,256
HC,197,61,3,Prehnite,14,440,256
HC,197,62,3,Prehnite,14,440,256
HC,197,63,3,Prehnite,14,440,256
HC,197,64,3,Prehnite,14,440,256
HC,197,65,3,Prehnite,14,440,256
HC,197,66,3,Prehnite,14,440,256
HC,197,369,5,Serpentine,15,440,256
HC,197,370,5,Serpentine,15,440,256
HC,197,371,5,Serpentine,15,440,256
HC,197,372,5,Serpentine,15,440,256
HC,197,373,5,Serpentine,15,440,256
HC,197,374,5,Serpentine,15,440,256
HC,197,375,5,Serpentine,15,440,256
HC,197,376,5,Serpentine,15,440,256
HC,197,377,5,Serpentine,15,440,256
HC,197,378,5,Serpentine,15,440,256
HC,197,379,5,Serpentine,15,440,256
HC,197,380,5,Serpentine,15,440,256
HC,197,381,5,Serpentine,15,440,256
HC,197,382,5,Serpentine,15,440,256
HC,197,383,5,Serpentine,15,440,256
HC,197,384,5,Serpentine,15,440,256
HC,197,385,5,Serpentine,15,440,256
HC,197,386,5,Serpentine,15,440,256
HC,197,387,5,Serpentine,15,440,256
HC,198,58,3,Prehnite,14,440,256
HC,198,59,3,Prehnite,14,440,256
HC,198,60,3,Prehnite,14,440,256
HC,198,61,3,Prehnite,14,440,256
HC,198,62,3,Prehnite,14,440,256
HC,198,63,3,Prehnite,14,440,256
HC,198,64,3,Prehnite,14,440,256
HC,198,65,3,Prehnite,14,440,256
HC,198,66,3,Prehnite,14,440,256
HC,198,67,3,Prehnite,14,440,256
HC,198,370,5,Serpentine,15,440,256
HC,198,371,5,Serpentine,15,440,256
HC,198,372,5,Serpentine,15,440,256
HC,198,373,5,Serpentine,15,440,256
HC,198,374,5,Serpentine,15,440,256
HC,198,375,5,Serpentine,15,440,256
HC,198,376,5,Serpentine,15,440,256
HC,198,377,5,Serpentine,15,440,256
HC,198,378,5,Serpentine,15,440,256
HC,198,379,5,Serpentine,15,440,256
HC,198,380,5,Serpentine,15,440,256
HC,198,381,5,Serpentine,15,440,256
HC,198,382,5,Serpentine,15,440,256
HC,198,383,5,Serpentine,15,440,256
HC,198,384,5,Serpentine,15,440,256
HC,198,385,5,Serpentine,15,440,256
HC,198,386,5,Serpentine,15,440,256
HC,198,387,5,Serpentine,15,440,256
HC,198,388,5,Serpentine,15,440,256
HC,199,56,3,Prehnite,14,440,256
HC,199,57,3,Prehnite,14,440,256
HC,199,58,3,Prehnite,14,440,256
HC,199,59,3,Prehnite,14,440,256
HC,199,60,3,Prehnite,14,440,256
HC,199,61,3,Prehnite,14,440,256
HC,199,62,3,Prehnite,14,440,256
HC,199,63,3,Prehnite,14,440,256
HC,199,64,3,Prehnite,14,440,256
HC,199,65,3,Prehnite,14,440,256
HC,199,66,3,Prehnite,14,440,256
HC,199,67,3,Prehnite,14,440,256
HC,199,90,2,Plagioclase,13,440,256
HC,199,91,2,Plagioclase,13,440,256
HC,199,92,2,Plagioclase,13,440,256
HC,199,226,6,Margarite,9,440,256
HC,199,227,6,Margarite,9,440,256
HC,199,228,6,Margarite,9,440,256
HC,199,229,6,Margarite,9,440,256
HC,199,370,5,Serpentine,15,440,256
HC,199,371,5,Serpentine,15,440,256
HC,199,372,5,Serpentine,15,440,256
HC,199,373,5,Serpentine,15,440,256
HC,199,374,5,Serpentine,15,440,256
HC,199,375,5,Serpentine,15,440,256
HC,199,376,5,Serpentine,15,440,256
HC,199,377,5,Serpentine,15,440,256
HC,199,378,5,Serpentine,15,440,256
HC,199,379,5,Serpentine,15,440,256
HC,199,380,5,Serpentine,15,440,256
HC,199,381,5,Serpentine,15,440,256
HC,199,382,5,Serpentine,15,440,256
HC,199,383,5,Serpentine,15,440,256
HC,199,384,5,Serpentine,15,440,256
HC,199,385,5,Serpentine,15,440,256
HC,199,386,5,Serpentine,15,440,256
HC,199,387,5,Serpentine,15,440,256
HC,199,388,5,Serpentine,15,440,256
HC,199,389,5,Serpentine,15,440,256
HC,200,55,3,Prehnite,14,440,256
HC,200,56,3,Prehnite,14,440,256
HC,200,57,3,Prehnite,14,440,256
HC,200,58,3,Prehnite,14,440,256
HC,200,59,3,Prehnite,14,440,256
HC,200,60,3,Prehnite,14,440,256
HC,200,61,3,Prehnite,14,440,256
HC,200,62,3,Prehnite,14,440,256
HC,200,63,3,Prehnite,14,440,256
HC,200,64,3,Prehnite,14,440,256
HC,200,65,3,Prehnite,14,440,256
HC,200,66,3,Prehnite,14,440,256
HC,200,67,3,Prehnite,14,440,256
HC,200,89,2,Plagioclase,13,440,256
HC,200,90,2,Plagioclase,13,440,256
HC,200,91,2,Plagioclase,13,440,256
HC,200,92,2,Plagioclase,13,440,256
HC,200,210,6,Margarite,9,440,256
HC,200,223,6,Margarite,9,440,256
HC,200,224,6,Margarite,9,440,256
HC,200,225,6,Margarite,9,440,256
HC,200,226,6,Margarite,9,440,256
HC,200,227,6,Margarite,9,440,256
HC,200,228,6,Margarite,9,440,256
HC,200,229,6,Margarite,9,440,256
HC,200,252,6,Margarite,9,440,256
HC,200,253,6,Margarite,9,440,256
HC,200,254,6,Margarite,9,440,256
HC,200,255,6,Margarite,9,440,256
HC,200,371,5,Serpentine,15,440,256
HC,200,372,5,Serpentine,15,440,256
HC,200,373,5,Serpentine,15,440,256
HC,200,374,5,Serpentine,15,440,256
HC,200,375,5,Serpentine,15,440,256
HC,200,376,5,Serpentine,15,440,256
HC,200,377,5,Serpentine,15,440,256
HC,200,378,5,Serpentine,15,440,256
HC,200,379,5,Serpentine,15,440,256
HC,200,380,5,Serpentine,15,440,256
HC,200,381,5,Serpentine,15,440,256
HC,200,382,5,Serpentine,15,440,256
HC,200,383,5,Serpentine,15,440,256
HC,200,384,5,Serpentine,15,440,256
HC,200,385,5,Serpentine,15,440,256
HC,200,386,5,Serpentine,15,440,256
HC,200,387,5,Serpentine,15,440,256
HC,200,388,5,Serpentine,15,440,256
HC,200,389,5,Serpentine,15,440,256
HC,200,390,5,Serpentine,15,440,256
HC,201,54,3,Prehnite,14,440,256
HC,201,55,3,Prehnite,14,440,256
HC,201,56,3,Prehnite,14,440,256
HC,201,57,3,Prehnite,14,440,256
HC,201,58,3,Prehnite,14,440,256
HC,201,59,3,Prehnite,14,440,256
HC,201,60,3,Prehnite,14,440,256
HC,201,61,3,Prehnite,14,440,256
HC,201,62,3,Prehnite,14,440,256
HC,201,63,3,Prehnite,14,440,256
HC,201,64,3,Prehnite,14,440,256
HC,201,65,3,Prehnite,14,440,256
HC,201,66,3,Prehnite,14,440,256
HC,201,67,3,Prehnite,14,440,256
HC,201,68,3,Prehnite,14,440,256
HC,201,87,2,Plagioclase,13,440,256
HC,201,88,2,Plagioclase,13,440,256
HC,201,89,2,Plagioclase,13,440,256
HC,201,90,2,Plagioclase,13,440,256
HC,201,91,2,Plagioclase,13,440,256
HC,201,92,2,Plagioclase,13,440,256
HC,201,210,6,Margarite,9,440,256
HC,201,222,6,Margarite,9,440,256
HC,201,223,6,Margarite,9,440,256
HC,201,224,6,Margarite,9,440,256
HC,201,225,6,Margarite,9,440,256
HC,201,226,6,Margarite,9,440,256
HC,201,227,6,Margarite,9,440,256
HC,201,228,6,Margarite,9,440,256
HC,201,229,6,Margarite,9,440,256
HC,201,252,6,Margarite,9,440,256
HC,201,253,6,Margarite,9,440,256
HC,201,254,6,Margarite,9,440,256
HC,201,255,6,Margarite,9,440,256
HC,201,371,5,Serpentine,15,440,256
HC,201,372,5,Serpentine,15,440,256
HC,201,373,5,Serpentine,15,440,256
HC,201,374,5,Serpentine,15,440,256
HC,201,375,5,Serpentine,15,440,256
HC,201,376,5,Serpentine,15,440,256
HC,201,377,5,Serpentine,15,440,256
HC,201,378,5,Serpentine,15,440,256
HC,201,379,5,Serpentine,15,440,256
HC,201,380,5,Serpentine,15,440,256
HC,201,381,5,Serpentine,15,440,256
HC,201,382,5,Serpentine,15,440,256
HC,201,383,5,Serpentine,15,440,256
HC,201,384,5,Serpentine,15,440,256
HC,201,385,5,Serpentine,15,440,256
HC,201,386,5,Serpentine,15,440,256
HC,201,387,5,Serpentine,15,440,256
HC,201,388,5,Serpentine,15,440,256
HC,201,389,5,Serpentine,15,440,256
HC,201,390,5,Serpentine,15,440,256
HC,201,391,5,Serpentine,15,440,256
HC,202,53,3,Prehnite,14,440,256
HC,202,54,3,Prehnite,14,440,256
HC,202,55,3,Prehnite,14,440,256
HC,202,56,3,Prehnite,14,440,256
HC,202,57,3,Prehnite,14,440,256
HC,202,58,3,Prehnite,14,440,256
HC,202,59,3,Prehnite,14,440,256
HC,202,60,3,Prehnite,14,440,256
HC,202,61,3,Prehnite,14,440,256
HC,202,62,3,Prehnite,14,440,256
HC,202,63,3,Prehnite,14,440,256
HC,202,64,3,Prehnite,14,440,256
HC,202,65,3,Prehnite,14,440,256
HC,202,66,3,Prehnite,14,440,256
HC,202,67,3,Prehnite,14,440,256
HC,202,68,3,Prehnite,14,440,256
HC,202,84,2,Plagioclase,13,440,256
HC,202,85,2,Plagioclase,13,440,256
HC,202,86,2,Plagioclase,13,440,256
HC,202,87,2,Plagioclase,13,440,256
HC,202,88,2,Plagioclase,13,440,256
HC,202,89,2,Plagioclase,13,440,256
HC,202,90,2,Plagioclase,13,440,256
HC,202,91,2,Plagioclase,13,440,256
HC,202,92,2,Plagioclase,13,440,256
HC,202,221,6,Margarite,9,440,256
HC,202,222,6,Margarite,9,440,256
HC,202,223,6,Margarite,9,440,256
HC,202,224,6,Margarite,9,440,256
HC,202,225,6,Margarite,9,440,256
HC,202,226,6,Margarite,9,440,256
HC,202,227,6,Margarite,9,440,256
HC,202,228,6,Margarite,9,440,256
HC,202,229,6,Margarite,9,440,256
HC,202,236,6,Margarite,9,440,256
HC,202,237,6,Margarite,9,440,256
HC,202,251,6,Margarite,9,440,256
HC,202,252,6,Margarite,9,440,256
HC,202,253,6,Margarite,9,440,256
HC,202,254,6,Margarite,9,440,256
HC,202,255,6,Margarite,9,440,256
HC,202,256,6,Margarite,9,440,256
HC,202,372,5,Serpentine,15,440,256
HC,202,373,5,Serpentine,15,440,256
HC,202,374,5,Serpentine,15,440,256
HC,202,375,5,Serpentine,15,440,256
HC,202,376,5,Serpentine,15,440,256
HC,202,377,5,Serpentine,15,440,256
HC,202,378,5,Serpentine,15,440,256
HC,202,379,5,Serpentine,15,440,256
HC,202,380,5,Serpentine,15,440,256
HC,202,381,5,Serpentine,15,440,256
HC,202,382,5,Serpentine,15,440,256
HC,202,383,5,Serpentine,15,440,256
HC,202,384,5,Serpentine,15,440,256
HC,202,385,5,Serpentine,15,440,256
HC,202,386,5,Serpentine,15,440,256
HC,202,387,5,Serpentine,15,440,256
HC,202,388,5,Serpentine,15,440,256
HC,202,389,5,Serpentine,15,440,256
HC,202,390,5,Serpentine,15,440,256
HC,202,391,5,Serpentine,15,440,256
HC,202,392,5,Serpentine,15,440,256
HC,203,52,3,Prehnite,14,440,256
HC,203,53,3,Prehnite,14,440,256
HC,203,54,3,Prehnite,14,440,256
HC,203,55,3,Prehnite,14,440,256
HC,203,56,3,Prehnite,14,440,256
HC,203,57,3,Prehnite,14,440,256
HC,203,58,3,Prehnite,14,440,256
HC,203,59,3,Prehnite,14,440,256
HC,203,60,3,Prehnite,14,440,256
HC,203,61,3,Prehnite,14,440,256
HC,203,62,3,Prehnite,14,440,256
HC,203,63,3,Prehnite,14,440,256
HC,203,64,3,Prehnite,14,440,256
HC,203,65,3,Prehnite,14,440,256
HC,203,66,3,Prehnite,14,440,256
HC,203,67,3,Prehnite,14,440,256
HC,203,68,3,Prehnite,14,440,256
HC,203,69,3,Prehnite,14,440,256
HC,203,80,2,Plagioclase,13,440,256
HC,203,81,2,Plagioclase,13,440,256
HC,203,82,2,Plagioclase,13,440,256
HC,203,83,2,Plagioclase,13,440,256
HC,203,84,2,Plagioclase,13,440,256
HC,203,85,2,Plagioclase,13,440,256
HC,203,86,2,Plagioclase,13,440,256
HC,203,87,2,Plagioclase,13,440,256
HC,203,88,2,Plagioclase,13,440,256
HC,203,89,2,Plagioclase,13,440,256
HC,203,90,2,Plagioclase,13,440,256
HC,203,91,2,Plagioclase,13,440,256
HC,203,220,6,Margarite,9,440,256
HC,203,221,6,Margarite,9,440,256
HC,203,222,6,Margarite,9,440,256
HC,203,223,6,Margarite,9,440,256
HC,203,224,6,Margarite,9,440,256
HC,203,225,6,Margarite,9,440,256
HC,203,226,6,Margarite,9,440,256
HC,203,227,6,Margarite,9,440,256
HC,203,228,6,Margarite,9,440,256
HC,203,229,6,Margarite,9,440,256
HC,203,236,6,Margarite,9,440,256
HC,203,237,6,Margarite,9,440,256
HC,203,251,6,Margarite,9,440,256
HC,203,252,6,Margarite,9,440,256
HC,203,253,6,Margarite,9,440,256
HC,203,254,6,Margarite,9,440,256
HC,203,255,6,Margarite,9,440,256
HC,203,256,6,Margarite,9,440,256
HC,203,372,5,Serpentine,15,440,256
HC,203,373,5,Serpentine,15,440,256
HC,203,374,5,Serpentine,15,440,256
HC,203,375,5,Serpentine,15,440,256
HC,203,376,5,Serpentine,15,440,256
HC,203,377,5,Serpentine,15,440,256
HC,203,378,5,Serpentine,15,440,256
HC,203,379,5,Serpentine,15,440,256
HC,203,380,5,Serpentine,15,440,256
HC,203,381,5,Serpentine,15,440,256
HC,203,382,5,Serpentine,15,440,256
HC,203,383,5,Serpentine,15,440,256
HC,203,384,5,Serpentine,15,440,256
HC,203,385,5,Serpentine,15,440,256
HC,203,386,5,Serpentine,15,440,256
HC,203,387,5,Serpentine,15,440,256
HC,203,388,5,Serpentine,15,440,256
HC,203,389,5,Serpentine,15,440,256
HC,203,390,5,Serpentine,15,440,256
HC,203,391,5,Serpentine,15,440,256
HC,203,392,5,Serpentine,15,440,256
HC,203,393,5,Serpentine,15,440,256
HC,204,50,3,Prehnite,14,440,256
HC,204,51,3,Prehnite,14,440,256
HC,204,52,3,Prehnite,14,440,256
HC,204,53,3,Prehnite,14,440,256
HC,204,54,3,Prehnite,14,440,256
HC,204,55,3,Prehnite,14,440,256
HC,204,56,3,Prehnite,14,440,256
HC,204,57,3,Prehnite,14,440,256
HC,204,58,3,Prehnite,14,440,256
HC,204,59,3,Prehnite,14,440,256
HC,204,60,3,Prehnite,14,440,256
HC,204,61,3,Prehnite,14,440,256
HC,204,62,3,Prehnite,14,440,256
HC,204,63,3,Prehnite,14,440,256
HC,204,64,3,Prehnite,14,440,256
HC,204,65,3,Prehnite,14,440,256
HC,204,66,3,Prehnite,14,440,256
HC,204,67,3,Prehnite,14,440,256
HC,204,68,3,Prehnite,14,440,256
HC,204,69,3,Prehnite,14,440,256
HC,204,75,2,Plagioclase,13,440,256
HC,204,76,2,Plagioclase,13,440,256
HC,204,77,2,Plagioclase,13,440,256
HC,204,78,2,Plagioclase,13,440,256
HC,204,79,2,Plagioclase,13,440,256
HC,204,80,2,Plagioclase,13,440,256
HC,204,81,2,Plagioclase,13,440,256
HC,204,82,2,Plagioclase,13,440,256
HC,204,83,2,Plagioclase,13,440,256
HC,204,84,2,Plagioclase,13,440,256
HC,204,85,2,Plagioclase,13,440,256
HC,204,86,2,Plagioclase,13,440,256
HC,204,87,2,Plagioclase,13,440,256
HC,204,88,2,Plagioclase,13,440,256
HC,204,89,2,Plagioclase,13,440,256
HC,204,90,2,Plagioclase,13,440,256
HC,204,220,6,Margarite,9,440,256
HC,204,221,6,Margarite,9,440,256
HC,204,222,6,Margarite,9,440,256
HC,204,223,6,Margarite,9,440,256
HC,204,224,6,Margarite,9,440,256
HC,204,225,6,Margarite,9,440,256
HC,204,226,6,Margarite,9,440,256
HC,204,227,6,Margarite,9,440,256
HC,204,228,6,Margarite,9,440,256
HC,204,251,6,Margarite,9,440,256
HC,204,252,6,Margarite,9,440,256
HC,204,253,6,Margarite,9,440,256
HC,204,254,6,Margarite,9,440,256
HC,204,255,6,Margarite,9,440,256
HC,204,256,6,Margarite,9,440,256
HC,204,373,5,Serpentine,15,440,256
HC,204,374,5,Serpentine,15,440,256
HC,204,375,5,Serpentine,15,440,256
HC,204,376,5,Serpentine,15,440,256
HC,204,377,5,Serpentine,15,440,256
HC,204,378,5,Serpentine,15,440,256
HC,204,379,5,Serpentine,15,440,256
HC,204,380,5,Serpentine,15,440,256
HC,204,381,5,Serpentine,15,440,256
HC,204,382,5,Serpentine,15,440,256
HC,204,383,5,Serpentine,15,440,256
HC,204,384,5,Serpentine,15,440,256
HC,204,385,5,Serpentine,15,440,256
HC,204,386,5,Serpentine,15,440,256
HC,204,387,5,Serpentine,15,440,256
HC,204,388,5,Serpentine,15,440,256
HC,204,389,5,Serpentine,15,440,256
HC,204,390,5,Serpentine,15,440,256
HC,204,391,5,Serpentine,15,440,256
HC,204,392,5,Serpentine,15,440,256
HC,204,393,5,Serpentine,15,440,256
HC,204,394,5,Serpentine,15,440,256
HC,204,395,5,Serpentine,15,440,256
HC,205,49,3,Prehnite,14,440,256
HC,205,50,3,Prehnite,14,440,256
HC,205,51,3,Prehnite,14,440,256
HC,205,52,3,Prehnite,14,440,256
HC,205,53,3,Prehnite,14,440,256
HC,205,54,3,Prehnite,14,440,256
HC,205,55,3,Prehnite,14,440,256
HC,205,56,3,Prehnite,14,440,256
HC,205,57,3,Prehnite,14,440,256
HC,205,58,3,Prehnite,14,440,256
HC,205,59,3,Prehnite,14,440,256
HC,205,60,3,Prehnite,14,440,256
HC,205,61,3,Prehnite,14,440,256
HC,205,62,3,Prehnite,14,440,256
HC,205,63,3,Prehnite,14,440,256
HC,205,64,3,Prehnite,14,440,256
HC,205,65,3,Prehnite,14,440,256
HC,205,66,3,Prehnite,14,440,256
HC,205,67,3,Prehnite,14,440,256
HC,205,68,3,Prehnite,14,440,256
HC,205,69,3,Prehnite,14,440,256
HC,205,74,2,Plagioclase,13,440,256
HC,205,75,2,Plagioclase,13,440,256
HC,205,76,2,Plagioclase,13,440,256
HC,205,77,2,Plagioclase,13,440,256
HC,205,78,2,Plagioclase,13,440,256
HC,205,79,2,Plagioclase,13,440,256
HC,205,80,2,Plagioclase,13,440,256
HC,205,81,2,Plagioclase,13,440,256
HC,205,82,2,Plagioclase,13,440,256
HC,205,83,2,Plagioclase,13,440,256
HC,205,84,2,Plagioclase,13,440,256
HC,205,85,2,Plagioclase,13,440,256
HC,205,86,2,Plagioclase,13,440,256
HC,205,87,2,Plagioclase,13,440,256
HC,205,88,2,Plagioclase,13,440,256
HC,205,219,6,Margarite,9,440,256
HC,205,220,6,Margarite,9,440,256
HC,205,221,6,Margarite,9,440,256
HC,205,222,6,Margarite,9,440,256
HC,205,223,6,Margarite,9,440,256
HC,205,224,6,Margarite,9,440,256
HC,205,225,6,Margarite,9,440,256
HC,205,226,6,Margarite,9,440,256
HC,205,227,6,Margarite,9,440,256
HC,205,251,6,Margarite,9,440,256
HC,205,252,6,Margarite,9,440,256
HC,205,253,6,Margarite,9,440,256
HC,205,254,6,Margarite,9,440,256
HC,205,255,6,Margarite,9,440,256
HC,205,256,6,Margarite,9,440,256
HC,205,373,5,Serpentine,15,440,256
HC,205,374,5,Serpentine,15,440,256
HC,205,375,5,Serpentine,15,440,256
HC,205,376,5,Serpentine,15,440,256
HC,205,377,5,Serpentine,15,440,256
HC,205,378,5,Serpentine,15,440,256
HC,205,379,5,Serpentine,15,440,256
HC,205,380,5,Serpentine,15,440,256
HC,205,381,5,Serpentine,15,440,256
HC,205,382,5,Serpentine,15,440,256
HC,205,383,5,Serpentine,15,440,256
HC,205,384,5,Serpentine,15,440,256
HC,205,385,5,Serpentine,15,440,256
HC,205,386,5,Serpentine,15,440,256
HC,205,387,5,Serpentine,15,440,256
HC,205,388,5,Serpentine,15,440,256
HC,205,389,5,Serpentine,15,440,256
HC,205,390,5,Serpentine,15,440,256
HC,205,391,5,Serpentine,15,440,256
HC,205,392,5,Serpentine,15,440,256
HC,205,393,5,Serpentine,15,440,256
HC,205,394,5,Serpentine,15,440,256
HC,205,395,5,Serpentine,15,440,256
HC,205,396,5,Serpentine,15,440,256
HC,206,48,3,Prehnite,14,440,256
HC,206,49,3,Prehnite,14,440,256
HC,206,50,3,Prehnite,14,440,256
HC,206,51,3,Prehnite,14,440,256
HC,206,52,3,Prehnite,14,440,256
HC,206,53,3,Prehnite,14,440,256
HC,206,54,3,Prehnite,14,440,256
HC,206,55,3,Prehnite,14,440,256
HC,206,56,3,Prehnite,14,440,256
HC,206,57,3,Prehnite,14,440,256
HC,206,58,3,Prehnite,14,440,256
HC,206,59,3,Prehnite,14,440,256
HC,206,60,3,Prehnite,14,440,256
HC,206,61,3,Prehnite,14,440,256
HC,206,62,3,Prehnite,14,440,256
HC,206,63,3,Prehnite,14,440,256
HC,206,64,3,Prehnite,14,440,256
HC,206,65,3,Prehnite,14,440,256
HC,206,66,3,Prehnite,14,440,256
HC,206,67,3,Prehnite,14,440,256
HC,206,68,3,Prehnite,14,440,256
HC,206,69,3,Prehnite,14,440,256
HC,206,70,3,Prehnite,14,440,256
HC,206,74,2,Plagioclase,13,440,256
HC,206,75,2,Plagioclase,13,440,256
HC,206,76,2,Plagioclase,13,440,256
HC,206,77,2,Plagioclase,13,440,256
HC,206,78,2,Plagioclase,13,440,256
HC,206,79,2,Plagioclase,13,440,256
HC,206,80,2,Plagioclase,13,440,256
HC,206,81,2,Plagioclase,13,440,256
HC,206,82,2,Plagioclase,13,440,256
HC,206,83,2,Plagioclase,13,440,256
HC,206,84,2,Plagioclase,13,440,256
HC,206,85,2,Plagioclase,13,440,256
HC,206,219,6,Margarite,9,440,256
HC,206,220,6,Margarite,9,440,256
HC,206,221,6,Margarite,9,440,256
HC,206,222,6,Margarite,9,440,256
HC,206,223,6,Margarite,9,440,256
HC,206,224,6,Margarite,9,440,256
HC,206,225,6,Margarite,9,440,256
HC,206,226,6,Margarite,9,440,256
HC,206,251,6,Margarite,9,440,256
HC,206,252,6,Margarite,9,440,256
HC,206,253,6,Margarite,9,440,256
HC,206,254,6,Margarite,9,440,256
HC,206,255,6,Margarite,9,440,256
HC,206,374,5,Serpentine,15,440,256
HC,206,375,5,Serpentine,15,440,256
HC,206,376,5,Serpentine,15,440,256
HC,206,377,5,Serpentine,15,440,256
HC,206,378,5,Serpentine,15,440,256
HC,206,379,5,Serpentine,15,440,256
HC,206,380,5,Serpentine,15,440,256
HC,206,381,5,Serpentine,15,440,256
HC,206,382,5,Serpentine,15,440,256
HC,206,383,5,Serpentine,15,440,256
HC,206,384,5,Serpentine,15,440,256
HC,206,385,5,Serpentine,15,440,256
HC,206,386,5,Serpentine,15,440,256
HC,206,387,5,Serpentine,15,440,256
HC,206,388,5,Serpentine,15,440,256
HC,206,389,5,Serpentine,15,440,256
HC,206,390,5,Serpentine,15,440,256
HC,206,391,5,Serpentine,15,440,256
HC,206,392,5,Serpentine,15,440,256
HC,206,393,5,Serpentine,15,440,256
HC,206,394,5,Serpentine,15,440,256
HC,206,395,5,Serpentine,15,440,256
HC,206,396,5,Serpentine,15,440,256
HC,206,397,5,Serpentine,15,440,256
HC,207,46,3,Prehnite,14,440,256
HC,207,47,3,Prehnite,14,440,256
HC,207,48,3,Prehnite,14,440,256
HC,207,49,3,Prehnite,14,440,256
HC,207,50,3,Prehnite,14,440,256
HC,207,51,3,Prehnite,14,440,256
HC,207,52,3,Prehnite,14,440,256
HC,207,53,3,Prehnite,14,440,256
HC,207,54,3,Prehnite,14,440,256
HC,207,55,3,Prehnite,14,440,256
HC,207,56,3,Prehnite,14,440,256
HC,207,57,3,Prehnite,14,440,256
HC,207,58,3,Prehnite,14,440,256
HC,207,59,3,Prehnite,14,440,256
HC,207,60,3,Prehnite,14,440,256
HC,207,61,3,Prehnite,14,440,256
HC,207,62,3,Prehnite,14,440,256
HC,207,63,3,Prehnite,14,440,256
HC,207,64,3,Prehnite,14,440,256
HC,207,65,3,Prehnite,14,440,256
HC,207,66,3,Prehnite,14,440,256
HC,207,67,3,Prehnite,14,440,256
HC,207,68,3,Prehnite,14,440,256
HC,207,69,3,Prehnite,14,440,256
HC,207,70,3,Prehnite,14,440,256
HC,207,74,2,Plagioclase,13,440,256
HC,207,75,2,Plagioclase,13,440,256
HC,207,76,2,Plagioclase,13,440,256
HC,207,77,2,Plagioclase,13,440,256
HC,207,78,2,Plagioclase,13,440,256
HC,207,79,2,Plagioclase,13,440,256
HC,207,80,2,Plagioclase,13,440,256
HC,207,81,2,Plagioclase,13,440,256
HC,207,82,2,Plagioclase,13,440,256
HC,207,83,2,Plagioclase,13,440,256
HC,207,219,6,Margarite,9,440,256
HC,207,220,6,Margarite,9,440,256
HC,207,221,6,Margarite,9,440,256
HC,207,222,6,Margarite,9,440,256
HC,207,223,6,Margarite,9,440,256
HC,207,224,6,Margarite,9,440,256
HC,207,225,6,Margarite,9,440,256
HC,207,245,6,Margarite,9,440,256
HC,207,246,6,Margarite,9,440,256
HC,207,251,6,Margarite,9,440,256
HC,207,252,6,Margarite,9,440,256
HC,207,253,6,Margarite,9,440,256
HC,207,254,6,Margarite,9,440,256
HC,207,255,6,Margarite,9,440,256
HC,207,375,5,Serpentine,15,440,256
HC,207,376,5,Serpentine,15,440,256
HC,207,377,5,Serpentine,15,440,256
HC,207,378,5,Serpentine,15,440,256
HC,207,379,5,Serpentine,15,440,256
HC,207,380,5,Serpentine,15,440,256
HC,207,381,5,Serpentine,15,440,256
HC,207,382,5,Serpentine,15,440,256
HC,207,383,5,Serpentine,15,440,256
HC,207,384,5,Serpentine,15,440,256
HC,207,385,5,Serpentine,15,440,256
HC,207,386,5,Serpentine,15,440,256
HC,207,387,5,Serpentine,15,440,256
HC,207,388,5,Serpentine,15,440,256
HC,207,389,5,Serpentine,15,440,256
HC,207,390,5,Serpentine,15,440,256
HC,207,391,5,Serpentine,15,440,256
HC,207,392,5,Serpentine,15,440,256
HC,207,393,5,Serpentine,15,440,256
HC,207,394,5,Serpentine,15,440,256
HC,207,395,5,Serpentine,15,440,256
HC,207,396,5,Serpentine,15,440,256
HC,207,397,5,Serpentine,15,440,256
HC,208,44,3,Prehnite,14,440,256
HC,208,45,3,Prehnite,14,440,256
HC,208,46,3,Prehnite,14,440,256
HC,208,47,3,Prehnite,14,440,256
HC,208,48,3,Prehnite,14,440,256
HC,208,49,3,Prehnite,14,440,256
HC,208,50,3,Prehnite,14,440,256
HC,208,51,3,Prehnite,14,440,256
HC,208,52,3,Prehnite,14,440,256
HC,208,53,3,Prehnite,14,440,256
HC,208,54,3,Prehnite,14,440,256
HC,208,55,3,Prehnite,14,440,256
HC,208,56,3,Prehnite,14,440,256
HC,208,57,3,Prehnite,14,440,256
HC,208,58,3,Prehnite,14,440,256
HC,208,59,3,Prehnite,14,440,256
HC,208,60,3,Prehnite,14,440,256
HC,208,61,3,Prehnite,14,440,256
HC,208,62,3,Prehnite,14,440,256
HC,208,63,3,Prehnite,14,440,256
HC,208,64,3,Prehnite,14,440,256
HC,208,65,3,Prehnite,14,440,256
HC,208,66,3,Prehnite,14,440,256
HC,208,67,3,Prehnite,14,440,256
HC,208,68,3,Prehnite,14,440,256
HC,208,69,3,Prehnite,14,440,256
HC,208,70,3,Prehnite,14,440,256
HC,208,220,6,Margarite,9,440,256
HC,208,221,6,Margarite,9,440,256
HC,208,222,6,Margarite,9,440,256
HC,208,223,6,Margarite,9,440,256
HC,208,243,6,Margarite,9,440,256
HC,208,244,6,Margarite,9,440,256
HC,208,245,6,Margarite,9,440,256
HC,208,246,6,Margarite,9,440,256
HC,208,247,6,Margarite,9,440,256
HC,208,251,6,Margarite,9,440,256
HC,208,252,6,Margarite,9,440,256
HC,208,253,6,Margarite,9,440,256
HC,208,254,6,Margarite,9,440,256
HC,208,255,6,Margarite,9,440,256
HC,208,377,5,Serpentine,15,440,256
HC,208,378,5,Serpentine,15,440,256
HC,208,379,5,Serpentine,15,440,256
HC,208,380,5,Serpentine,15,440,256
HC,208,381,5,Serpentine,15,440,256
HC,208,382,5,Serpentine,15,440,256
HC,208,383,5,Serpentine,15,440,256
HC,208,384,5,Serpentine,15,440,256
HC,208,385,5,Serpentine,15,440,256
HC,208,386,5,Serpentine,15,440,256
HC,208,387,5,Serpentine,15,440,256
HC,208,388,5,Serpentine,15,440,256
HC,208,389,5,Serpentine,15,440,256
HC,208,390,5,Serpentine,15,440,256
HC,208,391,5,Serpentine,15,440,256
HC,208,392,5,Serpentine,15,440,256
HC,208,393,5,Serpentine,15,440,256
HC,208,394,5,Serpentine,15,440,256
HC,208,395,5,Serpentine,15,440,256
HC,208,396,5,Serpentine,15,440,256
HC,208,397,5,Serpentine,15,440,256
HC,208,398,5,Serpentine,15,440,256
HC,209,43,3,Prehnite,14,440,256
HC,209,44,3,Prehnite,14,440,256
HC,209,45,3,Prehnite,14,440,256
HC,209,46,3,Prehnite,14,440,256
HC,209,47,3,Prehnite,14,440,256
HC,209,48,3,Prehnite,14,440,256
HC,209,49,3,Prehnite,14,440,256
HC,209,50,3,Prehnite,14,440,256
HC,209,51,3,Prehnite,14,440,256
HC,209,52,3,Prehnite,14,440,256
HC,209,53,3,Prehnite,14,440,256
HC,209,54,3,Prehnite,14,440,256
HC,209,55,3,Prehnite,14,440,256
HC,209,56,3,Prehnite,14,440,256
HC,209,57,3,Prehnite,14,440,256
HC,209,58,3,Prehnite,14,440,256
HC,209,59,3,Prehnite,14,440,256
HC,209,60,3,Prehnite,14,440,256
HC,209,61,3,Prehnite,14,440,256
HC,209,62,3,Prehnite,14,440,256
HC,209,63,3,Prehnite,14,440,256
HC,209,64,3,Prehnite,14,440,256
HC,209,65,3,Prehnite,14,440,256
HC,209,66,3,Prehnite,14,440,256
HC,209,67,3,Prehnite,14,440,256
HC,209,68,3,Prehnite,14,440,256
HC,209,69,3,Prehnite,14,440,256
HC,209,70,3,Prehnite,14,440,256
HC,209,71,3,Prehnite,14,440,256
HC,209,242,6,Margarite,9,440,256
HC,209,243,6,Margarite,9,440,256
HC,209,244,6,Margarite,9,440,256
HC,209,245,6,Margarite,9,440,256
HC,209,246,6,Margarite,9,440,256
HC,209,247,6,Margarite,9,440,256
HC,209,252,6,Margarite,9,440,256
HC,209,253,6,Margarite,9,440,256
HC,209,254,6,Margarite,9,440,256
HC,209,255,6,Margarite,9,440,256
HC,209,379,5,Serpentine,15,440,256
HC,209,380,5,Serpentine,15,440,256
HC,209,381,5,Serpentine,15,440,256
HC,209,382,5,Serpentine,15,440,256
HC,209,383,5,Serpentine,15,440,256
HC,209,384,5,Serpentine,15,440,256
HC,209,385,5,Serpentine,15,440,256
HC,209,386,5,Serpentine,15,440,256
HC,209,387,5,Serpentine,15,440,256
HC,209,388,5,Serpentine,15,440,256
HC,209,389,5,Serpentine,15,440,256
HC,209,390,5,Serpentine,15,440,256
HC,209,391,5,Serpentine,15,440,256
HC,209,392,5,Serpentine,15,440,256
HC,209,393,5,Serpentine,15,440,256
HC,209,394,5,Serpentine,15,440,256
HC,209,395,5,Serpentine,15,440,256
HC,209,396,5,Serpentine,15,440,256
HC,209,397,5,Serpentine,15,440,256
HC,209,398,5,Serpentine,15,440,256
HC,210,42,3,Prehnite,14,440,256
HC,210,43,3,Prehnite,14,440,256
HC,210,44,3,Prehnite,14,440,256
HC,210,45,3,Prehnite,14,440,256
HC,210,46,3,Prehnite,14,440,256
HC,210,47,3,Prehnite,14,440,256
HC,210,48,3,Prehnite,14,440,256
HC,210,49,3,Prehnite,14,440,256
HC,210,50,3,Prehnite,14,440,256
HC,210,51,3,Prehnite,14,440,256
HC,210,52,3,Prehnite,14,440,256
HC,210,53,3,Prehnite,14,440,256
HC,210,54,3,Prehnite,14,440,256
HC,210,55,3,Prehnite,14,440,256
HC,210,56,3,Prehnite,14,440,256
HC,210,57,3,Prehnite,14,440,256
HC,210,58,3,Prehnite,14,440,256
HC,210,59,3,Prehnite,14,440,256
HC,210,60,3,Prehnite,14,440,256
HC,210,61,3,Prehnite,14,440,256
HC,210,62,3,Prehnite,14,440,256
HC,210,63,3,Prehnite,14,440,256
HC,210,64,3,Prehnite,14,440,256
HC,210,65,3,Prehnite,14,440,256
HC,210,66,3,Prehnite,14,440,256
HC,210,67,3,Prehnite,14,440,256
HC,210,68,3,Prehnite,14,440,256
HC,210,69,3,Prehnite,14,440,256
HC,210,70,3,Prehnite,14,440,256
HC,210,71,3,Prehnite,14,440,256
HC,210,242,6,Margarite,9,440,256
HC,210,243,6,Margarite,9,440,256
HC,210,244,6,Margarite,9,440,256
HC,210,245,6,Margarite,9,440,256
HC,210,246,6,Margarite,9,440,256
HC,210,247,6,Margarite,9,440,256
HC,210,353,6,Margarite,9,440,256
HC,210,354,6,Margarite,9,440,256
HC,210,381,5,Serpentine,15,440,256
HC,210,382,5,Serpentine,15,440,256
HC,210,383,5,Serpentine,15,440,256
HC,210,384,5,Serpentine,15,440,256
HC,210,385,5,Serpentine,15,440,256
HC,210,386,5,Serpentine,15,440,256
HC,210,387,5,Serpentine,15,440,256
HC,210,388,5,Serpentine,15,440,256
HC,210,389,5,Serpentine,15,440,256
HC,210,390,5,Serpentine,15,440,256
HC,210,391,5,Serpentine,15,440,256
HC,210,392,5,Serpentine,15,440,256
HC,210,393,5,Serpentine,15,440,256
HC,210,394,5,Serpentine,15,440,256
HC,210,395,5,Serpentine,15,440,256
HC,210,396,5,Serpentine,15,440,256
HC,210,397,5,Serpentine,15,440,256
HC,210,398,5,Serpentine,15,440,256
HC,210,399,5,Serpentine,15,440,256
HC,211,41,3,Prehnite,14,440,256
HC,211,42,3,Prehnite,14,440,256
HC,211,43,3,Prehnite,14,440,256
HC,211,44,3,Prehnite,14,440,256
HC,211,45,3,Prehnite,14,440,256
HC,211,46,3,Prehnite,14,440,256
HC,211,47,3,Prehnite,14,440,256
HC,211,48,3,Prehnite,14,440,256
HC,211,49,3,Prehnite,14,440,256
HC,211,50,3,Prehnite,14,440,256
HC,211,51,3,Prehnite,14,440,256
HC,211,52,3,Prehnite,14,440,256
HC,211,53,3,Prehnite,14,440,256
HC,211,54,3,Prehnite,14,440,256
HC,211,55,3,Prehnite,14,440,256
HC,211,56,3,Prehnite,14,440,256
HC,211,57,3,Prehnite,14,440,256
HC,211,58,3,Prehnite,14,440,256
HC,211,59,3,Prehnite,14,440,256
HC,211,60,3,Prehnite,14,440,256
HC,211,61,3,Prehnite,14,440,256
HC,211,62,3,Prehnite,14,440,256
HC,211,63,3,Prehnite,14,440,256
HC,211,64,3,Prehnite,14,440,256
HC,211,65,3,Prehnite,14,440,256
HC,211,66,3,Prehnite,14,440,256
HC,211,67,3,Prehnite,14,440,256
HC,211,68,3,Prehnite,14,440,256
HC,211,69,3,Prehnite,14,440,256
HC,211,70,3,Prehnite,14,440,256
HC,211,71,3,Prehnite,14,440,256
HC,211,72,3,Prehnite,14,440,256
HC,211,242,6,Margarite,9,440,256
HC,211,243,6,Margarite,9,440,256
HC,211,244,6,Margarite,9,440,256
HC,211,245,6,Margarite,9,440,256
HC,211,246,6,Margarite,9,440,256
HC,211,253,6,Margarite,9,440,256
HC,211,254,6,Margarite,9,440,256
HC,211,255,6,Margarite,9,440,256
HC,211,256,6,Margarite,9,440,256
HC,211,352,6,Margarite,9,440,256
HC,211,353,6,Margarite,9,440,256
HC,211,354,6,Margarite,9,440,256
HC,211,355,6,Margarite,9,440,256
HC,211,356,6,Margarite,9,440,256
HC,211,361,6,Margarite,9,440,256
HC,211,362,6,Margarite,9,440,256
HC,211,382,5,Serpentine,15,440,256
HC,211,383,5,Serpentine,15,440,256
HC,211,384,5,Serpentine,15,440,256
HC,211,385,5,Serpentine,15,440,256
HC,211,386,5,Serpentine,15,440,256
HC,211,387,5,Serpentine,15,440,256
HC,211,388,5,Serpentine,15,440,256
HC,211,389,5,Serpentine,15,440,256
HC,211,390,5,Serpentine,15,440,256
HC,211,391,5,Serpentine,15,440,256
HC,211,392,5,Serpentine,15,440,256
HC,211,393,5,Serpentine,15,440,256
HC,211,394,5,Serpentine,15,440,256
HC,211,395,5,Serpentine,15,440,256
HC,211,396,5,Serpentine,15,440,256
HC,211,397,5,Serpentine,15,440,256
HC,211,398,5,Serpentine,15,440,256
HC,211,399,5,Serpentine,15,440,256
HC,211,400,5,Serpentine,15,440,256
HC,212,41,3,Prehnite,14,440,256
HC,212,42,3,Prehnite,14,440,256
HC,212,43,3,Prehnite,14,440,256
HC,212,44,3,Prehnite,14,440,256
HC,212,45,3,Prehnite,14,440,256
HC,212,46,3,Prehnite,14,440,256
HC,212,47,3,Prehnite,14,440,256
HC,212,48,3,Prehnite,14,440,256
HC,212,49,3,Prehnite,14,440,256
HC,212,50,3,Prehnite,14,440,256
HC,212,51,3,Prehnite,14,440,256
HC,212,52,3,Prehnite,14,440,256
HC,212,53,3,Prehnite,14,440,256
HC,212,54,3,Prehnite,14,440,256
HC,212,55,3,Prehnite,14,440,256
HC,212,56,3,Prehnite,14,440,256
HC,212,57,3,Prehnite,14,440,256
HC,212,58,3,Prehnite,14,440,256
HC,212,59,3,Prehnite,14,440,256
HC,212,60,3,Prehnite,14,440,256
HC,212,61,3,Prehnite,14,440,256
HC,212,62,3,Prehnite,14,440,256
HC,212,63,3,Prehnite,14,440,256
HC,212,64,3,Prehnite,14,440,256
HC,212,65,3,Prehnite,14,440,256
HC,212,66,3,Prehnite,14,440,256
HC,212,67,3,Prehnite,14,440,256
HC,212,68,3,Prehnite,14,440,256
HC,212,69,3,Prehnite,14,440,256
HC,212,70,3,Prehnite,14,440,256
HC,212,71,3,Prehnite,14,440,256
HC,212,72,3,Prehnite,14,440,256
HC,212,242,6,Margarite,9,440,256
HC,212,243,6,Margarite,9,440,256
HC,212,244,6,Margarite,9,440,256
HC,212,245,6,Margarite,9,440,256
HC,212,246,6,Margarite,9,440,256
HC,212,253,6,Margarite,9,440,256
HC,212,254,6,Margarite,9,440,256
HC,212,255,6,Margarite,9,440,256
HC,212,256,6,Margarite,9,440,256
HC,212,350,6,Margarite,9,440,256
HC,212,351,6,Margarite,9,440,256
HC,212,352,6,Margarite,9,440,256
HC,212,353,6,Margarite,9,440,256
HC,212,354,6,Margarite,9,440,256
HC,212,355,6,Margarite,9,440,256
HC,212,356,6,Margarite,9,440,256
HC,212,357,6,Margarite,9,440,256
HC,212,361,6,Margarite,9,440,256
HC,212,362,6,Margarite,9,440,256
HC,212,384,5,Serpentine,15,440,256
HC,212,385,5,Serpentine,15,440,256
HC,212,386,5,Serpentine,15,440,256
HC,212,387,5,Serpentine,15,440,256
HC,212,388,5,Serpentine,15,440,256
HC,212,389,5,Serpentine,15,440,256
HC,212,390,5,Serpentine,15,440,256
HC,212,391,5,Serpentine,15,440,256
HC,212,392,5,Serpentine,15,440,256
HC,212,393,5,Serpentine,15,440,256
HC,212,394,5,Serpentine,15,440,256
HC,212,395,5,Serpentine,15,440,256
HC,212,396,5,Serpentine,15,440,256
HC,212,397,5,Serpentine,15,440,256
HC,212,398,5,Serpentine,15,440,256
HC,212,399,5,Serpentine,15,440,256
HC,212,400,5,Serpentine,15,440,256
HC,212,401,5,Serpentine,15,440,256
HC,212,402,5,Serpentine,15,440,256
HC,212,403,5,Serpentine,15,440,256
HC,212,404,5,Serpentine,15,440,256
HC,212,405,5,Serpentine,15,440,256
HC,212,406,5,Serpentine,15,440,256
HC,212,407,5,Serpentine,15,440,256
HC,212,408,5,Serpentine,15,440,256
HC,212,409,5,Serpentine,15,440,256
HC,213,40,3,Prehnite,14,440,256
HC,213,41,3,Prehnite,14,440,256
HC,213,42,3,Prehnite,14,440,256
HC,213,43,3,Prehnite,14,440,256
HC,213,44,3,Prehnite,14,440,256
HC,213,45,3,Prehnite,14,440,256
HC,213,46,3,Prehnite,14,440,256
HC,213,47,3,Prehnite,14,440,256
HC,213,48,3,Prehnite,14,440,256
HC,213,49,3,Prehnite,14,440,256
HC,213,50,3,Prehnite,14,440,256
HC,213,51,3,Prehnite,14,440,256
HC,213,52,3,Prehnite,14,440,256
HC,213,53,3,Prehnite,14,440,256
HC,213,54,3,Prehnite,14,440,256
HC,213,55,3,Prehnite,14,440,256
HC,213,56,3,Prehnite,14,440,256
HC,213,57,3,Prehnite,14,440,256
HC,213,58,3,Prehnite,14,440,256
HC,213,59,3,Prehnite,14,440,256
HC,213,60,3,Prehnite,14,440,256
HC,213,61,3,Prehnite,14,440,256
HC,213,62,3,Prehnite,14,440,256
HC,213,63,3,Prehnite,14,440,256
HC,213,64,3,Prehnite,14,440,256
HC,213,65,3,Prehnite,14,440,256
HC,213,66,3,Prehnite,14,440,256
HC,213,67,3,Prehnite,14,440,256
HC,213,68,3,Prehnite,14,440,256
HC,213,69,3,Prehnite,14,440,256
HC,213,70,3,Prehnite,14,440,256
HC,213,71,3,Prehnite,14,440,256
HC,213,72,3,Prehnite,14,440,256
HC,213,253,6,Margarite,9,440,256
HC,213,254,6,Margarite,9,440,256
HC,213,255,6,Margarite,9,440,256
HC,213,256,6,Margarite,9,440,256
HC,213,348,6,Margarite,9,440,256
HC,213,349,6,Margarite,9,440,256
HC,213,350,6,Margarite,9,440,256
HC,213,351,6,Margarite,9,440,256
HC,213,352,6,Margarite,9,440,256
HC,213,353,6,Margarite,9,440,256
HC,213,354,6,Margarite,9,440,256
HC,213,355,6,Margarite,9,440,256
HC,213,356,6,Margarite,9,440,256
HC,213,357,6,Margarite,9,440,256
HC,213,386,5,Serpentine,15,440,256
HC,213,387,5,Serpentine,15,440,256
HC,213,388,5,Serpentine,15,440,256
HC,213,389,5,Serpentine,15,440,256
HC,213,390,5,Serpentine,15,440,256
HC,213,391,5,Serpentine,15,440,256
HC,213,392,5,Serpentine,15,440,256
HC,213,393,5,Serpentine,15,440,256
HC,213,394,5,Serpentine,15,440,256
HC,213,395,5,Serpentine,15,440,256
HC,213,396,5,Serpentine,15,440,256
HC,213,397,5,Serpentine,15,440,256
HC,213,398,5,Serpentine,15,440,256
HC,213,399,5,Serpentine,15,440,256
HC,213,400,5,Serpentine,15,440,256
HC,213,401,5,Serpentine,15,440,256
HC,213,402,5,Serpentine,15,440,256
HC,213,403,5,Serpentine,15,440,256
HC,213,404,5,Serpentine,15,440,256
HC,213,405,5,Serpentine,15,440,256
HC,213,406,5,Serpentine,15,440,256
HC,213,407,5,Serpentine,15,440,256
HC,213,408,5,Serpentine,15,440,256
HC,213,409,5,Serpentine,15,440,256
HC,213,410,5,Serpentine,15,440,256
HC,214,40,3,Prehnite,14,440,256
HC,214,41,3,Prehnite,14,440,256
HC,214,42,3,Prehnite,14,440,256
HC,214,43,3,Prehnite,14,440,256
HC,214,44,3,Prehnite,14,440,256
HC,214,45,3,Prehnite,14,440,256
HC,214,46,3,Prehnite,14,440,256
HC,214,47,3,Prehnite,14,440,256
HC,214,48,3,Prehnite,14,440,256
HC,214,49,3,Prehnite,14,440,256
HC,214,50,3,Prehnite,14,440,256
HC,214,51,3,Prehnite,14,440,256
HC,214,52,3,Prehnite,14,440,256
HC,214,53,3,Prehnite,14,440,256
HC,214,54,3,Prehnite,14,440,256
HC,214,55,3,Prehnite,14,440,256
HC,214,56,3,Prehnite,14,440,256
HC,214,57,3,Prehnite,14,440,256
HC,214,58,3,Prehnite,14,440,256
HC,214,59,3,Prehnite,14,440,256
HC,214,60,3,Prehnite,14,440,256
HC,214,61,3,Prehnite,14,440,256
HC,214,62,3,Prehnite,14,440,256
HC,214,63,3,Prehnite,14,440,256
HC,214,64,3,Prehnite,14,440,256
HC,214,65,3,Prehnite,14,440,256
HC,214,66,3,Prehnite,14,440,256
HC,214,67,3,Prehnite,14,440,256
HC,214,68,3,Prehnite,14,440,256
HC,214,69,3,Prehnite,14,440,256
HC,214,70,3,Prehnite,14,440,256
HC,214,71,3,Prehnite,14,440,256
HC,214,72,3,Prehnite,14,440,256
HC,214,253,6,Margarite,9,440,256
HC,214,254,6,Margarite,9,440,256
HC,214,255,6,Margarite,9,440,256
HC,214,256,6,Margarite,9,440,256
HC,214,348,6,Margarite,9,440,256
HC,214,349,6,Margarite,9,440,256
HC,214,350,6,Margarite,9,440,256
HC,214,351,6,Margarite,9,440,256
HC,214,352,6,Margarite,9,440,256
HC,214,353,6,Margarite,9,440,256
HC,214,354,6,Margarite,9,440,256
HC,214,355,6,Margarite,9,440,256
HC,214,356,6,Margarite,9,440,256
HC,214,357,6,Margarite,9,440,256
HC,214,387,5,Serpentine,15,440,256
HC,214,388,5,Serpentine,15,440,256
HC,214,389,5,Serpentine,15,440,256
HC,214,390,5,Serpentine,15,440,256
HC,214,391,5,Serpentine,15,440,256
HC,214,392,5,Serpentine,15,440,256
HC,214,393,5,Serpentine,15,440,256
HC,214,394,5,Serpentine,15,440,256
HC,214,395,5,Serpentine,15,440,256
HC,214,396,5,Serpentine,15,440,256
HC,214,397,5,Serpentine,15,440,256
HC,214,398,5,Serpentine,15,440,256
HC,214,399,5,Serpentine,15,440,256
HC,214,400,5,Serpentine,15,440,256
HC,214,401,5,Serpentine,15,440,256
HC,214,402,5,Serpentine,15,440,256
HC,214,403,5,Serpentine,15,440,256
HC,214,404,5,Serpentine,15,440,256
HC,214,405,5,Serpentine,15,440,256
HC,214,406,5,Serpentine,15,440,256
HC,214,407,5,Serpentine,15,440,256
HC,214,408,5,Serpentine,15,440,256
HC,214,409,5,Serpentine,15,440,256
HC,214,410,5,Serpentine,15,440,256
HC,214,411,5,Serpentine,15,440,256
HC,214,514,5,Serpentine,15,440,256
HC,214,515,5,Serpentine,15,440,256
HC,214,516,5,Serpentine,15,440,256
HC,214,517,5,Serpentine,15,440,256
HC,214,518,5,Serpentine,15,440,256
HC,214,519,5,Serpentine,15,440,256
HC,214,520,5,Serpentine,15,440,256
HC,214,521,5,Serpentine,15,440,256
HC,214,522,5,Serpentine,15,440,256
HC,214,523,5,Serpentine,15,440,256
HC,214,524,5,Serpentine,15,440,256
HC,214,525,5,Serpentine,15,440,256
HC,214,526,5,Serpentine,15,440,256
HC,214,527,5,Serpentine,15,440,256
HC,214,528,5,Serpentine,15,440,256
HC,214,529,5,Serpentine,15,440,256
HC,214,530,5,Serpentine,15,440,256
HC,214,531,5,Serpentine,15,440,256
HC,214,532,5,Serpentine,15,440,256
HC,214,533,5,Serpentine,15,440,256
HC,214,534,5,Serpentine,15,440,256
HC,214,535,5,Serpentine,15,440,256
HC,214,536,5,Serpentine,15,440,256
HC,214,537,5,Serpentine,15,440,256
HC,214,538,5,Serpentine,15,440,256
HC,214,539,5,Serpentine,15,440,256
HC,214,540,5,Serpentine,15,440,256
HC,214,541,5,Serpentine,15,440,256
HC,214,542,5,Serpentine,15,440,256
HC,214,543,5,Serpentine,15,440,256
HC,214,544,5,Serpentine,15,440,256
HC,214,545,5,Serpentine,15,440,256
HC,214,546,5,Serpentine,15,440,256
HC,214,547,5,Serpentine,15,440,256
HC,214,548,5,Serpentine,15,440,256
HC,214,549,5,Serpentine,15,440,256
HC,214,550,5,Serpentine,15,440,256
HC,214,551,5,Serpentine,15,440,256
HC,214,552,5,Serpentine,15,440,256
HC,214,553,5,Serpentine,15,440,256
HC,214,554,5,Serpentine,15,440,256
HC,214,555,5,Serpentine,15,440,256
HC,214,556,5,Serpentine,15,440,256
HC,215,40,3,Prehnite,14,440,256
HC,215,41,3,Prehnite,14,440,256
HC,215,42,3,Prehnite,14,440,256
HC,215,43,3,Prehnite,14,440,256
HC,215,44,3,Prehnite,14,440,256
HC,215,45,3,Prehnite,14,440,256
HC,215,46,3,Prehnite,14,440,256
HC,215,47,3,Prehnite,14,440,256
HC,215,48,3,Prehnite,14,440,256
HC,215,49,3,Prehnite,14,440,256
HC,215,50,3,Prehnite,14,440,256
HC,215,51,3,Prehnite,14,440,256
HC,215,52,3,Prehnite,14,440,256
HC,215,53,3,Prehnite,14,440,256
HC,215,54,3,Prehnite,14,440,256
HC,215,55,3,Prehnite,14,440,256
HC,215,56,3,Prehnite,14,440,256
HC,215,57,3,Prehnite,14,440,256
HC,215,58,3,Prehnite,14,440,256
HC,215,59,3,Prehnite,14,440,256
HC,215,60,3,Prehnite,14,440,256
HC,215,61,3,Prehnite,14,440,256
HC,215,62,3,Prehnite,14,440,256
HC,215,63,3,Prehnite,14,440,256
HC,215,64,3,Prehnite,14,440,256
HC,215,65,3,Prehnite,14,440,256
HC,215,66,3,Prehnite,14,440,256
HC,215,67,3,Prehnite,14,440,256
HC,215,68,3,Prehnite,14,440,256
HC,215,69,3,Prehnite,14,440,256
HC,215,70,3,Prehnite,14,440,256
HC,215,71,3,Prehnite,14,440,256
HC,215,72,3,Prehnite,14,440,256
HC,215,200,4,High-Ca Pyroxene,6,440,256
HC,215,201,4,High-Ca Pyroxene,6,440,256
HC,215,202,4,High-Ca Pyroxene,6,440,256
HC,215,253,6,Margarite,9,440,256
HC,215,254,6,Margarite,9,440,256
HC,215,255,6,Margarite,9,440,256
HC,215,256,6,Margarite,9,440,256
HC,215,346,6,Margarite,9,440,256
HC,215,347,6,Margarite,9,440,256
HC,215,348,6,Margarite,9,440,256
HC,215,349,6,Margarite,9,440,256
HC,215,350,6,Margarite,9,440,256
HC,215,351,6,Margarite,9,440,256
HC,215,352,6,Margarite,9,440,256
HC,215,353,6,Margarite,9,440,256
HC,215,354,6,Margarite,9,440,256
HC,215,355,6,Margarite,9,440,256
HC,215,356,6,Margarite,9,440,256
HC,215,357,6,Margarite,9,440,256
HC,215,389,5,Serpentine,15,440,256
HC,215,390,5,Serpentine,15,440,256
HC,215,391,5,Serpentine,15,440,256
HC,215,392,5,Serpentine,15,440,256
HC,215,393,5,Serpentine,15,440,256
HC,215,394,5,Serpentine,15,440,256
HC,215,395,5,Serpentine,15,440,256
HC,215,396,5,Serpentine,15,440,256
HC,215,397,5,Serpentine,15,440,256
HC,215,398,5,Serpentine,15,440,256
HC,215,399,5,Serpentine,15,440,256
HC,215,400,5,Serpentine,15,440,256
HC,215,401,5,Serpentine,15,440,256
HC,215,402,5,Serpentine,15,440,256
HC,215,403,5,Serpentine,15,440,256
HC,215,404,5,Serpentine,15,440,256
HC,215,405,5,Serpentine,15,440,256
HC,215,406,5,Serpentine,15,440,256
HC,215,407,5,Serpentine,15,440,256
HC,215,408,5,Serpentine,15,440,256
HC,215,409,5,Serpentine,15,440,256
HC,215,410,5,Serpentine,15,440,256
HC,215,411,5,Serpentine,15,440,256
HC,215,412,5,Serpentine,15,440,256
HC,215,413,5,Serpentine,15,440,256
HC,215,497,5,Serpentine,15,440,256
HC,215,498,5,Serpentine,15,440,256
HC,215,499,5,Serpentine,15,440,256
HC,215,500,5,Serpentine,15,440,256
HC,215,501,5,Serpentine,15,440,256
HC,215,502,5,Serpentine,15,440,256
HC,215,503,5,Serpentine,15,440,256
HC,215,504,5,Serpentine,15,440,256
HC,215,505,5,Serpentine,15,440,256
HC,215,506,5,Serpentine,15,440,256
HC,215,507,5,Serpentine,15,440,256
HC,215,508,5,Serpentine,15,440,256
HC,215,509,5,Serpentine,15,440,256
HC,215,510,5,Serpentine,15,440,256
HC,215,511,5,Serpentine,15,440,256
HC,215,512,5,Serpentine,15,440,256
HC,215,513,5,Serpentine,15,440,256
HC,215,514,5,Serpentine,15,440,256
HC,215,515,5,Serpentine,15,440,256
HC,215,516,5,Serpentine,15,440,256
HC,215,517,5,Serpentine,15,440,256
HC,215,518,5,Serpentine,15,440,256
HC,215,519,5,Serpentine,15,440,256
HC,215,520,5,Serpentine,15,440,256
HC,215,521,5,Serpentine,15,440,256
HC,215,522,5,Serpentine,15,440,256
HC,215,523,5,Serpentine,15,440,256
HC,215,524,5,Serpentine,15,440,256
HC,215,525,5,Serpentine,15,440,256
HC,215,526,5,Serpentine,15,440,256
HC,215,527,5,Serpentine,15,440,256
HC,215,528,5,Serpentine,15,440,256
HC,215,529,5,Serpentine,15,440,256
HC,215,530,5,Serpentine,15,440,256
HC,215,531,5,Serpentine,15,440,256
HC,215,532,5,Serpentine,15,440,256
HC,215,533,5,Serpentine,15,440,256
HC,215,534,5,Serpentine,15,440,256
HC,215,535,5,Serpentine,15,440,256
HC,215,536,5,Serpentine,15,440,256
HC,215,537,5,Serpentine,15,440,256
HC,215,538,5,Serpentine,15,440,256
HC,215,539,5,Serpentine,15,440,256
HC,215,540,5,Serpentine,15,440,256
HC,215,541,5,Serpentine,15,440,256
HC,215,542,5,Serpentine,15,440,256
HC,215,543,5,Serpentine,15,440,256
HC,215,544,5,Serpentine,15,440,256
HC,215,545,5,Serpentine,15,440,256
HC,215,546,5,Serpentine,15,440,256
HC,215,547,5,Serpentine,15,440,256
HC,215,548,5,Serpentine,15,440,256
HC,215,549,5,Serpentine,15,440,256
HC,215,550,5,Serpentine,15,440,256
HC,215,551,5,Serpentine,15,440,256
HC,215,552,5,Serpentine,15,440,256
HC,215,553,5,Serpentine,15,440,256
HC,215,554,5,Serpentine,15,440,256
HC,215,555,5,Serpentine,15,440,256
HC,215,556,5,Serpentine,15,440,256
HC,215,557,5,Serpentine,15,440,256
HC,215,558,5,Serpentine,15,440,256
HC,215,559,5,Serpentine,15,440,256
HC,215,560,5,Serpentine,15,440,256
HC,215,561,5,Serpentine,15,440,256
HC,215,562,5,Serpentine,15,440,256
HC,215,563,5,Serpentine,15,440,256
HC,216,40,3,Prehnite,14,440,256
HC,216,41,3,Prehnite,14,440,256
HC,216,42,3,Prehnite,14,440,256
HC,216,43,3,Prehnite,14,440,256
HC,216,44,3,Prehnite,14,440,256
HC,216,45,3,Prehnite,14,440,256
HC,216,46,3,Prehnite,14,440,256
HC,216,47,3,Prehnite,14,440,256
HC,216,48,3,Prehnite,14,440,256
HC,216,49,3,Prehnite,14,440,256
HC,216,50,3,Prehnite,14,440,256
HC,216,51,3,Prehnite,14,440,256
HC,216,52,3,Prehnite,14,440,256
HC,216,53,3,Prehnite,14,440,256
HC,216,54,3,Prehnite,14,440,256
HC,216,55,3,Prehnite,14,440,256
HC,216,56,3,Prehnite,14,440,256
HC,216,57,3,Prehnite,14,440,256
HC,216,58,3,Prehnite,14,440,256
HC,216,59,3,Prehnite,14,440,256
HC,216,60,3,Prehnite,14,440,256
HC,216,61,3,Prehnite,14,440,256
HC,216,62,3,Prehnite,14,440,256
HC,216,63,3,Prehnite,14,440,256
HC,216,64,3,Prehnite,14,440,256
HC,216,65,3,Prehnite,14,440,256
HC,216,66,3,Prehnite,14,440,256
HC,216,67,3,Prehnite,14,440,256
HC,216,68,3,Prehnite,14,440,256
HC,216,69,3,Prehnite,14,440,256
HC,216,70,3,Prehnite,14,440,256
HC,216,71,3,Prehnite,14,440,256
HC,216,72,3,Prehnite,14,440,256
HC,216,73,3,Prehnite,14,440,256
HC,216,198,4,High-Ca Pyroxene,6,440,256
HC,216,199,4,High-Ca Pyroxene,6,440,256
HC,216,200,4,High-Ca Pyroxene,6,440,256
HC,216,201,4,High-Ca Pyroxene,6,440,256
HC,216,202,4,High-Ca Pyroxene,6,440,256
HC,216,203,4,High-Ca Pyroxene,6,440,256
HC,216,204,4,High-Ca Pyroxene,6,440,256
HC,216,205,4,High-Ca Pyroxene,6,440,256
HC,216,206,4,High-Ca Pyroxene,6,440,256
HC,216,346,6,Margarite,9,440,256
HC,216,347,6,Margarite,9,440,256
HC,216,348,6,Margarite,9,440,256
HC,216,349,6,Margarite,9,440,256
HC,216,350,6,Margarite,9,440,256
HC,216,351,6,Margarite,9,440,256
HC,216,352,6,Margarite,9,440,256
HC,216,353,6,Margarite,9,440,256
HC,216,354,6,Margarite,9,440,256
HC,216,355,6,Margarite,9,440,256
HC,216,356,6,Margarite,9,440,256
HC,216,357,6,Margarite,9,440,256
HC,216,391,5,Serpentine,15,440,256
HC,216,392,5,Serpentine,15,440,256
HC,216,393,5,Serpentine,15,440,256
HC,216,394,5,Serpentine,15,440,256
HC,216,395,5,Serpentine,15,440,256
HC,216,396,5,Serpentine,15,440,256
HC,216,397,5,Serpentine,15,440,256
HC,216,398,5,Serpentine,15,440,256
HC,216,399,5,Serpentine,15,440,256
HC,216,400,5,Serpentine,15,440,256
HC,216,401,5,Serpentine,15,440,256
HC,216,402,5,Serpentine,15,440,256
HC,216,403,5,Serpentine,15,440,256
HC,216,404,5,Serpentine,15,440,256
HC,216,405,5,Serpentine,15,440,256
HC,216,406,5,Serpentine,15,440,256
HC,216,407,5,Serpentine,15,440,256
HC,216,408,5,Serpentine,15,440,256
HC,216,409,5,Serpentine,15,440,256
HC,216,410,5,Serpentine,15,440,256
HC,216,411,5,Serpentine,15,440,256
HC,216,412,5,Serpentine,15,440,256
HC,216,413,5,Serpentine,15,440,256
HC,216,414,5,Serpentine,15,440,256
HC,216,415,5,Serpentine,15,440,256
HC,216,416,5,Serpentine,15,440,256
HC,216,417,5,Serpentine,15,440,256
HC,216,418,5,Serpentine,15,440,256
HC,216,419,5,Serpentine,15,440,256
HC,216,420,5,Serpentine,15,440,256
HC,216,421,5,Serpentine,15,440,256
HC,216,422,5,Serpentine,15,440,256
HC,216,423,5,Serpentine,15,440,256
HC,216,424,5,Serpentine,15,440,256
HC,216,425,5,Serpentine,15,440,256
HC,216,426,5,Serpentine,15,440,256
HC,216,427,5,Serpentine,15,440,256
HC,216,488,5,Serpentine,15,440,256
HC,216,489,5,Serpentine,15,440,256
HC,216,490,5,Serpentine,15,440,256
HC,216,491,5,Serpentine,15,440,256
HC,216,492,5,Serpentine,15,440,256
HC,216,493,5,Serpentine,15,440,256
HC,216,494,5,Serpentine,15,440,256
HC,216,495,5,Serpentine,15,440,256
HC,216,496,5,Serpentine,15,440,256
HC,216,497,5,Serpentine,15,440,256
HC,216,498,5,Serpentine,15,440,256
HC,216,499,5,Serpentine,15,440,256
HC,216,500,5,Serpentine,15,440,256
HC,216,501,5,Serpentine,15,440,256
HC,216,502,5,Serpentine,15,440,256
HC,216,503,5,Serpentine,15,440,256
HC,216,504,5,Serpentine,15,440,256
HC,216,505,5,Serpentine,15,440,256
HC,216,506,5,Serpentine,15,440,256
HC,216,507,5,Serpentine,15,440,256
HC,216,508,5,Serpentine,15,440,256
HC,216,509,5,Serpentine,15,440,256
HC,216,510,5,Serpentine,15,440,256
HC,216,511,5,Serpentine,15,440,256
HC,216,512,5,Serpentine,15,440,256
HC,216,513,5,Serpentine,15,440,256
HC,216,514,5,Serpentine,15,440,256
HC,216,515,5,Serpentine,15,440,256
HC,216,516,5,Serpentine,15,440,256
HC,216,517,5,Serpentine,15,440,256
HC,216,518,5,Serpentine,15,440,256
HC,216,519,5,Serpentine,15,440,256
HC,216,520,5,Serpentine,15,440,256
HC,216,521,5,Serpentine,15,440,256
HC,216,522,5,Serpentine,15,440,256
HC,216,523,5,Serpentine,15,440,256
HC,216,524,5,Serpentine,15,440,256
HC,216,525,5,Serpentine,15,440,256
HC,216,526,5,Serpentine,15,440,256
HC,216,527,5,Serpentine,15,440,256
HC,216,528,5,Serpentine,15,440,256
HC,216,529,5,Serpentine,15,440,256
HC,216,530,5,Serpentine,15,440,256
HC,216,531,5,Serpentine,15,440,256
HC,216,532,5,Serpentine,15,440,256
HC,216,533,5,Serpentine,15,440,256
HC,216,534,5,Serpentine,15,440,256
HC,216,535,5,Serpentine,15,440,256
HC,216,536,5,Serpentine,15,440,256
HC,216,537,5,Serpentine,15,440,256
HC,216,538,5,Serpentine,15,440,256
HC,216,539,5,Serpentine,15,440,256
HC,216,540,5,Serpentine,15,440,256
HC,216,541,5,Serpentine,15,440,256
HC,216,542,5,Serpentine,15,440,256
HC,216,543,5,Serpentine,15,440,256
HC,216,544,5,Serpentine,15,440,256
HC,216,545,5,Serpentine,15,440,256
HC,216,546,5,Serpentine,15,440,256
HC,216,547,5,Serpentine,15,440,256
HC,216,548,5,Serpentine,15,440,256
HC,216,549,5,Serpentine,15,440,256
HC,216,550,5,Serpentine,15,440,256
HC,216,551,5,Serpentine,15,440,256
HC,216,552,5,Serpentine,15,440,256
HC,216,553,5,Serpentine,15,440,256
HC,216,554,5,Serpentine,15,440,256
HC,216,555,5,Serpentine,15,440,256
HC,216,556,5,Serpentine,15,440,256
HC,216,557,5,Serpentine,15,440,256
HC,216,558,5,Serpentine,15,440,256
HC,216,559,5,Serpentine,15,440,256
HC,216,560,5,Serpentine,15,440,256
HC,216,561,5,Serpentine,15,440,256
HC,216,562,5,Serpentine,15,440,256
HC,216,563,5,Serpentine,15,440,256
HC,216,564,5,Serpentine,15,440,256
HC,217,40,3,Prehnite,14,440,256
HC,217,41,3,Prehnite,14,440,256
HC,217,42,3,Prehnite,14,440,256
HC,217,43,3,Prehnite,14,440,256
HC,217,44,3,Prehnite,14,440,256
HC,217,45,3,Prehnite,14,440,256
HC,217,46,3,Prehnite,14,440,256
HC,217,47,3,Prehnite,14,440,256
HC,217,48,3,Prehnite,14,440,256
HC,217,49,3,Prehnite,14,440,256
HC,217,50,3,Prehnite,14,440,256
HC,217,51,3,Prehnite,14,440,256
HC,217,52,3,Prehnite,14,440,256
HC,217,53,3,Prehnite,14,440,256
HC,217,54,3,Prehnite,14,440,256
HC,217,55,3,Prehnite,14,440,256
HC,217,56,3,Prehnite,14,440,256
HC,217,57,3,Prehnite,14,440,256
HC,217,58,3,Prehnite,14,440,256
HC,217,59,3,Prehnite,14,440,256
HC,217,60,3,Prehnite,14,440,256
HC,217,61,3,Prehnite,14,440,256
HC,217,62,3,Prehnite,14,440,256
HC,217,63,3,Prehnite,14,440,256
HC,217,64,3,Prehnite,14,440,256
HC,217,65,3,Prehnite,14,440,256
HC,217,66,3,Prehnite,14,440,256
HC,217,67,3,Prehnite,14,440,256
HC,217,68,3,Prehnite,14,440,256
HC,217,69,3,Prehnite,14,440,256
HC,217,70,3,Prehnite,14,440,256
HC,217,71,3,Prehnite,14,440,256
HC,217,72,3,Prehnite,14,440,256
HC,217,73,3,Prehnite,14,440,256
HC,217,198,4,High-Ca Pyroxene,6,440,256
HC,217,199,4,High-Ca Pyroxene,6,440,256
HC,217,200,4,High-Ca Pyroxene,6,440,256
HC,217,201,4,High-Ca Pyroxene,6,440,256
HC,217,202,4,High-Ca Pyroxene,6,440,256
HC,217,203,4,High-Ca Pyroxene,6,440,256
HC,217,204,4,High-Ca Pyroxene,6,440,256
HC,217,205,4,High-Ca Pyroxene,6,440,256
HC,217,206,4,High-Ca Pyroxene,6,440,256
HC,217,207,4,High-Ca Pyroxene,6,440,256
HC,217,346,6,Margarite,9,440,256
HC,217,347,6,Margarite,9,440,256
HC,217,348,6,Margarite,9,440,256
HC,217,349,6,Margarite,9,440,256
HC,217,350,6,Margarite,9,440,256
HC,217,351,6,Margarite,9,440,256
HC,217,352,6,Margarite,9,440,256
HC,217,353,6,Margarite,9,440,256
HC,217,354,6,Margarite,9,440,256
HC,217,355,6,Margarite,9,440,256
HC,217,356,6,Margarite,9,440,256
HC,217,357,6,Margarite,9,440,256
HC,217,393,5,Serpentine,15,440,256
HC,217,394,5,Serpentine,15,440,256
HC,217,395,5,Serpentine,15,440,256
HC,217,396,5,Serpentine,15,440,256
HC,217,397,5,Serpentine,15,440,256
HC,217,398,5,Serpentine,15,440,256
HC,217,399,5,Serpentine,15,440,256
HC,217,400,5,Serpentine,15,440,256
HC,217,401,5,Serpentine,15,440,256
HC,217,402,5,Serpentine,15,440,256
HC,217,403,5,Serpentine,15,440,256
HC,217,404,5,Serpentine,15,440,256
HC,217,405,5,Serpentine,15,440,256
HC,217,406,5,Serpentine,15,440,256
HC,217,407,5,Serpentine,15,440,256
HC,217,408,5,Serpentine,15,440,256
HC,217,409,5,Serpentine,15,440,256
HC,217,410,5,Serpentine,15,440,256
HC,217,411,5,Serpentine,15,440,256
HC,217,412,5,Serpentine,15,440,256
HC,217,413,5,Serpentine,15,440,256
HC,217,414,5,Serpentine,15,440,256
HC,217,415,5,Serpentine,15,440,256
HC,217,416,5,Serpentine,15,440,256
HC,217,417,5,Serpentine,15,440,256
HC,217,418,5,Serpentine,15,440,256
HC,217,419,5,Serpentine,15,440,256
HC,217,420,5,Serpentine,15,440,256
HC,217,421,5,Serpentine,15,440,256
HC,217,422,5,Serpentine,15,440,256
HC,217,423,5,Serpentine,15,440,256
HC,217,424,5,Serpentine,15,440,256
HC,217,425,5,Serpentine,15,440,256
HC,217,426,5,Serpentine,15,440,256
HC,217,427,5,Serpentine,15,440,256
HC,217,428,5,Serpentine,15,440,256
HC,217,487,5,Serpentine,15,440,256
HC,217,488,5,Serpentine,15,440,256
HC,217,489,5,Serpentine,15,440,256
HC,217,490,5,Serpentine,15,440,256
HC,217,491,5,Serpentine,15,440,256
HC,217,492,5,Serpentine,15,440,256
HC,217,493,5,Serpentine,15,440,256
HC,217,494,5,Serpentine,15,440,256
HC,217,495,5,Serpentine,15,440,256
HC,217,496,5,Serpentine,15,440,256
HC,217,497,5,Serpentine,15,440,256
HC,217,498,5,Serpentine,15,440,256
HC,217,499,5,Serpentine,15,440,256
HC,217,500,5,Serpentine,15,440,256
HC,217,501,5,Serpentine,15,440,256
HC,217,502,5,Serpentine,15,440,256
HC,217,503,5,Serpentine,15,440,256
HC,217,504,5,Serpentine,15,440,256
HC,217,505,5,Serpentine,15,440,256
HC,217,506,5,Serpentine,15,440,256
HC,217,507,5,Serpentine,15,440,256
HC,217,508,5,Serpentine,15,440,256
HC,217,509,5,Serpentine,15,440,256
HC,217,510,5,Serpentine,15,440,256
HC,217,511,5,Serpentine,15,440,256
HC,217,512,5,Serpentine,15,440,256
HC,217,513,5,Serpentine,15,440,256
HC,217,514,5,Serpentine,15,440,256
HC,217,515,5,Serpentine,15,440,256
HC,217,516,5,Serpentine,15,440,256
HC,217,517,5,Serpentine,15,440,256
HC,217,518,5,Serpentine,15,440,256
HC,217,519,5,Serpentine,15,440,256
HC,217,520,5,Serpentine,15,440,256
HC,217,521,5,Serpentine,15,440,256
HC,217,522,5,Serpentine,15,440,256
HC,217,523,5,Serpentine,15,440,256
HC,217,524,5,Serpentine,15,440,256
HC,217,525,5,Serpentine,15,440,256
HC,217,526,5,Serpentine,15,440,256
HC,217,527,5,Serpentine,15,440,256
HC,217,528,5,Serpentine,15,440,256
HC,217,529,5,Serpentine,15,440,256
HC,217,530,5,Serpentine,15,440,256
HC,217,531,5,Serpentine,15,440,256
HC,217,532,5,Serpentine,15,440,256
HC,217,533,5,Serpentine,15,440,256
HC,217,534,5,Serpentine,15,440,256
HC,217,535,5,Serpentine,15,440,256
HC,217,536,5,Serpentine,15,440,256
HC,217,537,5,Serpentine,15,440,256
HC,217,538,5,Serpentine,15,440,256
HC,217,539,5,Serpentine,15,440,256
HC,217,540,5,Serpentine,15,440,256
HC,217,541,5,Serpentine,15,440,256
HC,217,542,5,Serpentine,15,440,256
HC,217,543,5,Serpentine,15,440,256
HC,217,544,5,Serpentine,15,440,256
HC,217,545,5,Serpentine,15,440,256
HC,217,546,5,Serpentine,15,440,256
HC,217,547,5,Serpentine,15,440,256
HC,217,548,5,Serpentine,15,440,256
HC,217,549,5,Serpentine,15,440,256
HC,217,550,5,Serpentine,15,440,256
HC,217,551,5,Serpentine,15,440,256
HC,217,552,5,Serpentine,15,440,256
HC,217,553,5,Serpentine,15,440,256
HC,217,554,5,Serpentine,15,440,256
HC,217,555,5,Serpentine,15,440,256
HC,217,556,5,Serpentine,15,440,256
HC,217,557,5,Serpentine,15,440,256
HC,217,558,5,Serpentine,15,440,256
HC,217,559,5,Serpentine,15,440,256
HC,217,560,5,Serpentine,15,440,256
HC,217,561,5,Serpentine,15,440,256
HC,217,562,5,Serpentine,15,440,256
HC,217,563,5,Serpentine,15,440,256
HC,217,564,5,Serpentine,15,440,256
HC,217,565,5,Serpentine,15,440,256
HC,218,40,3,Prehnite,14,440,256
HC,218,41,3,Prehnite,14,440,256
HC,218,42,3,Prehnite,14,440,256
HC,218,43,3,Prehnite,14,440,256
HC,218,44,3,Prehnite,14,440,256
HC,218,45,3,Prehnite,14,440,256
HC,218,46,3,Prehnite,14,440,256
HC,218,47,3,Prehnite,14,440,256
HC,218,48,3,Prehnite,14,440,256
HC,218,49,3,Prehnite,14,440,256
HC,218,50,3,Prehnite,14,440,256
HC,218,51,3,Prehnite,14,440,256
HC,218,52,3,Prehnite,14,440,256
HC,218,53,3,Prehnite,14,440,256
HC,218,54,3,Prehnite,14,440,256
HC,218,55,3,Prehnite,14,440,256
HC,218,56,3,Prehnite,14,440,256
HC,218,57,3,Prehnite,14,440,256
HC,218,58,3,Prehnite,14,440,256
HC,218,59,3,Prehnite,14,440,256
HC,218,60,3,Prehnite,14,440,256
HC,218,61,3,Prehnite,14,440,256
HC,218,62,3,Prehnite,14,440,256
HC,218,63,3,Prehnite,14,440,256
HC,218,64,3,Prehnite,14,440,256
HC,218,65,3,Prehnite,14,440,256
HC,218,66,3,Prehnite,14,440,256
HC,218,67,3,Prehnite,14,440,256
HC,218,68,3,Prehnite,14,440,256
HC,218,69,3,Prehnite,14,440,256
HC,218,70,3,Prehnite,14,440,256
HC,218,71,3,Prehnite,14,440,256
HC,218,72,3,Prehnite,14,440,256
HC,218,73,3,Prehnite,14,440,256
HC,218,197,4,High-Ca Pyroxene,6,440,256
HC,218,198,4,High-Ca Pyroxene,6,440,256
HC,218,199,4,High-Ca Pyroxene,6,440,256
HC,218,200,4,High-Ca Pyroxene,6,440,256
HC,218,201,4,High-Ca Pyroxene,6,440,256
HC,218,202,4,High-Ca Pyroxene,6,440,256
HC,218,203,4,High-Ca Pyroxene,6,440,256
HC,218,204,4,High-Ca Pyroxene,6,440,256
HC,218,205,4,High-Ca Pyroxene,6,440,256
HC,218,206,4,High-Ca Pyroxene,6,440,256
HC,218,207,4,High-Ca Pyroxene,6,440,256
HC,218,208,4,High-Ca Pyroxene,6,440,256
HC,218,209,4,High-Ca Pyroxene,6,440,256
HC,218,346,6,Margarite,9,440,256
HC,218,347,6,Margarite,9,440,256
HC,218,348,6,Margarite,9,440,256
HC,218,349,6,Margarite,9,440,256
HC,218,350,6,Margarite,9,440,256
HC,218,351,6,Margarite,9,440,256
HC,218,352,6,Margarite,9,440,256
HC,218,353,6,Margarite,9,440,256
HC,218,354,6,Margarite,9,440,256
HC,218,355,6,Margarite,9,440,256
HC,218,356,6,Margarite,9,440,256
HC,218,394,5,Serpentine,15,440,256
HC,218,395,5,Serpentine,15,440,256
HC,218,396,5,Serpentine,15,440,256
HC,218,397,5,Serpentine,15,440,256
HC,218,398,5,Serpentine,15,440,256
HC,218,399,5,Serpentine,15,440,256
HC,218,400,5,Serpentine,15,440,256
HC,218,401,5,Serpentine,15,440,256
HC,218,402,5,Serpentine,15,440,256
HC,218,403,5,Serpentine,15,440,256
HC,218,404,5,Serpentine,15,440,256
HC,218,405,5,Serpentine,15,440,256
HC,218,406,5,Serpentine,15,440,256
HC,218,407,5,Serpentine,15,440,256
HC,218,408,5,Serpentine,15,440,256
HC,218,409,5,Serpentine,15,440,256
HC,218,410,5,Serpentine,15,440,256
HC,218,411,5,Serpentine,15,440,256
HC,218,412,5,Serpentine,15,440,256
HC,218,413,5,Serpentine,15,440,256
HC,218,414,5,Serpentine,15,440,256
HC,218,415,5,Serpentine,15,440,256
HC,218,416,5,Serpentine,15,440,256
HC,218,417,5,Serpentine,15,440,256
HC,218,418,5,Serpentine,15,440,256
HC,218,419,5,Serpentine,15,440,256
HC,218,420,5,Serpentine,15,440,256
HC,218,421,5,Serpentine,15,440,256
HC,218,422,5,Serpentine,15,440,256
HC,218,423,5,Serpentine,15,440,256
HC,218,424,5,Serpentine,15,440,256
HC,218,425,5,Serpentine,15,440,256
HC,218,426,5,Serpentine,15,440,256
HC,218,427,5,Serpentine,15,440,256
HC,218,428,5,Serpentine,15,440,256
HC,218,429,5,Serpentine,15,440,256
HC,218,430,5,Serpentine,15,440,256
HC,218,482,5,Serpentine,15,440,256
HC,218,483,5,Serpentine,15,440,256
HC,218,484,5,Serpentine,15,440,256
HC,218,485,5,Serpentine,15,440,256
HC,218,486,5,Serpentine,15,440,256
HC,218,487,5,Serpentine,15,440,256
HC,218,488,5,Serpentine,15,440,256
HC,218,489,5,Serpentine,15,440,256
HC,218,490,5,Serpentine,15,440,256
HC,218,491,5,Serpentine,15,440,256
HC,218,492,5,Serpentine,15,440,256
HC,218,493,5,Serpentine,15,440,256
HC,218,494,5,Serpentine,15,440,256
HC,218,495,5,Serpentine,15,440,256
HC,218,496,5,Serpentine,15,440,256
HC,218,497,5,Serpentine,15,440,256
HC,218,498,5,Serpentine,15,440,256
HC,218,499,5,Serpentine,15,440,256
HC,218,500,5,Serpentine,15,440,256
HC,218,501,5,Serpentine,15,440,256
HC,218,502,5,Serpentine,15,440,256
HC,218,503,5,Serpentine,15,440,256
HC,218,504,5,Serpentine,15,440,256
HC,218,505,5,Serpentine,15,440,256
HC,218,506,5,Serpentine,15,440,256
HC,218,507,5,Serpentine,15,440,256
HC,218,508,5,Serpentine,15,440,256
HC,218,509,5,Serpentine,15,440,256
HC,218,510,5,Serpentine,15,440,256
HC,218,511,5,Serpentine,15,440,256
HC,218,512,5,Serpentine,15,440,256
HC,218,513,5,Serpentine,15,440,256
HC,218,514,5,Serpentine,15,440,256
HC,218,515,5,Serpentine,15,440,256
HC,218,516,5,Serpentine,15,440,256
HC,218,517,5,Serpentine,15,440,256
HC,218,518,5,Serpentine,15,440,256
HC,218,519,5,Serpentine,15,440,256
HC,218,520,5,Serpentine,15,440,256
HC,218,521,5,Serpentine,15,440,256
HC,218,522,5,Serpentine,15,440,256
HC,218,523,5,Serpentine,15,440,256
HC,218,524,5,Serpentine,15,440,256
HC,218,525,5,Serpentine,15,440,256
HC,218,526,5,Serpentine,15,440,256
HC,218,527,5,Serpentine,15,440,256
HC,218,528,5,Serpentine,15,440,256
HC,218,529,5,Serpentine,15,440,256
HC,218,530,5,Serpentine,15,440,256
HC,218,531,5,Serpentine,15,440,256
HC,218,532,5,Serpentine,15,440,256
HC,218,533,5,Serpentine,15,440,256
HC,218,534,5,Serpentine,15,440,256
HC,218,535,5,Serpentine,15,440,256
HC,218,536,5,Serpentine,15,440,256
HC,218,537,5,Serpentine,15,440,256
HC,218,538,5,Serpentine,15,440,256
HC,218,539,5,Serpentine,15,440,256
HC,218,540,5,Serpentine,15,440,256
HC,218,541,5,Serpentine,15,440,256
HC,218,542,5,Serpentine,15,440,256
HC,218,543,5,Serpentine,15,440,256
HC,218,544,5,Serpentine,15,440,256
HC,218,545,5,Serpentine,15,440,256
HC,218,546,5,Serpentine,15,440,256
HC,218,547,5,Serpentine,15,440,256
HC,218,548,5,Serpentine,15,440,256
HC,218,549,5,Serpentine,15,440,256
HC,218,550,5,Serpentine,15,440,256
HC,218,551,5,Serpentine,15,440,256
HC,218,552,5,Serpentine,15,440,256
HC,218,553,5,Serpentine,15,440,256
HC,218,554,5,Serpentine,15,440,256
HC,218,555,5,Serpentine,15,440,256
HC,218,556,5,Serpentine,15,440,256
HC,218,557,5,Serpentine,15,440,256
HC,218,558,5,Serpentine,15,440,256
HC,218,559,5,Serpentine,15,440,256
HC,218,560,5,Serpentine,15,440,256
HC,218,561,5,Serpentine,15,440,256
HC,218,562,5,Serpentine,15,440,256
HC,218,563,5,Serpentine,15,440,256
HC,218,564,5,Serpentine,15,440,256
HC,218,565,5,Serpentine,15,440,256
HC,219,40,3,Prehnite,14,440,256
HC,219,41,3,Prehnite,14,440,256
HC,219,42,3,Prehnite,14,440,256
HC,219,43,3,Prehnite,14,440,256
HC,219,44,3,Prehnite,14,440,256
HC,219,45,3,Prehnite,14,440,256
HC,219,46,3,Prehnite,14,440,256
HC,219,47,3,Prehnite,14,440,256
HC,219,48,3,Prehnite,14,440,256
HC,219,49,3,Prehnite,14,440,256
HC,219,50,3,Prehnite,14,440,256
HC,219,51,3,Prehnite,14,440,256
HC,219,52,3,Prehnite,14,440,256
HC,219,53,3,Prehnite,14,440,256
HC,219,54,3,Prehnite,14,440,256
HC,219,55,3,Prehnite,14,440,256
HC,219,56,3,Prehnite,14,440,256
HC,219,57,3,Prehnite,14,440,256
HC,219,58,3,Prehnite,14,440,256
HC,219,59,3,Prehnite,14,440,256
HC,219,60,3,Prehnite,14,440,256
HC,219,61,3,Prehnite,14,440,256
HC,219,62,3,Prehnite,14,440,256
HC,219,63,3,Prehnite,14,440,256
HC,219,64,3,Prehnite,14,440,256
HC,219,65,3,Prehnite,14,440,256
HC,219,66,3,Prehnite,14,440,256
HC,219,67,3,Prehnite,14,440,256
HC,219,68,3,Prehnite,14,440,256
HC,219,69,3,Prehnite,14,440,256
HC,219,70,3,Prehnite,14,440,256
HC,219,71,3,Prehnite,14,440,256
HC,219,72,3,Prehnite,14,440,256
HC,219,73,3,Prehnite,14,440,256
HC,219,197,4,High-Ca Pyroxene,6,440,256
HC,219,198,4,High-Ca Pyroxene,6,440,256
HC,219,199,4,High-Ca Pyroxene,6,440,256
HC,219,200,4,High-Ca Pyroxene,6,440,256
HC,219,201,4,High-Ca Pyroxene,6,440,256
HC,219,202,4,High-Ca Pyroxene,6,440,256
HC,219,203,4,High-Ca Pyroxene,6,440,256
HC,219,204,4,High-Ca Pyroxene,6,440,256
HC,219,205,4,High-Ca Pyroxene,6,440,256
HC,219,206,4,High-Ca Pyroxene,6,440,256
HC,219,207,4,High-Ca Pyroxene,6,440,256
HC,219,208,4,High-Ca Pyroxene,6,440,256
HC,219,209,4,High-Ca Pyroxene,6,440,256
HC,219,346,6,Margarite,9,440,256
HC,219,347,6,Margarite,9,440,256
HC,219,348,6,Margarite,9,440,256
HC,219,349,6,Margarite,9,440,256
HC,219,350,6,Margarite,9,440,256
HC,219,351,6,Margarite,9,440,256
HC,219,352,6,Margarite,9,440,256
HC,219,353,6,Margarite,9,440,256
HC,219,354,6,Margarite,9,440,256
HC,219,355,6,Margarite,9,440,256
HC,219,394,5,Serpentine,15,440,256
HC,219,395,5,Serpentine,15,440,256
HC,219,396,5,Serpentine,15,440,256
HC,219,397,5,Serpentine,15,440,256
HC,219,398,5,Serpentine,15,440,256
HC,219,399,5,Serpentine,15,440,256
HC,219,400,5,Serpentine,15,440,256
HC,219,401,5,Serpentine,15,440,256
HC,219,402,5,Serpentine,15,440,256
HC,219,403,5,Serpentine,15,440,256
HC,219,404,5,Serpentine,15,440,256
HC,219,405,5,Serpentine,15,440,256
HC,219,406,5,Serpentine,15,440,256
HC,219,407,5,Serpentine,15,440,256
HC,219,408,5,Serpentine,15,440,256
HC,219,409,5,Serpentine,15,440,256
HC,219,410,5,Serpentine,15,440,256
HC,219,411,5,Serpentine,15,440,256
HC,219,412,5,Serpentine,15,440,256
HC,219,413,5,Serpentine,15,440,256
HC,219,414,5,Serpentine,15,440,256
HC,219,415,5,Serpentine,15,440,256
HC,219,416,5,Serpentine,15,440,256
HC,219,417,5,Serpentine,15,440,256
HC,219,418,5,Serpentine,15,440,256
HC,219,419,5,Serpentine,15,440,256
HC,219,420,5,Serpentine,15,440,256
HC,219,421,5,Serpentine,15,440,256
HC,219,422,5,Serpentine,15,440,256
HC,219,423,5,Serpentine,15,440,256
HC,219,424,5,Serpentine,15,440,256
HC,219,425,5,Serpentine,15,440,256
HC,219,426,5,Serpentine,15,440,256
HC,219,427,5,Serpentine,15,440,256
HC,219,428,5,Serpentine,15,440,256
HC,219,429,5,Serpentine,15,440,256
HC,219,430,5,Serpentine,15,440,256
HC,219,431,5,Serpentine,15,440,256
HC,219,432,5,Serpentine,15,440,256
HC,219,469,5,Serpentine,15,440,256
HC,219,470,5,Serpentine,15,440,256
HC,219,471,5,Serpentine,15,440,256
HC,219,472,5,Serpentine,15,440,256
HC,219,473,5,Serpentine,15,440,256
HC,219,474,5,Serpentine,15,440,256
HC,219,475,5,Serpentine,15,440,256
HC,219,476,5,Serpentine,15,440,256
HC,219,477,5,Serpentine,15,440,256
HC,219,478,5,Serpentine,15,440,256
HC,219,479,5,Serpentine,15,440,256
HC,219,480,5,Serpentine,15,440,256
HC,219,481,5,Serpentine,15,440,256
HC,219,482,5,Serpentine,15,440,256
HC,219,483,5,Serpentine,15,440,256
HC,219,484,5,Serpentine,15,440,256
HC,219,485,5,Serpentine,15,440,256
HC,219,486,5,Serpentine,15,440,256
HC,219,487,5,Serpentine,15,440,256
HC,219,488,5,Serpentine,15,440,256
HC,219,489,5,Serpentine,15,440,256
HC,219,490,5,Serpentine,15,440,256
HC,219,491,5,Serpentine,15,440,256
HC,219,492,5,Serpentine,15,440,256
HC,219,493,5,Serpentine,15,440,256
HC,219,494,5,Serpentine,15,440,256
HC,219,495,5,Serpentine,15,440,256
HC,219,496,5,Serpentine,15,440,256
HC,219,497,5,Serpentine,15,440,256
HC,219,498,5,Serpentine,15,440,256
HC,219,499,5,Serpentine,15,440,256
HC,219,500,5,Serpentine,15,440,256
HC,219,501,5,Serpentine,15,440,256
HC,219,502,5,Serpentine,15,440,256
HC,219,503,5,Serpentine,15,440,256
HC,219,504,5,Serpentine,15,440,256
HC,219,505,5,Serpentine,15,440,256
HC,219,506,5,Serpentine,15,440,256
HC,219,507,5,Serpentine,15,440,256
HC,219,508,5,Serpentine,15,440,256
HC,219,509,5,Serpentine,15,440,256
HC,219,510,5,Serpentine,15,440,256
HC,219,511,5,Serpentine,15,440,256
HC,219,512,5,Serpentine,15,440,256
HC,219,513,5,Serpentine,15,440,256
HC,219,514,5,Serpentine,15,440,256
HC,219,515,5,Serpentine,15,440,256
HC,219,516,5,Serpentine,15,440,256
HC,219,517,5,Serpentine,15,440,256
HC,219,518,5,Serpentine,15,440,256
HC,219,519,5,Serpentine,15,440,256
HC,219,520,5,Serpentine,15,440,256
HC,219,521,5,Serpentine,15,440,256
HC,219,522,5,Serpentine,15,440,256
HC,219,523,5,Serpentine,15,440,256
HC,219,524,5,Serpentine,15,440,256
HC,219,525,5,Serpentine,15,440,256
HC,219,526,5,Serpentine,15,440,256
HC,219,527,5,Serpentine,15,440,256
HC,219,528,5,Serpentine,15,440,256
HC,219,529,5,Serpentine,15,440,256
HC,219,530,5,Serpentine,15,440,256
HC,219,531,5,Serpentine,15,440,256
HC,219,532,5,Serpentine,15,440,256
HC,219,533,5,Serpentine,15,440,256
HC,219,534,5,Serpentine,15,440,256
HC,219,535,5,Serpentine,15,440,256
HC,219,536,5,Serpentine,15,440,256
HC,219,537,5,Serpentine,15,440,256
HC,219,538,5,Serpentine,15,440,256
HC,219,539,5,Serpentine,15,440,256
HC,219,540,5,Serpentine,15,440,256
HC,219,541,5,Serpentine,15,440,256
HC,219,542,5,Serpentine,15,440,256
HC,219,543,5,Serpentine,15,440,256
HC,219,544,5,Serpentine,15,440,256
HC,219,545,5,Serpentine,15,440,256
HC,219,546,5,Serpentine,15,440,256
HC,219,547,5,Serpentine,15,440,256
HC,219,548,5,Serpentine,15,440,256
HC,219,549,5,Serpentine,15,440,256
HC,219,550,5,Serpentine,15,440,256
HC,219,551,5,Serpentine,15,440,256
HC,219,552,5,Serpentine,15,440,256
HC,219,553,5,Serpentine,15,440,256
HC,219,554,5,Serpentine,15,440,256
HC,219,555,5,Serpentine,15,440,256
HC,219,556,5,Serpentine,15,440,256
HC,219,557,5,Serpentine,15,440,256
HC,219,558,5,Serpentine,15,440,256
HC,219,559,5,Serpentine,15,440,256
HC,219,560,5,Serpentine,15,440,256
HC,219,561,5,Serpentine,15,440,256
HC,219,562,5,Serpentine,15,440,256
HC,219,563,5,Serpentine,15,440,256
HC,219,564,5,Serpentine,15,440,256
HC,219,565,5,Serpentine,15,440,256
HC,220,41,3,Prehnite,14,440,256
HC,220,42,3,Prehnite,14,440,256
HC,220,43,3,Prehnite,14,440,256
HC,220,44,3,Prehnite,14,440,256
HC,220,45,3,Prehnite,14,440,256
HC,220,46,3,Prehnite,14,440,256
HC,220,47,3,Prehnite,14,440,256
HC,220,48,3,Prehnite,14,440,256
HC,220,49,3,Prehnite,14,440,256
HC,220,50,3,Prehnite,14,440,256
HC,220,51,3,Prehnite,14,440,256
HC,220,52,3,Prehnite,14,440,256
HC,220,53,3,Prehnite,14,440,256
HC,220,54,3,Prehnite,14,440,256
HC,220,55,3,Prehnite,14,440,256
HC,220,56,3,Prehnite,14,440,256
HC,220,57,3,Prehnite,14,440,256
HC,220,58,3,Prehnite,14,440,256
HC,220,59,3,Prehnite,14,440,256
HC,220,60,3,Prehnite,14,440,256
HC,220,61,3,Prehnite,14,440,256
HC,220,62,3,Prehnite,14,440,256
HC,220,63,3,Prehnite,14,440,256
HC,220,64,3,Prehnite,14,440,256
HC,220,65,3,Prehnite,14,440,256
HC,220,66,3,Prehnite,14,440,256
HC,220,67,3,Prehnite,14,440,256
HC,220,68,3,Prehnite,14,440,256
HC,220,69,3,Prehnite,14,440,256
HC,220,70,3,Prehnite,14,440,256
HC,220,71,3,Prehnite,14,440,256
HC,220,72,3,Prehnite,14,440,256
HC,220,73,3,Prehnite,14,440,256
HC,220,197,4,High-Ca Pyroxene,6,440,256
HC,220,198,4,High-Ca Pyroxene,6,440,256
HC,220,199,4,High-Ca Pyroxene,6,440,256
HC,220,200,4,High-Ca Pyroxene,6,440,256
HC,220,201,4,High-Ca Pyroxene,6,440,256
HC,220,202,4,High-Ca Pyroxene,6,440,256
HC,220,203,4,High-Ca Pyroxene,6,440,256
HC,220,204,4,High-Ca Pyroxene,6,440,256
HC,220,205,4,High-Ca Pyroxene,6,440,256
HC,220,206,4,High-Ca Pyroxene,6,440,256
HC,220,207,4,High-Ca Pyroxene,6,440,256
HC,220,208,4,High-Ca Pyroxene,6,440,256
HC,220,209,4,High-Ca Pyroxene,6,440,256
HC,220,210,4,High-Ca Pyroxene,6,440,256
HC,220,346,6,Margarite,9,440,256
HC,220,347,6,Margarite,9,440,256
HC,220,348,6,Margarite,9,440,256
HC,220,349,6,Margarite,9,440,256
HC,220,350,6,Margarite,9,440,256
HC,220,351,6,Margarite,9,440,256
HC,220,352,6,Margarite,9,440,256
HC,220,353,6,Margarite,9,440,256
HC,220,354,6,Margarite,9,440,256
HC,220,355,6,Margarite,9,440,256
HC,220,395,5,Serpentine,15,440,256
HC,220,396,5,Serpentine,15,440,256
HC,220,397,5,Serpentine,15,440,256
HC,220,398,5,Serpentine,15,440,256
HC,220,399,5,Serpentine,15,440,256
HC,220,400,5,Serpentine,15,440,256
HC,220,401,5,Serpentine,15,440,256
HC,220,402,5,Serpentine,15,440,256
HC,220,403,5,Serpentine,15,440,256
HC,220,404,5,Serpentine,15,440,256
HC,220,405,5,Serpentine,15,440,256
HC,220,406,5,Serpentine,15,440,256
HC,220,407,5,Serpentine,15,440,256
HC,220,408,5,Serpentine,15,440,256
HC,220,409,5,Serpentine,15,440,256
HC,220,410,5,Serpentine,15,440,256
HC,220,411,5,Serpentine,15,440,256
HC,220,412,5,Serpentine,15,440,256
HC,220,413,5,Serpentine,15,440,256
HC,220,414,5,Serpentine,15,440,256
HC,220,415,5,Serpentine,15,440,256
HC,220,416,5,Serpentine,15,440,256
HC,220,417,5,Serpentine,15,440,256
HC,220,418,5,Serpentine,15,440,256
HC,220,419,5,Serpentine,15,440,256
HC,220,420,5,Serpentine,15,440,256
HC,220,421,5,Serpentine,15,440,256
HC,220,422,5,Serpentine,15,440,256
HC,220,423,5,Serpentine,15,440,256
HC,220,424,5,Serpentine,15,440,256
HC,220,425,5,Serpentine,15,440,256
HC,220,426,5,Serpentine,15,440,256
HC,220,427,5,Serpentine,15,440,256
HC,220,428,5,Serpentine,15,440,256
HC,220,429,5,Serpentine,15,440,256
HC,220,430,5,Serpentine,15,440,256
HC,220,431,5,Serpentine,15,440,256
HC,220,432,5,Serpentine,15,440,256
HC,220,433,5,Serpentine,15,440,256
HC,220,434,5,Serpentine,15,440,256
HC,220,435,5,Serpentine,15,440,256
HC,220,436,5,Serpentine,15,440,256
HC,220,437,5,Serpentine,15,440,256
HC,220,438,5,Serpentine,15,440,256
HC,220,439,5,Serpentine,15,440,256
HC,220,440,5,Serpentine,15,440,256
HC,220,441,5,Serpentine,15,440,256
HC,220,442,5,Serpentine,15,440,256
HC,220,464,5,Serpentine,15,440,256
HC,220,465,5,Serpentine,15,440,256
HC,220,466,5,Serpentine,15,440,256
HC,220,467,5,Serpentine,15,440,256
HC,220,468,5,Serpentine,15,440,256
HC,220,469,5,Serpentine,15,440,256
HC,220,470,5,Serpentine,15,440,256
HC,220,471,5,Serpentine,15,440,256
HC,220,472,5,Serpentine,15,440,256
HC,220,473,5,Serpentine,15,440,256
HC,220,474,5,Serpentine,15,440,256
HC,220,475,5,Serpentine,15,440,256
HC,220,476,5,Serpentine,15,440,256
HC,220,477,5,Serpentine,15,440,256
HC,220,478,5,Serpentine,15,440,256
HC,220,479,5,Serpentine,15,440,256
HC,220,480,5,Serpentine,15,440,256
HC,220,481,5,Serpentine,15,440,256
HC,220,482,5,Serpentine,15,440,256
HC,220,483,5,Serpentine,15,440,256
HC,220,484,5,Serpentine,15,440,256
HC,220,485,5,Serpentine,15,440,256
HC,220,486,5,Serpentine,15,440,256
HC,220,487,5,Serpentine,15,440,256
HC,220,488,5,Serpentine,15,440,256
HC,220,489,5,Serpentine,15,440,256
HC,220,490,5,Serpentine,15,440,256
HC,220,491,5,Serpentine,15,440,256
HC,220,492,5,Serpentine,15,440,256
HC,220,493,5,Serpentine,15,440,256
HC,220,494,5,Serpentine,15,440,256
HC,220,495,5,Serpentine,15,440,256
HC,220,496,5,Serpentine,15,440,256
HC,220,497,5,Serpentine,15,440,256
HC,220,498,5,Serpentine,15,440,256
HC,220,499,5,Serpentine,15,440,256
HC,220,500,5,Serpentine,15,440,256
HC,220,501,5,Serpentine,15,440,256
HC,220,502,5,Serpentine,15,440,256
HC,220,503,5,Serpentine,15,440,256
HC,220,504,5,Serpentine,15,440,256
HC,220,505,5,Serpentine,15,440,256
HC,220,506,5,Serpentine,15,440,256
HC,220,507,5,Serpentine,15,440,256
HC,220,508,5,Serpentine,15,440,256
HC,220,509,5,Serpentine,15,440,256
HC,220,510,5,Serpentine,15,440,256
HC,220,511,5,Serpentine,15,440,256
HC,220,512,5,Serpentine,15,440,256
HC,220,513,5,Serpentine,15,440,256
HC,220,514,5,Serpentine,15,440,256
HC,220,515,5,Serpentine,15,440,256
HC,220,516,5,Serpentine,15,440,256
HC,220,517,5,Serpentine,15,440,256
HC,220,518,5,Serpentine,15,440,256
HC,220,519,5,Serpentine,15,440,256
HC,220,520,5,Serpentine,15,440,256
HC,220,521,5,Serpentine,15,440,256
HC,220,522,5,Serpentine,15,440,256
HC,220,523,5,Serpentine,15,440,256
HC,220,524,5,Serpentine,15,440,256
HC,220,525,5,Serpentine,15,440,256
HC,220,526,5,Serpentine,15,440,256
HC,220,527,5,Serpentine,15,440,256
HC,220,528,5,Serpentine,15,440,256
HC,220,529,5,Serpentine,15,440,256
HC,220,530,5,Serpentine,15,440,256
HC,220,531,5,Serpentine,15,440,256
HC,220,532,5,Serpentine,15,440,256
HC,220,533,5,Serpentine,15,440,256
HC,220,534,5,Serpentine,15,440,256
HC,220,535,5,Serpentine,15,440,256
HC,220,536,5,Serpentine,15,440,256
HC,220,537,5,Serpentine,15,440,256
HC,220,538,5,Serpentine,15,440,256
HC,220,539,5,Serpentine,15,440,256
HC,220,540,5,Serpentine,15,440,256
HC,220,541,5,Serpentine,15,440,256
HC,220,542,5,Serpentine,15,440,256
HC,220,543,5,Serpentine,15,440,256
HC,220,544,5,Serpentine,15,440,256
HC,220,545,5,Serpentine,15,440,256
HC,220,546,5,Serpentine,15,440,256
HC,220,547,5,Serpentine,15,440,256
HC,220,548,5,Serpentine,15,440,256
HC,220,549,5,Serpentine,15,440,256
HC,220,550,5,Serpentine,15,440,256
HC,220,551,5,Serpentine,15,440,256
HC,220,552,5,Serpentine,15,440,256
HC,220,553,5,Serpentine,15,440,256
HC,220,554,5,Serpentine,15,440,256
HC,220,555,5,Serpentine,15,440,256
HC,220,556,5,Serpentine,15,440,256
HC,220,557,5,Serpentine,15,440,256
HC,220,558,5,Serpentine,15,440,256
HC,220,559,5,Serpentine,15,440,256
HC,220,560,5,Serpentine,15,440,256
HC,220,561,5,Serpentine,15,440,256
HC,220,562,5,Serpentine,15,440,256
HC,220,563,5,Serpentine,15,440,256
HC,220,564,5,Serpentine,15,440,256
HC,221,41,3,Prehnite,14,440,256
HC,221,42,3,Prehnite,14,440,256
HC,221,43,3,Prehnite,14,440,256
HC,221,44,3,Prehnite,14,440,256
HC,221,45,3,Prehnite,14,440,256
HC,221,46,3,Prehnite,14,440,256
HC,221,47,3,Prehnite,14,440,256
HC,221,48,3,Prehnite,14,440,256
HC,221,49,3,Prehnite,14,440,256
HC,221,50,3,Prehnite,14,440,256
HC,221,51,3,Prehnite,14,440,256
HC,221,52,3,Prehnite,14,440,256
HC,221,53,3,Prehnite,14,440,256
HC,221,54,3,Prehnite,14,440,256
HC,221,55,3,Prehnite,14,440,256
HC,221,56,3,Prehnite,14,440,256
HC,221,57,3,Prehnite,14,440,256
HC,221,58,3,Prehnite,14,440,256
HC,221,59,3,Prehnite,14,440,256
HC,221,60,3,Prehnite,14,440,256
HC,221,61,3,Prehnite,14,440,256
HC,221,62,3,Prehnite,14,440,256
HC,221,63,3,Prehnite,14,440,256
HC,221,64,3,Prehnite,14,440,256
HC,221,65,3,Prehnite,14,440,256
HC,221,66,3,Prehnite,14,440,256
HC,221,67,3,Prehnite,14,440,256
HC,221,68,3,Prehnite,14,440,256
HC,221,69,3,Prehnite,14,440,256
HC,221,70,3,Prehnite,14,440,256
HC,221,71,3,Prehnite,14,440,256
HC,221,72,3,Prehnite,14,440,256
HC,221,73,3,Prehnite,14,440,256
HC,221,197,4,High-Ca Pyroxene,6,440,256
HC,221,198,4,High-Ca Pyroxene,6,440,256
HC,221,199,4,High-Ca Pyroxene,6,440,256
HC,221,200,4,High-Ca Pyroxene,6,440,256
HC,221,201,4,High-Ca Pyroxene,6,440,256
HC,221,202,4,High-Ca Pyroxene,6,440,256
HC,221,203,4,High-Ca Pyroxene,6,440,256
HC,221,204,4,High-Ca Pyroxene,6,440,256
HC,221,205,4,High-Ca Pyroxene,6,440,256
HC,221,206,4,High-Ca Pyroxene,6,440,256
HC,221,207,4,High-Ca Pyroxene,6,440,256
HC,221,208,4,High-Ca Pyroxene,6,440,256
HC,221,209,4,High-Ca Pyroxene,6,440,256
HC,221,210,4,High-Ca Pyroxene,6,440,256
HC,221,346,6,Margarite,9,440,256
HC,221,347,6,Margarite,9,440,256
HC,221,348,6,Margarite,9,440,256
HC,221,349,6,Margarite,9,440,256
HC,221,350,6,Margarite,9,440,256
HC,221,351,6,Margarite,9,440,256
HC,221,352,6,Margarite,9,440,256
HC,221,353,6,Margarite,9,440,256
HC,221,354,6,Margarite,9,440,256
HC,221,396,5,Serpentine,15,440,256
HC,221,397,5,Serpentine,15,440,256
HC,221,398,5,Serpentine,15,440,256
HC,221,399,5,Serpentine,15,440,256
HC,221,400,5,Serpentine,15,440,256
HC,221,401,5,Serpentine,15,440,256
HC,221,402,5,Serpentine,15,440,256
HC,221,403,5,Serpentine,15,440,256
HC,221,404,5,Serpentine,15,440,256
HC,221,405,5,Serpentine,15,440,256
HC,221,406,5,Serpentine,15,440,256
HC,221,407,5,Serpentine,15,440,256
HC,221,408,5,Serpentine,15,440,256
HC,221,409,5,Serpentine,15,440,256
HC,221,410,5,Serpentine,15,440,256
HC,221,411,5,Serpentine,15,440,256
HC,221,412,5,Serpentine,15,440,256
HC,221,413,5,Serpentine,15,440,256
HC,221,414,5,Serpentine,15,440,256
HC,221,415,5,Serpentine,15,440,256
HC,221,416,5,Serpentine,15,440,256
HC,221,417,5,Serpentine,15,440,256
HC,221,418,5,Serpentine,15,440,256
HC,221,419,5,Serpentine,15,440,256
HC,221,420,5,Serpentine,15,440,256
HC,221,421,5,Serpentine,15,440,256
HC,221,422,5,Serpentine,15,440,256
HC,221,423,5,Serpentine,15,440,256
HC,221,424,5,Serpentine,15,440,256
HC,221,425,5,Serpentine,15,440,256
HC,221,426,5,Serpentine,15,440,256
HC,221,427,5,Serpentine,15,440,256
HC,221,428,5,Serpentine,15,440,256
HC,221,429,5,Serpentine,15,440,256
HC,221,430,5,Serpentine,15,440,256
HC,221,431,5,Serpentine,15,440,256
HC,221,432,5,Serpentine,15,440,256
HC,221,433,5,Serpentine,15,440,256
HC,221,434,5,Serpentine,15,440,256
HC,221,435,5,Serpentine,15,440,256
HC,221,436,5,Serpentine,15,440,256
HC,221,437,5,Serpentine,15,440,256
HC,221,438,5,Serpentine,15,440,256
HC,221,439,5,Serpentine,15,440,256
HC,221,440,5,Serpentine,15,440,256
HC,221,441,5,Serpentine,15,440,256
HC,221,442,5,Serpentine,15,440,256
HC,221,443,5,Serpentine,15,440,256
HC,221,459,5,Serpentine,15,440,256
HC,221,460,5,Serpentine,15,440,256
HC,221,461,5,Serpentine,15,440,256
HC,221,462,5,Serpentine,15,440,256
HC,221,463,5,Serpentine,15,440,256
HC,221,464,5,Serpentine,15,440,256
HC,221,465,5,Serpentine,15,440,256
HC,221,466,5,Serpentine,15,440,256
HC,221,467,5,Serpentine,15,440,256
HC,221,468,5,Serpentine,15,440,256
HC,221,469,5,Serpentine,15,440,256
HC,221,470,5,Serpentine,15,440,256
HC,221,471,5,Serpentine,15,440,256
HC,221,472,5,Serpentine,15,440,256
HC,221,473,5,Serpentine,15,440,256
HC,221,474,5,Serpentine,15,440,256
HC,221,475,5,Serpentine,15,440,256
HC,221,476,5,Serpentine,15,440,256
HC,221,477,5,Serpentine,15,440,256
HC,221,478,5,Serpentine,15,440,256
HC,221,479,5,Serpentine,15,440,256
HC,221,480,5,Serpentine,15,440,256
HC,221,481,5,Serpentine,15,440,256
HC,221,482,5,Serpentine,15,440,256
HC,221,483,5,Serpentine,15,440,256
HC,221,484,5,Serpentine,15,440,256
HC,221,485,5,Serpentine,15,440,256
HC,221,486,5,Serpentine,15,440,256
HC,221,487,5,Serpentine,15,440,256
HC,221,488,5,Serpentine,15,440,256
HC,221,489,5,Serpentine,15,440,256
HC,221,490,5,Serpentine,15,440,256
HC,221,491,5,Serpentine,15,440,256
HC,221,492,5,Serpentine,15,440,256
HC,221,493,5,Serpentine,15,440,256
HC,221,494,5,Serpentine,15,440,256
HC,221,495,5,Serpentine,15,440,256
HC,221,496,5,Serpentine,15,440,256
HC,221,497,5,Serpentine,15,440,256
HC,221,498,5,Serpentine,15,440,256
HC,221,499,5,Serpentine,15,440,256
HC,221,500,5,Serpentine,15,440,256
HC,221,501,5,Serpentine,15,440,256
HC,221,502,5,Serpentine,15,440,256
HC,221,503,5,Serpentine,15,440,256
HC,221,504,5,Serpentine,15,440,256
HC,221,505,5,Serpentine,15,440,256
HC,221,506,5,Serpentine,15,440,256
HC,221,507,5,Serpentine,15,440,256
HC,221,508,5,Serpentine,15,440,256
HC,221,509,5,Serpentine,15,440,256
HC,221,510,5,Serpentine,15,440,256
HC,221,511,5,Serpentine,15,440,256
HC,221,512,5,Serpentine,15,440,256
HC,221,513,5,Serpentine,15,440,256
HC,221,514,5,Serpentine,15,440,256
HC,221,515,5,Serpentine,15,440,256
HC,221,516,5,Serpentine,15,440,256
HC,221,517,5,Serpentine,15,440,256
HC,221,518,5,Serpentine,15,440,256
HC,221,519,5,Serpentine,15,440,256
HC,221,520,5,Serpentine,15,440,256
HC,221,521,5,Serpentine,15,440,256
HC,221,522,5,Serpentine,15,440,256
HC,221,523,5,Serpentine,15,440,256
HC,221,524,5,Serpentine,15,440,256
HC,221,525,5,Serpentine,15,440,256
HC,221,526,5,Serpentine,15,440,256
HC,221,527,5,Serpentine,15,440,256
HC,221,528,5,Serpentine,15,440,256
HC,221,529,5,Serpentine,15,440,256
HC,221,530,5,Serpentine,15,440,256
HC,221,531,5,Serpentine,15,440,256
HC,221,532,5,Serpentine,15,440,256
HC,221,533,5,Serpentine,15,440,256
HC,221,534,5,Serpentine,15,440,256
HC,221,535,5,Serpentine,15,440,256
HC,221,536,5,Serpentine,15,440,256
HC,221,537,5,Serpentine,15,440,256
HC,221,538,5,Serpentine,15,440,256
HC,221,539,5,Serpentine,15,440,256
HC,221,540,5,Serpentine,15,440,256
HC,221,541,5,Serpentine,15,440,256
HC,221,542,5,Serpentine,15,440,256
HC,221,543,5,Serpentine,15,440,256
HC,221,544,5,Serpentine,15,440,256
HC,221,545,5,Serpentine,15,440,256
HC,221,546,5,Serpentine,15,440,256
HC,221,547,5,Serpentine,15,440,256
HC,221,548,5,Serpentine,15,440,256
HC,221,549,5,Serpentine,15,440,256
HC,221,550,5,Serpentine,15,440,256
HC,221,551,5,Serpentine,15,440,256
HC,221,552,5,Serpentine,15,440,256
HC,221,553,5,Serpentine,15,440,256
HC,221,554,5,Serpentine,15,440,256
HC,221,555,5,Serpentine,15,440,256
HC,221,556,5,Serpentine,15,440,256
HC,221,557,5,Serpentine,15,440,256
HC,221,558,5,Serpentine,15,440,256
HC,221,559,5,Serpentine,15,440,256
HC,221,560,5,Serpentine,15,440,256
HC,221,561,5,Serpentine,15,440,256
HC,221,562,5,Serpentine,15,440,256
HC,221,563,5,Serpentine,15,440,256
HC,222,43,3,Prehnite,14,440,256
HC,222,44,3,Prehnite,14,440,256
HC,222,45,3,Prehnite,14,440,256
HC,222,46,3,Prehnite,14,440,256
HC,222,47,3,Prehnite,14,440,256
HC,222,48,3,Prehnite,14,440,256
HC,222,49,3,Prehnite,14,440,256
HC,222,50,3,Prehnite,14,440,256
HC,222,51,3,Prehnite,14,440,256
HC,222,52,3,Prehnite,14,440,256
HC,222,53,3,Prehnite,14,440,256
HC,222,54,3,Prehnite,14,440,256
HC,222,55,3,Prehnite,14,440,256
HC,222,56,3,Prehnite,14,440,256
HC,222,57,3,Prehnite,14,440,256
HC,222,58,3,Prehnite,14,440,256
HC,222,59,3,Prehnite,14,440,256
HC,222,60,3,Prehnite,14,440,256
HC,222,61,3,Prehnite,14,440,256
HC,222,62,3,Prehnite,14,440,256
HC,222,63,3,Prehnite,14,440,256
HC,222,64,3,Prehnite,14,440,256
HC,222,65,3,Prehnite,14,440,256
HC,222,66,3,Prehnite,14,440,256
HC,222,67,3,Prehnite,14,440,256
HC,222,68,3,Prehnite,14,440,256
HC,222,69,3,Prehnite,14,440,256
HC,222,70,3,Prehnite,14,440,256
HC,222,71,3,Prehnite,14,440,256
HC,222,72,3,Prehnite,14,440,256
HC,222,73,3,Prehnite,14,440,256
HC,222,197,4,High-Ca Pyroxene,6,440,256
HC,222,198,4,High-Ca Pyroxene,6,440,256
HC,222,199,4,High-Ca Pyroxene,6,440,256
HC,222,200,4,High-Ca Pyroxene,6,440,256
HC,222,201,4,High-Ca Pyroxene,6,440,256
HC,222,202,4,High-Ca Pyroxene,6,440,256
HC,222,203,4,High-Ca Pyroxene,6,440,256
HC,222,204,4,High-Ca Pyroxene,6,440,256
HC,222,205,4,High-Ca Pyroxene,6,440,256
HC,222,206,4,High-Ca Pyroxene,6,440,256
HC,222,207,4,High-Ca Pyroxene,6,440,256
HC,222,208,4,High-Ca Pyroxene,6,440,256
HC,222,209,4,High-Ca Pyroxene,6,440,256
HC,222,210,4,High-Ca Pyroxene,6,440,256
HC,222,347,6,Margarite,9,440,256
HC,222,348,6,Margarite,9,440,256
HC,222,349,6,Margarite,9,440,256
HC,222,350,6,Margarite,9,440,256
HC,222,351,6,Margarite,9,440,256
HC,222,352,6,Margarite,9,440,256
HC,222,397,5,Serpentine,15,440,256
HC,222,398,5,Serpentine,15,440,256
HC,222,399,5,Serpentine,15,440,256
HC,222,400,5,Serpentine,15,440,256
HC,222,401,5,Serpentine,15,440,256
HC,222,402,5,Serpentine,15,440,256
HC,222,403,5,Serpentine,15,440,256
HC,222,404,5,Serpentine,15,440,256
HC,222,405,5,Serpentine,15,440,256
HC,222,406,5,Serpentine,15,440,256
HC,222,407,5,Serpentine,15,440,256
HC,222,408,5,Serpentine,15,440,256
HC,222,409,5,Serpentine,15,440,256
HC,222,410,5,Serpentine,15,440,256
HC,222,411,5,Serpentine,15,440,256
HC,222,412,5,Serpentine,15,440,256
HC,222,413,5,Serpentine,15,440,256
HC,222,414,5,Serpentine,15,440,256
HC,222,415,5,Serpentine,15,440,256
HC,222,416,5,Serpentine,15,440,256
HC,222,417,5,Serpentine,15,440,256
HC,222,418,5,Serpentine,15,440,256
HC,222,419,5,Serpentine,15,440,256
HC,222,420,5,Serpentine,15,440,256
HC,222,421,5,Serpentine,15,440,256
HC,222,422,5,Serpentine,15,440,256
HC,222,423,5,Serpentine,15,440,256
HC,222,424,5,Serpentine,15,440,256
HC,222,425,5,Serpentine,15,440,256
HC,222,426,5,Serpentine,15,440,256
HC,222,427,5,Serpentine,15,440,256
HC,222,428,5,Serpentine,15,440,256
HC,222,429,5,Serpentine,15,440,256
HC,222,430,5,Serpentine,15,440,256
HC,222,431,5,Serpentine,15,440,256
HC,222,432,5,Serpentine,15,440,256
HC,222,433,5,Serpentine,15,440,256
HC,222,434,5,Serpentine,15,440,256
HC,222,435,5,Serpentine,15,440,256
HC,222,436,5,Serpentine,15,440,256
HC,222,437,5,Serpentine,15,440,256
HC,222,438,5,Serpentine,15,440,256
HC,222,439,5,Serpentine,15,440,256
HC,222,440,5,Serpentine,15,440,256
HC,222,441,5,Serpentine,15,440,256
HC,222,442,5,Serpentine,15,440,256
HC,222,443,5,Serpentine,15,440,256
HC,222,454,5,Serpentine,15,440,256
HC,222,455,5,Serpentine,15,440,256
HC,222,456,5,Serpentine,15,440,256
HC,222,457,5,Serpentine,15,440,256
HC,222,458,5,Serpentine,15,440,256
HC,222,459,5,Serpentine,15,440,256
HC,222,460,5,Serpentine,15,440,256
HC,222,461,5,Serpentine,15,440,256
HC,222,462,5,Serpentine,15,440,256
HC,222,463,5,Serpentine,15,440,256
HC,222,464,5,Serpentine,15,440,256
HC,222,465,5,Serpentine,15,440,256
HC,222,466,5,Serpentine,15,440,256
HC,222,467,5,Serpentine,15,440,256
HC,222,468,5,Serpentine,15,440,256
HC,222,469,5,Serpentine,15,440,256
HC,222,470,5,Serpentine,15,440,256
HC,222,471,5,Serpentine,15,440,256
HC,222,472,5,Serpentine,15,440,256
HC,222,473,5,Serpentine,15,440,256
HC,222,474,5,Serpentine,15,440,256
HC,222,475,5,Serpentine,15,440,256
HC,222,476,5,Serpentine,15,440,256
HC,222,477,5,Serpentine,15,440,256
HC,222,478,5,Serpentine,15,440,256
HC,222,479,5,Serpentine,15,440,256
HC,222,480,5,Serpentine,15,440,256
HC,222,481,5,Serpentine,15,440,256
HC,222,482,5,Serpentine,15,440,256
HC,222,483,5,Serpentine,15,440,256
HC,222,484,5,Serpentine,15,440,256
HC,222,485,5,Serpentine,15,440,256
HC,222,486,5,Serpentine,15,440,256
HC,222,487,5,Serpentine,15,440,256
HC,222,488,5,Serpentine,15,440,256
HC,222,489,5,Serpentine,15,440,256
HC,222,490,5,Serpentine,15,440,256
HC,222,491,5,Serpentine,15,440,256
HC,222,492,5,Serpentine,15,440,256
HC,222,493,5,Serpentine,15,440,256
HC,222,494,5,Serpentine,15,440,256
HC,222,495,5,Serpentine,15,440,256
HC,222,496,5,Serpentine,15,440,256
HC,222,497,5,Serpentine,15,440,256
HC,222,498,5,Serpentine,15,440,256
HC,222,499,5,Serpentine,15,440,256
HC,222,500,5,Serpentine,15,440,256
HC,222,501,5,Serpentine,15,440,256
HC,222,502,5,Serpentine,15,440,256
HC,222,503,5,Serpentine,15,440,256
HC,222,504,5,Serpentine,15,440,256
HC,222,505,5,Serpentine,15,440,256
HC,222,506,5,Serpentine,15,440,256
HC,222,507,5,Serpentine,15,440,256
HC,222,508,5,Serpentine,15,440,256
HC,222,509,5,Serpentine,15,440,256
HC,222,510,5,Serpentine,15,440,256
HC,222,511,5,Serpentine,15,440,256
HC,222,512,5,Serpentine,15,440,256
HC,222,513,5,Serpentine,15,440,256
HC,222,514,5,Serpentine,15,440,256
HC,222,515,5,Serpentine,15,440,256
HC,222,516,5,Serpentine,15,440,256
HC,222,517,5,Serpentine,15,440,256
HC,222,518,5,Serpentine,15,440,256
HC,222,519,5,Serpentine,15,440,256
HC,222,520,5,Serpentine,15,440,256
HC,222,521,5,Serpentine,15,440,256
HC,222,522,5,Serpentine,15,440,256
HC,222,523,5,Serpentine,15,440,256
HC,222,524,5,Serpentine,15,440,256
HC,222,525,5,Serpentine,15,440,256
HC,222,526,5,Serpentine,15,440,256
HC,222,527,5,Serpentine,15,440,256
HC,222,528,5,Serpentine,15,440,256
HC,222,529,5,Serpentine,15,440,256
HC,222,530,5,Serpentine,15,440,256
HC,222,531,5,Serpentine,15,440,256
HC,222,532,5,Serpentine,15,440,256
HC,222,533,5,Serpentine,15,440,256
HC,222,534,5,Serpentine,15,440,256
HC,222,535,5,Serpentine,15,440,256
HC,222,536,5,Serpentine,15,440,256
HC,222,537,5,Serpentine,15,440,256
HC,222,538,5,Serpentine,15,440,256
HC,222,539,5,Serpentine,15,440,256
HC,222,540,5,Serpentine,15,440,256
HC,222,541,5,Serpentine,15,440,256
HC,222,542,5,Serpentine,15,440,256
HC,222,543,5,Serpentine,15,440,256
HC,222,544,5,Serpentine,15,440,256
HC,222,545,5,Serpentine,15,440,256
HC,222,546,5,Serpentine,15,440,256
HC,222,547,5,Serpentine,15,440,256
HC,222,548,5,Serpentine,15,440,256
HC,222,549,5,Serpentine,15,440,256
HC,222,550,5,Serpentine,15,440,256
HC,222,551,5,Serpentine,15,440,256
HC,222,552,5,Serpentine,15,440,256
HC,222,553,5,Serpentine,15,440,256
HC,222,554,5,Serpentine,15,440,256
HC,222,555,5,Serpentine,15,440,256
HC,222,556,5,Serpentine,15,440,256
HC,222,557,5,Serpentine,15,440,256
HC,222,558,5,Serpentine,15,440,256
HC,222,559,5,Serpentine,15,440,256
HC,222,560,5,Serpentine,15,440,256
HC,222,561,5,Serpentine,15,440,256
HC,222,567,4,High-Ca Pyroxene,6,440,256
HC,222,568,4,High-Ca Pyroxene,6,440,256
HC,222,569,4,High-Ca Pyroxene,6,440,256
HC,222,570,4,High-Ca Pyroxene,6,440,256
HC,223,44,3,Prehnite,14,440,256
HC,223,45,3,Prehnite,14,440,256
HC,223,46,3,Prehnite,14,440,256
HC,223,47,3,Prehnite,14,440,256
HC,223,48,3,Prehnite,14,440,256
HC,223,49,3,Prehnite,14,440,256
HC,223,50,3,Prehnite,14,440,256
HC,223,51,3,Prehnite,14,440,256
HC,223,52,3,Prehnite,14,440,256
HC,223,53,3,Prehnite,14,440,256
HC,223,54,3,Prehnite,14,440,256
HC,223,55,3,Prehnite,14,440,256
HC,223,56,3,Prehnite,14,440,256
HC,223,57,3,Prehnite,14,440,256
HC,223,58,3,Prehnite,14,440,256
HC,223,59,3,Prehnite,14,440,256
HC,223,60,3,Prehnite,14,440,256
HC,223,61,3,Prehnite,14,440,256
HC,223,62,3,Prehnite,14,440,256
HC,223,63,3,Prehnite,14,440,256
HC,223,64,3,Prehnite,14,440,256
HC,223,65,3,Prehnite,14,440,256
HC,223,66,3,Prehnite,14,440,256
HC,223,67,3,Prehnite,14,440,256
HC,223,68,3,Prehnite,14,440,256
HC,223,69,3,Prehnite,14,440,256
HC,223,70,3,Prehnite,14,440,256
HC,223,71,3,Prehnite,14,440,256
HC,223,72,3,Prehnite,14,440,256
HC,223,73,3,Prehnite,14,440,256
HC,223,197,4,High-Ca Pyroxene,6,440,256
HC,223,198,4,High-Ca Pyroxene,6,440,256
HC,223,199,4,High-Ca Pyroxene,6,440,256
HC,223,200,4,High-Ca Pyroxene,6,440,256
HC,223,201,4,High-Ca Pyroxene,6,440,256
HC,223,202,4,High-Ca Pyroxene,6,440,256
HC,223,203,4,High-Ca Pyroxene,6,440,256
HC,223,204,4,High-Ca Pyroxene,6,440,256
HC,223,205,4,High-Ca Pyroxene,6,440,256
HC,223,206,4,High-Ca Pyroxene,6,440,256
HC,223,207,4,High-Ca Pyroxene,6,440,256
HC,223,208,4,High-Ca Pyroxene,6,440,256
HC,223,209,4,High-Ca Pyroxene,6,440,256
HC,223,210,4,High-Ca Pyroxene,6,440,256
HC,223,211,4,High-Ca Pyroxene,6,440,256
HC,223,398,5,Serpentine,15,440,256
HC,223,399,5,Serpentine,15,440,256
HC,223,400,5,Serpentine,15,440,256
HC,223,401,5,Serpentine,15,440,256
HC,223,402,5,Serpentine,15,440,256
HC,223,403,5,Serpentine,15,440,256
HC,223,404,5,Serpentine,15,440,256
HC,223,405,5,Serpentine,15,440,256
HC,223,406,5,Serpentine,15,440,256
HC,223,407,5,Serpentine,15,440,256
HC,223,408,5,Serpentine,15,440,256
HC,223,409,5,Serpentine,15,440,256
HC,223,410,5,Serpentine,15,440,256
HC,223,411,5,Serpentine,15,440,256
HC,223,412,5,Serpentine,15,440,256
HC,223,413,5,Serpentine,15,440,256
HC,223,414,5,Serpentine,15,440,256
HC,223,415,5,Serpentine,15,440,256
HC,223,416,5,Serpentine,15,440,256
HC,223,417,5,Serpentine,15,440,256
HC,223,418,5,Serpentine,15,440,256
HC,223,419,5,Serpentine,15,440,256
HC,223,420,5,Serpentine,15,440,256
HC,223,421,5,Serpentine,15,440,256
HC,223,422,5,Serpentine,15,440,256
HC,223,423,5,Serpentine,15,440,256
HC,223,424,5,Serpentine,15,440,256
HC,223,425,5,Serpentine,15,440,256
HC,223,426,5,Serpentine,15,440,256
HC,223,427,5,Serpentine,15,440,256
HC,223,428,5,Serpentine,15,440,256
HC,223,429,5,Serpentine,15,440,256
HC,223,430,5,Serpentine,15,440,256
HC,223,431,5,Serpentine,15,440,256
HC,223,432,5,Serpentine,15,440,256
HC,223,433,5,Serpentine,15,440,256
HC,223,434,5,Serpentine,15,440,256
HC,223,435,5,Serpentine,15,440,256
HC,223,436,5,Serpentine,15,440,256
HC,223,437,5,Serpentine,15,440,256
HC,223,438,5,Serpentine,15,440,256
HC,223,439,5,Serpentine,15,440,256
HC,223,440,5,Serpentine,15,440,256
HC,223,441,5,Serpentine,15,440,256
HC,223,442,5,Serpentine,15,440,256
HC,223,443,5,Serpentine,15,440,256
HC,223,452,5,Serpentine,15,440,256
HC,223,453,5,Serpentine,15,440,256
HC,223,454,5,Serpentine,15,440,256
HC,223,455,5,Serpentine,15,440,256
HC,223,456,5,Serpentine,15,440,256
HC,223,457,5,Serpentine,15,440,256
HC,223,458,5,Serpentine,15,440,256
HC,223,459,5,Serpentine,15,440,256
HC,223,460,5,Serpentine,15,440,256
HC,223,461,5,Serpentine,15,440,256
HC,223,462,5,Serpentine,15,440,256
HC,223,463,5,Serpentine,15,440,256
HC,223,464,5,Serpentine,15,440,256
HC,223,465,5,Serpentine,15,440,256
HC,223,466,5,Serpentine,15,440,256
HC,223,467,5,Serpentine,15,440,256
HC,223,468,5,Serpentine,15,440,256
HC,223,469,5,Serpentine,15,440,256
HC,223,470,5,Serpentine,15,440,256
HC,223,471,5,Serpentine,15,440,256
HC,223,472,5,Serpentine,15,440,256
HC,223,473,5,Serpentine,15,440,256
HC,223,474,5,Serpentine,15,440,256
HC,223,475,5,Serpentine,15,440,256
HC,223,476,5,Serpentine,15,440,256
HC,223,477,5,Serpentine,15,440,256
HC,223,478,5,Serpentine,15,440,256
HC,223,479,5,Serpentine,15,440,256
HC,223,480,5,Serpentine,15,440,256
HC,223,481,5,Serpentine,15,440,256
HC,223,482,5,Serpentine,15,440,256
HC,223,483,5,Serpentine,15,440,256
HC,223,484,5,Serpentine,15,440,256
HC,223,485,5,Serpentine,15,440,256
HC,223,486,5,Serpentine,15,440,256
HC,223,487,5,Serpentine,15,440,256
HC,223,488,5,Serpentine,15,440,256
HC,223,489,5,Serpentine,15,440,256
HC,223,490,5,Serpentine,15,440,256
HC,223,491,5,Serpentine,15,440,256
HC,223,492,5,Serpentine,15,440,256
HC,223,493,5,Serpentine,15,440,256
HC,223,494,5,Serpentine,15,440,256
HC,223,495,5,Serpentine,15,440,256
HC,223,496,5,Serpentine,15,440,256
HC,223,497,5,Serpentine,15,440,256
HC,223,498,5,Serpentine,15,440,256
HC,223,499,5,Serpentine,15,440,256
HC,223,500,5,Serpentine,15,440,256
HC,223,501,5,Serpentine,15,440,256
HC,223,502,5,Serpentine,15,440,256
HC,223,503,5,Serpentine,15,440,256
HC,223,504,5,Serpentine,15,440,256
HC,223,505,5,Serpentine,15,440,256
HC,223,506,5,Serpentine,15,440,256
HC,223,507,5,Serpentine,15,440,256
HC,223,508,5,Serpentine,15,440,256
HC,223,509,5,Serpentine,15,440,256
HC,223,510,5,Serpentine,15,440,256
HC,223,511,5,Serpentine,15,440,256
HC,223,512,5,Serpentine,15,440,256
HC,223,513,5,Serpentine,15,440,256
HC,223,514,5,Serpentine,15,440,256
HC,223,515,5,Serpentine,15,440,256
HC,223,516,5,Serpentine,15,440,256
HC,223,517,5,Serpentine,15,440,256
HC,223,518,5,Serpentine,15,440,256
HC,223,519,5,Serpentine,15,440,256
HC,223,520,5,Serpentine,15,440,256
HC,223,521,5,Serpentine,15,440,256
HC,223,522,5,Serpentine,15,440,256
HC,223,523,5,Serpentine,15,440,256
HC,223,524,5,Serpentine,15,440,256
HC,223,525,5,Serpentine,15,440,256
HC,223,526,5,Serpentine,15,440,256
HC,223,527,5,Serpentine,15,440,256
HC,223,528,5,Serpentine,15,440,256
HC,223,529,5,Serpentine,15,440,256
HC,223,530,5,Serpentine,15,440,256
HC,223,531,5,Serpentine,15,440,256
HC,223,532,5,Serpentine,15,440,256
HC,223,533,5,Serpentine,15,440,256
HC,223,534,5,Serpentine,15,440,256
HC,223,535,5,Serpentine,15,440,256
HC,223,536,5,Serpentine,15,440,256
HC,223,537,5,Serpentine,15,440,256
HC,223,538,5,Serpentine,15,440,256
HC,223,539,5,Serpentine,15,440,256
HC,223,540,5,Serpentine,15,440,256
HC,223,541,5,Serpentine,15,440,256
HC,223,542,5,Serpentine,15,440,256
HC,223,543,5,Serpentine,15,440,256
HC,223,544,5,Serpentine,15,440,256
HC,223,545,5,Serpentine,15,440,256
HC,223,546,5,Serpentine,15,440,256
HC,223,547,5,Serpentine,15,440,256
HC,223,548,5,Serpentine,15,440,256
HC,223,549,5,Serpentine,15,440,256
HC,223,550,5,Serpentine,15,440,256
HC,223,551,5,Serpentine,15,440,256
HC,223,552,5,Serpentine,15,440,256
HC,223,553,5,Serpentine,15,440,256
HC,223,554,5,Serpentine,15,440,256
HC,223,555,5,Serpentine,15,440,256
HC,223,556,5,Serpentine,15,440,256
HC,223,557,5,Serpentine,15,440,256
HC,223,558,5,Serpentine,15,440,256
HC,223,565,4,High-Ca Pyroxene,6,440,256
HC,223,566,4,High-Ca Pyroxene,6,440,256
HC,223,567,4,High-Ca Pyroxene,6,440,256
HC,223,568,4,High-Ca Pyroxene,6,440,256
HC,223,569,4,High-Ca Pyroxene,6,440,256
HC,223,570,4,High-Ca Pyroxene,6,440,256
HC,223,571,4,High-Ca Pyroxene,6,440,256
HC,224,44,3,Prehnite,14,440,256
HC,224,45,3,Prehnite,14,440,256
HC,224,46,3,Prehnite,14,440,256
HC,224,47,3,Prehnite,14,440,256
HC,224,48,3,Prehnite,14,440,256
HC,224,49,3,Prehnite,14,440,256
HC,224,50,3,Prehnite,14,440,256
HC,224,51,3,Prehnite,14,440,256
HC,224,52,3,Prehnite,14,440,256
HC,224,53,3,Prehnite,14,440,256
HC,224,54,3,Prehnite,14,440,256
HC,224,55,3,Prehnite,14,440,256
HC,224,56,3,Prehnite,14,440,256
HC,224,57,3,Prehnite,14,440,256
HC,224,58,3,Prehnite,14,440,256
HC,224,59,3,Prehnite,14,440,256
HC,224,60,3,Prehnite,14,440,256
HC,224,61,3,Prehnite,14,440,256
HC,224,62,3,Prehnite,14,440,256
HC,224,63,3,Prehnite,14,440,256
HC,224,64,3,Prehnite,14,440,256
HC,224,65,3,Prehnite,14,440,256
HC,224,66,3,Prehnite,14,440,256
HC,224,67,3,Prehnite,14,440,256
HC,224,68,3,Prehnite,14,440,256
HC,224,69,3,Prehnite,14,440,256
HC,224,70,3,Prehnite,14,440,256
HC,224,71,3,Prehnite,14,440,256
HC,224,72,3,Prehnite,14,440,256
HC,224,73,3,Prehnite,14,440,256
HC,224,198,4,High-Ca Pyroxene,6,440,256
HC,224,199,4,High-Ca Pyroxene,6,440,256
HC,224,200,4,High-Ca Pyroxene,6,440,256
HC,224,201,4,High-Ca Pyroxene,6,440,256
HC,224,202,4,High-Ca Pyroxene,6,440,256
HC,224,203,4,High-Ca Pyroxene,6,440,256
HC,224,204,4,High-Ca Pyroxene,6,440,256
HC,224,205,4,High-Ca Pyroxene,6,440,256
HC,224,206,4,High-Ca Pyroxene,6,440,256
HC,224,207,4,High-Ca Pyroxene,6,440,256
HC,224,208,4,High-Ca Pyroxene,6,440,256
HC,224,209,4,High-Ca Pyroxene,6,440,256
HC,224,210,4,High-Ca Pyroxene,6,440,256
HC,224,211,4,High-Ca Pyroxene,6,440,256
HC,224,399,5,Serpentine,15,440,256
HC,224,400,5,Serpentine,15,440,256
HC,224,401,5,Serpentine,15,440,256
HC,224,404,5,Serpentine,15,440,256
HC,224,405,5,Serpentine,15,440,256
HC,224,406,5,Serpentine,15,440,256
HC,224,407,5,Serpentine,15,440,256
HC,224,408,5,Serpentine,15,440,256
HC,224,409,5,Serpentine,15,440,256
HC,224,410,5,Serpentine,15,440,256
HC,224,411,5,Serpentine,15,440,256
HC,224,412,5,Serpentine,15,440,256
HC,224,413,5,Serpentine,15,440,256
HC,224,414,5,Serpentine,15,440,256
HC,224,415,5,Serpentine,15,440,256
HC,224,416,5,Serpentine,15,440,256
HC,224,417,5,Serpentine,15,440,256
HC,224,418,5,Serpentine,15,440,256
HC,224,419,5,Serpentine,15,440,256
HC,224,420,5,Serpentine,15,440,256
HC,224,421,5,Serpentine,15,440,256
HC,224,422,5,Serpentine,15,440,256
HC,224,423,5,Serpentine,15,440,256
HC,224,424,5,Serpentine,15,440,256
HC,224,425,5,Serpentine,15,440,256
HC,224,426,5,Serpentine,15,440,256
HC,224,427,5,Serpentine,15,440,256
HC,224,428,5,Serpentine,15,440,256
HC,224,429,5,Serpentine,15,440,256
HC,224,430,5,Serpentine,15,440,256
HC,224,431,5,Serpentine,15,440,256
HC,224,432,5,Serpentine,15,440,256
HC,224,433,5,Serpentine,15,440,256
HC,224,434,5,Serpentine,15,440,256
HC,224,435,5,Serpentine,15,440,256
HC,224,436,5,Serpentine,15,440,256
HC,224,437,5,Serpentine,15,440,256
HC,224,438,5,Serpentine,15,440,256
HC,224,439,5,Serpentine,15,440,256
HC,224,440,5,Serpentine,15,440,256
HC,224,441,5,Serpentine,15,440,256
HC,224,442,5,Serpentine,15,440,256
HC,224,443,5,Serpentine,15,440,256
HC,224,450,5,Serpentine,15,440,256
HC,224,451,5,Serpentine,15,440,256
HC,224,452,5,Serpentine,15,440,256
HC,224,453,5,Serpentine,15,440,256
HC,224,454,5,Serpentine,15,440,256
HC,224,455,5,Serpentine,15,440,256
HC,224,456,5,Serpentine,15,440,256
HC,224,457,5,Serpentine,15,440,256
HC,224,458,5,Serpentine,15,440,256
HC,224,459,5,Serpentine,15,440,256
HC,224,460,5,Serpentine,15,440,256
HC,224,461,5,Serpentine,15,440,256
HC,224,462,5,Serpentine,15,440,256
HC,224,463,5,Serpentine,15,440,256
HC,224,464,5,Serpentine,15,440,256
HC,224,465,5,Serpentine,15,440,256
HC,224,466,5,Serpentine,15,440,256
HC,224,467,5,Serpentine,15,440,256
HC,224,468,5,Serpentine,15,440,256
HC,224,469,5,Serpentine,15,440,256
HC,224,470,5,Serpentine,15,440,256
HC,224,471,5,Serpentine,15,440,256
HC,224,472,5,Serpentine,15,440,256
HC,224,473,5,Serpentine,15,440,256
HC,224,474,5,Serpentine,15,440,256
HC,224,475,5,Serpentine,15,440,256
HC,224,476,5,Serpentine,15,440,256
HC,224,477,5,Serpentine,15,440,256
HC,224,478,5,Serpentine,15,440,256
HC,224,479,5,Serpentine,15,440,256
HC,224,480,5,Serpentine,15,440,256
HC,224,481,5,Serpentine,15,440,256
HC,224,482,5,Serpentine,15,440,256
HC,224,483,5,Serpentine,15,440,256
HC,224,484,5,Serpentine,15,440,256
HC,224,485,5,Serpentine,15,440,256
HC,224,486,5,Serpentine,15,440,256
HC,224,487,5,Serpentine,15,440,256
HC,224,488,5,Serpentine,15,440,256
HC,224,489,5,Serpentine,15,440,256
HC,224,490,5,Serpentine,15,440,256
HC,224,491,5,Serpentine,15,440,256
HC,224,492,5,Serpentine,15,440,256
HC,224,493,5,Serpentine,15,440,256
HC,224,494,5,Serpentine,15,440,256
HC,224,495,5,Serpentine,15,440,256
HC,224,496,5,Serpentine,15,440,256
HC,224,497,5,Serpentine,15,440,256
HC,224,498,5,Serpentine,15,440,256
HC,224,499,5,Serpentine,15,440,256
HC,224,500,5,Serpentine,15,440,256
HC,224,501,5,Serpentine,15,440,256
HC,224,502,5,Serpentine,15,440,256
HC,224,503,5,Serpentine,15,440,256
HC,224,504,5,Serpentine,15,440,256
HC,224,505,5,Serpentine,15,440,256
HC,224,506,5,Serpentine,15,440,256
HC,224,507,5,Serpentine,15,440,256
HC,224,508,5,Serpentine,15,440,256
HC,224,509,5,Serpentine,15,440,256
HC,224,510,5,Serpentine,15,440,256
HC,224,535,5,Serpentine,15,440,256
HC,224,536,5,Serpentine,15,440,256
HC,224,537,5,Serpentine,15,440,256
HC,224,538,5,Serpentine,15,440,256
HC,224,539,5,Serpentine,15,440,256
HC,224,540,5,Serpentine,15,440,256
HC,224,541,5,Serpentine,15,440,256
HC,224,542,5,Serpentine,15,440,256
HC,224,543,5,Serpentine,15,440,256
HC,224,544,5,Serpentine,15,440,256
HC,224,545,5,Serpentine,15,440,256
HC,224,546,5,Serpentine,15,440,256
HC,224,547,5,Serpentine,15,440,256
HC,224,548,5,Serpentine,15,440,256
HC,224,549,5,Serpentine,15,440,256
HC,224,550,5,Serpentine,15,440,256
HC,224,551,5,Serpentine,15,440,256
HC,224,552,5,Serpentine,15,440,256
HC,224,553,5,Serpentine,15,440,256
HC,224,554,5,Serpentine,15,440,256
HC,224,555,5,Serpentine,15,440,256
HC,224,556,5,Serpentine,15,440,256
HC,224,563,4,High-Ca Pyroxene,6,440,256
HC,224,564,4,High-Ca Pyroxene,6,440,256
HC,224,565,4,High-Ca Pyroxene,6,440,256
HC,224,566,4,High-Ca Pyroxene,6,440,256
HC,224,567,4,High-Ca Pyroxene,6,440,256
HC,224,568,4,High-Ca Pyroxene,6,440,256
HC,224,569,4,High-Ca Pyroxene,6,440,256
HC,224,570,4,High-Ca Pyroxene,6,440,256
HC,224,571,4,High-Ca Pyroxene,6,440,256
HC,225,45,3,Prehnite,14,440,256
HC,225,46,3,Prehnite,14,440,256
HC,225,47,3,Prehnite,14,440,256
HC,225,48,3,Prehnite,14,440,256
HC,225,49,3,Prehnite,14,440,256
HC,225,50,3,Prehnite,14,440,256
HC,225,51,3,Prehnite,14,440,256
HC,225,52,3,Prehnite,14,440,256
HC,225,53,3,Prehnite,14,440,256
HC,225,54,3,Prehnite,14,440,256
HC,225,55,3,Prehnite,14,440,256
HC,225,56,3,Prehnite,14,440,256
HC,225,57,3,Prehnite,14,440,256
HC,225,58,3,Prehnite,14,440,256
HC,225,59,3,Prehnite,14,440,256
HC,225,60,3,Prehnite,14,440,256
HC,225,61,3,Prehnite,14,440,256
HC,225,62,3,Prehnite,14,440,256
HC,225,63,3,Prehnite,14,440,256
HC,225,64,3,Prehnite,14,440,256
HC,225,65,3,Prehnite,14,440,256
HC,225,66,3,Prehnite,14,440,256
HC,225,67,3,Prehnite,14,440,256
HC,225,68,3,Prehnite,14,440,256
HC,225,69,3,Prehnite,14,440,256
HC,225,70,3,Prehnite,14,440,256
HC,225,71,3,Prehnite,14,440,256
HC,225,72,3,Prehnite,14,440,256
HC,225,73,3,Prehnite,14,440,256
HC,225,198,4,High-Ca Pyroxene,6,440,256
HC,225,199,4,High-Ca Pyroxene,6,440,256
HC,225,200,4,High-Ca Pyroxene,6,440,256
HC,225,201,4,High-Ca Pyroxene,6,440,256
HC,225,202,4,High-Ca Pyroxene,6,440,256
HC,225,203,4,High-Ca Pyroxene,6,440,256
HC,225,204,4,High-Ca Pyroxene,6,440,256
HC,225,205,4,High-Ca Pyroxene,6,440,256
HC,225,206,4,High-Ca Pyroxene,6,440,256
HC,225,207,4,High-Ca Pyroxene,6,440,256
HC,225,208,4,High-Ca Pyroxene,6,440,256
HC,225,209,4,High-Ca Pyroxene,6,440,256
HC,225,210,4,High-Ca Pyroxene,6,440,256
HC,225,211,4,High-Ca Pyroxene,6,440,256
HC,225,405,5,Serpentine,15,440,256
HC,225,406,5,Serpentine,15,440,256
HC,225,407,5,Serpentine,15,440,256
HC,225,408,5,Serpentine,15,440,256
HC,225,409,5,Serpentine,15,440,256
HC,225,410,5,Serpentine,15,440,256
HC,225,411,5,Serpentine,15,440,256
HC,225,412,5,Serpentine,15,440,256
HC,225,413,5,Serpentine,15,440,256
HC,225,414,5,Serpentine,15,440,256
HC,225,415,5,Serpentine,15,440,256
HC,225,416,5,Serpentine,15,440,256
HC,225,417,5,Serpentine,15,440,256
HC,225,418,5,Serpentine,15,440,256
HC,225,419,5,Serpentine,15,440,256
HC,225,420,5,Serpentine,15,440,256
HC,225,421,5,Serpentine,15,440,256
HC,225,422,5,Serpentine,15,440,256
HC,225,423,5,Serpentine,15,440,256
HC,225,424,5,Serpentine,15,440,256
HC,225,425,5,Serpentine,15,440,256
HC,225,426,5,Serpentine,15,440,256
HC,225,427,5,Serpentine,15,440,256
HC,225,428,5,Serpentine,15,440,256
HC,225,429,5,Serpentine,15,440,256
HC,225,430,5,Serpentine,15,440,256
HC,225,431,5,Serpentine,15,440,256
HC,225,432,5,Serpentine,15,440,256
HC,225,433,5,Serpentine,15,440,256
HC,225,434,5,Serpentine,15,440,256
HC,225,435,5,Serpentine,15,440,256
HC,225,436,5,Serpentine,15,440,256
HC,225,437,5,Serpentine,15,440,256
HC,225,438,5,Serpentine,15,440,256
HC,225,439,5,Serpentine,15,440,256
HC,225,440,5,Serpentine,15,440,256
HC,225,441,5,Serpentine,15,440,256
HC,225,442,5,Serpentine,15,440,256
HC,225,443,5,Serpentine,15,440,256
HC,225,449,5,Serpentine,15,440,256
HC,225,450,5,Serpentine,15,440,256
HC,225,451,5,Serpentine,15,440,256
HC,225,452,5,Serpentine,15,440,256
HC,225,453,5,Serpentine,15,440,256
HC,225,454,5,Serpentine,15,440,256
HC,225,455,5,Serpentine,15,440,256
HC,225,456,5,Serpentine,15,440,256
HC,225,457,5,Serpentine,15,440,256
HC,225,458,5,Serpentine,15,440,256
HC,225,459,5,Serpentine,15,440,256
HC,225,460,5,Serpentine,15,440,256
HC,225,461,5,Serpentine,15,440,256
HC,225,462,5,Serpentine,15,440,256
HC,225,463,5,Serpentine,15,440,256
HC,225,464,5,Serpentine,15,440,256
HC,225,465,5,Serpentine,15,440,256
HC,225,466,5,Serpentine,15,440,256
HC,225,467,5,Serpentine,15,440,256
HC,225,468,5,Serpentine,15,440,256
HC,225,469,5,Serpentine,15,440,256
HC,225,470,5,Serpentine,15,440,256
HC,225,471,5,Serpentine,15,440,256
HC,225,472,5,Serpentine,15,440,256
HC,225,473,5,Serpentine,15,440,256
HC,225,474,5,Serpentine,15,440,256
HC,225,475,5,Serpentine,15,440,256
HC,225,476,5,Serpentine,15,440,256
HC,225,477,5,Serpentine,15,440,256
HC,225,478,5,Serpentine,15,440,256
HC,225,479,5,Serpentine,15,440,256
HC,225,480,5,Serpentine,15,440,256
HC,225,481,5,Serpentine,15,440,256
HC,225,482,5,Serpentine,15,440,256
HC,225,483,5,Serpentine,15,440,256
HC,225,484,5,Serpentine,15,440,256
HC,225,485,5,Serpentine,15,440,256
HC,225,486,5,Serpentine,15,440,256
HC,225,487,5,Serpentine,15,440,256
HC,225,488,5,Serpentine,15,440,256
HC,225,489,5,Serpentine,15,440,256
HC,225,490,5,Serpentine,15,440,256
HC,225,491,5,Serpentine,15,440,256
HC,225,492,5,Serpentine,15,440,256
HC,225,493,5,Serpentine,15,440,256
HC,225,494,5,Serpentine,15,440,256
HC,225,495,5,Serpentine,15,440,256
HC,225,496,5,Serpentine,15,440,256
HC,225,497,5,Serpentine,15,440,256
HC,225,498,5,Serpentine,15,440,256
HC,225,499,5,Serpentine,15,440,256
HC,225,500,5,Serpentine,15,440,256
HC,225,501,5,Serpentine,15,440,256
HC,225,502,5,Serpentine,15,440,256
HC,225,503,5,Serpentine,15,440,256
HC,225,504,5,Serpentine,15,440,256
HC,225,505,5,Serpentine,15,440,256
HC,225,506,5,Serpentine,15,440,256
HC,225,507,5,Serpentine,15,440,256
HC,225,508,5,Serpentine,15,440,256
HC,225,546,5,Serpentine,15,440,256
HC,225,547,5,Serpentine,15,440,256
HC,225,548,5,Serpentine,15,440,256
HC,225,549,5,Serpentine,15,440,256
HC,225,550,5,Serpentine,15,440,256
HC,225,551,5,Serpentine,15,440,256
HC,225,552,5,Serpentine,15,440,256
HC,225,553,5,Serpentine,15,440,256
HC,225,554,5,Serpentine,15,440,256
HC,225,555,5,Serpentine,15,440,256
HC,225,561,4,High-Ca Pyroxene,6,440,256
HC,225,562,4,High-Ca Pyroxene,6,440,256
HC,225,563,4,High-Ca Pyroxene,6,440,256
HC,225,564,4,High-Ca Pyroxene,6,440,256
HC,225,565,4,High-Ca Pyroxene,6,440,256
HC,225,566,4,High-Ca Pyroxene,6,440,256
HC,225,567,4,High-Ca Pyroxene,6,440,256
HC,225,568,4,High-Ca Pyroxene,6,440,256
HC,225,569,4,High-Ca Pyroxene,6,440,256
HC,225,570,4,High-Ca Pyroxene,6,440,256
HC,225,571,4,High-Ca Pyroxene,6,440,256
HC,226,46,3,Prehnite,14,440,256
HC,226,47,3,Prehnite,14,440,256
HC,226,48,3,Prehnite,14,440,256
HC,226,49,3,Prehnite,14,440,256
HC,226,50,3,Prehnite,14,440,256
HC,226,51,3,Prehnite,14,440,256
HC,226,52,3,Prehnite,14,440,256
HC,226,53,3,Prehnite,14,440,256
HC,226,54,3,Prehnite,14,440,256
HC,226,55,3,Prehnite,14,440,256
HC,226,56,3,Prehnite,14,440,256
HC,226,57,3,Prehnite,14,440,256
HC,226,58,3,Prehnite,14,440,256
HC,226,59,3,Prehnite,14,440,256
HC,226,60,3,Prehnite,14,440,256
HC,226,61,3,Prehnite,14,440,256
HC,226,62,3,Prehnite,14,440,256
HC,226,63,3,Prehnite,14,440,256
HC,226,64,3,Prehnite,14,440,256
HC,226,65,3,Prehnite,14,440,256
HC,226,66,3,Prehnite,14,440,256
HC,226,67,3,Prehnite,14,440,256
HC,226,68,3,Prehnite,14,440,256
HC,226,69,3,Prehnite,14,440,256
HC,226,70,3,Prehnite,14,440,256
HC,226,71,3,Prehnite,14,440,256
HC,226,72,3,Prehnite,14,440,256
HC,226,73,3,Prehnite,14,440,256
HC,226,200,4,High-Ca Pyroxene,6,440,256
HC,226,201,4,High-Ca Pyroxene,6,440,256
HC,226,202,4,High-Ca Pyroxene,6,440,256
HC,226,203,4,High-Ca Pyroxene,6,440,256
HC,226,204,4,High-Ca Pyroxene,6,440,256
HC,226,205,4,High-Ca Pyroxene,6,440,256
HC,226,206,4,High-Ca Pyroxene,6,440,256
HC,226,207,4,High-Ca Pyroxene,6,440,256
HC,226,208,4,High-Ca Pyroxene,6,440,256
HC,226,209,4,High-Ca Pyroxene,6,440,256
HC,226,210,4,High-Ca Pyroxene,6,440,256
HC,226,211,4,High-Ca Pyroxene,6,440,256
HC,226,212,4,High-Ca Pyroxene,6,440,256
HC,226,408,5,Serpentine,15,440,256
HC,226,409,5,Serpentine,15,440,256
HC,226,410,5,Serpentine,15,440,256
HC,226,411,5,Serpentine,15,440,256
HC,226,412,5,Serpentine,15,440,256
HC,226,413,5,Serpentine,15,440,256
HC,226,414,5,Serpentine,15,440,256
HC,226,415,5,Serpentine,15,440,256
HC,226,416,5,Serpentine,15,440,256
HC,226,417,5,Serpentine,15,440,256
HC,226,418,5,Serpentine,15,440,256
HC,226,419,5,Serpentine,15,440,256
HC,226,420,5,Serpentine,15,440,256
HC,226,421,5,Serpentine,15,440,256
HC,226,422,5,Serpentine,15,440,256
HC,226,423,5,Serpentine,15,440,256
HC,226,424,5,Serpentine,15,440,256
HC,226,425,5,Serpentine,15,440,256
HC,226,426,5,Serpentine,15,440,256
HC,226,427,5,Serpentine,15,440,256
HC,226,428,5,Serpentine,15,440,256
HC,226,429,5,Serpentine,15,440,256
HC,226,430,5,Serpentine,15,440,256
HC,226,431,5,Serpentine,15,440,256
HC,226,432,5,Serpentine,15,440,256
HC,226,433,5,Serpentine,15,440,256
HC,226,434,5,Serpentine,15,440,256
HC,226,435,5,Serpentine,15,440,256
HC,226,436,5,Serpentine,15,440,256
HC,226,437,5,Serpentine,15,440,256
HC,226,438,5,Serpentine,15,440,256
HC,226,439,5,Serpentine,15,440,256
HC,226,440,5,Serpentine,15,440,256
HC,226,441,5,Serpentine,15,440,256
HC,226,442,5,Serpentine,15,440,256
HC,226,443,5,Serpentine,15,440,256
HC,226,447,5,Serpentine,15,440,256
HC,226,448,5,Serpentine,15,440,256
HC,226,449,5,Serpentine,15,440,256
HC,226,450,5,Serpentine,15,440,256
HC,226,451,5,Serpentine,15,440,256
HC,226,452,5,Serpentine,15,440,256
HC,226,453,5,Serpentine,15,440,256
HC,226,454,5,Serpentine,15,440,256
HC,226,455,5,Serpentine,15,440,256
HC,226,456,5,Serpentine,15,440,256
HC,226,457,5,Serpentine,15,440,256
HC,226,458,5,Serpentine,15,440,256
HC,226,459,5,Serpentine,15,440,256
HC,226,460,5,Serpentine,15,440,256
HC,226,461,5,Serpentine,15,440,256
HC,226,462,5,Serpentine,15,440,256
HC,226,463,5,Serpentine,15,440,256
HC,226,464,5,Serpentine,15,440,256
HC,226,465,5,Serpentine,15,440,256
HC,226,466,5,Serpentine,15,440,256
HC,226,467,5,Serpentine,15,440,256
HC,226,468,5,Serpentine,15,440,256
HC,226,469,5,Serpentine,15,440,256
HC,226,470,5,Serpentine,15,440,256
HC,226,471,5,Serpentine,15,440,256
HC,226,472,5,Serpentine,15,440,256
HC,226,473,5,Serpentine,15,440,256
HC,226,474,5,Serpentine,15,440,256
HC,226,475,5,Serpentine,15,440,256
HC,226,476,5,Serpentine,15,440,256
HC,226,477,5,Serpentine,15,440,256
HC,226,478,5,Serpentine,15,440,256
HC,226,479,5,Serpentine,15,440,256
HC,226,480,5,Serpentine,15,440,256
HC,226,481,5,Serpentine,15,440,256
HC,226,482,5,Serpentine,15,440,256
HC,226,483,5,Serpentine,15,440,256
HC,226,484,5,Serpentine,15,440,256
HC,226,485,5,Serpentine,15,440,256
HC,226,486,5,Serpentine,15,440,256
HC,226,487,5,Serpentine,15,440,256
HC,226,488,5,Serpentine,15,440,256
HC,226,489,5,Serpentine,15,440,256
HC,226,490,5,Serpentine,15,440,256
HC,226,491,5,Serpentine,15,440,256
HC,226,492,5,Serpentine,15,440,256
HC,226,493,5,Serpentine,15,440,256
HC,226,494,5,Serpentine,15,440,256
HC,226,495,5,Serpentine,15,440,256
HC,226,496,5,Serpentine,15,440,256
HC,226,497,5,Serpentine,15,440,256
HC,226,498,5,Serpentine,15,440,256
HC,226,499,5,Serpentine,15,440,256
HC,226,500,5,Serpentine,15,440,256
HC,226,501,5,Serpentine,15,440,256
HC,226,502,5,Serpentine,15,440,256
HC,226,503,5,Serpentine,15,440,256
HC,226,560,4,High-Ca Pyroxene,6,440,256
HC,226,561,4,High-Ca Pyroxene,6,440,256
HC,226,562,4,High-Ca Pyroxene,6,440,256
HC,226,563,4,High-Ca Pyroxene,6,440,256
HC,226,564,4,High-Ca Pyroxene,6,440,256
HC,226,565,4,High-Ca Pyroxene,6,440,256
HC,226,566,4,High-Ca Pyroxene,6,440,256
HC,226,567,4,High-Ca Pyroxene,6,440,256
HC,226,568,4,High-Ca Pyroxene,6,440,256
HC,226,569,4,High-Ca Pyroxene,6,440,256
HC,226,570,4,High-Ca Pyroxene,6,440,256
HC,226,571,4,High-Ca Pyroxene,6,440,256
HC,227,46,3,Prehnite,14,440,256
HC,227,47,3,Prehnite,14,440,256
HC,227,48,3,Prehnite,14,440,256
HC,227,49,3,Prehnite,14,440,256
HC,227,50,3,Prehnite,14,440,256
HC,227,51,3,Prehnite,14,440,256
HC,227,52,3,Prehnite,14,440,256
HC,227,53,3,Prehnite,14,440,256
HC,227,54,3,Prehnite,14,440,256
HC,227,55,3,Prehnite,14,440,256
HC,227,56,3,Prehnite,14,440,256
HC,227,57,3,Prehnite,14,440,256
HC,227,58,3,Prehnite,14,440,256
HC,227,59,3,Prehnite,14,440,256
HC,227,60,3,Prehnite,14,440,256
HC,227,61,3,Prehnite,14,440,256
HC,227,62,3,Prehnite,14,440,256
HC,227,63,3,Prehnite,14,440,256
HC,227,64,3,Prehnite,14,440,256
HC,227,65,3,Prehnite,14,440,256
HC,227,66,3,Prehnite,14,440,256
HC,227,67,3,Prehnite,14,440,256
HC,227,68,3,Prehnite,14,440,256
HC,227,69,3,Prehnite,14,440,256
HC,227,70,3,Prehnite,14,440,256
HC,227,71,3,Prehnite,14,440,256
HC,227,72,3,Prehnite,14,440,256
HC,227,73,3,Prehnite,14,440,256
HC,227,201,4,High-Ca Pyroxene,6,440,256
HC,227,202,4,High-Ca Pyroxene,6,440,256
HC,227,203,4,High-Ca Pyroxene,6,440,256
HC,227,204,4,High-Ca Pyroxene,6,440,256
HC,227,205,4,High-Ca Pyroxene,6,440,256
HC,227,206,4,High-Ca Pyroxene,6,440,256
HC,227,207,4,High-Ca Pyroxene,6,440,256
HC,227,208,4,High-Ca Pyroxene,6,440,256
HC,227,209,4,High-Ca Pyroxene,6,440,256
HC,227,210,4,High-Ca Pyroxene,6,440,256
HC,227,211,4,High-Ca Pyroxene,6,440,256
HC,227,212,4,High-Ca Pyroxene,6,440,256
HC,227,408,5,Serpentine,15,440,256
HC,227,409,5,Serpentine,15,440,256
HC,227,410,5,Serpentine,15,440,256
HC,227,411,5,Serpentine,15,440,256
HC,227,412,5,Serpentine,15,440,256
HC,227,413,5,Serpentine,15,440,256
HC,227,414,5,Serpentine,15,440,256
HC,227,415,5,Serpentine,15,440,256
HC,227,416,5,Serpentine,15,440,256
HC,227,417,5,Serpentine,15,440,256
HC,227,418,5,Serpentine,15,440,256
HC,227,419,5,Serpentine,15,440,256
HC,227,420,5,Serpentine,15,440,256
HC,227,421,5,Serpentine,15,440,256
HC,227,422,5,Serpentine,15,440,256
HC,227,423,5,Serpentine,15,440,256
HC,227,424,5,Serpentine,15,440,256
HC,227,425,5,Serpentine,15,440,256
HC,227,426,5,Serpentine,15,440,256
HC,227,427,5,Serpentine,15,440,256
HC,227,428,5,Serpentine,15,440,256
HC,227,429,5,Serpentine,15,440,256
HC,227,430,5,Serpentine,15,440,256
HC,227,431,5,Serpentine,15,440,256
HC,227,432,5,Serpentine,15,440,256
HC,227,433,5,Serpentine,15,440,256
HC,227,434,5,Serpentine,15,440,256
HC,227,435,5,Serpentine,15,440,256
HC,227,436,5,Serpentine,15,440,256
HC,227,437,5,Serpentine,15,440,256
HC,227,438,5,Serpentine,15,440,256
HC,227,439,5,Serpentine,15,440,256
HC,227,440,5,Serpentine,15,440,256
HC,227,441,5,Serpentine,15,440,256
HC,227,442,5,Serpentine,15,440,256
HC,227,446,5,Serpentine,15,440,256
HC,227,447,5,Serpentine,15,440,256
HC,227,448,5,Serpentine,15,440,256
HC,227,449,5,Serpentine,15,440,256
HC,227,450,5,Serpentine,15,440,256
HC,227,451,5,Serpentine,15,440,256
HC,227,452,5,Serpentine,15,440,256
HC,227,453,5,Serpentine,15,440,256
HC,227,454,5,Serpentine,15,440,256
HC,227,455,5,Serpentine,15,440,256
HC,227,456,5,Serpentine,15,440,256
HC,227,457,5,Serpentine,15,440,256
HC,227,458,5,Serpentine,15,440,256
HC,227,459,5,Serpentine,15,440,256
HC,227,460,5,Serpentine,15,440,256
HC,227,461,5,Serpentine,15,440,256
HC,227,462,5,Serpentine,15,440,256
HC,227,463,5,Serpentine,15,440,256
HC,227,464,5,Serpentine,15,440,256
HC,227,465,5,Serpentine,15,440,256
HC,227,466,5,Serpentine,15,440,256
HC,227,467,5,Serpentine,15,440,256
HC,227,468,5,Serpentine,15,440,256
HC,227,469,5,Serpentine,15,440,256
HC,227,470,5,Serpentine,15,440,256
HC,227,471,5,Serpentine,15,440,256
HC,227,472,5,Serpentine,15,440,256
HC,227,473,5,Serpentine,15,440,256
HC,227,474,5,Serpentine,15,440,256
HC,227,475,5,Serpentine,15,440,256
HC,227,476,5,Serpentine,15,440,256
HC,227,477,5,Serpentine,15,440,256
HC,227,478,5,Serpentine,15,440,256
HC,227,479,5,Serpentine,15,440,256
HC,227,480,5,Serpentine,15,440,256
HC,227,481,5,Serpentine,15,440,256
HC,227,482,5,Serpentine,15,440,256
HC,227,483,5,Serpentine,15,440,256
HC,227,484,5,Serpentine,15,440,256
HC,227,485,5,Serpentine,15,440,256
HC,227,486,5,Serpentine,15,440,256
HC,227,487,5,Serpentine,15,440,256
HC,227,488,5,Serpentine,15,440,256
HC,227,489,5,Serpentine,15,440,256
HC,227,490,5,Serpentine,15,440,256
HC,227,560,4,High-Ca Pyroxene,6,440,256
HC,227,561,4,High-Ca Pyroxene,6,440,256
HC,227,562,4,High-Ca Pyroxene,6,440,256
HC,227,563,4,High-Ca Pyroxene,6,440,256
HC,227,564,4,High-Ca Pyroxene,6,440,256
HC,227,565,4,High-Ca Pyroxene,6,440,256
HC,227,566,4,High-Ca Pyroxene,6,440,256
HC,227,567,4,High-Ca Pyroxene,6,440,256
HC,227,568,4,High-Ca Pyroxene,6,440,256
HC,227,569,4,High-Ca Pyroxene,6,440,256
HC,227,570,4,High-Ca Pyroxene,6,440,256
HC,228,49,3,Prehnite,14,440,256
HC,228,50,3,Prehnite,14,440,256
HC,228,51,3,Prehnite,14,440,256
HC,228,52,3,Prehnite,14,440,256
HC,228,53,3,Prehnite,14,440,256
HC,228,54,3,Prehnite,14,440,256
HC,228,55,3,Prehnite,14,440,256
HC,228,56,3,Prehnite,14,440,256
HC,228,57,3,Prehnite,14,440,256
HC,228,58,3,Prehnite,14,440,256
HC,228,59,3,Prehnite,14,440,256
HC,228,60,3,Prehnite,14,440,256
HC,228,61,3,Prehnite,14,440,256
HC,228,62,3,Prehnite,14,440,256
HC,228,63,3,Prehnite,14,440,256
HC,228,64,3,Prehnite,14,440,256
HC,228,65,3,Prehnite,14,440,256
HC,228,66,3,Prehnite,14,440,256
HC,228,67,3,Prehnite,14,440,256
HC,228,68,3,Prehnite,14,440,256
HC,228,69,3,Prehnite,14,440,256
HC,228,70,3,Prehnite,14,440,256
HC,228,71,3,Prehnite,14,440,256
HC,228,72,3,Prehnite,14,440,256
HC,228,73,3,Prehnite,14,440,256
HC,228,202,4,High-Ca Pyroxene,6,440,256
HC,228,203,4,High-Ca Pyroxene,6,440,256
HC,228,204,4,High-Ca Pyroxene,6,440,256
HC,228,205,4,High-Ca Pyroxene,6,440,256
HC,228,206,4,High-Ca Pyroxene,6,440,256
HC,228,207,4,High-Ca Pyroxene,6,440,256
HC,228,208,4,High-Ca Pyroxene,6,440,256
HC,228,209,4,High-Ca Pyroxene,6,440,256
HC,228,210,4,High-Ca Pyroxene,6,440,256
HC,228,211,4,High-Ca Pyroxene,6,440,256
HC,228,212,4,High-Ca Pyroxene,6,440,256
HC,228,410,5,Serpentine,15,440,256
HC,228,411,5,Serpentine,15,440,256
HC,228,412,5,Serpentine,15,440,256
HC,228,413,5,Serpentine,15,440,256
HC,228,414,5,Serpentine,15,440,256
HC,228,415,5,Serpentine,15,440,256
HC,228,416,5,Serpentine,15,440,256
HC,228,417,5,Serpentine,15,440,256
HC,228,418,5,Serpentine,15,440,256
HC,228,419,5,Serpentine,15,440,256
HC,228,420,5,Serpentine,15,440,256
HC,228,421,5,Serpentine,15,440,256
HC,228,422,5,Serpentine,15,440,256
HC,228,423,5,Serpentine,15,440,256
HC,228,424,5,Serpentine,15,440,256
HC,228,425,5,Serpentine,15,440,256
HC,228,426,5,Serpentine,15,440,256
HC,228,427,5,Serpentine,15,440,256
HC,228,428,5,Serpentine,15,440,256
HC,228,429,5,Serpentine,15,440,256
HC,228,430,5,Serpentine,15,440,256
HC,228,431,5,Serpentine,15,440,256
HC,228,432,5,Serpentine,15,440,256
HC,228,433,5,Serpentine,15,440,256
HC,228,434,5,Serpentine,15,440,256
HC,228,435,5,Serpentine,15,440,256
HC,228,436,5,Serpentine,15,440,256
HC,228,437,5,Serpentine,15,440,256
HC,228,438,5,Serpentine,15,440,256
HC,228,439,5,Serpentine,15,440,256
HC,228,446,5,Serpentine,15,440,256
HC,228,447,5,Serpentine,15,440,256
HC,228,448,5,Serpentine,15,440,256
HC,228,449,5,Serpentine,15,440,256
HC,228,450,5,Serpentine,15,440,256
HC,228,451,5,Serpentine,15,440,256
HC,228,452,5,Serpentine,15,440,256
HC,228,453,5,Serpentine,15,440,256
HC,228,454,5,Serpentine,15,440,256
HC,228,455,5,Serpentine,15,440,256
HC,228,456,5,Serpentine,15,440,256
HC,228,457,5,Serpentine,15,440,256
HC,228,458,5,Serpentine,15,440,256
HC,228,459,5,Serpentine,15,440,256
HC,228,460,5,Serpentine,15,440,256
HC,228,461,5,Serpentine,15,440,256
HC,228,462,5,Serpentine,15,440,256
HC,228,463,5,Serpentine,15,440,256
HC,228,464,5,Serpentine,15,440,256
HC,228,465,5,Serpentine,15,440,256
HC,228,466,5,Serpentine,15,440,256
HC,228,467,5,Serpentine,15,440,256
HC,228,468,5,Serpentine,15,440,256
HC,228,469,5,Serpentine,15,440,256
HC,228,470,5,Serpentine,15,440,256
HC,228,471,5,Serpentine,15,440,256
HC,228,472,5,Serpentine,15,440,256
HC,228,473,5,Serpentine,15,440,256
HC,228,474,5,Serpentine,15,440,256
HC,228,475,5,Serpentine,15,440,256
HC,228,476,5,Serpentine,15,440,256
HC,228,477,5,Serpentine,15,440,256
HC,228,478,5,Serpentine,15,440,256
HC,228,479,5,Serpentine,15,440,256
HC,228,480,5,Serpentine,15,440,256
HC,228,481,5,Serpentine,15,440,256
HC,228,482,5,Serpentine,15,440,256
HC,228,483,5,Serpentine,15,440,256
HC,228,484,5,Serpentine,15,440,256
HC,228,485,5,Serpentine,15,440,256
HC,228,486,5,Serpentine,15,440,256
HC,228,559,4,High-Ca Pyroxene,6,440,256
HC,228,560,4,High-Ca Pyroxene,6,440,256
HC,228,561,4,High-Ca Pyroxene,6,440,256
HC,228,562,4,High-Ca Pyroxene,6,440,256
HC,228,563,4,High-Ca Pyroxene,6,440,256
HC,228,564,4,High-Ca Pyroxene,6,440,256
HC,228,565,4,High-Ca Pyroxene,6,440,256
HC,228,566,4,High-Ca Pyroxene,6,440,256
HC,228,567,4,High-Ca Pyroxene,6,440,256
HC,228,568,4,High-Ca Pyroxene,6,440,256
HC,228,569,4,High-Ca Pyroxene,6,440,256
HC,229,50,3,Prehnite,14,440,256
HC,229,51,3,Prehnite,14,440,256
HC,229,52,3,Prehnite,14,440,256
HC,229,53,3,Prehnite,14,440,256
HC,229,54,3,Prehnite,14,440,256
HC,229,55,3,Prehnite,14,440,256
HC,229,56,3,Prehnite,14,440,256
HC,229,57,3,Prehnite,14,440,256
HC,229,58,3,Prehnite,14,440,256
HC,229,59,3,Prehnite,14,440,256
HC,229,60,3,Prehnite,14,440,256
HC,229,61,3,Prehnite,14,440,256
HC,229,62,3,Prehnite,14,440,256
HC,229,63,3,Prehnite,14,440,256
HC,229,64,3,Prehnite,14,440,256
HC,229,65,3,Prehnite,14,440,256
HC,229,66,3,Prehnite,14,440,256
HC,229,67,3,Prehnite,14,440,256
HC,229,68,3,Prehnite,14,440,256
HC,229,69,3,Prehnite,14,440,256
HC,229,70,3,Prehnite,14,440,256
HC,229,71,3,Prehnite,14,440,256
HC,229,72,3,Prehnite,14,440,256
HC,229,203,4,High-Ca Pyroxene,6,440,256
HC,229,204,4,High-Ca Pyroxene,6,440,256
HC,229,205,4,High-Ca Pyroxene,6,440,256
HC,229,206,4,High-Ca Pyroxene,6,440,256
HC,229,207,4,High-Ca Pyroxene,6,440,256
HC,229,208,4,High-Ca Pyroxene,6,440,256
HC,229,209,4,High-Ca Pyroxene,6,440,256
HC,229,210,4,High-Ca Pyroxene,6,440,256
HC,229,211,4,High-Ca Pyroxene,6,440,256
HC,229,212,4,High-Ca Pyroxene,6,440,256
HC,229,412,5,Serpentine,15,440,256
HC,229,413,5,Serpentine,15,440,256
HC,229,414,5,Serpentine,15,440,256
HC,229,415,5,Serpentine,15,440,256
HC,229,416,5,Serpentine,15,440,256
HC,229,417,5,Serpentine,15,440,256
HC,229,418,5,Serpentine,15,440,256
HC,229,419,5,Serpentine,15,440,256
HC,229,420,5,Serpentine,15,440,256
HC,229,421,5,Serpentine,15,440,256
HC,229,422,5,Serpentine,15,440,256
HC,229,423,5,Serpentine,15,440,256
HC,229,424,5,Serpentine,15,440,256
HC,229,425,5,Serpentine,15,440,256
HC,229,426,5,Serpentine,15,440,256
HC,229,427,5,Serpentine,15,440,256
HC,229,428,5,Serpentine,15,440,256
HC,229,429,5,Serpentine,15,440,256
HC,229,445,5,Serpentine,15,440,256
HC,229,446,5,Serpentine,15,440,256
HC,229,447,5,Serpentine,15,440,256
HC,229,448,5,Serpentine,15,440,256
HC,229,449,5,Serpentine,15,440,256
HC,229,450,5,Serpentine,15,440,256
HC,229,451,5,Serpentine,15,440,256
HC,229,452,5,Serpentine,15,440,256
HC,229,453,5,Serpentine,15,440,256
HC,229,454,5,Serpentine,15,440,256
HC,229,455,5,Serpentine,15,440,256
HC,229,456,5,Serpentine,15,440,256
HC,229,457,5,Serpentine,15,440,256
HC,229,458,5,Serpentine,15,440,256
HC,229,459,5,Serpentine,15,440,256
HC,229,460,5,Serpentine,15,440,256
HC,229,461,5,Serpentine,15,440,256
HC,229,462,5,Serpentine,15,440,256
HC,229,463,5,Serpentine,15,440,256
HC,229,464,5,Serpentine,15,440,256
HC,229,465,5,Serpentine,15,440,256
HC,229,466,5,Serpentine,15,440,256
HC,229,467,5,Serpentine,15,440,256
HC,229,468,5,Serpentine,15,440,256
HC,229,469,5,Serpentine,15,440,256
HC,229,470,5,Serpentine,15,440,256
HC,229,471,5,Serpentine,15,440,256
HC,229,472,5,Serpentine,15,440,256
HC,229,473,5,Serpentine,15,440,256
HC,229,474,5,Serpentine,15,440,256
HC,229,475,5,Serpentine,15,440,256
HC,229,476,5,Serpentine,15,440,256
HC,229,477,5,Serpentine,15,440,256
HC,229,478,5,Serpentine,15,440,256
HC,229,479,5,Serpentine,15,440,256
HC,229,480,5,Serpentine,15,440,256
HC,229,481,5,Serpentine,15,440,256
HC,229,482,5,Serpentine,15,440,256
HC,229,483,5,Serpentine,15,440,256
HC,229,559,4,High-Ca Pyroxene,6,440,256
HC,229,560,4,High-Ca Pyroxene,6,440,256
HC,229,561,4,High-Ca Pyroxene,6,440,256
HC,229,562,4,High-Ca Pyroxene,6,440,256
HC,229,563,4,High-Ca Pyroxene,6,440,256
HC,229,564,4,High-Ca Pyroxene,6,440,256
HC,229,565,4,High-Ca Pyroxene,6,440,256
HC,229,566,4,High-Ca Pyroxene,6,440,256
HC,229,567,4,High-Ca Pyroxene,6,440,256
HC,229,568,4,High-Ca Pyroxene,6,440,256
HC,229,569,4,High-Ca Pyroxene,6,440,256
HC,230,55,3,Prehnite,14,440,256
HC,230,56,3,Prehnite,14,440,256
HC,230,57,3,Prehnite,14,440,256
HC,230,58,3,Prehnite,14,440,256
HC,230,59,3,Prehnite,14,440,256
HC,230,60,3,Prehnite,14,440,256
HC,230,61,3,Prehnite,14,440,256
HC,230,62,3,Prehnite,14,440,256
HC,230,63,3,Prehnite,14,440,256
HC,230,64,3,Prehnite,14,440,256
HC,230,65,3,Prehnite,14,440,256
HC,230,66,3,Prehnite,14,440,256
HC,230,67,3,Prehnite,14,440,256
HC,230,68,3,Prehnite,14,440,256
HC,230,69,3,Prehnite,14,440,256
HC,230,70,3,Prehnite,14,440,256
HC,230,71,3,Prehnite,14,440,256
HC,230,72,3,Prehnite,14,440,256
HC,230,204,4,High-Ca Pyroxene,6,440,256
HC,230,205,4,High-Ca Pyroxene,6,440,256
HC,230,206,4,High-Ca Pyroxene,6,440,256
HC,230,207,4,High-Ca Pyroxene,6,440,256
HC,230,208,4,High-Ca Pyroxene,6,440,256
HC,230,209,4,High-Ca Pyroxene,6,440,256
HC,230,210,4,High-Ca Pyroxene,6,440,256
HC,230,211,4,High-Ca Pyroxene,6,440,256
HC,230,212,4,High-Ca Pyroxene,6,440,256
HC,230,413,5,Serpentine,15,440,256
HC,230,414,5,Serpentine,15,440,256
HC,230,415,5,Serpentine,15,440,256
HC,230,416,5,Serpentine,15,440,256
HC,230,417,5,Serpentine,15,440,256
HC,230,418,5,Serpentine,15,440,256
HC,230,419,5,Serpentine,15,440,256
HC,230,420,5,Serpentine,15,440,256
HC,230,421,5,Serpentine,15,440,256
HC,230,422,5,Serpentine,15,440,256
HC,230,423,5,Serpentine,15,440,256
HC,230,424,5,Serpentine,15,440,256
HC,230,425,5,Serpentine,15,440,256
HC,230,426,5,Serpentine,15,440,256
HC,230,427,5,Serpentine,15,440,256
HC,230,428,5,Serpentine,15,440,256
HC,230,445,5,Serpentine,15,440,256
HC,230,446,5,Serpentine,15,440,256
HC,230,447,5,Serpentine,15,440,256
HC,230,448,5,Serpentine,15,440,256
HC,230,449,5,Serpentine,15,440,256
HC,230,450,5,Serpentine,15,440,256
HC,230,451,5,Serpentine,15,440,256
HC,230,452,5,Serpentine,15,440,256
HC,230,453,5,Serpentine,15,440,256
HC,230,454,5,Serpentine,15,440,256
HC,230,455,5,Serpentine,15,440,256
HC,230,456,5,Serpentine,15,440,256
HC,230,457,5,Serpentine,15,440,256
HC,230,458,5,Serpentine,15,440,256
HC,230,459,5,Serpentine,15,440,256
HC,230,460,5,Serpentine,15,440,256
HC,230,461,5,Serpentine,15,440,256
HC,230,462,5,Serpentine,15,440,256
HC,230,463,5,Serpentine,15,440,256
HC,230,464,5,Serpentine,15,440,256
HC,230,465,5,Serpentine,15,440,256
HC,230,466,5,Serpentine,15,440,256
HC,230,467,5,Serpentine,15,440,256
HC,230,468,5,Serpentine,15,440,256
HC,230,469,5,Serpentine,15,440,256
HC,230,470,5,Serpentine,15,440,256
HC,230,471,5,Serpentine,15,440,256
HC,230,472,5,Serpentine,15,440,256
HC,230,473,5,Serpentine,15,440,256
HC,230,474,5,Serpentine,15,440,256
HC,230,475,5,Serpentine,15,440,256
HC,230,476,5,Serpentine,15,440,256
HC,230,477,5,Serpentine,15,440,256
HC,230,478,5,Serpentine,15,440,256
HC,230,479,5,Serpentine,15,440,256
HC,230,480,5,Serpentine,15,440,256
HC,230,481,5,Serpentine,15,440,256
HC,230,496,4,High-Ca Pyroxene,6,440,256
HC,230,497,4,High-Ca Pyroxene,6,440,256
HC,230,498,4,High-Ca Pyroxene,6,440,256
HC,230,499,4,High-Ca Pyroxene,6,440,256
HC,230,500,4,High-Ca Pyroxene,6,440,256
HC,230,501,4,High-Ca Pyroxene,6,440,256
HC,230,502,4,High-Ca Pyroxene,6,440,256
HC,230,503,4,High-Ca Pyroxene,6,440,256
HC,230,504,4,High-Ca Pyroxene,6,440,256
HC,230,505,4,High-Ca Pyroxene,6,440,256
HC,230,506,4,High-Ca Pyroxene,6,440,256
HC,230,558,4,High-Ca Pyroxene,6,440,256
HC,230,559,4,High-Ca Pyroxene,6,440,256
HC,230,560,4,High-Ca Pyroxene,6,440,256
HC,230,561,4,High-Ca Pyroxene,6,440,256
HC,230,562,4,High-Ca Pyroxene,6,440,256
HC,230,563,4,High-Ca Pyroxene,6,440,256
HC,230,564,4,High-Ca Pyroxene,6,440,256
HC,230,565,4,High-Ca Pyroxene,6,440,256
HC,230,566,4,High-Ca Pyroxene,6,440,256
HC,230,567,4,High-Ca Pyroxene,6,440,256
HC,230,568,4,High-Ca Pyroxene,6,440,256
HC,231,59,3,Prehnite,14,440,256
HC,231,60,3,Prehnite,14,440,256
HC,231,61,3,Prehnite,14,440,256
HC,231,62,3,Prehnite,14,440,256
HC,231,63,3,Prehnite,14,440,256
HC,231,64,3,Prehnite,14,440,256
HC,231,65,3,Prehnite,14,440,256
HC,231,66,3,Prehnite,14,440,256
HC,231,67,3,Prehnite,14,440,256
HC,231,68,3,Prehnite,14,440,256
HC,231,69,3,Prehnite,14,440,256
HC,231,70,3,Prehnite,14,440,256
HC,231,71,3,Prehnite,14,440,256
HC,231,72,3,Prehnite,14,440,256
HC,231,205,4,High-Ca Pyroxene,6,440,256
HC,231,206,4,High-Ca Pyroxene,6,440,256
HC,231,207,4,High-Ca Pyroxene,6,440,256
HC,231,208,4,High-Ca Pyroxene,6,440,256
HC,231,209,4,High-Ca Pyroxene,6,440,256
HC,231,210,4,High-Ca Pyroxene,6,440,256
HC,231,211,4,High-Ca Pyroxene,6,440,256
HC,231,212,4,High-Ca Pyroxene,6,440,256
HC,231,419,5,Serpentine,15,440,256
HC,231,420,5,Serpentine,15,440,256
HC,231,421,5,Serpentine,15,440,256
HC,231,422,5,Serpentine,15,440,256
HC,231,423,5,Serpentine,15,440,256
HC,231,424,5,Serpentine,15,440,256
HC,231,425,5,Serpentine,15,440,256
HC,231,426,5,Serpentine,15,440,256
HC,231,427,5,Serpentine,15,440,256
HC,231,445,5,Serpentine,15,440,256
HC,231,446,5,Serpentine,15,440,256
HC,231,447,5,Serpentine,15,440,256
HC,231,448,5,Serpentine,15,440,256
HC,231,449,5,Serpentine,15,440,256
HC,231,450,5,Serpentine,15,440,256
HC,231,451,5,Serpentine,15,440,256
HC,231,452,5,Serpentine,15,440,256
HC,231,453,5,Serpentine,15,440,256
HC,231,454,5,Serpentine,15,440,256
HC,231,455,5,Serpentine,15,440,256
HC,231,456,5,Serpentine,15,440,256
HC,231,457,5,Serpentine,15,440,256
HC,231,458,5,Serpentine,15,440,256
HC,231,459,5,Serpentine,15,440,256
HC,231,460,5,Serpentine,15,440,256
HC,231,461,5,Serpentine,15,440,256
HC,231,462,5,Serpentine,15,440,256
HC,231,463,5,Serpentine,15,440,256
HC,231,464,5,Serpentine,15,440,256
HC,231,465,5,Serpentine,15,440,256
HC,231,466,5,Serpentine,15,440,256
HC,231,467,5,Serpentine,15,440,256
HC,231,468,5,Serpentine,15,440,256
HC,231,469,5,Serpentine,15,440,256
HC,231,470,5,Serpentine,15,440,256
HC,231,471,5,Serpentine,15,440,256
HC,231,472,5,Serpentine,15,440,256
HC,231,473,5,Serpentine,15,440,256
HC,231,474,5,Serpentine,15,440,256
HC,231,475,5,Serpentine,15,440,256
HC,231,476,5,Serpentine,15,440,256
HC,231,477,5,Serpentine,15,440,256
HC,231,478,5,Serpentine,15,440,256
HC,231,479,5,Serpentine,15,440,256
HC,231,493,4,High-Ca Pyroxene,6,440,256
HC,231,494,4,High-Ca Pyroxene,6,440,256
HC,231,495,4,High-Ca Pyroxene,6,440,256
HC,231,496,4,High-Ca Pyroxene,6,440,256
HC,231,497,4,High-Ca Pyroxene,6,440,256
HC,231,498,4,High-Ca Pyroxene,6,440,256
HC,231,499,4,High-Ca Pyroxene,6,440,256
HC,231,500,4,High-Ca Pyroxene,6,440,256
HC,231,501,4,High-Ca Pyroxene,6,440,256
HC,231,502,4,High-Ca Pyroxene,6,440,256
HC,231,503,4,High-Ca Pyroxene,6,440,256
HC,231,504,4,High-Ca Pyroxene,6,440,256
HC,231,505,4,High-Ca Pyroxene,6,440,256
HC,231,506,4,High-Ca Pyroxene,6,440,256
HC,231,507,4,High-Ca Pyroxene,6,440,256
HC,231,508,4,High-Ca Pyroxene,6,440,256
HC,231,509,4,High-Ca Pyroxene,6,440,256
HC,231,510,4,High-Ca Pyroxene,6,440,256
HC,231,511,4,High-Ca Pyroxene,6,440,256
HC,231,515,4,High-Ca Pyroxene,6,440,256
HC,231,516,4,High-Ca Pyroxene,6,440,256
HC,231,517,4,High-Ca Pyroxene,6,440,256
HC,231,518,4,High-Ca Pyroxene,6,440,256
HC,231,557,4,High-Ca Pyroxene,6,440,256
HC,231,558,4,High-Ca Pyroxene,6,440,256
HC,231,559,4,High-Ca Pyroxene,6,440,256
HC,231,560,4,High-Ca Pyroxene,6,440,256
HC,231,561,4,High-Ca Pyroxene,6,440,256
HC,231,562,4,High-Ca Pyroxene,6,440,256
HC,231,563,4,High-Ca Pyroxene,6,440,256
HC,231,564,4,High-Ca Pyroxene,6,440,256
HC,231,565,4,High-Ca Pyroxene,6,440,256
HC,231,566,4,High-Ca Pyroxene,6,440,256
HC,232,64,3,Prehnite,14,440,256
HC,232,65,3,Prehnite,14,440,256
HC,232,66,3,Prehnite,14,440,256
HC,232,67,3,Prehnite,14,440,256
HC,232,68,3,Prehnite,14,440,256
HC,232,69,3,Prehnite,14,440,256
HC,232,70,3,Prehnite,14,440,256
HC,232,71,3,Prehnite,14,440,256
HC,232,206,4,High-Ca Pyroxene,6,440,256
HC,232,207,4,High-Ca Pyroxene,6,440,256
HC,232,208,4,High-Ca Pyroxene,6,440,256
HC,232,209,4,High-Ca Pyroxene,6,440,256
HC,232,210,4,High-Ca Pyroxene,6,440,256
HC,232,211,4,High-Ca Pyroxene,6,440,256
HC,232,212,4,High-Ca Pyroxene,6,440,256
HC,232,419,5,Serpentine,15,440,256
HC,232,420,5,Serpentine,15,440,256
HC,232,421,5,Serpentine,15,440,256
HC,232,422,5,Serpentine,15,440,256
HC,232,423,5,Serpentine,15,440,256
HC,232,424,5,Serpentine,15,440,256
HC,232,425,5,Serpentine,15,440,256
HC,232,426,5,Serpentine,15,440,256
HC,232,427,5,Serpentine,15,440,256
HC,232,445,5,Serpentine,15,440,256
HC,232,446,5,Serpentine,15,440,256
HC,232,447,5,Serpentine,15,440,256
HC,232,448,5,Serpentine,15,440,256
HC,232,449,5,Serpentine,15,440,256
HC,232,450,5,Serpentine,15,440,256
HC,232,451,5,Serpentine,15,440,256
HC,232,452,5,Serpentine,15,440,256
HC,232,453,5,Serpentine,15,440,256
HC,232,454,5,Serpentine,15,440,256
HC,232,455,5,Serpentine,15,440,256
HC,232,456,5,Serpentine,15,440,256
HC,232,457,5,Serpentine,15,440,256
HC,232,458,5,Serpentine,15,440,256
HC,232,459,5,Serpentine,15,440,256
HC,232,460,5,Serpentine,15,440,256
HC,232,461,5,Serpentine,15,440,256
HC,232,462,5,Serpentine,15,440,256
HC,232,463,5,Serpentine,15,440,256
HC,232,464,5,Serpentine,15,440,256
HC,232,465,5,Serpentine,15,440,256
HC,232,466,5,Serpentine,15,440,256
HC,232,467,5,Serpentine,15,440,256
HC,232,468,5,Serpentine,15,440,256
HC,232,469,5,Serpentine,15,440,256
HC,232,470,5,Serpentine,15,440,256
HC,232,471,5,Serpentine,15,440,256
HC,232,472,5,Serpentine,15,440,256
HC,232,473,5,Serpentine,15,440,256
HC,232,474,5,Serpentine,15,440,256
HC,232,475,5,Serpentine,15,440,256
HC,232,491,4,High-Ca Pyroxene,6,440,256
HC,232,492,4,High-Ca Pyroxene,6,440,256
HC,232,493,4,High-Ca Pyroxene,6,440,256
HC,232,494,4,High-Ca Pyroxene,6,440,256
HC,232,495,4,High-Ca Pyroxene,6,440,256
HC,232,496,4,High-Ca Pyroxene,6,440,256
HC,232,497,4,High-Ca Pyroxene,6,440,256
HC,232,498,4,High-Ca Pyroxene,6,440,256
HC,232,499,4,High-Ca Pyroxene,6,440,256
HC,232,500,4,High-Ca Pyroxene,6,440,256
HC,232,501,4,High-Ca Pyroxene,6,440,256
HC,232,502,4,High-Ca Pyroxene,6,440,256
HC,232,503,4,High-Ca Pyroxene,6,440,256
HC,232,504,4,High-Ca Pyroxene,6,440,256
HC,232,505,4,High-Ca Pyroxene,6,440,256
HC,232,506,4,High-Ca Pyroxene,6,440,256
HC,232,507,4,High-Ca Pyroxene,6,440,256
HC,232,508,4,High-Ca Pyroxene,6,440,256
HC,232,509,4,High-Ca Pyroxene,6,440,256
HC,232,510,4,High-Ca Pyroxene,6,440,256
HC,232,511,4,High-Ca Pyroxene,6,440,256
HC,232,512,4,High-Ca Pyroxene,6,440,256
HC,232,513,4,High-Ca Pyroxene,6,440,256
HC,232,514,4,High-Ca Pyroxene,6,440,256
HC,232,515,4,High-Ca Pyroxene,6,440,256
HC,232,516,4,High-Ca Pyroxene,6,440,256
HC,232,517,4,High-Ca Pyroxene,6,440,256
HC,232,518,4,High-Ca Pyroxene,6,440,256
HC,232,556,4,High-Ca Pyroxene,6,440,256
HC,232,557,4,High-Ca Pyroxene,6,440,256
HC,232,558,4,High-Ca Pyroxene,6,440,256
HC,232,559,4,High-Ca Pyroxene,6,440,256
HC,232,560,4,High-Ca Pyroxene,6,440,256
HC,232,561,4,High-Ca Pyroxene,6,440,256
HC,232,562,4,High-Ca Pyroxene,6,440,256
HC,232,563,4,High-Ca Pyroxene,6,440,256
HC,233,206,4,High-Ca Pyroxene,6,440,256
HC,233,207,4,High-Ca Pyroxene,6,440,256
HC,233,208,4,High-Ca Pyroxene,6,440,256
HC,233,209,4,High-Ca Pyroxene,6,440,256
HC,233,210,4,High-Ca Pyroxene,6,440,256
HC,233,211,4,High-Ca Pyroxene,6,440,256
HC,233,212,4,High-Ca Pyroxene,6,440,256
HC,233,421,5,Serpentine,15,440,256
HC,233,422,5,Serpentine,15,440,256
HC,233,423,5,Serpentine,15,440,256
HC,233,424,5,Serpentine,15,440,256
HC,233,425,5,Serpentine,15,440,256
HC,233,426,5,Serpentine,15,440,256
HC,233,444,5,Serpentine,15,440,256
HC,233,445,5,Serpentine,15,440,256
HC,233,446,5,Serpentine,15,440,256
HC,233,447,5,Serpentine,15,440,256
HC,233,448,5,Serpentine,15,440,256
HC,233,449,5,Serpentine,15,440,256
HC,233,450,5,Serpentine,15,440,256
HC,233,451,5,Serpentine,15,440,256
HC,233,452,5,Serpentine,15,440,256
HC,233,453,5,Serpentine,15,440,256
HC,233,454,5,Serpentine,15,440,256
HC,233,455,5,Serpentine,15,440,256
HC,233,456,5,Serpentine,15,440,256
HC,233,457,5,Serpentine,15,440,256
HC,233,458,5,Serpentine,15,440,256
HC,233,459,5,Serpentine,15,440,256
HC,233,460,5,Serpentine,15,440,256
HC,233,461,5,Serpentine,15,440,256
HC,233,462,5,Serpentine,15,440,256
HC,233,463,5,Serpentine,15,440,256
HC,233,464,5,Serpentine,15,440,256
HC,233,465,5,Serpentine,15,440,256
HC,233,466,5,Serpentine,15,440,256
HC,233,467,5,Serpentine,15,440,256
HC,233,468,5,Serpentine,15,440,256
HC,233,469,5,Serpentine,15,440,256
HC,233,470,5,Serpentine,15,440,256
HC,233,471,5,Serpentine,15,440,256
HC,233,472,5,Serpentine,15,440,256
HC,233,488,4,High-Ca Pyroxene,6,440,256
HC,233,489,4,High-Ca Pyroxene,6,440,256
HC,233,490,4,High-Ca Pyroxene,6,440,256
HC,233,491,4,High-Ca Pyroxene,6,440,256
HC,233,492,4,High-Ca Pyroxene,6,440,256
HC,233,493,4,High-Ca Pyroxene,6,440,256
HC,233,494,4,High-Ca Pyroxene,6,440,256
HC,233,495,4,High-Ca Pyroxene,6,440,256
HC,233,496,4,High-Ca Pyroxene,6,440,256
HC,233,497,4,High-Ca Pyroxene,6,440,256
HC,233,498,4,High-Ca Pyroxene,6,440,256
HC,233,499,4,High-Ca Pyroxene,6,440,256
HC,233,500,4,High-Ca Pyroxene,6,440,256
HC,233,501,4,High-Ca Pyroxene,6,440,256
HC,233,502,4,High-Ca Pyroxene,6,440,256
HC,233,503,4,High-Ca Pyroxene,6,440,256
HC,233,504,4,High-Ca Pyroxene,6,440,256
HC,233,505,4,High-Ca Pyroxene,6,440,256
HC,233,506,4,High-Ca Pyroxene,6,440,256
HC,233,507,4,High-Ca Pyroxene,6,440,256
HC,233,508,4,High-Ca Pyroxene,6,440,256
HC,233,509,4,High-Ca Pyroxene,6,440,256
HC,233,510,4,High-Ca Pyroxene,6,440,256
HC,233,511,4,High-Ca Pyroxene,6,440,256
HC,233,512,4,High-Ca Pyroxene,6,440,256
HC,233,513,4,High-Ca Pyroxene,6,440,256
HC,233,514,4,High-Ca Pyroxene,6,440,256
HC,233,515,4,High-Ca Pyroxene,6,440,256
HC,233,516,4,High-Ca Pyroxene,6,440,256
HC,233,517,4,High-Ca Pyroxene,6,440,256
HC,233,518,4,High-Ca Pyroxene,6,440,256
HC,233,555,4,High-Ca Pyroxene,6,440,256
HC,233,556,4,High-Ca Pyroxene,6,440,256
HC,233,557,4,High-Ca Pyroxene,6,440,256
HC,233,558,4,High-Ca Pyroxene,6,440,256
HC,233,559,4,High-Ca Pyroxene,6,440,256
HC,233,560,4,High-Ca Pyroxene,6,440,256
HC,233,561,4,High-Ca Pyroxene,6,440,256
HC,234,207,4,High-Ca Pyroxene,6,440,256
HC,234,208,4,High-Ca Pyroxene,6,440,256
HC,234,209,4,High-Ca Pyroxene,6,440,256
HC,234,210,4,High-Ca Pyroxene,6,440,256
HC,234,211,4,High-Ca Pyroxene,6,440,256
HC,234,421,5,Serpentine,15,440,256
HC,234,422,5,Serpentine,15,440,256
HC,234,423,5,Serpentine,15,440,256
HC,234,424,5,Serpentine,15,440,256
HC,234,444,5,Serpentine,15,440,256
HC,234,445,5,Serpentine,15,440,256
HC,234,446,5,Serpentine,15,440,256
HC,234,447,5,Serpentine,15,440,256
HC,234,448,5,Serpentine,15,440,256
HC,234,449,5,Serpentine,15,440,256
HC,234,450,5,Serpentine,15,440,256
HC,234,451,5,Serpentine,15,440,256
HC,234,452,5,Serpentine,15,440,256
HC,234,453,5,Serpentine,15,440,256
HC,234,454,5,Serpentine,15,440,256
HC,234,455,5,Serpentine,15,440,256
HC,234,456,5,Serpentine,15,440,256
HC,234,457,5,Serpentine,15,440,256
HC,234,458,5,Serpentine,15,440,256
HC,234,459,5,Serpentine,15,440,256
HC,234,460,5,Serpentine,15,440,256
HC,234,461,5,Serpentine,15,440,256
HC,234,462,5,Serpentine,15,440,256
HC,234,463,5,Serpentine,15,440,256
HC,234,464,5,Serpentine,15,440,256
HC,234,465,5,Serpentine,15,440,256
HC,234,466,5,Serpentine,15,440,256
HC,234,467,5,Serpentine,15,440,256
HC,234,468,5,Serpentine,15,440,256
HC,234,469,5,Serpentine,15,440,256
HC,234,470,5,Serpentine,15,440,256
HC,234,471,5,Serpentine,15,440,256
HC,234,488,4,High-Ca Pyroxene,6,440,256
HC,234,489,4,High-Ca Pyroxene,6,440,256
HC,234,490,4,High-Ca Pyroxene,6,440,256
HC,234,491,4,High-Ca Pyroxene,6,440,256
HC,234,492,4,High-Ca Pyroxene,6,440,256
HC,234,493,4,High-Ca Pyroxene,6,440,256
HC,234,494,4,High-Ca Pyroxene,6,440,256
HC,234,495,4,High-Ca Pyroxene,6,440,256
HC,234,496,4,High-Ca Pyroxene,6,440,256
HC,234,497,4,High-Ca Pyroxene,6,440,256
HC,234,498,4,High-Ca Pyroxene,6,440,256
HC,234,499,4,High-Ca Pyroxene,6,440,256
HC,234,500,4,High-Ca Pyroxene,6,440,256
HC,234,501,4,High-Ca Pyroxene,6,440,256
HC,234,502,4,High-Ca Pyroxene,6,440,256
HC,234,503,4,High-Ca Pyroxene,6,440,256
HC,234,504,4,High-Ca Pyroxene,6,440,256
HC,234,505,4,High-Ca Pyroxene,6,440,256
HC,234,506,4,High-Ca Pyroxene,6,440,256
HC,234,507,4,High-Ca Pyroxene,6,440,256
HC,234,508,4,High-Ca Pyroxene,6,440,256
HC,234,509,4,High-Ca Pyroxene,6,440,256
HC,234,510,4,High-Ca Pyroxene,6,440,256
HC,234,511,4,High-Ca Pyroxene,6,440,256
HC,234,512,4,High-Ca Pyroxene,6,440,256
HC,234,513,4,High-Ca Pyroxene,6,440,256
HC,234,514,4,High-Ca Pyroxene,6,440,256
HC,234,515,4,High-Ca Pyroxene,6,440,256
HC,234,516,4,High-Ca Pyroxene,6,440,256
HC,234,517,4,High-Ca Pyroxene,6,440,256
HC,234,518,4,High-Ca Pyroxene,6,440,256
HC,234,554,4,High-Ca Pyroxene,6,440,256
HC,234,555,4,High-Ca Pyroxene,6,440,256
HC,234,556,4,High-Ca Pyroxene,6,440,256
HC,234,557,4,High-Ca Pyroxene,6,440,256
HC,234,558,4,High-Ca Pyroxene,6,440,256
HC,234,559,4,High-Ca Pyroxene,6,440,256
HC,235,381,6,Margarite,9,440,256
HC,235,382,6,Margarite,9,440,256
HC,235,444,5,Serpentine,15,440,256
HC,235,445,5,Serpentine,15,440,256
HC,235,446,5,Serpentine,15,440,256
HC,235,447,5,Serpentine,15,440,256
HC,235,448,5,Serpentine,15,440,256
HC,235,449,5,Serpentine,15,440,256
HC,235,450,5,Serpentine,15,440,256
HC,235,451,5,Serpentine,15,440,256
HC,235,452,5,Serpentine,15,440,256
HC,235,453,5,Serpentine,15,440,256
HC,235,454,5,Serpentine,15,440,256
HC,235,455,5,Serpentine,15,440,256
HC,235,456,5,Serpentine,15,440,256
HC,235,457,5,Serpentine,15,440,256
HC,235,458,5,Serpentine,15,440,256
HC,235,459,5,Serpentine,15,440,256
HC,235,460,5,Serpentine,15,440,256
HC,235,461,5,Serpentine,15,440,256
HC,235,462,5,Serpentine,15,440,256
HC,235,463,5,Serpentine,15,440,256
HC,235,464,5,Serpentine,15,440,256
HC,235,465,5,Serpentine,15,440,256
HC,235,466,5,Serpentine,15,440,256
HC,235,467,5,Serpentine,15,440,256
HC,235,468,5,Serpentine,15,440,256
HC,235,487,4,High-Ca Pyroxene,6,440,256
HC,235,488,4,High-Ca Pyroxene,6,440,256
HC,235,489,4,High-Ca Pyroxene,6,440,256
HC,235,490,4,High-Ca Pyroxene,6,440,256
HC,235,491,4,High-Ca Pyroxene,6,440,256
HC,235,492,4,High-Ca Pyroxene,6,440,256
HC,235,493,4,High-Ca Pyroxene,6,440,256
HC,235,494,4,High-Ca Pyroxene,6,440,256
HC,235,495,4,High-Ca Pyroxene,6,440,256
HC,235,496,4,High-Ca Pyroxene,6,440,256
HC,235,497,4,High-Ca Pyroxene,6,440,256
HC,235,498,4,High-Ca Pyroxene,6,440,256
HC,235,499,4,High-Ca Pyroxene,6,440,256
HC,235,500,4,High-Ca Pyroxene,6,440,256
HC,235,501,4,High-Ca Pyroxene,6,440,256
HC,235,502,4,High-Ca Pyroxene,6,440,256
HC,235,503,4,High-Ca Pyroxene,6,440,256
HC,235,504,4,High-Ca Pyroxene,6,440,256
HC,235,505,4,High-Ca Pyroxene,6,440,256
HC,235,506,4,High-Ca Pyroxene,6,440,256
HC,235,507,4,High-Ca Pyroxene,6,440,256
HC,235,508,4,High-Ca Pyroxene,6,440,256
HC,235,509,4,High-Ca Pyroxene,6,440,256
HC,235,510,4,High-Ca Pyroxene,6,440,256
HC,235,511,4,High-Ca Pyroxene,6,440,256
HC,235,512,4,High-Ca Pyroxene,6,440,256
HC,235,513,4,High-Ca Pyroxene,6,440,256
HC,235,514,4,High-Ca Pyroxene,6,440,256
HC,235,515,4,High-Ca Pyroxene,6,440,256
HC,235,516,4,High-Ca Pyroxene,6,440,256
HC,235,517,4,High-Ca Pyroxene,6,440,256
HC,235,518,4,High-Ca Pyroxene,6,440,256
HC,235,519,4,High-Ca Pyroxene,6,440,256
HC,235,552,4,High-Ca Pyroxene,6,440,256
HC,235,553,4,High-Ca Pyroxene,6,440,256
HC,235,554,4,High-Ca Pyroxene,6,440,256
HC,235,555,4,High-Ca Pyroxene,6,440,256
HC,235,556,4,High-Ca Pyroxene,6,440,256
HC,235,557,4,High-Ca Pyroxene,6,440,256
HC,235,558,4,High-Ca Pyroxene,6,440,256
HC,236,381,6,Margarite,9,440,256
HC,236,382,6,Margarite,9,440,256
HC,236,444,5,Serpentine,15,440,256
HC,236,445,5,Serpentine,15,440,256
HC,236,446,5,Serpentine,15,440,256
HC,236,447,5,Serpentine,15,440,256
HC,236,448,5,Serpentine,15,440,256
HC,236,449,5,Serpentine,15,440,256
HC,236,450,5,Serpentine,15,440,256
HC,236,451,5,Serpentine,15,440,256
HC,236,452,5,Serpentine,15,440,256
HC,236,453,5,Serpentine,15,440,256
HC,236,454,5,Serpentine,15,440,256
HC,236,455,5,Serpentine,15,440,256
HC,236,456,5,Serpentine,15,440,256
HC,236,457,5,Serpentine,15,440,256
HC,236,458,5,Serpentine,15,440,256
HC,236,459,5,Serpentine,15,440,256
HC,236,460,5,Serpentine,15,440,256
HC,236,461,5,Serpentine,15,440,256
HC,236,462,5,Serpentine,15,440,256
HC,236,463,5,Serpentine,15,440,256
HC,236,464,5,Serpentine,15,440,256
HC,236,465,5,Serpentine,15,440,256
HC,236,466,5,Serpentine,15,440,256
HC,236,486,4,High-Ca Pyroxene,6,440,256
HC,236,487,4,High-Ca Pyroxene,6,440,256
HC,236,488,4,High-Ca Pyroxene,6,440,256
HC,236,489,4,High-Ca Pyroxene,6,440,256
HC,236,490,4,High-Ca Pyroxene,6,440,256
HC,236,491,4,High-Ca Pyroxene,6,440,256
HC,236,492,4,High-Ca Pyroxene,6,440,256
HC,236,493,4,High-Ca Pyroxene,6,440,256
HC,236,494,4,High-Ca Pyroxene,6,440,256
HC,236,495,4,High-Ca Pyroxene,6,440,256
HC,236,496,4,High-Ca Pyroxene,6,440,256
HC,236,497,4,High-Ca Pyroxene,6,440,256
HC,236,498,4,High-Ca Pyroxene,6,440,256
HC,236,499,4,High-Ca Pyroxene,6,440,256
HC,236,500,4,High-Ca Pyroxene,6,440,256
HC,236,501,4,High-Ca Pyroxene,6,440,256
HC,236,502,4,High-Ca Pyroxene,6,440,256
HC,236,503,4,High-Ca Pyroxene,6,440,256
HC,236,504,4,High-Ca Pyroxene,6,440,256
HC,236,505,4,High-Ca Pyroxene,6,440,256
HC,236,506,4,High-Ca Pyroxene,6,440,256
HC,236,507,4,High-Ca Pyroxene,6,440,256
HC,236,508,4,High-Ca Pyroxene,6,440,256
HC,236,509,4,High-Ca Pyroxene,6,440,256
HC,236,510,4,High-Ca Pyroxene,6,440,256
HC,236,511,4,High-Ca Pyroxene,6,440,256
HC,236,512,4,High-Ca Pyroxene,6,440,256
HC,236,513,4,High-Ca Pyroxene,6,440,256
HC,236,514,4,High-Ca Pyroxene,6,440,256
HC,236,515,4,High-Ca Pyroxene,6,440,256
HC,236,516,4,High-Ca Pyroxene,6,440,256
HC,236,517,4,High-Ca Pyroxene,6,440,256
HC,236,518,4,High-Ca Pyroxene,6,440,256
HC,236,519,4,High-Ca Pyroxene,6,440,256
HC,236,551,4,High-Ca Pyroxene,6,440,256
HC,236,552,4,High-Ca Pyroxene,6,440,256
HC,236,553,4,High-Ca Pyroxene,6,440,256
HC,236,554,4,High-Ca Pyroxene,6,440,256
HC,236,555,4,High-Ca Pyroxene,6,440,256
HC,236,556,4,High-Ca Pyroxene,6,440,256
HC,236,557,4,High-Ca Pyroxene,6,440,256
HC,236,558,4,High-Ca Pyroxene,6,440,256
HC,237,444,5,Serpentine,15,440,256
HC,237,445,5,Serpentine,15,440,256
HC,237,446,5,Serpentine,15,440,256
HC,237,447,5,Serpentine,15,440,256
HC,237,448,5,Serpentine,15,440,256
HC,237,449,5,Serpentine,15,440,256
HC,237,450,5,Serpentine,15,440,256
HC,237,451,5,Serpentine,15,440,256
HC,237,452,5,Serpentine,15,440,256
HC,237,453,5,Serpentine,15,440,256
HC,237,454,5,Serpentine,15,440,256
HC,237,455,5,Serpentine,15,440,256
HC,237,456,5,Serpentine,15,440,256
HC,237,457,5,Serpentine,15,440,256
HC,237,458,5,Serpentine,15,440,256
HC,237,459,5,Serpentine,15,440,256
HC,237,460,5,Serpentine,15,440,256
HC,237,461,5,Serpentine,15,440,256
HC,237,462,5,Serpentine,15,440,256
HC,237,463,5,Serpentine,15,440,256
HC,237,486,4,High-Ca Pyroxene,6,440,256
HC,237,487,4,High-Ca Pyroxene,6,440,256
HC,237,488,4,High-Ca Pyroxene,6,440,256
HC,237,489,4,High-Ca Pyroxene,6,440,256
HC,237,490,4,High-Ca Pyroxene,6,440,256
HC,237,491,4,High-Ca Pyroxene,6,440,256
HC,237,492,4,High-Ca Pyroxene,6,440,256
HC,237,493,4,High-Ca Pyroxene,6,440,256
HC,237,494,4,High-Ca Pyroxene,6,440,256
HC,237,495,4,High-Ca Pyroxene,6,440,256
HC,237,496,4,High-Ca Pyroxene,6,440,256
HC,237,497,4,High-Ca Pyroxene,6,440,256
HC,237,498,4,High-Ca Pyroxene,6,440,256
HC,237,499,4,High-Ca Pyroxene,6,440,256
HC,237,500,4,High-Ca Pyroxene,6,440,256
HC,237,501,4,High-Ca Pyroxene,6,440,256
HC,237,502,4,High-Ca Pyroxene,6,440,256
HC,237,503,4,High-Ca Pyroxene,6,440,256
HC,237,504,4,High-Ca Pyroxene,6,440,256
HC,237,505,4,High-Ca Pyroxene,6,440,256
HC,237,506,4,High-Ca Pyroxene,6,440,256
HC,237,507,4,High-Ca Pyroxene,6,440,256
HC,237,508,4,High-Ca Pyroxene,6,440,256
HC,237,509,4,High-Ca Pyroxene,6,440,256
HC,237,510,4,High-Ca Pyroxene,6,440,256
HC,237,511,4,High-Ca Pyroxene,6,440,256
HC,237,512,4,High-Ca Pyroxene,6,440,256
HC,237,513,4,High-Ca Pyroxene,6,440,256
HC,237,514,4,High-Ca Pyroxene,6,440,256
HC,237,515,4,High-Ca Pyroxene,6,440,256
HC,237,516,4,High-Ca Pyroxene,6,440,256
HC,237,517,4,High-Ca Pyroxene,6,440,256
HC,237,518,4,High-Ca Pyroxene,6,440,256
HC,237,519,4,High-Ca Pyroxene,6,440,256
HC,237,520,4,High-Ca Pyroxene,6,440,256
HC,237,551,4,High-Ca Pyroxene,6,440,256
HC,237,552,4,High-Ca Pyroxene,6,440,256
HC,237,553,4,High-Ca Pyroxene,6,440,256
HC,237,554,4,High-Ca Pyroxene,6,440,256
HC,237,555,4,High-Ca Pyroxene,6,440,256
HC,237,556,4,High-Ca Pyroxene,6,440,256
HC,237,557,4,High-Ca Pyroxene,6,440,256
HC,238,368,6,Margarite,9,440,256
HC,238,369,6,Margarite,9,440,256
HC,238,370,6,Margarite,9,440,256
HC,238,444,5,Serpentine,15,440,256
HC,238,445,5,Serpentine,15,440,256
HC,238,446,5,Serpentine,15,440,256
HC,238,447,5,Serpentine,15,440,256
HC,238,448,5,Serpentine,15,440,256
HC,238,449,5,Serpentine,15,440,256
HC,238,450,5,Serpentine,15,440,256
HC,238,451,5,Serpentine,15,440,256
HC,238,452,5,Serpentine,15,440,256
HC,238,453,5,Serpentine,15,440,256
HC,238,454,5,Serpentine,15,440,256
HC,238,455,5,Serpentine,15,440,256
HC,238,456,5,Serpentine,15,440,256
HC,238,457,5,Serpentine,15,440,256
HC,238,458,5,Serpentine,15,440,256
HC,238,459,5,Serpentine,15,440,256
HC,238,485,4,High-Ca Pyroxene,6,440,256
HC,238,486,4,High-Ca Pyroxene,6,440,256
HC,238,487,4,High-Ca Pyroxene,6,440,256
HC,238,488,4,High-Ca Pyroxene,6,440,256
HC,238,489,4,High-Ca Pyroxene,6,440,256
HC,238,490,4,High-Ca Pyroxene,6,440,256
HC,238,491,4,High-Ca Pyroxene,6,440,256
HC,238,492,4,High-Ca Pyroxene,6,440,256
HC,238,493,4,High-Ca Pyroxene,6,440,256
HC,238,494,4,High-Ca Pyroxene,6,440,256
HC,238,495,4,High-Ca Pyroxene,6,440,256
HC,238,496,4,High-Ca Pyroxene,6,440,256
HC,238,497,4,High-Ca Pyroxene,6,440,256
HC,238,498,4,High-Ca Pyroxene,6,440,256
HC,238,499,4,High-Ca Pyroxene,6,440,256
HC,238,500,4,High-Ca Pyroxene,6,440,256
HC,238,501,4,High-Ca Pyroxene,6,440,256
HC,238,502,4,High-Ca Pyroxene,6,440,256
HC,238,503,4,High-Ca Pyroxene,6,440,256
HC,238,504,4,High-Ca Pyroxene,6,440,256
HC,238,505,4,High-Ca Pyroxene,6,440,256
HC,238,506,4,High-Ca Pyroxene,6,440,256
HC,238,507,4,High-Ca Pyroxene,6,440,256
HC,238,508,4,High-Ca Pyroxene,6,440,256
HC,238,509,4,High-Ca Pyroxene,6,440,256
HC,238,510,4,High-Ca Pyroxene,6,440,256
HC,238,511,4,High-Ca Pyroxene,6,440,256
HC,238,512,4,High-Ca Pyroxene,6,440,256
HC,238,513,4,High-Ca Pyroxene,6,440,256
HC,238,514,4,High-Ca Pyroxene,6,440,256
HC,238,515,4,High-Ca Pyroxene,6,440,256
HC,238,516,4,High-Ca Pyroxene,6,440,256
HC,238,517,4,High-Ca Pyroxene,6,440,256
HC,238,518,4,High-Ca Pyroxene,6,440,256
HC,238,519,4,High-Ca Pyroxene,6,440,256
HC,238,520,4,High-Ca Pyroxene,6,440,256
HC,238,552,4,High-Ca Pyroxene,6,440,256
HC,238,553,4,High-Ca Pyroxene,6,440,256
HC,238,554,4,High-Ca Pyroxene,6,440,256
HC,238,555,4,High-Ca Pyroxene,6,440,256
HC,238,556,4,High-Ca Pyroxene,6,440,256
HC,239,367,6,Margarite,9,440,256
HC,239,368,6,Margarite,9,440,256
HC,239,369,6,Margarite,9,440,256
HC,239,370,6,Margarite,9,440,256
HC,239,394,6,Margarite,9,440,256
HC,239,395,6,Margarite,9,440,256
HC,239,396,6,Margarite,9,440,256
HC,239,444,5,Serpentine,15,440,256
HC,239,445,5,Serpentine,15,440,256
HC,239,446,5,Serpentine,15,440,256
HC,239,447,5,Serpentine,15,440,256
HC,239,448,5,Serpentine,15,440,256
HC,239,449,5,Serpentine,15,440,256
HC,239,450,5,Serpentine,15,440,256
HC,239,451,5,Serpentine,15,440,256
HC,239,452,5,Serpentine,15,440,256
HC,239,453,5,Serpentine,15,440,256
HC,239,454,5,Serpentine,15,440,256
HC,239,485,4,High-Ca Pyroxene,6,440,256
HC,239,486,4,High-Ca Pyroxene,6,440,256
HC,239,487,4,High-Ca Pyroxene,6,440,256
HC,239,488,4,High-Ca Pyroxene,6,440,256
HC,239,489,4,High-Ca Pyroxene,6,440,256
HC,239,490,4,High-Ca Pyroxene,6,440,256
HC,239,491,4,High-Ca Pyroxene,6,440,256
HC,239,492,4,High-Ca Pyroxene,6,440,256
HC,239,493,4,High-Ca Pyroxene,6,440,256
HC,239,494,4,High-Ca Pyroxene,6,440,256
HC,239,495,4,High-Ca Pyroxene,6,440,256
HC,239,496,4,High-Ca Pyroxene,6,440,256
HC,239,497,4,High-Ca Pyroxene,6,440,256
HC,239,498,4,High-Ca Pyroxene,6,440,256
HC,239,499,4,High-Ca Pyroxene,6,440,256
HC,239,500,4,High-Ca Pyroxene,6,440,256
HC,239,501,4,High-Ca Pyroxene,6,440,256
HC,239,502,4,High-Ca Pyroxene,6,440,256
HC,239,503,4,High-Ca Pyroxene,6,440,256
HC,239,504,4,High-Ca Pyroxene,6,440,256
HC,239,505,4,High-Ca Pyroxene,6,440,256
HC,239,506,4,High-Ca Pyroxene,6,440,256
HC,239,507,4,High-Ca Pyroxene,6,440,256
HC,239,508,4,High-Ca Pyroxene,6,440,256
HC,239,509,4,High-Ca Pyroxene,6,440,256
HC,239,510,4,High-Ca Pyroxene,6,440,256
HC,239,511,4,High-Ca Pyroxene,6,440,256
HC,239,512,4,High-Ca Pyroxene,6,440,256
HC,239,513,4,High-Ca Pyroxene,6,440,256
HC,239,514,4,High-Ca Pyroxene,6,440,256
HC,239,515,4,High-Ca Pyroxene,6,440,256
HC,239,516,4,High-Ca Pyroxene,6,440,256
HC,239,517,4,High-Ca Pyroxene,6,440,256
HC,239,518,4,High-Ca Pyroxene,6,440,256
HC,239,519,4,High-Ca Pyroxene,6,440,256
HC,239,520,4,High-Ca Pyroxene,6,440,256
HC,240,367,6,Margarite,9,440,256
HC,240,368,6,Margarite,9,440,256
HC,240,369,6,Margarite,9,440,256
HC,240,370,6,Margarite,9,440,256
HC,240,392,6,Margarite,9,440,256
HC,240,393,6,Margarite,9,440,256
HC,240,394,6,Margarite,9,440,256
HC,240,395,6,Margarite,9,440,256
HC,240,396,6,Margarite,9,440,256
HC,240,444,5,Serpentine,15,440,256
HC,240,445,5,Serpentine,15,440,256
HC,240,446,5,Serpentine,15,440,256
HC,240,447,5,Serpentine,15,440,256
HC,240,448,5,Serpentine,15,440,256
HC,240,449,5,Serpentine,15,440,256
HC,240,450,5,Serpentine,15,440,256
HC,240,451,5,Serpentine,15,440,256
HC,240,452,5,Serpentine,15,440,256
HC,240,485,4,High-Ca Pyroxene,6,440,256
HC,240,486,4,High-Ca Pyroxene,6,440,256
HC,240,487,4,High-Ca Pyroxene,6,440,256
HC,240,488,4,High-Ca Pyroxene,6,440,256
HC,240,489,4,High-Ca Pyroxene,6,440,256
HC,240,490,4,High-Ca Pyroxene,6,440,256
HC,240,491,4,High-Ca Pyroxene,6,440,256
HC,240,492,4,High-Ca Pyroxene,6,440,256
HC,240,493,4,High-Ca Pyroxene,6,440,256
HC,240,494,4,High-Ca Pyroxene,6,440,256
HC,240,495,4,High-Ca Pyroxene,6,440,256
HC,240,496,4,High-Ca Pyroxene,6,440,256
HC,240,497,4,High-Ca Pyroxene,6,440,256
HC,240,498,4,High-Ca Pyroxene,6,440,256
HC,240,499,4,High-Ca Pyroxene,6,440,256
HC,240,500,4,High-Ca Pyroxene,6,440,256
HC,240,501,4,High-Ca Pyroxene,6,440,256
HC,240,502,4,High-Ca Pyroxene,6,440,256
HC,240,503,4,High-Ca Pyroxene,6,440,256
HC,240,504,4,High-Ca Pyroxene,6,440,256
HC,240,505,4,High-Ca Pyroxene,6,440,256
HC,240,506,4,High-Ca Pyroxene,6,440,256
HC,240,507,4,High-Ca Pyroxene,6,440,256
HC,240,508,4,High-Ca Pyroxene,6,440,256
HC,240,509,4,High-Ca Pyroxene,6,440,256
HC,240,510,4,High-Ca Pyroxene,6,440,256
HC,240,511,4,High-Ca Pyroxene,6,440,256
HC,240,512,4,High-Ca Pyroxene,6,440,256
HC,240,513,4,High-Ca Pyroxene,6,440,256
HC,240,514,4,High-Ca Pyroxene,6,440,256
HC,240,515,4,High-Ca Pyroxene,6,440,256
HC,240,516,4,High-Ca Pyroxene,6,440,256
HC,240,517,4,High-Ca Pyroxene,6,440,256
HC,240,518,4,High-Ca Pyroxene,6,440,256
HC,240,519,4,High-Ca Pyroxene,6,440,256
HC,240,520,4,High-Ca Pyroxene,6,440,256
HC,241,367,6,Margarite,9,440,256
HC,241,368,6,Margarite,9,440,256
HC,241,369,6,Margarite,9,440,256
HC,241,370,6,Margarite,9,440,256
HC,241,391,6,Margarite,9,440,256
HC,241,392,6,Margarite,9,440,256
HC,241,393,6,Margarite,9,440,256
HC,241,394,6,Margarite,9,440,256
HC,241,395,6,Margarite,9,440,256
HC,241,444,5,Serpentine,15,440,256
HC,241,445,5,Serpentine,15,440,256
HC,241,446,5,Serpentine,15,440,256
HC,241,447,5,Serpentine,15,440,256
HC,241,448,5,Serpentine,15,440,256
HC,241,449,5,Serpentine,15,440,256
HC,241,450,5,Serpentine,15,440,256
HC,241,451,5,Serpentine,15,440,256
HC,241,452,5,Serpentine,15,440,256
HC,241,484,4,High-Ca Pyroxene,6,440,256
HC,241,485,4,High-Ca Pyroxene,6,440,256
HC,241,486,4,High-Ca Pyroxene,6,440,256
HC,241,487,4,High-Ca Pyroxene,6,440,256
HC,241,488,4,High-Ca Pyroxene,6,440,256
HC,241,489,4,High-Ca Pyroxene,6,440,256
HC,241,490,4,High-Ca Pyroxene,6,440,256
HC,241,491,4,High-Ca Pyroxene,6,440,256
HC,241,492,4,High-Ca Pyroxene,6,440,256
HC,241,493,4,High-Ca Pyroxene,6,440,256
HC,241,494,4,High-Ca Pyroxene,6,440,256
HC,241,495,4,High-Ca Pyroxene,6,440,256
HC,241,496,4,High-Ca Pyroxene,6,440,256
HC,241,497,4,High-Ca Pyroxene,6,440,256
HC,241,498,4,High-Ca Pyroxene,6,440,256
HC,241,499,4,High-Ca Pyroxene,6,440,256
HC,241,500,4,High-Ca Pyroxene,6,440,256
HC,241,501,4,High-Ca Pyroxene,6,440,256
HC,241,502,4,High-Ca Pyroxene,6,440,256
HC,241,503,4,High-Ca Pyroxene,6,440,256
HC,241,504,4,High-Ca Pyroxene,6,440,256
HC,241,505,4,High-Ca Pyroxene,6,440,256
HC,241,506,4,High-Ca Pyroxene,6,440,256
HC,241,507,4,High-Ca Pyroxene,6,440,256
HC,241,508,4,High-Ca Pyroxene,6,440,256
HC,241,509,4,High-Ca Pyroxene,6,440,256
HC,241,510,4,High-Ca Pyroxene,6,440,256
HC,241,511,4,High-Ca Pyroxene,6,440,256
HC,241,512,4,High-Ca Pyroxene,6,440,256
HC,241,513,4,High-Ca Pyroxene,6,440,256
HC,241,514,4,High-Ca Pyroxene,6,440,256
HC,241,515,4,High-Ca Pyroxene,6,440,256
HC,241,516,4,High-Ca Pyroxene,6,440,256
HC,241,517,4,High-Ca Pyroxene,6,440,256
HC,241,518,4,High-Ca Pyroxene,6,440,256
HC,241,519,4,High-Ca Pyroxene,6,440,256
HC,241,520,4,High-Ca Pyroxene,6,440,256
HC,242,368,6,Margarite,9,440,256
HC,242,369,6,Margarite,9,440,256
HC,242,370,6,Margarite,9,440,256
HC,242,391,6,Margarite,9,440,256
HC,242,392,6,Margarite,9,440,256
HC,242,393,6,Margarite,9,440,256
HC,242,394,6,Margarite,9,440,256
HC,242,444,5,Serpentine,15,440,256
HC,242,445,5,Serpentine,15,440,256
HC,242,446,5,Serpentine,15,440,256
HC,242,447,5,Serpentine,15,440,256
HC,242,448,5,Serpentine,15,440,256
HC,242,449,5,Serpentine,15,440,256
HC,242,450,5,Serpentine,15,440,256
HC,242,451,5,Serpentine,15,440,256
HC,242,484,4,High-Ca Pyroxene,6,440,256
HC,242,485,4,High-Ca Pyroxene,6,440,256
HC,242,486,4,High-Ca Pyroxene,6,440,256
HC,242,487,4,High-Ca Pyroxene,6,440,256
HC,242,488,4,High-Ca Pyroxene,6,440,256
HC,242,489,4,High-Ca Pyroxene,6,440,256
HC,242,490,4,High-Ca Pyroxene,6,440,256
HC,242,491,4,High-Ca Pyroxene,6,440,256
HC,242,492,4,High-Ca Pyroxene,6,440,256
HC,242,493,4,High-Ca Pyroxene,6,440,256
HC,242,494,4,High-Ca Pyroxene,6,440,256
HC,242,495,4,High-Ca Pyroxene,6,440,256
HC,242,496,4,High-Ca Pyroxene,6,440,256
HC,242,497,4,High-Ca Pyroxene,6,440,256
HC,242,498,4,High-Ca Pyroxene,6,440,256
HC,242,499,4,High-Ca Pyroxene,6,440,256
HC,242,500,4,High-Ca Pyroxene,6,440,256
HC,242,501,4,High-Ca Pyroxene,6,440,256
HC,242,502,4,High-Ca Pyroxene,6,440,256
HC,242,503,4,High-Ca Pyroxene,6,440,256
HC,242,504,4,High-Ca Pyroxene,6,440,256
HC,242,505,4,High-Ca Pyroxene,6,440,256
HC,242,506,4,High-Ca Pyroxene,6,440,256
HC,242,507,4,High-Ca Pyroxene,6,440,256
HC,242,508,4,High-Ca Pyroxene,6,440,256
HC,242,509,4,High-Ca Pyroxene,6,440,256
HC,242,510,4,High-Ca Pyroxene,6,440,256
HC,242,511,4,High-Ca Pyroxene,6,440,256
HC,242,512,4,High-Ca Pyroxene,6,440,256
HC,242,513,4,High-Ca Pyroxene,6,440,256
HC,242,514,4,High-Ca Pyroxene,6,440,256
HC,242,515,4,High-Ca Pyroxene,6,440,256
HC,242,516,4,High-Ca Pyroxene,6,440,256
HC,242,517,4,High-Ca Pyroxene,6,440,256
HC,242,518,4,High-Ca Pyroxene,6,440,256
HC,242,519,4,High-Ca Pyroxene,6,440,256
HC,243,275,6,Margarite,9,440,256
HC,243,276,6,Margarite,9,440,256
HC,243,391,6,Margarite,9,440,256
HC,243,392,6,Margarite,9,440,256
HC,243,393,6,Margarite,9,440,256
HC,243,445,5,Serpentine,15,440,256
HC,243,446,5,Serpentine,15,440,256
HC,243,447,5,Serpentine,15,440,256
HC,243,448,5,Serpentine,15,440,256
HC,243,449,5,Serpentine,15,440,256
HC,243,450,5,Serpentine,15,440,256
HC,243,484,4,High-Ca Pyroxene,6,440,256
HC,243,485,4,High-Ca Pyroxene,6,440,256
HC,243,486,4,High-Ca Pyroxene,6,440,256
HC,243,487,4,High-Ca Pyroxene,6,440,256
HC,243,488,4,High-Ca Pyroxene,6,440,256
HC,243,489,4,High-Ca Pyroxene,6,440,256
HC,243,490,4,High-Ca Pyroxene,6,440,256
HC,243,491,4,High-Ca Pyroxene,6,440,256
HC,243,492,4,High-Ca Pyroxene,6,440,256
HC,243,493,4,High-Ca Pyroxene,6,440,256
HC,243,494,4,High-Ca Pyroxene,6,440,256
HC,243,495,4,High-Ca Pyroxene,6,440,256
HC,243,496,4,High-Ca Pyroxene,6,440,256
HC,243,497,4,High-Ca Pyroxene,6,440,256
HC,243,498,4,High-Ca Pyroxene,6,440,256
HC,243,499,4,High-Ca Pyroxene,6,440,256
HC,243,500,4,High-Ca Pyroxene,6,440,256
HC,243,501,4,High-Ca Pyroxene,6,440,256
HC,243,502,4,High-Ca Pyroxene,6,440,256
HC,243,503,4,High-Ca Pyroxene,6,440,256
HC,243,504,4,High-Ca Pyroxene,6,440,256
HC,243,505,4,High-Ca Pyroxene,6,440,256
HC,243,506,4,High-Ca Pyroxene,6,440,256
HC,243,507,4,High-Ca Pyroxene,6,440,256
HC,243,508,4,High-Ca Pyroxene,6,440,256
HC,243,509,4,High-Ca Pyroxene,6,440,256
HC,243,510,4,High-Ca Pyroxene,6,440,256
HC,243,511,4,High-Ca Pyroxene,6,440,256
HC,243,512,4,High-Ca Pyroxene,6,440,256
HC,243,513,4,High-Ca Pyroxene,6,440,256
HC,243,514,4,High-Ca Pyroxene,6,440,256
HC,243,515,4,High-Ca Pyroxene,6,440,256
HC,243,516,4,High-Ca Pyroxene,6,440,256
HC,243,517,4,High-Ca Pyroxene,6,440,256
HC,243,518,4,High-Ca Pyroxene,6,440,256
HC,243,519,4,High-Ca Pyroxene,6,440,256
HC,244,275,6,Margarite,9,440,256
HC,244,276,6,Margarite,9,440,256
HC,244,446,5,Serpentine,15,440,256
HC,244,447,5,Serpentine,15,440,256
HC,244,448,5,Serpentine,15,440,256
HC,244,449,5,Serpentine,15,440,256
HC,244,484,4,High-Ca Pyroxene,6,440,256
HC,244,485,4,High-Ca Pyroxene,6,440,256
HC,244,486,4,High-Ca Pyroxene,6,440,256
HC,244,487,4,High-Ca Pyroxene,6,440,256
HC,244,488,4,High-Ca Pyroxene,6,440,256
HC,244,489,4,High-Ca Pyroxene,6,440,256
HC,244,490,4,High-Ca Pyroxene,6,440,256
HC,244,491,4,High-Ca Pyroxene,6,440,256
HC,244,492,4,High-Ca Pyroxene,6,440,256
HC,244,493,4,High-Ca Pyroxene,6,440,256
HC,244,494,4,High-Ca Pyroxene,6,440,256
HC,244,495,4,High-Ca Pyroxene,6,440,256
HC,244,496,4,High-Ca Pyroxene,6,440,256
HC,244,497,4,High-Ca Pyroxene,6,440,256
HC,244,498,4,High-Ca Pyroxene,6,440,256
HC,244,499,4,High-Ca Pyroxene,6,440,256
HC,244,500,4,High-Ca Pyroxene,6,440,256
HC,244,501,4,High-Ca Pyroxene,6,440,256
HC,244,502,4,High-Ca Pyroxene,6,440,256
HC,244,503,4,High-Ca Pyroxene,6,440,256
HC,244,504,4,High-Ca Pyroxene,6,440,256
HC,244,505,4,High-Ca Pyroxene,6,440,256
HC,244,506,4,High-Ca Pyroxene,6,440,256
HC,244,507,4,High-Ca Pyroxene,6,440,256
HC,244,508,4,High-Ca Pyroxene,6,440,256
HC,244,509,4,High-Ca Pyroxene,6,440,256
HC,244,510,4,High-Ca Pyroxene,6,440,256
HC,244,511,4,High-Ca Pyroxene,6,440,256
HC,244,512,4,High-Ca Pyroxene,6,440,256
HC,244,513,4,High-Ca Pyroxene,6,440,256
HC,244,514,4,High-Ca Pyroxene,6,440,256
HC,244,515,4,High-Ca Pyroxene,6,440,256
HC,244,516,4,High-Ca Pyroxene,6,440,256
HC,244,517,4,High-Ca Pyroxene,6,440,256
HC,244,518,4,High-Ca Pyroxene,6,440,256
HC,244,519,4,High-Ca Pyroxene,6,440,256
HC,245,484,4,High-Ca Pyroxene,6,440,256
HC,245,485,4,High-Ca Pyroxene,6,440,256
HC,245,486,4,High-Ca Pyroxene,6,440,256
HC,245,487,4,High-Ca Pyroxene,6,440,256
HC,245,488,4,High-Ca Pyroxene,6,440,256
HC,245,489,4,High-Ca Pyroxene,6,440,256
HC,245,490,4,High-Ca Pyroxene,6,440,256
HC,245,491,4,High-Ca Pyroxene,6,440,256
HC,245,492,4,High-Ca Pyroxene,6,440,256
HC,245,493,4,High-Ca Pyroxene,6,440,256
HC,245,494,4,High-Ca Pyroxene,6,440,256
HC,245,495,4,High-Ca Pyroxene,6,440,256
HC,245,496,4,High-Ca Pyroxene,6,440,256
HC,245,497,4,High-Ca Pyroxene,6,440,256
HC,245,498,4,High-Ca Pyroxene,6,440,256
HC,245,499,4,High-Ca Pyroxene,6,440,256
HC,245,500,4,High-Ca Pyroxene,6,440,256
HC,245,501,4,High-Ca Pyroxene,6,440,256
HC,245,502,4,High-Ca Pyroxene,6,440,256
HC,245,503,4,High-Ca Pyroxene,6,440,256
HC,245,504,4,High-Ca Pyroxene,6,440,256
HC,245,505,4,High-Ca Pyroxene,6,440,256
HC,245,506,4,High-Ca Pyroxene,6,440,256
HC,245,507,4,High-Ca Pyroxene,6,440,256
HC,245,508,4,High-Ca Pyroxene,6,440,256
HC,245,509,4,High-Ca Pyroxene,6,440,256
HC,245,510,4,High-Ca Pyroxene,6,440,256
HC,245,511,4,High-Ca Pyroxene,6,440,256
HC,245,512,4,High-Ca Pyroxene,6,440,256
HC,245,513,4,High-Ca Pyroxene,6,440,256
HC,245,514,4,High-Ca Pyroxene,6,440,256
HC,245,515,4,High-Ca Pyroxene,6,440,256
HC,245,516,4,High-Ca Pyroxene,6,440,256
HC,245,517,4,High-Ca Pyroxene,6,440,256
HC,245,518,4,High-Ca Pyroxene,6,440,256
HC,245,519,4,High-Ca Pyroxene,6,440,256
HC,246,484,4,High-Ca Pyroxene,6,440,256
HC,246,485,4,High-Ca Pyroxene,6,440,256
HC,246,486,4,High-Ca Pyroxene,6,440,256
HC,246,487,4,High-Ca Pyroxene,6,440,256
HC,246,488,4,High-Ca Pyroxene,6,440,256
HC,246,489,4,High-Ca Pyroxene,6,440,256
HC,246,490,4,High-Ca Pyroxene,6,440,256
HC,246,491,4,High-Ca Pyroxene,6,440,256
HC,246,492,4,High-Ca Pyroxene,6,440,256
HC,246,493,4,High-Ca Pyroxene,6,440,256
HC,246,494,4,High-Ca Pyroxene,6,440,256
HC,246,495,4,High-Ca Pyroxene,6,440,256
HC,246,496,4,High-Ca Pyroxene,6,440,256
HC,246,497,4,High-Ca Pyroxene,6,440,256
HC,246,498,4,High-Ca Pyroxene,6,440,256
HC,246,499,4,High-Ca Pyroxene,6,440,256
HC,246,500,4,High-Ca Pyroxene,6,440,256
HC,246,501,4,High-Ca Pyroxene,6,440,256
HC,246,502,4,High-Ca Pyroxene,6,440,256
HC,246,503,4,High-Ca Pyroxene,6,440,256
HC,246,504,4,High-Ca Pyroxene,6,440,256
HC,246,505,4,High-Ca Pyroxene,6,440,256
HC,246,506,4,High-Ca Pyroxene,6,440,256
HC,246,507,4,High-Ca Pyroxene,6,440,256
HC,246,508,4,High-Ca Pyroxene,6,440,256
HC,246,509,4,High-Ca Pyroxene,6,440,256
HC,246,510,4,High-Ca Pyroxene,6,440,256
HC,246,511,4,High-Ca Pyroxene,6,440,256
HC,246,512,4,High-Ca Pyroxene,6,440,256
HC,246,513,4,High-Ca Pyroxene,6,440,256
HC,246,514,4,High-Ca Pyroxene,6,440,256
HC,246,515,4,High-Ca Pyroxene,6,440,256
HC,246,516,4,High-Ca Pyroxene,6,440,256
HC,246,517,4,High-Ca Pyroxene,6,440,256
HC,246,518,4,High-Ca Pyroxene,6,440,256
HC,247,484,4,High-Ca Pyroxene,6,440,256
HC,247,485,4,High-Ca Pyroxene,6,440,256
HC,247,486,4,High-Ca Pyroxene,6,440,256
HC,247,487,4,High-Ca Pyroxene,6,440,256
HC,247,488,4,High-Ca Pyroxene,6,440,256
HC,247,489,4,High-Ca Pyroxene,6,440,256
HC,247,490,4,High-Ca Pyroxene,6,440,256
HC,247,491,4,High-Ca Pyroxene,6,440,256
HC,247,492,4,High-Ca Pyroxene,6,440,256
HC,247,493,4,High-Ca Pyroxene,6,440,256
HC,247,494,4,High-Ca Pyroxene,6,440,256
HC,247,495,4,High-Ca Pyroxene,6,440,256
HC,247,496,4,High-Ca Pyroxene,6,440,256
HC,247,497,4,High-Ca Pyroxene,6,440,256
HC,247,498,4,High-Ca Pyroxene,6,440,256
HC,247,499,4,High-Ca Pyroxene,6,440,256
HC,247,500,4,High-Ca Pyroxene,6,440,256
HC,247,501,4,High-Ca Pyroxene,6,440,256
HC,247,502,4,High-Ca Pyroxene,6,440,256
HC,247,503,4,High-Ca Pyroxene,6,440,256
HC,247,504,4,High-Ca Pyroxene,6,440,256
HC,247,505,4,High-Ca Pyroxene,6,440,256
HC,247,506,4,High-Ca Pyroxene,6,440,256
HC,247,507,4,High-Ca Pyroxene,6,440,256
HC,247,508,4,High-Ca Pyroxene,6,440,256
HC,247,509,4,High-Ca Pyroxene,6,440,256
HC,247,510,4,High-Ca Pyroxene,6,440,256
HC,247,511,4,High-Ca Pyroxene,6,440,256
HC,247,512,4,High-Ca Pyroxene,6,440,256
HC,247,513,4,High-Ca Pyroxene,6,440,256
HC,247,514,4,High-Ca Pyroxene,6,440,256
HC,247,515,4,High-Ca Pyroxene,6,440,256
HC,247,516,4,High-Ca Pyroxene,6,440,256
HC,247,517,4,High-Ca Pyroxene,6,440,256
HC,247,518,4,High-Ca Pyroxene,6,440,256
HC,248,484,4,High-Ca Pyroxene,6,440,256
HC,248,485,4,High-Ca Pyroxene,6,440,256
HC,248,486,4,High-Ca Pyroxene,6,440,256
HC,248,487,4,High-Ca Pyroxene,6,440,256
HC,248,488,4,High-Ca Pyroxene,6,440,256
HC,248,489,4,High-Ca Pyroxene,6,440,256
HC,248,490,4,High-Ca Pyroxene,6,440,256
HC,248,491,4,High-Ca Pyroxene,6,440,256
HC,248,492,4,High-Ca Pyroxene,6,440,256
HC,248,493,4,High-Ca Pyroxene,6,440,256
HC,248,494,4,High-Ca Pyroxene,6,440,256
HC,248,495,4,High-Ca Pyroxene,6,440,256
HC,248,496,4,High-Ca Pyroxene,6,440,256
HC,248,497,4,High-Ca Pyroxene,6,440,256
HC,248,498,4,High-Ca Pyroxene,6,440,256
HC,248,499,4,High-Ca Pyroxene,6,440,256
HC,248,500,4,High-Ca Pyroxene,6,440,256
HC,248,501,4,High-Ca Pyroxene,6,440,256
HC,248,502,4,High-Ca Pyroxene,6,440,256
HC,248,503,4,High-Ca Pyroxene,6,440,256
HC,248,504,4,High-Ca Pyroxene,6,440,256
HC,248,505,4,High-Ca Pyroxene,6,440,256
HC,248,506,4,High-Ca Pyroxene,6,440,256
HC,248,507,4,High-Ca Pyroxene,6,440,256
HC,248,508,4,High-Ca Pyroxene,6,440,256
HC,248,509,4,High-Ca Pyroxene,6,440,256
HC,248,510,4,High-Ca Pyroxene,6,440,256
HC,248,511,4,High-Ca Pyroxene,6,440,256
HC,248,512,4,High-Ca Pyroxene,6,440,256
HC,248,513,4,High-Ca Pyroxene,6,440,256
HC,248,514,4,High-Ca Pyroxene,6,440,256
HC,248,515,4,High-Ca Pyroxene,6,440,256
HC,248,516,4,High-Ca Pyroxene,6,440,256
HC,248,517,4,High-Ca Pyroxene,6,440,256
HC,248,518,4,High-Ca Pyroxene,6,440,256
HC,249,484,4,High-Ca Pyroxene,6,440,256
HC,249,485,4,High-Ca Pyroxene,6,440,256
HC,249,486,4,High-Ca Pyroxene,6,440,256
HC,249,487,4,High-Ca Pyroxene,6,440,256
HC,249,488,4,High-Ca Pyroxene,6,440,256
HC,249,489,4,High-Ca Pyroxene,6,440,256
HC,249,490,4,High-Ca Pyroxene,6,440,256
HC,249,491,4,High-Ca Pyroxene,6,440,256
HC,249,492,4,High-Ca Pyroxene,6,440,256
HC,249,493,4,High-Ca Pyroxene,6,440,256
HC,249,494,4,High-Ca Pyroxene,6,440,256
HC,249,495,4,High-Ca Pyroxene,6,440,256
HC,249,496,4,High-Ca Pyroxene,6,440,256
HC,249,497,4,High-Ca Pyroxene,6,440,256
HC,249,498,4,High-Ca Pyroxene,6,440,256
HC,249,499,4,High-Ca Pyroxene,6,440,256
HC,249,500,4,High-Ca Pyroxene,6,440,256
HC,249,501,4,High-Ca Pyroxene,6,440,256
HC,249,502,4,High-Ca Pyroxene,6,440,256
HC,249,503,4,High-Ca Pyroxene,6,440,256
HC,249,504,4,High-Ca Pyroxene,6,440,256
HC,249,505,4,High-Ca Pyroxene,6,440,256
HC,249,506,4,High-Ca Pyroxene,6,440,256
HC,249,507,4,High-Ca Pyroxene,6,440,256
HC,249,508,4,High-Ca Pyroxene,6,440,256
HC,249,509,4,High-Ca Pyroxene,6,440,256
HC,249,510,4,High-Ca Pyroxene,6,440,256
HC,249,511,4,High-Ca Pyroxene,6,440,256
HC,249,512,4,High-Ca Pyroxene,6,440,256
HC,249,513,4,High-Ca Pyroxene,6,440,256
HC,249,514,4,High-Ca Pyroxene,6,440,256
HC,249,515,4,High-Ca Pyroxene,6,440,256
HC,249,516,4,High-Ca Pyroxene,6,440,256
HC,249,517,4,High-Ca Pyroxene,6,440,256
HC,250,484,4,High-Ca Pyroxene,6,440,256
HC,250,485,4,High-Ca Pyroxene,6,440,256
HC,250,486,4,High-Ca Pyroxene,6,440,256
HC,250,487,4,High-Ca Pyroxene,6,440,256
HC,250,488,4,High-Ca Pyroxene,6,440,256
HC,250,489,4,High-Ca Pyroxene,6,440,256
HC,250,490,4,High-Ca Pyroxene,6,440,256
HC,250,491,4,High-Ca Pyroxene,6,440,256
HC,250,492,4,High-Ca Pyroxene,6,440,256
HC,250,493,4,High-Ca Pyroxene,6,440,256
HC,250,494,4,High-Ca Pyroxene,6,440,256
HC,250,495,4,High-Ca Pyroxene,6,440,256
HC,250,496,4,High-Ca Pyroxene,6,440,256
HC,250,497,4,High-Ca Pyroxene,6,440,256
HC,250,498,4,High-Ca Pyroxene,6,440,256
HC,250,499,4,High-Ca Pyroxene,6,440,256
HC,250,500,4,High-Ca Pyroxene,6,440,256
HC,250,501,4,High-Ca Pyroxene,6,440,256
HC,250,502,4,High-Ca Pyroxene,6,440,256
HC,250,503,4,High-Ca Pyroxene,6,440,256
HC,250,504,4,High-Ca Pyroxene,6,440,256
HC,250,505,4,High-Ca Pyroxene,6,440,256
HC,250,506,4,High-Ca Pyroxene,6,440,256
HC,250,507,4,High-Ca Pyroxene,6,440,256
HC,250,508,4,High-Ca Pyroxene,6,440,256
HC,250,509,4,High-Ca Pyroxene,6,440,256
HC,250,510,4,High-Ca Pyroxene,6,440,256
HC,250,511,4,High-Ca Pyroxene,6,440,256
HC,250,512,4,High-Ca Pyroxene,6,440,256
HC,250,513,4,High-Ca Pyroxene,6,440,256
HC,250,514,4,High-Ca Pyroxene,6,440,256
HC,250,515,4,High-Ca Pyroxene,6,440,256
HC,250,516,4,High-Ca Pyroxene,6,440,256
HC,250,517,4,High-Ca Pyroxene,6,440,256
HC,251,394,6,Margarite,9,440,256
HC,251,395,6,Margarite,9,440,256
HC,251,396,6,Margarite,9,440,256
HC,251,485,4,High-Ca Pyroxene,6,440,256
HC,251,486,4,High-Ca Pyroxene,6,440,256
HC,251,487,4,High-Ca Pyroxene,6,440,256
HC,251,488,4,High-Ca Pyroxene,6,440,256
HC,251,489,4,High-Ca Pyroxene,6,440,256
HC,251,490,4,High-Ca Pyroxene,6,440,256
HC,251,491,4,High-Ca Pyroxene,6,440,256
HC,251,492,4,High-Ca Pyroxene,6,440,256
HC,251,493,4,High-Ca Pyroxene,6,440,256
HC,251,494,4,High-Ca Pyroxene,6,440,256
HC,251,495,4,High-Ca Pyroxene,6,440,256
HC,251,496,4,High-Ca Pyroxene,6,440,256
HC,251,497,4,High-Ca Pyroxene,6,440,256
HC,251,498,4,High-Ca Pyroxene,6,440,256
HC,251,499,4,High-Ca Pyroxene,6,440,256
HC,251,500,4,High-Ca Pyroxene,6,440,256
HC,251,501,4,High-Ca Pyroxene,6,440,256
HC,251,502,4,High-Ca Pyroxene,6,440,256
HC,251,503,4,High-Ca Pyroxene,6,440,256
HC,251,504,4,High-Ca Pyroxene,6,440,256
HC,251,505,4,High-Ca Pyroxene,6,440,256
HC,251,506,4,High-Ca Pyroxene,6,440,256
HC,251,507,4,High-Ca Pyroxene,6,440,256
HC,251,508,4,High-Ca Pyroxene,6,440,256
HC,251,509,4,High-Ca Pyroxene,6,440,256
HC,251,510,4,High-Ca Pyroxene,6,440,256
HC,251,511,4,High-Ca Pyroxene,6,440,256
HC,251,512,4,High-Ca Pyroxene,6,440,256
HC,251,513,4,High-Ca Pyroxene,6,440,256
HC,251,514,4,High-Ca Pyroxene,6,440,256
HC,251,515,4,High-Ca Pyroxene,6,440,256
HC,251,516,4,High-Ca Pyroxene,6,440,256
HC,252,119,4,High-Ca Pyroxene,6,440,256
HC,252,120,4,High-Ca Pyroxene,6,440,256
HC,252,121,4,High-Ca Pyroxene,6,440,256
HC,252,278,6,Margarite,9,440,256
HC,252,279,6,Margarite,9,440,256
HC,252,393,6,Margarite,9,440,256
HC,252,394,6,Margarite,9,440,256
HC,252,395,6,Margarite,9,440,256
HC,252,396,6,Margarite,9,440,256
HC,252,485,4,High-Ca Pyroxene,6,440,256
HC,252,486,4,High-Ca Pyroxene,6,440,256
HC,252,487,4,High-Ca Pyroxene,6,440,256
HC,252,488,4,High-Ca Pyroxene,6,440,256
HC,252,489,4,High-Ca Pyroxene,6,440,256
HC,252,490,4,High-Ca Pyroxene,6,440,256
HC,252,491,4,High-Ca Pyroxene,6,440,256
HC,252,492,4,High-Ca Pyroxene,6,440,256
HC,252,493,4,High-Ca Pyroxene,6,440,256
HC,252,494,4,High-Ca Pyroxene,6,440,256
HC,252,495,4,High-Ca Pyroxene,6,440,256
HC,252,496,4,High-Ca Pyroxene,6,440,256
HC,252,497,4,High-Ca Pyroxene,6,440,256
HC,252,498,4,High-Ca Pyroxene,6,440,256
HC,252,499,4,High-Ca Pyroxene,6,440,256
HC,252,500,4,High-Ca Pyroxene,6,440,256
HC,252,501,4,High-Ca Pyroxene,6,440,256
HC,252,502,4,High-Ca Pyroxene,6,440,256
HC,252,503,4,High-Ca Pyroxene,6,440,256
HC,252,504,4,High-Ca Pyroxene,6,440,256
HC,252,505,4,High-Ca Pyroxene,6,440,256
HC,252,506,4,High-Ca Pyroxene,6,440,256
HC,252,507,4,High-Ca Pyroxene,6,440,256
HC,252,508,4,High-Ca Pyroxene,6,440,256
HC,252,509,4,High-Ca Pyroxene,6,440,256
HC,252,510,4,High-Ca Pyroxene,6,440,256
HC,252,511,4,High-Ca Pyroxene,6,440,256
HC,252,512,4,High-Ca Pyroxene,6,440,256
HC,252,513,4,High-Ca Pyroxene,6,440,256
HC,252,514,4,High-Ca Pyroxene,6,440,256
HC,252,515,4,High-Ca Pyroxene,6,440,256
HC,252,516,4,High-Ca Pyroxene,6,440,256
HC,253,117,4,High-Ca Pyroxene,6,440,256
HC,253,118,4,High-Ca Pyroxene,6,440,256
HC,253,119,4,High-Ca Pyroxene,6,440,256
HC,253,120,4,High-Ca Pyroxene,6,440,256
HC,253,121,4,High-Ca Pyroxene,6,440,256
HC,253,122,4,High-Ca Pyroxene,6,440,256
HC,253,123,4,High-Ca Pyroxene,6,440,256
HC,253,278,6,Margarite,9,440,256
HC,253,279,6,Margarite,9,440,256
HC,253,393,6,Margarite,9,440,256
HC,253,394,6,Margarite,9,440,256
HC,253,395,6,Margarite,9,440,256
HC,253,396,6,Margarite,9,440,256
HC,253,397,6,Margarite,9,440,256
HC,253,486,4,High-Ca Pyroxene,6,440,256
HC,253,487,4,High-Ca Pyroxene,6,440,256
HC,253,488,4,High-Ca Pyroxene,6,440,256
HC,253,489,4,High-Ca Pyroxene,6,440,256
HC,253,490,4,High-Ca Pyroxene,6,440,256
HC,253,491,4,High-Ca Pyroxene,6,440,256
HC,253,492,4,High-Ca Pyroxene,6,440,256
HC,253,493,4,High-Ca Pyroxene,6,440,256
HC,253,494,4,High-Ca Pyroxene,6,440,256
HC,253,495,4,High-Ca Pyroxene,6,440,256
HC,253,496,4,High-Ca Pyroxene,6,440,256
HC,253,497,4,High-Ca Pyroxene,6,440,256
HC,253,498,4,High-Ca Pyroxene,6,440,256
HC,253,499,4,High-Ca Pyroxene,6,440,256
HC,253,500,4,High-Ca Pyroxene,6,440,256
HC,253,501,4,High-Ca Pyroxene,6,440,256
HC,253,502,4,High-Ca Pyroxene,6,440,256
HC,253,503,4,High-Ca Pyroxene,6,440,256
HC,253,504,4,High-Ca Pyroxene,6,440,256
HC,253,505,4,High-Ca Pyroxene,6,440,256
HC,253,506,4,High-Ca Pyroxene,6,440,256
HC,253,507,4,High-Ca Pyroxene,6,440,256
HC,253,508,4,High-Ca Pyroxene,6,440,256
HC,253,509,4,High-Ca Pyroxene,6,440,256
HC,253,510,4,High-Ca Pyroxene,6,440,256
HC,253,511,4,High-Ca Pyroxene,6,440,256
HC,253,512,4,High-Ca Pyroxene,6,440,256
HC,253,513,4,High-Ca Pyroxene,6,440,256
HC,253,514,4,High-Ca Pyroxene,6,440,256
HC,253,515,4,High-Ca Pyroxene,6,440,256
HC,254,116,4,High-Ca Pyroxene,6,440,256
HC,254,117,4,High-Ca Pyroxene,6,440,256
HC,254,118,4,High-Ca Pyroxene,6,440,256
HC,254,119,4,High-Ca Pyroxene,6,440,256
HC,254,120,4,High-Ca Pyroxene,6,440,256
HC,254,121,4,High-Ca Pyroxene,6,440,256
HC,254,122,4,High-Ca Pyroxene,6,440,256
HC,254,123,4,High-Ca Pyroxene,6,440,256
HC,254,124,4,High-Ca Pyroxene,6,440,256
HC,254,125,4,High-Ca Pyroxene,6,440,256
HC,254,393,6,Margarite,9,440,256
HC,254,394,6,Margarite,9,440,256
HC,254,395,6,Margarite,9,440,256
HC,254,396,6,Margarite,9,440,256
HC,254,397,6,Margarite,9,440,256
HC,254,487,4,High-Ca Pyroxene,6,440,256
HC,254,488,4,High-Ca Pyroxene,6,440,256
HC,254,489,4,High-Ca Pyroxene,6,440,256
HC,254,490,4,High-Ca Pyroxene,6,440,256
HC,254,491,4,High-Ca Pyroxene,6,440,256
HC,254,492,4,High-Ca Pyroxene,6,440,256
HC,254,493,4,High-Ca Pyroxene,6,440,256
HC,254,494,4,High-Ca Pyroxene,6,440,256
HC,254,495,4,High-Ca Pyroxene,6,440,256
HC,254,496,4,High-Ca Pyroxene,6,440,256
HC,254,497,4,High-Ca Pyroxene,6,440,256
HC,254,498,4,High-Ca Pyroxene,6,440,256
HC,254,499,4,High-Ca Pyroxene,6,440,256
HC,254,500,4,High-Ca Pyroxene,6,440,256
HC,254,501,4,High-Ca Pyroxene,6,440,256
HC,254,502,4,High-Ca Pyroxene,6,440,256
HC,254,503,4,High-Ca Pyroxene,6,440,256
HC,254,504,4,High-Ca Pyroxene,6,440,256
HC,254,505,4,High-Ca Pyroxene,6,440,256
HC,254,506,4,High-Ca Pyroxene,6,440,256
HC,254,507,4,High-Ca Pyroxene,6,440,256
HC,254,508,4,High-Ca Pyroxene,6,440,256
HC,254,509,4,High-Ca Pyroxene,6,440,256
HC,254,510,4,High-Ca Pyroxene,6,440,256
HC,254,511,4,High-Ca Pyroxene,6,440,256
HC,254,512,4,High-Ca Pyroxene,6,440,256
HC,254,513,4,High-Ca Pyroxene,6,440,256
HC,254,514,4,High-Ca Pyroxene,6,440,256
HC,255,115,4,High-Ca Pyroxene,6,440,256
HC,255,116,4,High-Ca Pyroxene,6,440,256
HC,255,117,4,High-Ca Pyroxene,6,440,256
HC,255,118,4,High-Ca Pyroxene,6,440,256
HC,255,119,4,High-Ca Pyroxene,6,440,256
HC,255,120,4,High-Ca Pyroxene,6,440,256
HC,255,121,4,High-Ca Pyroxene,6,440,256
HC,255,122,4,High-Ca Pyroxene,6,440,256
HC,255,123,4,High-Ca Pyroxene,6,440,256
HC,255,124,4,High-Ca Pyroxene,6,440,256
HC,255,125,4,High-Ca Pyroxene,6,440,256
HC,255,126,4,High-Ca Pyroxene,6,440,256
HC,255,293,4,High-Ca Pyroxene,6,440,256
HC,255,294,4,High-Ca Pyroxene,6,440,256
HC,255,295,4,High-Ca Pyroxene,6,440,256
HC,255,393,6,Margarite,9,440,256
HC,255,394,6,Margarite,9,440,256
HC,255,395,6,Margarite,9,440,256
HC,255,396,6,Margarite,9,440,256
HC,255,397,6,Margarite,9,440,256
HC,255,488,4,High-Ca Pyroxene,6,440,256
HC,255,489,4,High-Ca Pyroxene,6,440,256
HC,255,490,4,High-Ca Pyroxene,6,440,256
HC,255,491,4,High-Ca Pyroxene,6,440,256
HC,255,492,4,High-Ca Pyroxene,6,440,256
HC,255,493,4,High-Ca Pyroxene,6,440,256
HC,255,494,4,High-Ca Pyroxene,6,440,256
HC,255,495,4,High-Ca Pyroxene,6,440,256
HC,255,496,4,High-Ca Pyroxene,6,440,256
HC,255,497,4,High-Ca Pyroxene,6,440,256
HC,255,498,4,High-Ca Pyroxene,6,440,256
HC,255,499,4,High-Ca Pyroxene,6,440,256
HC,255,500,4,High-Ca Pyroxene,6,440,256
HC,255,501,4,High-Ca Pyroxene,6,440,256
HC,255,502,4,High-Ca Pyroxene,6,440,256
HC,255,503,4,High-Ca Pyroxene,6,440,256
HC,255,504,4,High-Ca Pyroxene,6,440,256
HC,255,505,4,High-Ca Pyroxene,6,440,256
HC,255,506,4,High-Ca Pyroxene,6,440,256
HC,255,507,4,High-Ca Pyroxene,6,440,256
HC,255,508,4,High-Ca Pyroxene,6,440,256
HC,255,509,4,High-Ca Pyroxene,6,440,256
HC,255,510,4,High-Ca Pyroxene,6,440,256
HC,255,511,4,High-Ca Pyroxene,6,440,256
HC,255,512,4,High-Ca Pyroxene,6,440,256
HC,255,513,4,High-Ca Pyroxene,6,440,256
HC,256,115,4,High-Ca Pyroxene,6,440,256
HC,256,116,4,High-Ca Pyroxene,6,440,256
HC,256,117,4,High-Ca Pyroxene,6,440,256
HC,256,118,4,High-Ca Pyroxene,6,440,256
HC,256,119,4,High-Ca Pyroxene,6,440,256
HC,256,120,4,High-Ca Pyroxene,6,440,256
HC,256,121,4,High-Ca Pyroxene,6,440,256
HC,256,122,4,High-Ca Pyroxene,6,440,256
HC,256,123,4,High-Ca Pyroxene,6,440,256
HC,256,124,4,High-Ca Pyroxene,6,440,256
HC,256,125,4,High-Ca Pyroxene,6,440,256
HC,256,126,4,High-Ca Pyroxene,6,440,256
HC,256,127,4,High-Ca Pyroxene,6,440,256
HC,256,142,2,Plagioclase,13,440,256
HC,256,143,2,Plagioclase,13,440,256
HC,256,144,2,Plagioclase,13,440,256
HC,256,145,2,Plagioclase,13,440,256
HC,256,146,2,Plagioclase,13,440,256
HC,256,147,2,Plagioclase,13,440,256
HC,256,148,2,Plagioclase,13,440,256
HC,256,293,4,High-Ca Pyroxene,6,440,256
HC,256,294,4,High-Ca Pyroxene,6,440,256
HC,256,295,4,High-Ca Pyroxene,6,440,256
HC,256,296,4,High-Ca Pyroxene,6,440,256
HC,256,393,6,Margarite,9,440,256
HC,256,394,6,Margarite,9,440,256
HC,256,395,6,Margarite,9,440,256
HC,256,396,6,Margarite,9,440,256
HC,256,397,6,Margarite,9,440,256
HC,256,490,4,High-Ca Pyroxene,6,440,256
HC,256,491,4,High-Ca Pyroxene,6,440,256
HC,256,492,4,High-Ca Pyroxene,6,440,256
HC,256,493,4,High-Ca Pyroxene,6,440,256
HC,256,494,4,High-Ca Pyroxene,6,440,256
HC,256,495,4,High-Ca Pyroxene,6,440,256
HC,256,496,4,High-Ca Pyroxene,6,440,256
HC,256,497,4,High-Ca Pyroxene,6,440,256
HC,256,498,4,High-Ca Pyroxene,6,440,256
HC,256,499,4,High-Ca Pyroxene,6,440,256
HC,256,500,4,High-Ca Pyroxene,6,440,256
HC,256,501,4,High-Ca Pyroxene,6,440,256
HC,256,502,4,High-Ca Pyroxene,6,440,256
HC,256,503,4,High-Ca Pyroxene,6,440,256
HC,256,504,4,High-Ca Pyroxene,6,440,256
HC,256,505,4,High-Ca Pyroxene,6,440,256
HC,256,506,4,High-Ca Pyroxene,6,440,256
HC,256,507,4,High-Ca Pyroxene,6,440,256
HC,256,508,4,High-Ca Pyroxene,6,440,256
HC,256,509,4,High-Ca Pyroxene,6,440,256
HC,256,510,4,High-Ca Pyroxene,6,440,256
HC,256,511,4,High-Ca Pyroxene,6,440,256
HC,257,115,4,High-Ca Pyroxene,6,440,256
HC,257,116,4,High-Ca Pyroxene,6,440,256
HC,257,117,4,High-Ca Pyroxene,6,440,256
HC,257,118,4,High-Ca Pyroxene,6,440,256
HC,257,119,4,High-Ca Pyroxene,6,440,256
HC,257,120,4,High-Ca Pyroxene,6,440,256
HC,257,121,4,High-Ca Pyroxene,6,440,256
HC,257,122,4,High-Ca Pyroxene,6,440,256
HC,257,123,4,High-Ca Pyroxene,6,440,256
HC,257,124,4,High-Ca Pyroxene,6,440,256
HC,257,125,4,High-Ca Pyroxene,6,440,256
HC,257,126,4,High-Ca Pyroxene,6,440,256
HC,257,127,4,High-Ca Pyroxene,6,440,256
HC,257,128,4,High-Ca Pyroxene,6,440,256
HC,257,141,2,Plagioclase,13,440,256
HC,257,142,2,Plagioclase,13,440,256
HC,257,143,2,Plagioclase,13,440,256
HC,257,144,2,Plagioclase,13,440,256
HC,257,145,2,Plagioclase,13,440,256
HC,257,146,2,Plagioclase,13,440,256
HC,257,147,2,Plagioclase,13,440,256
HC,257,148,2,Plagioclase,13,440,256
HC,257,149,2,Plagioclase,13,440,256
HC,257,150,2,Plagioclase,13,440,256
HC,257,151,2,Plagioclase,13,440,256
HC,257,152,2,Plagioclase,13,440,256
HC,257,153,2,Plagioclase,13,440,256
HC,257,154,2,Plagioclase,13,440,256
HC,257,292,4,High-Ca Pyroxene,6,440,256
HC,257,293,4,High-Ca Pyroxene,6,440,256
HC,257,294,4,High-Ca Pyroxene,6,440,256
HC,257,295,4,High-Ca Pyroxene,6,440,256
HC,257,296,4,High-Ca Pyroxene,6,440,256
HC,257,297,4,High-Ca Pyroxene,6,440,256
HC,257,393,6,Margarite,9,440,256
HC,257,394,6,Margarite,9,440,256
HC,257,395,6,Margarite,9,440,256
HC,257,396,6,Margarite,9,440,256
HC,257,397,6,Margarite,9,440,256
HC,257,495,4,High-Ca Pyroxene,6,440,256
HC,257,496,4,High-Ca Pyroxene,6,440,256
HC,257,497,4,High-Ca Pyroxene,6,440,256
HC,257,498,4,High-Ca Pyroxene,6,440,256
HC,257,499,4,High-Ca Pyroxene,6,440,256
HC,257,500,4,High-Ca Pyroxene,6,440,256
HC,257,501,4,High-Ca Pyroxene,6,440,256
HC,257,502,4,High-Ca Pyroxene,6,440,256
HC,257,503,4,High-Ca Pyroxene,6,440,256
HC,257,504,4,High-Ca Pyroxene,6,440,256
HC,257,505,4,High-Ca Pyroxene,6,440,256
HC,257,506,4,High-Ca Pyroxene,6,440,256
HC,257,507,4,High-Ca Pyroxene,6,440,256
HC,257,508,4,High-Ca Pyroxene,6,440,256
HC,257,509,4,High-Ca Pyroxene,6,440,256
HC,258,114,4,High-Ca Pyroxene,6,440,256
HC,258,115,4,High-Ca Pyroxene,6,440,256
HC,258,116,4,High-Ca Pyroxene,6,440,256
HC,258,117,4,High-Ca Pyroxene,6,440,256
HC,258,118,4,High-Ca Pyroxene,6,440,256
HC,258,119,4,High-Ca Pyroxene,6,440,256
HC,258,120,4,High-Ca Pyroxene,6,440,256
HC,258,121,4,High-Ca Pyroxene,6,440,256
HC,258,122,4,High-Ca Pyroxene,6,440,256
HC,258,123,4,High-Ca Pyroxene,6,440,256
HC,258,124,4,High-Ca Pyroxene,6,440,256
HC,258,125,4,High-Ca Pyroxene,6,440,256
HC,258,126,4,High-Ca Pyroxene,6,440,256
HC,258,127,4,High-Ca Pyroxene,6,440,256
HC,258,128,4,High-Ca Pyroxene,6,440,256
HC,258,140,2,Plagioclase,13,440,256
HC,258,141,2,Plagioclase,13,440,256
HC,258,142,2,Plagioclase,13,440,256
HC,258,143,2,Plagioclase,13,440,256
HC,258,144,2,Plagioclase,13,440,256
HC,258,145,2,Plagioclase,13,440,256
HC,258,146,2,Plagioclase,13,440,256
HC,258,147,2,Plagioclase,13,440,256
HC,258,148,2,Plagioclase,13,440,256
HC,258,149,2,Plagioclase,13,440,256
HC,258,150,2,Plagioclase,13,440,256
HC,258,151,2,Plagioclase,13,440,256
HC,258,152,2,Plagioclase,13,440,256
HC,258,153,2,Plagioclase,13,440,256
HC,258,154,2,Plagioclase,13,440,256
HC,258,155,2,Plagioclase,13,440,256
HC,258,156,2,Plagioclase,13,440,256
HC,258,292,4,High-Ca Pyroxene,6,440,256
HC,258,293,4,High-Ca Pyroxene,6,440,256
HC,258,294,4,High-Ca Pyroxene,6,440,256
HC,258,295,4,High-Ca Pyroxene,6,440,256
HC,258,296,4,High-Ca Pyroxene,6,440,256
HC,258,297,4,High-Ca Pyroxene,6,440,256
HC,258,298,4,High-Ca Pyroxene,6,440,256
HC,258,394,6,Margarite,9,440,256
HC,258,395,6,Margarite,9,440,256
HC,258,396,6,Margarite,9,440,256
HC,258,502,4,High-Ca Pyroxene,6,440,256
HC,258,503,4,High-Ca Pyroxene,6,440,256
HC,258,504,4,High-Ca Pyroxene,6,440,256
HC,258,505,4,High-Ca Pyroxene,6,440,256
HC,258,506,4,High-Ca Pyroxene,6,440,256
HC,259,114,4,High-Ca Pyroxene,6,440,256
HC,259,115,4,High-Ca Pyroxene,6,440,256
HC,259,116,4,High-Ca Pyroxene,6,440,256
HC,259,117,4,High-Ca Pyroxene,6,440,256
HC,259,118,4,High-Ca Pyroxene,6,440,256
HC,259,119,4,High-Ca Pyroxene,6,440,256
HC,259,120,4,High-Ca Pyroxene,6,440,256
HC,259,121,4,High-Ca Pyroxene,6,440,256
HC,259,122,4,High-Ca Pyroxene,6,440,256
HC,259,123,4,High-Ca Pyroxene,6,440,256
HC,259,124,4,High-Ca Pyroxene,6,440,256
HC,259,125,4,High-Ca Pyroxene,6,440,256
HC,259,126,4,High-Ca Pyroxene,6,440,256
HC,259,127,4,High-Ca Pyroxene,6,440,256
HC,259,128,4,High-Ca Pyroxene,6,440,256
HC,259,140,2,Plagioclase,13,440,256
HC,259,141,2,Plagioclase,13,440,256
HC,259,142,2,Plagioclase,13,440,256
HC,259,143,2,Plagioclase,13,440,256
HC,259,144,2,Plagioclase,13,440,256
HC,259,145,2,Plagioclase,13,440,256
HC,259,146,2,Plagioclase,13,440,256
HC,259,147,2,Plagioclase,13,440,256
HC,259,148,2,Plagioclase,13,440,256
HC,259,149,2,Plagioclase,13,440,256
HC,259,150,2,Plagioclase,13,440,256
HC,259,151,2,Plagioclase,13,440,256
HC,259,152,2,Plagioclase,13,440,256
HC,259,153,2,Plagioclase,13,440,256
HC,259,154,2,Plagioclase,13,440,256
HC,259,155,2,Plagioclase,13,440,256
HC,259,156,2,Plagioclase,13,440,256
HC,259,157,2,Plagioclase,13,440,256
HC,259,158,2,Plagioclase,13,440,256
HC,259,292,4,High-Ca Pyroxene,6,440,256
HC,259,293,4,High-Ca Pyroxene,6,440,256
HC,259,294,4,High-Ca Pyroxene,6,440,256
HC,259,295,4,High-Ca Pyroxene,6,440,256
HC,259,296,4,High-Ca Pyroxene,6,440,256
HC,259,297,4,High-Ca Pyroxene,6,440,256
HC,259,298,4,High-Ca Pyroxene,6,440,256
HC,259,299,4,High-Ca Pyroxene,6,440,256
HC,260,115,4,High-Ca Pyroxene,6,440,256
HC,260,116,4,High-Ca Pyroxene,6,440,256
HC,260,117,4,High-Ca Pyroxene,6,440,256
HC,260,118,4,High-Ca Pyroxene,6,440,256
HC,260,119,4,High-Ca Pyroxene,6,440,256
HC,260,120,4,High-Ca Pyroxene,6,440,256
HC,260,121,4,High-Ca Pyroxene,6,440,256
HC,260,122,4,High-Ca Pyroxene,6,440,256
HC,260,123,4,High-Ca Pyroxene,6,440,256
HC,260,124,4,High-Ca Pyroxene,6,440,256
HC,260,125,4,High-Ca Pyroxene,6,440,256
HC,260,126,4,High-Ca Pyroxene,6,440,256
HC,260,127,4,High-Ca Pyroxene,6,440,256
HC,260,128,4,High-Ca Pyroxene,6,440,256
HC,260,129,4,High-Ca Pyroxene,6,440,256
HC,260,140,2,Plagioclase,13,440,256
HC,260,141,2,Plagioclase,13,440,256
HC,260,142,2,Plagioclase,13,440,256
HC,260,143,2,Plagioclase,13,440,256
HC,260,144,2,Plagioclase,13,440,256
HC,260,145,2,Plagioclase,13,440,256
HC,260,146,2,Plagioclase,13,440,256
HC,260,147,2,Plagioclase,13,440,256
HC,260,148,2,Plagioclase,13,440,256
HC,260,149,2,Plagioclase,13,440,256
HC,260,150,2,Plagioclase,13,440,256
HC,260,151,2,Plagioclase,13,440,256
HC,260,152,2,Plagioclase,13,440,256
HC,260,153,2,Plagioclase,13,440,256
HC,260,154,2,Plagioclase,13,440,256
HC,260,155,2,Plagioclase,13,440,256
HC,260,156,2,Plagioclase,13,440,256
HC,260,157,2,Plagioclase,13,440,256
HC,260,158,2,Plagioclase,13,440,256
HC,260,159,2,Plagioclase,13,440,256
HC,260,292,4,High-Ca Pyroxene,6,440,256
HC,260,293,4,High-Ca Pyroxene,6,440,256
HC,260,294,4,High-Ca Pyroxene,6,440,256
HC,260,295,4,High-Ca Pyroxene,6,440,256
HC,260,296,4,High-Ca Pyroxene,6,440,256
HC,260,297,4,High-Ca Pyroxene,6,440,256
HC,260,298,4,High-Ca Pyroxene,6,440,256
HC,260,299,4,High-Ca Pyroxene,6,440,256
HC,261,115,4,High-Ca Pyroxene,6,440,256
HC,261,116,4,High-Ca Pyroxene,6,440,256
HC,261,117,4,High-Ca Pyroxene,6,440,256
HC,261,118,4,High-Ca Pyroxene,6,440,256
HC,261,119,4,High-Ca Pyroxene,6,440,256
HC,261,120,4,High-Ca Pyroxene,6,440,256
HC,261,121,4,High-Ca Pyroxene,6,440,256
HC,261,122,4,High-Ca Pyroxene,6,440,256
HC,261,123,4,High-Ca Pyroxene,6,440,256
HC,261,124,4,High-Ca Pyroxene,6,440,256
HC,261,125,4,High-Ca Pyroxene,6,440,256
HC,261,126,4,High-Ca Pyroxene,6,440,256
HC,261,127,4,High-Ca Pyroxene,6,440,256
HC,261,128,4,High-Ca Pyroxene,6,440,256
HC,261,129,4,High-Ca Pyroxene,6,440,256
HC,261,141,2,Plagioclase,13,440,256
HC,261,142,2,Plagioclase,13,440,256
HC,261,143,2,Plagioclase,13,440,256
HC,261,144,2,Plagioclase,13,440,256
HC,261,145,2,Plagioclase,13,440,256
HC,261,146,2,Plagioclase,13,440,256
HC,261,147,2,Plagioclase,13,440,256
HC,261,148,2,Plagioclase,13,440,256
HC,261,149,2,Plagioclase,13,440,256
HC,261,150,2,Plagioclase,13,440,256
HC,261,151,2,Plagioclase,13,440,256
HC,261,152,2,Plagioclase,13,440,256
HC,261,153,2,Plagioclase,13,440,256
HC,261,154,2,Plagioclase,13,440,256
HC,261,155,2,Plagioclase,13,440,256
HC,261,156,2,Plagioclase,13,440,256
HC,261,157,2,Plagioclase,13,440,256
HC,261,158,2,Plagioclase,13,440,256
HC,261,159,2,Plagioclase,13,440,256
HC,261,160,2,Plagioclase,13,440,256
HC,261,292,4,High-Ca Pyroxene,6,440,256
HC,261,293,4,High-Ca Pyroxene,6,440,256
HC,261,294,4,High-Ca Pyroxene,6,440,256
HC,261,295,4,High-Ca Pyroxene,6,440,256
HC,261,296,4,High-Ca Pyroxene,6,440,256
HC,261,297,4,High-Ca Pyroxene,6,440,256
HC,261,298,4,High-Ca Pyroxene,6,440,256
HC,261,299,4,High-Ca Pyroxene,6,440,256
HC,262,115,4,High-Ca Pyroxene,6,440,256
HC,262,116,4,High-Ca Pyroxene,6,440,256
HC,262,117,4,High-Ca Pyroxene,6,440,256
HC,262,118,4,High-Ca Pyroxene,6,440,256
HC,262,119,4,High-Ca Pyroxene,6,440,256
HC,262,120,4,High-Ca Pyroxene,6,440,256
HC,262,121,4,High-Ca Pyroxene,6,440,256
HC,262,122,4,High-Ca Pyroxene,6,440,256
HC,262,123,4,High-Ca Pyroxene,6,440,256
HC,262,124,4,High-Ca Pyroxene,6,440,256
HC,262,125,4,High-Ca Pyroxene,6,440,256
HC,262,126,4,High-Ca Pyroxene,6,440,256
HC,262,127,4,High-Ca Pyroxene,6,440,256
HC,262,128,4,High-Ca Pyroxene,6,440,256
HC,262,129,4,High-Ca Pyroxene,6,440,256
HC,262,130,4,High-Ca Pyroxene,6,440,256
HC,262,141,2,Plagioclase,13,440,256
HC,262,142,2,Plagioclase,13,440,256
HC,262,143,2,Plagioclase,13,440,256
HC,262,144,2,Plagioclase,13,440,256
HC,262,145,2,Plagioclase,13,440,256
HC,262,146,2,Plagioclase,13,440,256
HC,262,147,2,Plagioclase,13,440,256
HC,262,148,2,Plagioclase,13,440,256
HC,262,149,2,Plagioclase,13,440,256
HC,262,150,2,Plagioclase,13,440,256
HC,262,151,2,Plagioclase,13,440,256
HC,262,152,2,Plagioclase,13,440,256
HC,262,153,2,Plagioclase,13,440,256
HC,262,154,2,Plagioclase,13,440,256
HC,262,155,2,Plagioclase,13,440,256
HC,262,156,2,Plagioclase,13,440,256
HC,262,157,2,Plagioclase,13,440,256
HC,262,158,2,Plagioclase,13,440,256
HC,262,159,2,Plagioclase,13,440,256
HC,262,160,2,Plagioclase,13,440,256
HC,262,276,6,Margarite,9,440,256
HC,262,277,6,Margarite,9,440,256
HC,262,292,4,High-Ca Pyroxene,6,440,256
HC,262,293,4,High-Ca Pyroxene,6,440,256
HC,262,294,4,High-Ca Pyroxene,6,440,256
HC,262,295,4,High-Ca Pyroxene,6,440,256
HC,262,296,4,High-Ca Pyroxene,6,440,256
HC,262,297,4,High-Ca Pyroxene,6,440,256
HC,262,298,4,High-Ca Pyroxene,6,440,256
HC,262,299,4,High-Ca Pyroxene,6,440,256
HC,262,300,4,High-Ca Pyroxene,6,440,256
HC,263,115,4,High-Ca Pyroxene,6,440,256
HC,263,116,4,High-Ca Pyroxene,6,440,256
HC,263,117,4,High-Ca Pyroxene,6,440,256
HC,263,118,4,High-Ca Pyroxene,6,440,256
HC,263,119,4,High-Ca Pyroxene,6,440,256
HC,263,120,4,High-Ca Pyroxene,6,440,256
HC,263,121,4,High-Ca Pyroxene,6,440,256
HC,263,122,4,High-Ca Pyroxene,6,440,256
HC,263,123,4,High-Ca Pyroxene,6,440,256
HC,263,124,4,High-Ca Pyroxene,6,440,256
HC,263,125,4,High-Ca Pyroxene,6,440,256
HC,263,126,4,High-Ca Pyroxene,6,440,256
HC,263,127,4,High-Ca Pyroxene,6,440,256
HC,263,128,4,High-Ca Pyroxene,6,440,256
HC,263,129,4,High-Ca Pyroxene,6,440,256
HC,263,130,4,High-Ca Pyroxene,6,440,256
HC,263,143,2,Plagioclase,13,440,256
HC,263,144,2,Plagioclase,13,440,256
HC,263,145,2,Plagioclase,13,440,256
HC,263,146,2,Plagioclase,13,440,256
HC,263,147,2,Plagioclase,13,440,256
HC,263,148,2,Plagioclase,13,440,256
HC,263,149,2,Plagioclase,13,440,256
HC,263,150,2,Plagioclase,13,440,256
HC,263,151,2,Plagioclase,13,440,256
HC,263,152,2,Plagioclase,13,440,256
HC,263,153,2,Plagioclase,13,440,256
HC,263,154,2,Plagioclase,13,440,256
HC,263,155,2,Plagioclase,13,440,256
HC,263,156,2,Plagioclase,13,440,256
HC,263,157,2,Plagioclase,13,440,256
HC,263,158,2,Plagioclase,13,440,256
HC,263,159,2,Plagioclase,13,440,256
HC,263,160,2,Plagioclase,13,440,256
HC,263,161,2,Plagioclase,13,440,256
HC,263,292,4,High-Ca Pyroxene,6,440,256
HC,263,293,4,High-Ca Pyroxene,6,440,256
HC,263,294,4,High-Ca Pyroxene,6,440,256
HC,263,295,4,High-Ca Pyroxene,6,440,256
HC,263,296,4,High-Ca Pyroxene,6,440,256
HC,263,297,4,High-Ca Pyroxene,6,440,256
HC,263,298,4,High-Ca Pyroxene,6,440,256
HC,263,299,4,High-Ca Pyroxene,6,440,256
HC,263,300,4,High-Ca Pyroxene,6,440,256
HC,264,115,4,High-Ca Pyroxene,6,440,256
HC,264,116,4,High-Ca Pyroxene,6,440,256
HC,264,117,4,High-Ca Pyroxene,6,440,256
HC,264,118,4,High-Ca Pyroxene,6,440,256
HC,264,119,4,High-Ca Pyroxene,6,440,256
HC,264,120,4,High-Ca Pyroxene,6,440,256
HC,264,121,4,High-Ca Pyroxene,6,440,256
HC,264,122,4,High-Ca Pyroxene,6,440,256
HC,264,123,4,High-Ca Pyroxene,6,440,256
HC,264,124,4,High-Ca Pyroxene,6,440,256
HC,264,125,4,High-Ca Pyroxene,6,440,256
HC,264,126,4,High-Ca Pyroxene,6,440,256
HC,264,127,4,High-Ca Pyroxene,6,440,256
HC,264,128,4,High-Ca Pyroxene,6,440,256
HC,264,129,4,High-Ca Pyroxene,6,440,256
HC,264,130,4,High-Ca Pyroxene,6,440,256
HC,264,149,2,Plagioclase,13,440,256
HC,264,150,2,Plagioclase,13,440,256
HC,264,151,2,Plagioclase,13,440,256
HC,264,152,2,Plagioclase,13,440,256
HC,264,153,2,Plagioclase,13,440,256
HC,264,154,2,Plagioclase,13,440,256
HC,264,155,2,Plagioclase,13,440,256
HC,264,156,2,Plagioclase,13,440,256
HC,264,157,2,Plagioclase,13,440,256
HC,264,158,2,Plagioclase,13,440,256
HC,264,159,2,Plagioclase,13,440,256
HC,264,160,2,Plagioclase,13,440,256
HC,264,161,2,Plagioclase,13,440,256
HC,264,292,4,High-Ca Pyroxene,6,440,256
HC,264,293,4,High-Ca Pyroxene,6,440,256
HC,264,294,4,High-Ca Pyroxene,6,440,256
HC,264,295,4,High-Ca Pyroxene,6,440,256
HC,264,296,4,High-Ca Pyroxene,6,440,256
HC,264,297,4,High-Ca Pyroxene,6,440,256
HC,264,298,4,High-Ca Pyroxene,6,440,256
HC,264,299,4,High-Ca Pyroxene,6,440,256
HC,264,300,4,High-Ca Pyroxene,6,440,256
HC,264,352,6,Margarite,9,440,256
HC,264,353,6,Margarite,9,440,256
HC,264,354,6,Margarite,9,440,256
HC,264,355,6,Margarite,9,440,256
HC,265,116,4,High-Ca Pyroxene,6,440,256
HC,265,117,4,High-Ca Pyroxene,6,440,256
HC,265,118,4,High-Ca Pyroxene,6,440,256
HC,265,119,4,High-Ca Pyroxene,6,440,256
HC,265,120,4,High-Ca Pyroxene,6,440,256
HC,265,121,4,High-Ca Pyroxene,6,440,256
HC,265,122,4,High-Ca Pyroxene,6,440,256
HC,265,123,4,High-Ca Pyroxene,6,440,256
HC,265,124,4,High-Ca Pyroxene,6,440,256
HC,265,125,4,High-Ca Pyroxene,6,440,256
HC,265,126,4,High-Ca Pyroxene,6,440,256
HC,265,127,4,High-Ca Pyroxene,6,440,256
HC,265,128,4,High-Ca Pyroxene,6,440,256
HC,265,129,4,High-Ca Pyroxene,6,440,256
HC,265,130,4,High-Ca Pyroxene,6,440,256
HC,265,151,2,Plagioclase,13,440,256
HC,265,152,2,Plagioclase,13,440,256
HC,265,153,2,Plagioclase,13,440,256
HC,265,154,2,Plagioclase,13,440,256
HC,265,155,2,Plagioclase,13,440,256
HC,265,156,2,Plagioclase,13,440,256
HC,265,157,2,Plagioclase,13,440,256
HC,265,158,2,Plagioclase,13,440,256
HC,265,159,2,Plagioclase,13,440,256
HC,265,160,2,Plagioclase,13,440,256
HC,265,161,2,Plagioclase,13,440,256
HC,265,162,2,Plagioclase,13,440,256
HC,265,292,4,High-Ca Pyroxene,6,440,256
HC,265,293,4,High-Ca Pyroxene,6,440,256
HC,265,294,4,High-Ca Pyroxene,6,440,256
HC,265,295,4,High-Ca Pyroxene,6,440,256
HC,265,296,4,High-Ca Pyroxene,6,440,256
HC,265,297,4,High-Ca Pyroxene,6,440,256
HC,265,298,4,High-Ca Pyroxene,6,440,256
HC,265,299,4,High-Ca Pyroxene,6,440,256
HC,265,300,4,High-Ca Pyroxene,6,440,256
HC,265,301,4,High-Ca Pyroxene,6,440,256
HC,265,351,6,Margarite,9,440,256
HC,265,352,6,Margarite,9,440,256
HC,265,353,6,Margarite,9,440,256
HC,265,354,6,Margarite,9,440,256
HC,265,355,6,Margarite,9,440,256
HC,265,356,6,Margarite,9,440,256
HC,266,116,4,High-Ca Pyroxene,6,440,256
HC,266,117,4,High-Ca Pyroxene,6,440,256
HC,266,118,4,High-Ca Pyroxene,6,440,256
HC,266,119,4,High-Ca Pyroxene,6,440,256
HC,266,120,4,High-Ca Pyroxene,6,440,256
HC,266,121,4,High-Ca Pyroxene,6,440,256
HC,266,122,4,High-Ca Pyroxene,6,440,256
HC,266,123,4,High-Ca Pyroxene,6,440,256
HC,266,124,4,High-Ca Pyroxene,6,440,256
HC,266,125,4,High-Ca Pyroxene,6,440,256
HC,266,126,4,High-Ca Pyroxene,6,440,256
HC,266,127,4,High-Ca Pyroxene,6,440,256
HC,266,128,4,High-Ca Pyroxene,6,440,256
HC,266,129,4,High-Ca Pyroxene,6,440,256
HC,266,130,4,High-Ca Pyroxene,6,440,256
HC,266,153,2,Plagioclase,13,440,256
HC,266,154,2,Plagioclase,13,440,256
HC,266,155,2,Plagioclase,13,440,256
HC,266,156,2,Plagioclase,13,440,256
HC,266,157,2,Plagioclase,13,440,256
HC,266,158,2,Plagioclase,13,440,256
HC,266,159,2,Plagioclase,13,440,256
HC,266,160,2,Plagioclase,13,440,256
HC,266,161,2,Plagioclase,13,440,256
HC,266,162,2,Plagioclase,13,440,256
HC,266,293,4,High-Ca Pyroxene,6,440,256
HC,266,294,4,High-Ca Pyroxene,6,440,256
HC,266,295,4,High-Ca Pyroxene,6,440,256
HC,266,296,4,High-Ca Pyroxene,6,440,256
HC,266,297,4,High-Ca Pyroxene,6,440,256
HC,266,298,4,High-Ca Pyroxene,6,440,256
HC,266,299,4,High-Ca Pyroxene,6,440,256
HC,266,300,4,High-Ca Pyroxene,6,440,256
HC,266,301,4,High-Ca Pyroxene,6,440,256
HC,266,350,6,Margarite,9,440,256
HC,266,351,6,Margarite,9,440,256
HC,266,352,6,Margarite,9,440,256
HC,266,353,6,Margarite,9,440,256
HC,266,354,6,Margarite,9,440,256
HC,266,355,6,Margarite,9,440,256
HC,266,356,6,Margarite,9,440,256
HC,266,370,6,Margarite,9,440,256
HC,267,117,4,High-Ca Pyroxene,6,440,256
HC,267,118,4,High-Ca Pyroxene,6,440,256
HC,267,119,4,High-Ca Pyroxene,6,440,256
HC,267,120,4,High-Ca Pyroxene,6,440,256
HC,267,121,4,High-Ca Pyroxene,6,440,256
HC,267,122,4,High-Ca Pyroxene,6,440,256
HC,267,123,4,High-Ca Pyroxene,6,440,256
HC,267,124,4,High-Ca Pyroxene,6,440,256
HC,267,125,4,High-Ca Pyroxene,6,440,256
HC,267,126,4,High-Ca Pyroxene,6,440,256
HC,267,127,4,High-Ca Pyroxene,6,440,256
HC,267,128,4,High-Ca Pyroxene,6,440,256
HC,267,129,4,High-Ca Pyroxene,6,440,256
HC,267,130,4,High-Ca Pyroxene,6,440,256
HC,267,153,2,Plagioclase,13,440,256
HC,267,154,2,Plagioclase,13,440,256
HC,267,155,2,Plagioclase,13,440,256
HC,267,156,2,Plagioclase,13,440,256
HC,267,157,2,Plagioclase,13,440,256
HC,267,158,2,Plagioclase,13,440,256
HC,267,159,2,Plagioclase,13,440,256
HC,267,160,2,Plagioclase,13,440,256
HC,267,161,2,Plagioclase,13,440,256
HC,267,162,2,Plagioclase,13,440,256
HC,267,293,4,High-Ca Pyroxene,6,440,256
HC,267,294,4,High-Ca Pyroxene,6,440,256
HC,267,295,4,High-Ca Pyroxene,6,440,256
HC,267,296,4,High-Ca Pyroxene,6,440,256
HC,267,297,4,High-Ca Pyroxene,6,440,256
HC,267,298,4,High-Ca Pyroxene,6,440,256
HC,267,299,4,High-Ca Pyroxene,6,440,256
HC,267,300,4,High-Ca Pyroxene,6,440,256
HC,267,301,4,High-Ca Pyroxene,6,440,256
HC,267,350,6,Margarite,9,440,256
HC,267,351,6,Margarite,9,440,256
HC,267,352,6,Margarite,9,440,256
HC,267,353,6,Margarite,9,440,256
HC,267,354,6,Margarite,9,440,256
HC,267,355,6,Margarite,9,440,256
HC,267,356,6,Margarite,9,440,256
HC,268,117,4,High-Ca Pyroxene,6,440,256
HC,268,118,4,High-Ca Pyroxene,6,440,256
HC,268,119,4,High-Ca Pyroxene,6,440,256
HC,268,120,4,High-Ca Pyroxene,6,440,256
HC,268,121,4,High-Ca Pyroxene,6,440,256
HC,268,122,4,High-Ca Pyroxene,6,440,256
HC,268,123,4,High-Ca Pyroxene,6,440,256
HC,268,124,4,High-Ca Pyroxene,6,440,256
HC,268,125,4,High-Ca Pyroxene,6,440,256
HC,268,126,4,High-Ca Pyroxene,6,440,256
HC,268,127,4,High-Ca Pyroxene,6,440,256
HC,268,128,4,High-Ca Pyroxene,6,440,256
HC,268,129,4,High-Ca Pyroxene,6,440,256
HC,268,130,4,High-Ca Pyroxene,6,440,256
HC,268,154,2,Plagioclase,13,440,256
HC,268,155,2,Plagioclase,13,440,256
HC,268,156,2,Plagioclase,13,440,256
HC,268,157,2,Plagioclase,13,440,256
HC,268,158,2,Plagioclase,13,440,256
HC,268,159,2,Plagioclase,13,440,256
HC,268,160,2,Plagioclase,13,440,256
HC,268,161,2,Plagioclase,13,440,256
HC,268,162,2,Plagioclase,13,440,256
HC,268,293,4,High-Ca Pyroxene,6,440,256
HC,268,294,4,High-Ca Pyroxene,6,440,256
HC,268,295,4,High-Ca Pyroxene,6,440,256
HC,268,296,4,High-Ca Pyroxene,6,440,256
HC,268,297,4,High-Ca Pyroxene,6,440,256
HC,268,298,4,High-Ca Pyroxene,6,440,256
HC,268,299,4,High-Ca Pyroxene,6,440,256
HC,268,300,4,High-Ca Pyroxene,6,440,256
HC,268,301,4,High-Ca Pyroxene,6,440,256
HC,268,351,6,Margarite,9,440,256
HC,268,352,6,Margarite,9,440,256
HC,268,353,6,Margarite,9,440,256
HC,268,354,6,Margarite,9,440,256
HC,268,355,6,Margarite,9,440,256
HC,268,356,6,Margarite,9,440,256
HC,269,117,4,High-Ca Pyroxene,6,440,256
HC,269,118,4,High-Ca Pyroxene,6,440,256
HC,269,119,4,High-Ca Pyroxene,6,440,256
HC,269,120,4,High-Ca Pyroxene,6,440,256
HC,269,121,4,High-Ca Pyroxene,6,440,256
HC,269,122,4,High-Ca Pyroxene,6,440,256
HC,269,123,4,High-Ca Pyroxene,6,440,256
HC,269,124,4,High-Ca Pyroxene,6,440,256
HC,269,125,4,High-Ca Pyroxene,6,440,256
HC,269,126,4,High-Ca Pyroxene,6,440,256
HC,269,127,4,High-Ca Pyroxene,6,440,256
HC,269,128,4,High-Ca Pyroxene,6,440,256
HC,269,129,4,High-Ca Pyroxene,6,440,256
HC,269,130,4,High-Ca Pyroxene,6,440,256
HC,269,154,2,Plagioclase,13,440,256
HC,269,155,2,Plagioclase,13,440,256
HC,269,156,2,Plagioclase,13,440,256
HC,269,157,2,Plagioclase,13,440,256
HC,269,158,2,Plagioclase,13,440,256
HC,269,159,2,Plagioclase,13,440,256
HC,269,160,2,Plagioclase,13,440,256
HC,269,161,2,Plagioclase,13,440,256
HC,269,162,2,Plagioclase,13,440,256
HC,269,293,4,High-Ca Pyroxene,6,440,256
HC,269,294,4,High-Ca Pyroxene,6,440,256
HC,269,295,4,High-Ca Pyroxene,6,440,256
HC,269,296,4,High-Ca Pyroxene,6,440,256
HC,269,297,4,High-Ca Pyroxene,6,440,256
HC,269,298,4,High-Ca Pyroxene,6,440,256
HC,269,299,4,High-Ca Pyroxene,6,440,256
HC,269,300,4,High-Ca Pyroxene,6,440,256
HC,269,301,4,High-Ca Pyroxene,6,440,256
HC,269,353,6,Margarite,9,440,256
HC,269,354,6,Margarite,9,440,256
HC,270,118,4,High-Ca Pyroxene,6,440,256
HC,270,119,4,High-Ca Pyroxene,6,440,256
HC,270,120,4,High-Ca Pyroxene,6,440,256
HC,270,121,4,High-Ca Pyroxene,6,440,256
HC,270,122,4,High-Ca Pyroxene,6,440,256
HC,270,123,4,High-Ca Pyroxene,6,440,256
HC,270,124,4,High-Ca Pyroxene,6,440,256
HC,270,125,4,High-Ca Pyroxene,6,440,256
HC,270,126,4,High-Ca Pyroxene,6,440,256
HC,270,127,4,High-Ca Pyroxene,6,440,256
HC,270,128,4,High-Ca Pyroxene,6,440,256
HC,270,129,4,High-Ca Pyroxene,6,440,256
HC,270,130,4,High-Ca Pyroxene,6,440,256
HC,270,154,2,Plagioclase,13,440,256
HC,270,155,2,Plagioclase,13,440,256
HC,270,156,2,Plagioclase,13,440,256
HC,270,157,2,Plagioclase,13,440,256
HC,270,158,2,Plagioclase,13,440,256
HC,270,159,2,Plagioclase,13,440,256
HC,270,160,2,Plagioclase,13,440,256
HC,270,161,2,Plagioclase,13,440,256
HC,270,162,2,Plagioclase,13,440,256
HC,270,293,4,High-Ca Pyroxene,6,440,256
HC,270,294,4,High-Ca Pyroxene,6,440,256
HC,270,295,4,High-Ca Pyroxene,6,440,256
HC,270,296,4,High-Ca Pyroxene,6,440,256
HC,270,297,4,High-Ca Pyroxene,6,440,256
HC,270,298,4,High-Ca Pyroxene,6,440,256
HC,270,299,4,High-Ca Pyroxene,6,440,256
HC,270,300,4,High-Ca Pyroxene,6,440,256
HC,270,301,4,High-Ca Pyroxene,6,440,256
HC,270,302,4,High-Ca Pyroxene,6,440,256
HC,271,118,4,High-Ca Pyroxene,6,440,256
HC,271,119,4,High-Ca Pyroxene,6,440,256
HC,271,120,4,High-Ca Pyroxene,6,440,256
HC,271,121,4,High-Ca Pyroxene,6,440,256
HC,271,122,4,High-Ca Pyroxene,6,440,256
HC,271,123,4,High-Ca Pyroxene,6,440,256
HC,271,124,4,High-Ca Pyroxene,6,440,256
HC,271,125,4,High-Ca Pyroxene,6,440,256
HC,271,126,4,High-Ca Pyroxene,6,440,256
HC,271,127,4,High-Ca Pyroxene,6,440,256
HC,271,128,4,High-Ca Pyroxene,6,440,256
HC,271,129,4,High-Ca Pyroxene,6,440,256
HC,271,130,4,High-Ca Pyroxene,6,440,256
HC,271,155,2,Plagioclase,13,440,256
HC,271,156,2,Plagioclase,13,440,256
HC,271,157,2,Plagioclase,13,440,256
HC,271,158,2,Plagioclase,13,440,256
HC,271,159,2,Plagioclase,13,440,256
HC,271,160,2,Plagioclase,13,440,256
HC,271,161,2,Plagioclase,13,440,256
HC,271,162,2,Plagioclase,13,440,256
HC,271,293,4,High-Ca Pyroxene,6,440,256
HC,271,294,4,High-Ca Pyroxene,6,440,256
HC,271,295,4,High-Ca Pyroxene,6,440,256
HC,271,296,4,High-Ca Pyroxene,6,440,256
HC,271,297,4,High-Ca Pyroxene,6,440,256
HC,271,298,4,High-Ca Pyroxene,6,440,256
HC,271,299,4,High-Ca Pyroxene,6,440,256
HC,271,300,4,High-Ca Pyroxene,6,440,256
HC,271,301,4,High-Ca Pyroxene,6,440,256
HC,271,302,4,High-Ca Pyroxene,6,440,256
HC,272,119,4,High-Ca Pyroxene,6,440,256
HC,272,120,4,High-Ca Pyroxene,6,440,256
HC,272,121,4,High-Ca Pyroxene,6,440,256
HC,272,122,4,High-Ca Pyroxene,6,440,256
HC,272,123,4,High-Ca Pyroxene,6,440,256
HC,272,124,4,High-Ca Pyroxene,6,440,256
HC,272,125,4,High-Ca Pyroxene,6,440,256
HC,272,126,4,High-Ca Pyroxene,6,440,256
HC,272,127,4,High-Ca Pyroxene,6,440,256
HC,272,128,4,High-Ca Pyroxene,6,440,256
HC,272,129,4,High-Ca Pyroxene,6,440,256
HC,272,130,4,High-Ca Pyroxene,6,440,256
HC,272,155,2,Plagioclase,13,440,256
HC,272,156,2,Plagioclase,13,440,256
HC,272,157,2,Plagioclase,13,440,256
HC,272,158,2,Plagioclase,13,440,256
HC,272,159,2,Plagioclase,13,440,256
HC,272,160,2,Plagioclase,13,440,256
HC,272,161,2,Plagioclase,13,440,256
HC,272,162,2,Plagioclase,13,440,256
HC,272,293,4,High-Ca Pyroxene,6,440,256
HC,272,294,4,High-Ca Pyroxene,6,440,256
HC,272,295,4,High-Ca Pyroxene,6,440,256
HC,272,296,4,High-Ca Pyroxene,6,440,256
HC,272,297,4,High-Ca Pyroxene,6,440,256
HC,272,298,4,High-Ca Pyroxene,6,440,256
HC,272,299,4,High-Ca Pyroxene,6,440,256
HC,272,300,4,High-Ca Pyroxene,6,440,256
HC,272,301,4,High-Ca Pyroxene,6,440,256
HC,272,302,4,High-Ca Pyroxene,6,440,256
HC,272,366,6,Margarite,9,440,256
HC,272,367,6,Margarite,9,440,256
HC,273,120,4,High-Ca Pyroxene,6,440,256
HC,273,121,4,High-Ca Pyroxene,6,440,256
HC,273,122,4,High-Ca Pyroxene,6,440,256
HC,273,123,4,High-Ca Pyroxene,6,440,256
HC,273,124,4,High-Ca Pyroxene,6,440,256
HC,273,125,4,High-Ca Pyroxene,6,440,256
HC,273,126,4,High-Ca Pyroxene,6,440,256
HC,273,127,4,High-Ca Pyroxene,6,440,256
HC,273,128,4,High-Ca Pyroxene,6,440,256
HC,273,129,4,High-Ca Pyroxene,6,440,256
HC,273,130,4,High-Ca Pyroxene,6,440,256
HC,273,156,2,Plagioclase,13,440,256
HC,273,157,2,Plagioclase,13,440,256
HC,273,158,2,Plagioclase,13,440,256
HC,273,159,2,Plagioclase,13,440,256
HC,273,160,2,Plagioclase,13,440,256
HC,273,161,2,Plagioclase,13,440,256
HC,273,293,4,High-Ca Pyroxene,6,440,256
HC,273,294,4,High-Ca Pyroxene,6,440,256
HC,273,295,4,High-Ca Pyroxene,6,440,256
HC,273,296,4,High-Ca Pyroxene,6,440,256
HC,273,297,4,High-Ca Pyroxene,6,440,256
HC,273,298,4,High-Ca Pyroxene,6,440,256
HC,273,299,4,High-Ca Pyroxene,6,440,256
HC,273,300,4,High-Ca Pyroxene,6,440,256
HC,273,301,4,High-Ca Pyroxene,6,440,256
HC,273,302,4,High-Ca Pyroxene,6,440,256
HC,273,366,6,Margarite,9,440,256
HC,273,367,6,Margarite,9,440,256
HC,274,121,4,High-Ca Pyroxene,6,440,256
HC,274,122,4,High-Ca Pyroxene,6,440,256
HC,274,123,4,High-Ca Pyroxene,6,440,256
HC,274,124,4,High-Ca Pyroxene,6,440,256
HC,274,125,4,High-Ca Pyroxene,6,440,256
HC,274,126,4,High-Ca Pyroxene,6,440,256
HC,274,127,4,High-Ca Pyroxene,6,440,256
HC,274,128,4,High-Ca Pyroxene,6,440,256
HC,274,129,4,High-Ca Pyroxene,6,440,256
HC,274,293,4,High-Ca Pyroxene,6,440,256
HC,274,294,4,High-Ca Pyroxene,6,440,256
HC,274,295,4,High-Ca Pyroxene,6,440,256
HC,274,296,4,High-Ca Pyroxene,6,440,256
HC,274,297,4,High-Ca Pyroxene,6,440,256
HC,274,298,4,High-Ca Pyroxene,6,440,256
HC,274,299,4,High-Ca Pyroxene,6,440,256
HC,274,300,4,High-Ca Pyroxene,6,440,256
HC,274,301,4,High-Ca Pyroxene,6,440,256
HC,274,302,4,High-Ca Pyroxene,6,440,256
HC,274,353,6,Margarite,9,440,256
HC,274,354,6,Margarite,9,440,256
HC,274,355,6,Margarite,9,440,256
HC,274,365,6,Margarite,9,440,256
HC,274,366,6,Margarite,9,440,256
HC,274,367,6,Margarite,9,440,256
HC,275,124,4,High-Ca Pyroxene,6,440,256
HC,275,125,4,High-Ca Pyroxene,6,440,256
HC,275,126,4,High-Ca Pyroxene,6,440,256
HC,275,127,4,High-Ca Pyroxene,6,440,256
HC,275,128,4,High-Ca Pyroxene,6,440,256
HC,275,293,4,High-Ca Pyroxene,6,440,256
HC,275,294,4,High-Ca Pyroxene,6,440,256
HC,275,295,4,High-Ca Pyroxene,6,440,256
HC,275,296,4,High-Ca Pyroxene,6,440,256
HC,275,297,4,High-Ca Pyroxene,6,440,256
HC,275,298,4,High-Ca Pyroxene,6,440,256
HC,275,299,4,High-Ca Pyroxene,6,440,256
HC,275,300,4,High-Ca Pyroxene,6,440,256
HC,275,301,4,High-Ca Pyroxene,6,440,256
HC,275,302,4,High-Ca Pyroxene,6,440,256
HC,275,353,6,Margarite,9,440,256
HC,275,354,6,Margarite,9,440,256
HC,275,355,6,Margarite,9,440,256
HC,275,364,6,Margarite,9,440,256
HC,275,365,6,Margarite,9,440,256
HC,275,366,6,Margarite,9,440,256
HC,276,126,4,High-Ca Pyroxene,6,440,256
HC,276,127,4,High-Ca Pyroxene,6,440,256
HC,276,128,4,High-Ca Pyroxene,6,440,256
HC,276,293,4,High-Ca Pyroxene,6,440,256
HC,276,294,4,High-Ca Pyroxene,6,440,256
HC,276,295,4,High-Ca Pyroxene,6,440,256
HC,276,296,4,High-Ca Pyroxene,6,440,256
HC,276,297,4,High-Ca Pyroxene,6,440,256
HC,276,298,4,High-Ca Pyroxene,6,440,256
HC,276,299,4,High-Ca Pyroxene,6,440,256
HC,276,300,4,High-Ca Pyroxene,6,440,256
HC,276,301,4,High-Ca Pyroxene,6,440,256
HC,276,302,4,High-Ca Pyroxene,6,440,256
HC,276,353,6,Margarite,9,440,256
HC,276,354,6,Margarite,9,440,256
HC,276,355,6,Margarite,9,440,256
HC,276,364,6,Margarite,9,440,256
HC,276,365,6,Margarite,9,440,256
HC,276,366,6,Margarite,9,440,256
HC,277,293,4,High-Ca Pyroxene,6,440,256
HC,277,294,4,High-Ca Pyroxene,6,440,256
HC,277,295,4,High-Ca Pyroxene,6,440,256
HC,277,296,4,High-Ca Pyroxene,6,440,256
HC,277,297,4,High-Ca Pyroxene,6,440,256
HC,277,298,4,High-Ca Pyroxene,6,440,256
HC,277,299,4,High-Ca Pyroxene,6,440,256
HC,277,300,4,High-Ca Pyroxene,6,440,256
HC,277,301,4,High-Ca Pyroxene,6,440,256
HC,277,302,4,High-Ca Pyroxene,6,440,256
HC,278,294,4,High-Ca Pyroxene,6,440,256
HC,278,295,4,High-Ca Pyroxene,6,440,256
HC,278,296,4,High-Ca Pyroxene,6,440,256
HC,278,297,4,High-Ca Pyroxene,6,440,256
HC,278,298,4,High-Ca Pyroxene,6,440,256
HC,278,299,4,High-Ca Pyroxene,6,440,256
HC,278,300,4,High-Ca Pyroxene,6,440,256
HC,278,301,4,High-Ca Pyroxene,6,440,256
HC,278,302,4,High-Ca Pyroxene,6,440,256
HC,279,294,4,High-Ca Pyroxene,6,440,256
HC,279,295,4,High-Ca Pyroxene,6,440,256
HC,279,296,4,High-Ca Pyroxene,6,440,256
HC,279,297,4,High-Ca Pyroxene,6,440,256
HC,279,298,4,High-Ca Pyroxene,6,440,256
HC,279,299,4,High-Ca Pyroxene,6,440,256
HC,279,300,4,High-Ca Pyroxene,6,440,256
HC,279,301,4,High-Ca Pyroxene,6,440,256
HC,279,302,4,High-Ca Pyroxene,6,440,256
HC,280,295,4,High-Ca Pyroxene,6,440,256
HC,280,296,4,High-Ca Pyroxene,6,440,256
HC,280,297,4,High-Ca Pyroxene,6,440,256
HC,280,298,4,High-Ca Pyroxene,6,440,256
HC,280,299,4,High-Ca Pyroxene,6,440,256
HC,280,300,4,High-Ca Pyroxene,6,440,256
HC,280,301,4,High-Ca Pyroxene,6,440,256
HC,281,295,4,High-Ca Pyroxene,6,440,256
HC,281,296,4,High-Ca Pyroxene,6,440,256
HC,281,297,4,High-Ca Pyroxene,6,440,256
HC,281,298,4,High-Ca Pyroxene,6,440,256
HC,281,299,4,High-Ca Pyroxene,6,440,256
HC,281,300,4,High-Ca Pyroxene,6,440,256
HC,290,362,2,Plagioclase,13,440,256
HC,290,363,2,Plagioclase,13,440,256
HC,291,361,2,Plagioclase,13,440,256
HC,291,362,2,Plagioclase,13,440,256
HC,291,363,2,Plagioclase,13,440,256
HC,291,364,2,Plagioclase,13,440,256
HC,292,360,2,Plagioclase,13,440,256
HC,292,361,2,Plagioclase,13,440,256
HC,292,362,2,Plagioclase,13,440,256
HC,292,363,2,Plagioclase,13,440,256
HC,292,364,2,Plagioclase,13,440,256
HC,292,407,2,Plagioclase,13,440,256
HC,292,408,2,Plagioclase,13,440,256
HC,293,359,2,Plagioclase,13,440,256
HC,293,360,2,Plagioclase,13,440,256
HC,293,361,2,Plagioclase,13,440,256
HC,293,362,2,Plagioclase,13,440,256
HC,293,363,2,Plagioclase,13,440,256
HC,293,364,2,Plagioclase,13,440,256
HC,293,407,2,Plagioclase,13,440,256
HC,293,408,2,Plagioclase,13,440,256
HC,294,358,2,Plagioclase,13,440,256
HC,294,359,2,Plagioclase,13,440,256
HC,294,360,2,Plagioclase,13,440,256
HC,294,361,2,Plagioclase,13,440,256
HC,294,362,2,Plagioclase,13,440,256
HC,294,363,2,Plagioclase,13,440,256
HC,294,364,2,Plagioclase,13,440,256
HC,295,357,2,Plagioclase,13,440,256
HC,295,358,2,Plagioclase,13,440,256
HC,295,359,2,Plagioclase,13,440,256
HC,295,360,2,Plagioclase,13,440,256
HC,295,361,2,Plagioclase,13,440,256
HC,295,362,2,Plagioclase,13,440,256
HC,295,363,2,Plagioclase,13,440,256
HC,296,356,2,Plagioclase,13,440,256
HC,296,357,2,Plagioclase,13,440,256
HC,296,358,2,Plagioclase,13,440,256
HC,296,359,2,Plagioclase,13,440,256
HC,296,360,2,Plagioclase,13,440,256
HC,296,361,2,Plagioclase,13,440,256
HC,296,362,2,Plagioclase,13,440,256
HC,297,356,2,Plagioclase,13,440,256
HC,297,357,2,Plagioclase,13,440,256
HC,297,358,2,Plagioclase,13,440,256
HC,297,359,2,Plagioclase,13,440,256
HC,297,360,2,Plagioclase,13,440,256
HC,297,361,2,Plagioclase,13,440,256
HC,298,356,2,Plagioclase,13,440,256
HC,298,357,2,Plagioclase,13,440,256
HC,298,358,2,Plagioclase,13,440,256
HC,298,359,2,Plagioclase,13,440,256
HC,298,360,2,Plagioclase,13,440,256
HC,298,361,2,Plagioclase,13,440,256
HC,299,356,2,Plagioclase,13,440,256
HC,299,357,2,Plagioclase,13,440,256
HC,299,358,2,Plagioclase,13,440,256
HC,299,359,2,Plagioclase,13,440,256
HC,299,401,2,Plagioclase,13,440,256
HC,299,402,2,Plagioclase,13,440,256
HC,299,403,2,Plagioclase,13,440,256
HC,299,404,2,Plagioclase,13,440,256
HC,299,405,2,Plagioclase,13,440,256
HC,299,406,2,Plagioclase,13,440,256
HC,299,407,2,Plagioclase,13,440,256
HC,299,408,2,Plagioclase,13,440,256
HC,300,401,2,Plagioclase,13,440,256
HC,300,402,2,Plagioclase,13,440,256
HC,300,403,2,Plagioclase,13,440,256
HC,300,404,2,Plagioclase,13,440,256
HC,300,405,2,Plagioclase,13,440,256
HC,300,406,2,Plagioclase,13,440,256
HC,300,407,2,Plagioclase,13,440,256
HC,300,408,2,Plagioclase,13,440,256
HC,301,401,2,Plagioclase,13,440,256
HC,301,402,2,Plagioclase,13,440,256
HC,301,403,2,Plagioclase,13,440,256
HC,301,404,2,Plagioclase,13,440,256
HC,301,405,2,Plagioclase,13,440,256
HC,301,406,2,Plagioclase,13,440,256
HC,301,407,2,Plagioclase,13,440,256
HC,301,408,2,Plagioclase,13,440,256
HC,305,356,2,Plagioclase,13,440,256
HC,305,357,2,Plagioclase,13,440,256
HC,305,358,2,Plagioclase,13,440,256
HC,305,359,2,Plagioclase,13,440,256
HC,305,360,2,Plagioclase,13,440,256
HC,306,355,2,Plagioclase,13,440,256
HC,306,356,2,Plagioclase,13,440,256
HC,306,357,2,Plagioclase,13,440,256
HC,306,358,2,Plagioclase,13,440,256
HC,306,359,2,Plagioclase,13,440,256
HC,306,360,2,Plagioclase,13,440,256
HC,306,361,2,Plagioclase,13,440,256
HC,307,355,2,Plagioclase,13,440,256
HC,307,356,2,Plagioclase,13,440,256
HC,307,357,2,Plagioclase,13,440,256
HC,307,358,2,Plagioclase,13,440,256
HC,307,359,2,Plagioclase,13,440,256
HC,307,360,2,Plagioclase,13,440,256
HC,307,361,2,Plagioclase,13,440,256
HC,307,362,2,Plagioclase,13,440,256
HC,308,354,2,Plagioclase,13,440,256
HC,308,355,2,Plagioclase,13,440,256
HC,308,356,2,Plagioclase,13,440,256
HC,308,357,2,Plagioclase,13,440,256
HC,308,358,2,Plagioclase,13,440,256
HC,308,359,2,Plagioclase,13,440,256
HC,308,360,2,Plagioclase,13,440,256
HC,308,361,2,Plagioclase,13,440,256
HC,308,362,2,Plagioclase,13,440,256
HC,309,354,2,Plagioclase,13,440,256
HC,309,355,2,Plagioclase,13,440,256
HC,309,356,2,Plagioclase,13,440,256
HC,309,357,2,Plagioclase,13,440,256
HC,309,358,2,Plagioclase,13,440,256
HC,309,359,2,Plagioclase,13,440,256
HC,309,360,2,Plagioclase,13,440,256
HC,309,361,2,Plagioclase,13,440,256
HC,309,362,2,Plagioclase,13,440,256
HC,309,363,2,Plagioclase,13,440,256
HC,310,354,2,Plagioclase,13,440,256
HC,310,355,2,Plagioclase,13,440,256
HC,310,356,2,Plagioclase,13,440,256
HC,310,357,2,Plagioclase,13,440,256
HC,310,358,2,Plagioclase,13,440,256
HC,310,359,2,Plagioclase,13,440,256
HC,310,360,2,Plagioclase,13,440,256
HC,310,361,2,Plagioclase,13,440,256
HC,310,362,2,Plagioclase,13,440,256
HC,310,363,2,Plagioclase,13,440,256
HC,311,354,2,Plagioclase,13,440,256
HC,311,355,2,Plagioclase,13,440,256
HC,311,356,2,Plagioclase,13,440,256
HC,311,357,2,Plagioclase,13,440,256
HC,311,358,2,Plagioclase,13,440,256
HC,311,359,2,Plagioclase,13,440,256
HC,311,360,2,Plagioclase,13,440,256
HC,311,361,2,Plagioclase,13,440,256
HC,311,362,2,Plagioclase,13,440,256
HC,311,363,2,Plagioclase,13,440,256
HC,311,364,2,Plagioclase,13,440,256
HC,312,355,2,Plagioclase,13,440,256
HC,312,356,2,Plagioclase,13,440,256
HC,312,357,2,Plagioclase,13,440,256
HC,312,358,2,Plagioclase,13,440,256
HC,312,359,2,Plagioclase,13,440,256
HC,312,360,2,Plagioclase,13,440,256
HC,312,361,2,Plagioclase,13,440,256
HC,312,362,2,Plagioclase,13,440,256
HC,312,363,2,Plagioclase,13,440,256
HC,312,364,2,Plagioclase,13,440,256
HC,313,355,2,Plagioclase,13,440,256
HC,313,356,2,Plagioclase,13,440,256
HC,313,357,2,Plagioclase,13,440,256
HC,313,358,2,Plagioclase,13,440,256
HC,313,359,2,Plagioclase,13,440,256
HC,313,360,2,Plagioclase,13,440,256
HC,313,361,2,Plagioclase,13,440,256
HC,313,362,2,Plagioclase,13,440,256
HC,313,363,2,Plagioclase,13,440,256
HC,313,364,2,Plagioclase,13,440,256
HC,314,355,2,Plagioclase,13,440,256
HC,314,356,2,Plagioclase,13,440,256
HC,314,357,2,Plagioclase,13,440,256
HC,314,358,2,Plagioclase,13,440,256
HC,314,359,2,Plagioclase,13,440,256
HC,314,360,2,Plagioclase,13,440,256
HC,314,361,2,Plagioclase,13,440,256
HC,314,362,2,Plagioclase,13,440,256
HC,314,363,2,Plagioclase,13,440,256
HC,314,364,2,Plagioclase,13,440,256
HC,315,356,2,Plagioclase,13,440,256
HC,315,357,2,Plagioclase,13,440,256
HC,315,358,2,Plagioclase,13,440,256
HC,315,359,2,Plagioclase,13,440,256
HC,315,360,2,Plagioclase,13,440,256
HC,315,361,2,Plagioclase,13,440,256
HC,315,362,2,Plagioclase,13,440,256
HC,315,363,2,Plagioclase,13,440,256
HC,315,364,2,Plagioclase,13,440,256
HC,316,357,2,Plagioclase,13,440,256
HC,316,358,2,Plagioclase,13,440,256
HC,316,359,2,Plagioclase,13,440,256
HC,316,360,2,Plagioclase,13,440,256
HC,316,361,2,Plagioclase,13,440,256
HC,316,362,2,Plagioclase,13,440,256
HC,316,363,2,Plagioclase,13,440,256
HC,316,364,2,Plagioclase,13,440,256
HC,316,408,2,Plagioclase,13,440,256
HC,316,409,2,Plagioclase,13,440,256
HC,317,360,2,Plagioclase,13,440,256
HC,317,361,2,Plagioclase,13,440,256
HC,317,362,2,Plagioclase,13,440,256
HC,317,363,2,Plagioclase,13,440,256
HC,317,408,2,Plagioclase,13,440,256
HC,317,409,2,Plagioclase,13,440,256
HC,318,408,2,Plagioclase,13,440,256
HC,318,409,2,Plagioclase,13,440,256
HC,325,356,2,Plagioclase,13,440,256
HC,325,357,2,Plagioclase,13,440,256
HC,325,358,2,Plagioclase,13,440,256
HC,326,355,2,Plagioclase,13,440,256
HC,326,356,2,Plagioclase,13,440,256
HC,326,357,2,Plagioclase,13,440,256
HC,326,358,2,Plagioclase,13,440,256
HC,327,355,2,Plagioclase,13,440,256
HC,327,356,2,Plagioclase,13,440,256
HC,327,357,2,Plagioclase,13,440,256
HC,327,358,2,Plagioclase,13,440,256
HC,328,354,2,Plagioclase,13,440,256
HC,328,355,2,Plagioclase,13,440,256
HC,328,356,2,Plagioclase,13,440,256
HC,328,357,2,Plagioclase,13,440,256
HC,328,358,2,Plagioclase,13,440,256
HC,329,354,2,Plagioclase,13,440,256
HC,329,355,2,Plagioclase,13,440,256
HC,329,356,2,Plagioclase,13,440,256
HC,329,357,2,Plagioclase,13,440,256
HC,329,358,2,Plagioclase,13,440,256
HC,330,354,2,Plagioclase,13,440,256
HC,330,355,2,Plagioclase,13,440,256
HC,330,356,2,Plagioclase,13,440,256
HC,330,357,2,Plagioclase,13,440,256
HC,330,358,2,Plagioclase,13,440,256
HC,330,379,2,Plagioclase,13,440,256
HC,330,380,2,Plagioclase,13,440,256
HC,331,354,2,Plagioclase,13,440,256
HC,331,355,2,Plagioclase,13,440,256
HC,331,356,2,Plagioclase,13,440,256
HC,331,357,2,Plagioclase,13,440,256
HC,331,378,2,Plagioclase,13,440,256
HC,331,379,2,Plagioclase,13,440,256
HC,331,380,2,Plagioclase,13,440,256
HC,331,381,2,Plagioclase,13,440,256
HC,332,354,2,Plagioclase,13,440,256
HC,332,355,2,Plagioclase,13,440,256
HC,332,356,2,Plagioclase,13,440,256
HC,332,357,2,Plagioclase,13,440,256
HC,332,378,2,Plagioclase,13,440,256
HC,332,379,2,Plagioclase,13,440,256
HC,332,380,2,Plagioclase,13,440,256
HC,332,381,2,Plagioclase,13,440,256
HC,333,354,2,Plagioclase,13,440,256
HC,333,355,2,Plagioclase,13,440,256
HC,333,356,2,Plagioclase,13,440,256
HC,333,378,2,Plagioclase,13,440,256
HC,333,379,2,Plagioclase,13,440,256
HC,333,380,2,Plagioclase,13,440,256
HC,333,381,2,Plagioclase,13,440,256
HC,334,378,2,Plagioclase,13,440,256
HC,334,379,2,Plagioclase,13,440,256
HC,334,380,2,Plagioclase,13,440,256
HC,341,497,5,Serpentine,15,440,256
HC,341,498,5,Serpentine,15,440,256
HC,341,499,5,Serpentine,15,440,256
HC,341,500,5,Serpentine,15,440,256
HC,342,496,5,Serpentine,15,440,256
HC,342,497,5,Serpentine,15,440,256
HC,342,498,5,Serpentine,15,440,256
HC,342,499,5,Serpentine,15,440,256
HC,342,500,5,Serpentine,15,440,256
HC,342,501,5,Serpentine,15,440,256
HC,342,502,5,Serpentine,15,440,256
HC,343,496,5,Serpentine,15,440,256
HC,343,497,5,Serpentine,15,440,256
HC,343,498,5,Serpentine,15,440,256
HC,343,499,5,Serpentine,15,440,256
HC,343,500,5,Serpentine,15,440,256
HC,343,501,5,Serpentine,15,440,256
HC,343,502,5,Serpentine,15,440,256
HC,343,503,5,Serpentine,15,440,256
HC,344,348,2,Plagioclase,13,440,256
HC,344,349,2,Plagioclase,13,440,256
HC,344,350,2,Plagioclase,13,440,256
HC,344,497,5,Serpentine,15,440,256
HC,344,498,5,Serpentine,15,440,256
HC,344,499,5,Serpentine,15,440,256
HC,344,500,5,Serpentine,15,440,256
HC,344,501,5,Serpentine,15,440,256
HC,344,502,5,Serpentine,15,440,256
HC,344,503,5,Serpentine,15,440,256
HC,344,504,5,Serpentine,15,440,256
HC,344,505,5,Serpentine,15,440,256
HC,345,347,2,Plagioclase,13,440,256
HC,345,348,2,Plagioclase,13,440,256
HC,345,349,2,Plagioclase,13,440,256
HC,345,350,2,Plagioclase,13,440,256
HC,345,351,2,Plagioclase,13,440,256
HC,345,352,2,Plagioclase,13,440,256
HC,345,353,2,Plagioclase,13,440,256
HC,345,497,5,Serpentine,15,440,256
HC,345,498,5,Serpentine,15,440,256
HC,345,499,5,Serpentine,15,440,256
HC,345,500,5,Serpentine,15,440,256
HC,345,501,5,Serpentine,15,440,256
HC,345,502,5,Serpentine,15,440,256
HC,345,503,5,Serpentine,15,440,256
HC,345,504,5,Serpentine,15,440,256
HC,345,505,5,Serpentine,15,440,256
HC,345,506,5,Serpentine,15,440,256
HC,345,507,5,Serpentine,15,440,256
HC,346,346,2,Plagioclase,13,440,256
HC,346,347,2,Plagioclase,13,440,256
HC,346,348,2,Plagioclase,13,440,256
HC,346,349,2,Plagioclase,13,440,256
HC,346,350,2,Plagioclase,13,440,256
HC,346,351,2,Plagioclase,13,440,256
HC,346,352,2,Plagioclase,13,440,256
HC,346,353,2,Plagioclase,13,440,256
HC,346,354,2,Plagioclase,13,440,256
HC,346,498,5,Serpentine,15,440,256
HC,346,499,5,Serpentine,15,440,256
HC,346,500,5,Serpentine,15,440,256
HC,346,501,5,Serpentine,15,440,256
HC,346,502,5,Serpentine,15,440,256
HC,346,503,5,Serpentine,15,440,256
HC,346,504,5,Serpentine,15,440,256
HC,346,505,5,Serpentine,15,440,256
HC,346,506,5,Serpentine,15,440,256
HC,346,507,5,Serpentine,15,440,256
HC,346,508,5,Serpentine,15,440,256
HC,346,509,5,Serpentine,15,440,256
HC,347,345,2,Plagioclase,13,440,256
HC,347,346,2,Plagioclase,13,440,256
HC,347,347,2,Plagioclase,13,440,256
HC,347,348,2,Plagioclase,13,440,256
HC,347,349,2,Plagioclase,13,440,256
HC,347,350,2,Plagioclase,13,440,256
HC,347,351,2,Plagioclase,13,440,256
HC,347,352,2,Plagioclase,13,440,256
HC,347,353,2,Plagioclase,13,440,256
HC,347,354,2,Plagioclase,13,440,256
HC,347,355,2,Plagioclase,13,440,256
HC,347,498,5,Serpentine,15,440,256
HC,347,499,5,Serpentine,15,440,256
HC,347,500,5,Serpentine,15,440,256
HC,347,501,5,Serpentine,15,440,256
HC,347,502,5,Serpentine,15,440,256
HC,347,503,5,Serpentine,15,440,256
HC,347,504,5,Serpentine,15,440,256
HC,347,505,5,Serpentine,15,440,256
HC,347,506,5,Serpentine,15,440,256
HC,347,507,5,Serpentine,15,440,256
HC,347,508,5,Serpentine,15,440,256
HC,347,509,5,Serpentine,15,440,256
HC,348,345,2,Plagioclase,13,440,256
HC,348,346,2,Plagioclase,13,440,256
HC,348,347,2,Plagioclase,13,440,256
HC,348,348,2,Plagioclase,13,440,256
HC,348,349,2,Plagioclase,13,440,256
HC,348,350,2,Plagioclase,13,440,256
HC,348,351,2,Plagioclase,13,440,256
HC,348,352,2,Plagioclase,13,440,256
HC,348,353,2,Plagioclase,13,440,256
HC,348,354,2,Plagioclase,13,440,256
HC,348,355,2,Plagioclase,13,440,256
HC,348,499,5,Serpentine,15,440,256
HC,348,500,5,Serpentine,15,440,256
HC,348,501,5,Serpentine,15,440,256
HC,348,502,5,Serpentine,15,440,256
HC,348,503,5,Serpentine,15,440,256
HC,348,504,5,Serpentine,15,440,256
HC,348,505,5,Serpentine,15,440,256
HC,348,506,5,Serpentine,15,440,256
HC,348,507,5,Serpentine,15,440,256
HC,348,508,5,Serpentine,15,440,256
HC,348,509,5,Serpentine,15,440,256
HC,348,510,5,Serpentine,15,440,256
HC,349,344,2,Plagioclase,13,440,256
HC,349,345,2,Plagioclase,13,440,256
HC,349,346,2,Plagioclase,13,440,256
HC,349,347,2,Plagioclase,13,440,256
HC,349,348,2,Plagioclase,13,440,256
HC,349,349,2,Plagioclase,13,440,256
HC,349,350,2,Plagioclase,13,440,256
HC,349,351,2,Plagioclase,13,440,256
HC,349,352,2,Plagioclase,13,440,256
HC,349,353,2,Plagioclase,13,440,256
HC,349,354,2,Plagioclase,13,440,256
HC,349,355,2,Plagioclase,13,440,256
HC,349,356,2,Plagioclase,13,440,256
HC,349,500,5,Serpentine,15,440,256
HC,349,501,5,Serpentine,15,440,256
HC,349,502,5,Serpentine,15,440,256
HC,349,503,5,Serpentine,15,440,256
HC,349,504,5,Serpentine,15,440,256
HC,349,505,5,Serpentine,15,440,256
HC,349,506,5,Serpentine,15,440,256
HC,349,507,5,Serpentine,15,440,256
HC,349,508,5,Serpentine,15,440,256
HC,349,509,5,Serpentine,15,440,256
HC,349,510,5,Serpentine,15,440,256
HC,349,511,5,Serpentine,15,440,256
HC,350,344,2,Plagioclase,13,440,256
HC,350,345,2,Plagioclase,13,440,256
HC,350,346,2,Plagioclase,13,440,256
HC,350,347,2,Plagioclase,13,440,256
HC,350,348,2,Plagioclase,13,440,256
HC,350,349,2,Plagioclase,13,440,256
HC,350,350,2,Plagioclase,13,440,256
HC,350,351,2,Plagioclase,13,440,256
HC,350,352,2,Plagioclase,13,440,256
HC,350,353,2,Plagioclase,13,440,256
HC,350,354,2,Plagioclase,13,440,256
HC,350,355,2,Plagioclase,13,440,256
HC,350,356,2,Plagioclase,13,440,256
HC,350,501,5,Serpentine,15,440,256
HC,350,502,5,Serpentine,15,440,256
HC,350,503,5,Serpentine,15,440,256
HC,350,504,5,Serpentine,15,440,256
HC,350,505,5,Serpentine,15,440,256
HC,350,506,5,Serpentine,15,440,256
HC,350,507,5,Serpentine,15,440,256
HC,350,508,5,Serpentine,15,440,256
HC,350,509,5,Serpentine,15,440,256
HC,350,510,5,Serpentine,15,440,256
HC,350,511,5,Serpentine,15,440,256
HC,350,512,5,Serpentine,15,440,256
HC,351,344,2,Plagioclase,13,440,256
HC,351,345,2,Plagioclase,13,440,256
HC,351,346,2,Plagioclase,13,440,256
HC,351,347,2,Plagioclase,13,440,256
HC,351,348,2,Plagioclase,13,440,256
HC,351,349,2,Plagioclase,13,440,256
HC,351,350,2,Plagioclase,13,440,256
HC,351,351,2,Plagioclase,13,440,256
HC,351,352,2,Plagioclase,13,440,256
HC,351,353,2,Plagioclase,13,440,256
HC,351,354,2,Plagioclase,13,440,256
HC,351,355,2,Plagioclase,13,440,256
HC,351,356,2,Plagioclase,13,440,256
HC,351,357,2,Plagioclase,13,440,256
HC,351,503,5,Serpentine,15,440,256
HC,351,504,5,Serpentine,15,440,256
HC,351,505,5,Serpentine,15,440,256
HC,351,506,5,Serpentine,15,440,256
HC,351,507,5,Serpentine,15,440,256
HC,351,508,5,Serpentine,15,440,256
HC,351,509,5,Serpentine,15,440,256
HC,351,510,5,Serpentine,15,440,256
HC,351,511,5,Serpentine,15,440,256
HC,351,512,5,Serpentine,15,440,256
HC,351,513,5,Serpentine,15,440,256
HC,351,514,5,Serpentine,15,440,256
HC,352,344,2,Plagioclase,13,440,256
HC,352,345,2,Plagioclase,13,440,256
HC,352,346,2,Plagioclase,13,440,256
HC,352,347,2,Plagioclase,13,440,256
HC,352,348,2,Plagioclase,13,440,256
HC,352,349,2,Plagioclase,13,440,256
HC,352,350,2,Plagioclase,13,440,256
HC,352,351,2,Plagioclase,13,440,256
HC,352,352,2,Plagioclase,13,440,256
HC,352,353,2,Plagioclase,13,440,256
HC,352,354,2,Plagioclase,13,440,256
HC,352,355,2,Plagioclase,13,440,256
HC,352,356,2,Plagioclase,13,440,256
HC,352,357,2,Plagioclase,13,440,256
HC,352,504,5,Serpentine,15,440,256
HC,352,505,5,Serpentine,15,440,256
HC,352,506,5,Serpentine,15,440,256
HC,352,507,5,Serpentine,15,440,256
HC,352,508,5,Serpentine,15,440,256
HC,352,509,5,Serpentine,15,440,256
HC,352,510,5,Serpentine,15,440,256
HC,352,511,5,Serpentine,15,440,256
HC,352,512,5,Serpentine,15,440,256
HC,352,513,5,Serpentine,15,440,256
HC,352,514,5,Serpentine,15,440,256
HC,352,515,5,Serpentine,15,440,256
HC,352,516,5,Serpentine,15,440,256
HC,353,343,2,Plagioclase,13,440,256
HC,353,344,2,Plagioclase,13,440,256
HC,353,345,2,Plagioclase,13,440,256
HC,353,346,2,Plagioclase,13,440,256
HC,353,347,2,Plagioclase,13,440,256
HC,353,348,2,Plagioclase,13,440,256
HC,353,349,2,Plagioclase,13,440,256
HC,353,350,2,Plagioclase,13,440,256
HC,353,351,2,Plagioclase,13,440,256
HC,353,352,2,Plagioclase,13,440,256
HC,353,353,2,Plagioclase,13,440,256
HC,353,354,2,Plagioclase,13,440,256
HC,353,355,2,Plagioclase,13,440,256
HC,353,356,2,Plagioclase,13,440,256
HC,353,357,2,Plagioclase,13,440,256
HC,353,505,5,Serpentine,15,440,256
HC,353,506,5,Serpentine,15,440,256
HC,353,507,5,Serpentine,15,440,256
HC,353,508,5,Serpentine,15,440,256
HC,353,509,5,Serpentine,15,440,256
HC,353,510,5,Serpentine,15,440,256
HC,353,511,5,Serpentine,15,440,256
HC,353,512,5,Serpentine,15,440,256
HC,353,513,5,Serpentine,15,440,256
HC,353,514,5,Serpentine,15,440,256
HC,353,515,5,Serpentine,15,440,256
HC,353,516,5,Serpentine,15,440,256
HC,353,517,5,Serpentine,15,440,256
HC,353,518,5,Serpentine,15,440,256
HC,353,519,5,Serpentine,15,440,256
HC,354,343,2,Plagioclase,13,440,256
HC,354,344,2,Plagioclase,13,440,256
HC,354,345,2,Plagioclase,13,440,256
HC,354,346,2,Plagioclase,13,440,256
HC,354,347,2,Plagioclase,13,440,256
HC,354,348,2,Plagioclase,13,440,256
HC,354,349,2,Plagioclase,13,440,256
HC,354,350,2,Plagioclase,13,440,256
HC,354,351,2,Plagioclase,13,440,256
HC,354,352,2,Plagioclase,13,440,256
HC,354,353,2,Plagioclase,13,440,256
HC,354,354,2,Plagioclase,13,440,256
HC,354,355,2,Plagioclase,13,440,256
HC,354,356,2,Plagioclase,13,440,256
HC,354,357,2,Plagioclase,13,440,256
HC,354,507,5,Serpentine,15,440,256
HC,354,508,5,Serpentine,15,440,256
HC,354,509,5,Serpentine,15,440,256
HC,354,510,5,Serpentine,15,440,256
HC,354,511,5,Serpentine,15,440,256
HC,354,512,5,Serpentine,15,440,256
HC,354,513,5,Serpentine,15,440,256
HC,354,514,5,Serpentine,15,440,256
HC,354,515,5,Serpentine,15,440,256
HC,354,516,5,Serpentine,15,440,256
HC,354,517,5,Serpentine,15,440,256
HC,354,518,5,Serpentine,15,440,256
HC,354,519,5,Serpentine,15,440,256
HC,354,520,5,Serpentine,15,440,256
HC,354,521,5,Serpentine,15,440,256
HC,354,522,5,Serpentine,15,440,256
HC,354,523,5,Serpentine,15,440,256
HC,354,524,5,Serpentine,15,440,256
HC,355,343,2,Plagioclase,13,440,256
HC,355,344,2,Plagioclase,13,440,256
HC,355,345,2,Plagioclase,13,440,256
HC,355,346,2,Plagioclase,13,440,256
HC,355,347,2,Plagioclase,13,440,256
HC,355,348,2,Plagioclase,13,440,256
HC,355,349,2,Plagioclase,13,440,256
HC,355,350,2,Plagioclase,13,440,256
HC,355,351,2,Plagioclase,13,440,256
HC,355,352,2,Plagioclase,13,440,256
HC,355,353,2,Plagioclase,13,440,256
HC,355,354,2,Plagioclase,13,440,256
HC,355,355,2,Plagioclase,13,440,256
HC,355,356,2,Plagioclase,13,440,256
HC,355,357,2,Plagioclase,13,440,256
HC,355,508,5,Serpentine,15,440,256
HC,355,509,5,Serpentine,15,440,256
HC,355,510,5,Serpentine,15,440,256
HC,355,511,5,Serpentine,15,440,256
HC,355,512,5,Serpentine,15,440,256
HC,355,513,5,Serpentine,15,440,256
HC,355,514,5,Serpentine,15,440,256
HC,355,515,5,Serpentine,15,440,256
HC,355,516,5,Serpentine,15,440,256
HC,355,517,5,Serpentine,15,440,256
HC,355,518,5,Serpentine,15,440,256
HC,355,519,5,Serpentine,15,440,256
HC,355,520,5,Serpentine,15,440,256
HC,355,521,5,Serpentine,15,440,256
HC,355,522,5,Serpentine,15,440,256
HC,355,523,5,Serpentine,15,440,256
HC,355,524,5,Serpentine,15,440,256
HC,355,525,5,Serpentine,15,440,256
HC,356,343,2,Plagioclase,13,440,256
HC,356,344,2,Plagioclase,13,440,256
HC,356,345,2,Plagioclase,13,440,256
HC,356,346,2,Plagioclase,13,440,256
HC,356,347,2,Plagioclase,13,440,256
HC,356,348,2,Plagioclase,13,440,256
HC,356,349,2,Plagioclase,13,440,256
HC,356,350,2,Plagioclase,13,440,256
HC,356,351,2,Plagioclase,13,440,256
HC,356,352,2,Plagioclase,13,440,256
HC,356,353,2,Plagioclase,13,440,256
HC,356,354,2,Plagioclase,13,440,256
HC,356,355,2,Plagioclase,13,440,256
HC,356,356,2,Plagioclase,13,440,256
HC,356,357,2,Plagioclase,13,440,256
HC,356,510,5,Serpentine,15,440,256
HC,356,511,5,Serpentine,15,440,256
HC,356,512,5,Serpentine,15,440,256
HC,356,513,5,Serpentine,15,440,256
HC,356,514,5,Serpentine,15,440,256
HC,356,515,5,Serpentine,15,440,256
HC,356,516,5,Serpentine,15,440,256
HC,356,517,5,Serpentine,15,440,256
HC,356,518,5,Serpentine,15,440,256
HC,356,519,5,Serpentine,15,440,256
HC,356,520,5,Serpentine,15,440,256
HC,356,521,5,Serpentine,15,440,256
HC,356,522,5,Serpentine,15,440,256
HC,356,523,5,Serpentine,15,440,256
HC,356,524,5,Serpentine,15,440,256
HC,356,525,5,Serpentine,15,440,256
HC,357,343,2,Plagioclase,13,440,256
HC,357,344,2,Plagioclase,13,440,256
HC,357,345,2,Plagioclase,13,440,256
HC,357,346,2,Plagioclase,13,440,256
HC,357,347,2,Plagioclase,13,440,256
HC,357,348,2,Plagioclase,13,440,256
HC,357,349,2,Plagioclase,13,440,256
HC,357,350,2,Plagioclase,13,440,256
HC,357,351,2,Plagioclase,13,440,256
HC,357,352,2,Plagioclase,13,440,256
HC,357,353,2,Plagioclase,13,440,256
HC,357,354,2,Plagioclase,13,440,256
HC,357,355,2,Plagioclase,13,440,256
HC,357,356,2,Plagioclase,13,440,256
HC,357,357,2,Plagioclase,13,440,256
HC,357,512,5,Serpentine,15,440,256
HC,357,513,5,Serpentine,15,440,256
HC,357,514,5,Serpentine,15,440,256
HC,357,515,5,Serpentine,15,440,256
HC,357,516,5,Serpentine,15,440,256
HC,357,517,5,Serpentine,15,440,256
HC,357,518,5,Serpentine,15,440,256
HC,357,519,5,Serpentine,15,440,256
HC,357,520,5,Serpentine,15,440,256
HC,357,521,5,Serpentine,15,440,256
HC,357,522,5,Serpentine,15,440,256
HC,357,523,5,Serpentine,15,440,256
HC,357,524,5,Serpentine,15,440,256
HC,357,525,5,Serpentine,15,440,256
HC,358,343,2,Plagioclase,13,440,256
HC,358,344,2,Plagioclase,13,440,256
HC,358,345,2,Plagioclase,13,440,256
HC,358,346,2,Plagioclase,13,440,256
HC,358,347,2,Plagioclase,13,440,256
HC,358,348,2,Plagioclase,13,440,256
HC,358,349,2,Plagioclase,13,440,256
HC,358,350,2,Plagioclase,13,440,256
HC,358,351,2,Plagioclase,13,440,256
HC,358,352,2,Plagioclase,13,440,256
HC,358,353,2,Plagioclase,13,440,256
HC,358,354,2,Plagioclase,13,440,256
HC,358,355,2,Plagioclase,13,440,256
HC,358,356,2,Plagioclase,13,440,256
HC,358,357,2,Plagioclase,13,440,256
HC,358,515,5,Serpentine,15,440,256
HC,358,516,5,Serpentine,15,440,256
HC,358,517,5,Serpentine,15,440,256
HC,358,518,5,Serpentine,15,440,256
HC,358,519,5,Serpentine,15,440,256
HC,358,520,5,Serpentine,15,440,256
HC,358,521,5,Serpentine,15,440,256
HC,358,522,5,Serpentine,15,440,256
HC,359,343,2,Plagioclase,13,440,256
HC,359,344,2,Plagioclase,13,440,256
HC,359,345,2,Plagioclase,13,440,256
HC,359,346,2,Plagioclase,13,440,256
HC,359,347,2,Plagioclase,13,440,256
HC,359,348,2,Plagioclase,13,440,256
HC,359,349,2,Plagioclase,13,440,256
HC,359,350,2,Plagioclase,13,440,256
HC,359,351,2,Plagioclase,13,440,256
HC,359,352,2,Plagioclase,13,440,256
HC,359,353,2,Plagioclase,13,440,256
HC,359,354,2,Plagioclase,13,440,256
HC,359,355,2,Plagioclase,13,440,256
HC,359,356,2,Plagioclase,13,440,256
HC,359,357,2,Plagioclase,13,440,256
HC,360,344,2,Plagioclase,13,440,256
HC,360,345,2,Plagioclase,13,440,256
HC,360,346,2,Plagioclase,13,440,256
HC,360,347,2,Plagioclase,13,440,256
HC,360,348,2,Plagioclase,13,440,256
HC,360,349,2,Plagioclase,13,440,256
HC,360,350,2,Plagioclase,13,440,256
HC,360,351,2,Plagioclase,13,440,256
HC,360,352,2,Plagioclase,13,440,256
HC,360,353,2,Plagioclase,13,440,256
HC,360,354,2,Plagioclase,13,440,256
HC,360,355,2,Plagioclase,13,440,256
HC,360,356,2,Plagioclase,13,440,256
HC,360,357,2,Plagioclase,13,440,256
HC,360,387,2,Plagioclase,13,440,256
HC,360,388,2,Plagioclase,13,440,256
HC,360,389,2,Plagioclase,13,440,256
HC,360,390,2,Plagioclase,13,440,256
HC,360,392,2,Plagioclase,13,440,256
HC,360,393,2,Plagioclase,13,440,256
HC,361,344,2,Plagioclase,13,440,256
HC,361,345,2,Plagioclase,13,440,256
HC,361,346,2,Plagioclase,13,440,256
HC,361,347,2,Plagioclase,13,440,256
HC,361,348,2,Plagioclase,13,440,256
HC,361,349,2,Plagioclase,13,440,256
HC,361,350,2,Plagioclase,13,440,256
HC,361,351,2,Plagioclase,13,440,256
HC,361,352,2,Plagioclase,13,440,256
HC,361,353,2,Plagioclase,13,440,256
HC,361,354,2,Plagioclase,13,440,256
HC,361,355,2,Plagioclase,13,440,256
HC,361,356,2,Plagioclase,13,440,256
HC,361,357,2,Plagioclase,13,440,256
HC,361,385,2,Plagioclase,13,440,256
HC,361,386,2,Plagioclase,13,440,256
HC,361,387,2,Plagioclase,13,440,256
HC,361,388,2,Plagioclase,13,440,256
HC,361,389,2,Plagioclase,13,440,256
HC,361,390,2,Plagioclase,13,440,256
HC,361,391,2,Plagioclase,13,440,256
HC,361,392,2,Plagioclase,13,440,256
HC,361,393,2,Plagioclase,13,440,256
HC,361,394,2,Plagioclase,13,440,256
HC,361,395,2,Plagioclase,13,440,256
HC,362,344,2,Plagioclase,13,440,256
HC,362,345,2,Plagioclase,13,440,256
HC,362,346,2,Plagioclase,13,440,256
HC,362,347,2,Plagioclase,13,440,256
HC,362,348,2,Plagioclase,13,440,256
HC,362,349,2,Plagioclase,13,440,256
HC,362,350,2,Plagioclase,13,440,256
HC,362,351,2,Plagioclase,13,440,256
HC,362,352,2,Plagioclase,13,440,256
HC,362,353,2,Plagioclase,13,440,256
HC,362,354,2,Plagioclase,13,440,256
HC,362,355,2,Plagioclase,13,440,256
HC,362,356,2,Plagioclase,13,440,256
HC,362,383,2,Plagioclase,13,440,256
HC,362,384,2,Plagioclase,13,440,256
HC,362,385,2,Plagioclase,13,440,256
HC,362,386,2,Plagioclase,13,440,256
HC,362,387,2,Plagioclase,13,440,256
HC,362,388,2,Plagioclase,13,440,256
HC,362,389,2,Plagioclase,13,440,256
HC,362,390,2,Plagioclase,13,440,256
HC,362,391,2,Plagioclase,13,440,256
HC,362,392,2,Plagioclase,13,440,256
HC,362,393,2,Plagioclase,13,440,256
HC,362,394,2,Plagioclase,13,440,256
HC,362,395,2,Plagioclase,13,440,256
HC,363,344,2,Plagioclase,13,440,256
HC,363,345,2,Plagioclase,13,440,256
HC,363,346,2,Plagioclase,13,440,256
HC,363,347,2,Plagioclase,13,440,256
HC,363,348,2,Plagioclase,13,440,256
HC,363,349,2,Plagioclase,13,440,256
HC,363,350,2,Plagioclase,13,440,256
HC,363,351,2,Plagioclase,13,440,256
HC,363,352,2,Plagioclase,13,440,256
HC,363,353,2,Plagioclase,13,440,256
HC,363,354,2,Plagioclase,13,440,256
HC,363,355,2,Plagioclase,13,440,256
HC,363,356,2,Plagioclase,13,440,256
HC,363,382,2,Plagioclase,13,440,256
HC,363,383,2,Plagioclase,13,440,256
HC,363,384,2,Plagioclase,13,440,256
HC,363,385,2,Plagioclase,13,440,256
HC,363,386,2,Plagioclase,13,440,256
HC,363,387,2,Plagioclase,13,440,256
HC,363,388,2,Plagioclase,13,440,256
HC,363,389,2,Plagioclase,13,440,256
HC,363,390,2,Plagioclase,13,440,256
HC,363,391,2,Plagioclase,13,440,256
HC,363,392,2,Plagioclase,13,440,256
HC,363,393,2,Plagioclase,13,440,256
HC,363,394,2,Plagioclase,13,440,256
HC,363,395,2,Plagioclase,13,440,256
HC,363,396,2,Plagioclase,13,440,256
HC,364,345,2,Plagioclase,13,440,256
HC,364,346,2,Plagioclase,13,440,256
HC,364,347,2,Plagioclase,13,440,256
HC,364,348,2,Plagioclase,13,440,256
HC,364,349,2,Plagioclase,13,440,256
HC,364,350,2,Plagioclase,13,440,256
HC,364,351,2,Plagioclase,13,440,256
HC,364,352,2,Plagioclase,13,440,256
HC,364,353,2,Plagioclase,13,440,256
HC,364,354,2,Plagioclase,13,440,256
HC,364,355,2,Plagioclase,13,440,256
HC,364,356,2,Plagioclase,13,440,256
HC,364,382,2,Plagioclase,13,440,256
HC,364,383,2,Plagioclase,13,440,256
HC,364,384,2,Plagioclase,13,440,256
HC,364,385,2,Plagioclase,13,440,256
HC,364,386,2,Plagioclase,13,440,256
HC,364,387,2,Plagioclase,13,440,256
HC,364,388,2,Plagioclase,13,440,256
HC,364,389,2,Plagioclase,13,440,256
HC,364,390,2,Plagioclase,13,440,256
HC,364,391,2,Plagioclase,13,440,256
HC,364,392,2,Plagioclase,13,440,256
HC,364,393,2,Plagioclase,13,440,256
HC,364,394,2,Plagioclase,13,440,256
HC,364,395,2,Plagioclase,13,440,256
HC,364,396,2,Plagioclase,13,440,256
HC,365,345,2,Plagioclase,13,440,256
HC,365,346,2,Plagioclase,13,440,256
HC,365,347,2,Plagioclase,13,440,256
HC,365,348,2,Plagioclase,13,440,256
HC,365,349,2,Plagioclase,13,440,256
HC,365,350,2,Plagioclase,13,440,256
HC,365,351,2,Plagioclase,13,440,256
HC,365,352,2,Plagioclase,13,440,256
HC,365,353,2,Plagioclase,13,440,256
HC,365,354,2,Plagioclase,13,440,256
HC,365,355,2,Plagioclase,13,440,256
HC,365,382,2,Plagioclase,13,440,256
HC,365,383,2,Plagioclase,13,440,256
HC,365,384,2,Plagioclase,13,440,256
HC,365,385,2,Plagioclase,13,440,256
HC,365,386,2,Plagioclase,13,440,256
HC,365,387,2,Plagioclase,13,440,256
HC,365,388,2,Plagioclase,13,440,256
HC,365,389,2,Plagioclase,13,440,256
HC,365,390,2,Plagioclase,13,440,256
HC,365,391,2,Plagioclase,13,440,256
HC,365,392,2,Plagioclase,13,440,256
HC,365,393,2,Plagioclase,13,440,256
HC,365,394,2,Plagioclase,13,440,256
HC,365,395,2,Plagioclase,13,440,256
HC,365,396,2,Plagioclase,13,440,256
HC,366,345,2,Plagioclase,13,440,256
HC,366,346,2,Plagioclase,13,440,256
HC,366,347,2,Plagioclase,13,440,256
HC,366,348,2,Plagioclase,13,440,256
HC,366,349,2,Plagioclase,13,440,256
HC,366,350,2,Plagioclase,13,440,256
HC,366,351,2,Plagioclase,13,440,256
HC,366,352,2,Plagioclase,13,440,256
HC,366,353,2,Plagioclase,13,440,256
HC,366,354,2,Plagioclase,13,440,256
HC,366,355,2,Plagioclase,13,440,256
HC,366,381,2,Plagioclase,13,440,256
HC,366,382,2,Plagioclase,13,440,256
HC,366,383,2,Plagioclase,13,440,256
HC,366,384,2,Plagioclase,13,440,256
HC,366,385,2,Plagioclase,13,440,256
HC,366,386,2,Plagioclase,13,440,256
HC,366,387,2,Plagioclase,13,440,256
HC,366,388,2,Plagioclase,13,440,256
HC,366,389,2,Plagioclase,13,440,256
HC,366,390,2,Plagioclase,13,440,256
HC,366,391,2,Plagioclase,13,440,256
HC,366,392,2,Plagioclase,13,440,256
HC,366,393,2,Plagioclase,13,440,256
HC,366,394,2,Plagioclase,13,440,256
HC,366,395,2,Plagioclase,13,440,256
HC,366,396,2,Plagioclase,13,440,256
HC,367,346,2,Plagioclase,13,440,256
HC,367,347,2,Plagioclase,13,440,256
HC,367,348,2,Plagioclase,13,440,256
HC,367,349,2,Plagioclase,13,440,256
HC,367,350,2,Plagioclase,13,440,256
HC,367,351,2,Plagioclase,13,440,256
HC,367,352,2,Plagioclase,13,440,256
HC,367,353,2,Plagioclase,13,440,256
HC,367,354,2,Plagioclase,13,440,256
HC,367,381,2,Plagioclase,13,440,256
HC,367,382,2,Plagioclase,13,440,256
HC,367,383,2,Plagioclase,13,440,256
HC,367,384,2,Plagioclase,13,440,256
HC,367,385,2,Plagioclase,13,440,256
HC,367,386,2,Plagioclase,13,440,256
HC,367,387,2,Plagioclase,13,440,256
HC,367,388,2,Plagioclase,13,440,256
HC,367,389,2,Plagioclase,13,440,256
HC,367,390,2,Plagioclase,13,440,256
HC,367,391,2,Plagioclase,13,440,256
HC,367,392,2,Plagioclase,13,440,256
HC,367,393,2,Plagioclase,13,440,256
HC,367,394,2,Plagioclase,13,440,256
HC,367,395,2,Plagioclase,13,440,256
HC,367,396,2,Plagioclase,13,440,256
HC,367,407,5,Serpentine,15,440,256
HC,367,408,5,Serpentine,15,440,256
HC,367,409,5,Serpentine,15,440,256
HC,367,410,5,Serpentine,15,440,256
HC,367,411,5,Serpentine,15,440,256
HC,368,347,2,Plagioclase,13,440,256
HC,368,348,2,Plagioclase,13,440,256
HC,368,349,2,Plagioclase,13,440,256
HC,368,350,2,Plagioclase,13,440,256
HC,368,351,2,Plagioclase,13,440,256
HC,368,352,2,Plagioclase,13,440,256
HC,368,353,2,Plagioclase,13,440,256
HC,368,354,2,Plagioclase,13,440,256
HC,368,381,2,Plagioclase,13,440,256
HC,368,382,2,Plagioclase,13,440,256
HC,368,383,2,Plagioclase,13,440,256
HC,368,384,2,Plagioclase,13,440,256
HC,368,385,2,Plagioclase,13,440,256
HC,368,386,2,Plagioclase,13,440,256
HC,368,387,2,Plagioclase,13,440,256
HC,368,388,2,Plagioclase,13,440,256
HC,368,389,2,Plagioclase,13,440,256
HC,368,390,2,Plagioclase,13,440,256
HC,368,391,2,Plagioclase,13,440,256
HC,368,392,2,Plagioclase,13,440,256
HC,368,393,2,Plagioclase,13,440,256
HC,368,394,2,Plagioclase,13,440,256
HC,368,395,2,Plagioclase,13,440,256
HC,368,396,2,Plagioclase,13,440,256
HC,368,406,5,Serpentine,15,440,256
HC,368,407,5,Serpentine,15,440,256
HC,368,408,5,Serpentine,15,440,256
HC,368,409,5,Serpentine,15,440,256
HC,368,410,5,Serpentine,15,440,256
HC,368,411,5,Serpentine,15,440,256
HC,368,412,5,Serpentine,15,440,256
HC,368,413,5,Serpentine,15,440,256
HC,369,347,2,Plagioclase,13,440,256
HC,369,348,2,Plagioclase,13,440,256
HC,369,349,2,Plagioclase,13,440,256
HC,369,350,2,Plagioclase,13,440,256
HC,369,351,2,Plagioclase,13,440,256
HC,369,352,2,Plagioclase,13,440,256
HC,369,353,2,Plagioclase,13,440,256
HC,369,381,2,Plagioclase,13,440,256
HC,369,382,2,Plagioclase,13,440,256
HC,369,383,2,Plagioclase,13,440,256
HC,369,384,2,Plagioclase,13,440,256
HC,369,385,2,Plagioclase,13,440,256
HC,369,386,2,Plagioclase,13,440,256
HC,369,387,2,Plagioclase,13,440,256
HC,369,388,2,Plagioclase,13,440,256
HC,369,389,2,Plagioclase,13,440,256
HC,369,390,2,Plagioclase,13,440,256
HC,369,391,2,Plagioclase,13,440,256
HC,369,392,2,Plagioclase,13,440,256
HC,369,393,2,Plagioclase,13,440,256
HC,369,394,2,Plagioclase,13,440,256
HC,369,395,2,Plagioclase,13,440,256
HC,369,396,2,Plagioclase,13,440,256
HC,369,406,5,Serpentine,15,440,256
HC,369,407,5,Serpentine,15,440,256
HC,369,408,5,Serpentine,15,440,256
HC,369,409,5,Serpentine,15,440,256
HC,369,410,5,Serpentine,15,440,256
HC,369,411,5,Serpentine,15,440,256
HC,369,412,5,Serpentine,15,440,256
HC,369,413,5,Serpentine,15,440,256
HC,370,348,2,Plagioclase,13,440,256
HC,370,349,2,Plagioclase,13,440,256
HC,370,350,2,Plagioclase,13,440,256
HC,370,351,2,Plagioclase,13,440,256
HC,370,382,2,Plagioclase,13,440,256
HC,370,383,2,Plagioclase,13,440,256
HC,370,384,2,Plagioclase,13,440,256
HC,370,385,2,Plagioclase,13,440,256
HC,370,386,2,Plagioclase,13,440,256
HC,370,387,2,Plagioclase,13,440,256
HC,370,388,2,Plagioclase,13,440,256
HC,370,389,2,Plagioclase,13,440,256
HC,370,390,2,Plagioclase,13,440,256
HC,370,391,2,Plagioclase,13,440,256
HC,370,392,2,Plagioclase,13,440,256
HC,370,393,2,Plagioclase,13,440,256
HC,370,394,2,Plagioclase,13,440,256
HC,370,395,2,Plagioclase,13,440,256
HC,370,406,5,Serpentine,15,440,256
HC,370,407,5,Serpentine,15,440,256
HC,370,408,5,Serpentine,15,440,256
HC,370,409,5,Serpentine,15,440,256
HC,370,410,5,Serpentine,15,440,256
HC,370,411,5,Serpentine,15,440,256
HC,370,412,5,Serpentine,15,440,256
HC,370,413,5,Serpentine,15,440,256
HC,370,414,5,Serpentine,15,440,256
HC,371,382,2,Plagioclase,13,440,256
HC,371,383,2,Plagioclase,13,440,256
HC,371,384,2,Plagioclase,13,440,256
HC,371,385,2,Plagioclase,13,440,256
HC,371,386,2,Plagioclase,13,440,256
HC,371,387,2,Plagioclase,13,440,256
HC,371,388,2,Plagioclase,13,440,256
HC,371,389,2,Plagioclase,13,440,256
HC,371,390,2,Plagioclase,13,440,256
HC,371,391,2,Plagioclase,13,440,256
HC,371,392,2,Plagioclase,13,440,256
HC,371,393,2,Plagioclase,13,440,256
HC,371,406,5,Serpentine,15,440,256
HC,371,407,5,Serpentine,15,440,256
HC,371,408,5,Serpentine,15,440,256
HC,371,409,5,Serpentine,15,440,256
HC,371,410,5,Serpentine,15,440,256
HC,371,411,5,Serpentine,15,440,256
HC,371,412,5,Serpentine,15,440,256
HC,371,413,5,Serpentine,15,440,256
HC,371,414,5,Serpentine,15,440,256
HC,372,406,5,Serpentine,15,440,256
HC,372,407,5,Serpentine,15,440,256
HC,372,408,5,Serpentine,15,440,256
HC,372,409,5,Serpentine,15,440,256
HC,372,410,5,Serpentine,15,440,256
HC,372,411,5,Serpentine,15,440,256
HC,372,412,5,Serpentine,15,440,256
HC,372,413,5,Serpentine,15,440,256
HC,372,414,5,Serpentine,15,440,256
HC,373,407,5,Serpentine,15,440,256
HC,373,408,5,Serpentine,15,440,256
HC,373,409,5,Serpentine,15,440,256
HC,373,410,5,Serpentine,15,440,256
HC,373,411,5,Serpentine,15,440,256
HC,373,412,5,Serpentine,15,440,256
HC,373,413,5,Serpentine,15,440,256
HC,374,407,5,Serpentine,15,440,256
HC,374,408,5,Serpentine,15,440,256
HC,374,409,5,Serpentine,15,440,256
HC,374,410,5,Serpentine,15,440,256
HC,374,411,5,Serpentine,15,440,256
HC,374,412,5,Serpentine,15,440,256
HC,374,413,5,Serpentine,15,440,256
HC,375,407,5,Serpentine,15,440,256
HC,375,408,5,Serpentine,15,440,256
HC,375,409,5,Serpentine,15,440,256
HC,375,410,5,Serpentine,15,440,256
HC,375,411,5,Serpentine,15,440,256
HC,375,412,5,Serpentine,15,440,256
HC,376,408,5,Serpentine,15,440,256
HC,376,409,5,Serpentine,15,440,256
HC,376,410,5,Serpentine,15,440,256
HC,381,492,4,High-Ca Pyroxene,6,440,256
HC,381,493,4,High-Ca Pyroxene,6,440,256
HC,381,494,4,High-Ca Pyroxene,6,440,256
HC,381,495,4,High-Ca Pyroxene,6,440,256
HC,381,496,4,High-Ca Pyroxene,6,440,256
HC,381,497,4,High-Ca Pyroxene,6,440,256
HC,381,498,4,High-Ca Pyroxene,6,440,256
HC,381,499,4,High-Ca Pyroxene,6,440,256
HC,381,500,4,High-Ca Pyroxene,6,440,256
HC,381,501,4,High-Ca Pyroxene,6,440,256
HC,381,502,4,High-Ca Pyroxene,6,440,256
HC,382,481,4,High-Ca Pyroxene,6,440,256
HC,382,482,4,High-Ca Pyroxene,6,440,256
HC,382,483,4,High-Ca Pyroxene,6,440,256
HC,382,484,4,High-Ca Pyroxene,6,440,256
HC,382,485,4,High-Ca Pyroxene,6,440,256
HC,382,486,4,High-Ca Pyroxene,6,440,256
HC,382,487,4,High-Ca Pyroxene,6,440,256
HC,382,488,4,High-Ca Pyroxene,6,440,256
HC,382,489,4,High-Ca Pyroxene,6,440,256
HC,382,490,4,High-Ca Pyroxene,6,440,256
HC,382,491,4,High-Ca Pyroxene,6,440,256
HC,382,492,4,High-Ca Pyroxene,6,440,256
HC,382,493,4,High-Ca Pyroxene,6,440,256
HC,382,494,4,High-Ca Pyroxene,6,440,256
HC,382,495,4,High-Ca Pyroxene,6,440,256
HC,382,496,4,High-Ca Pyroxene,6,440,256
HC,382,497,4,High-Ca Pyroxene,6,440,256
HC,382,498,4,High-Ca Pyroxene,6,440,256
HC,382,499,4,High-Ca Pyroxene,6,440,256
HC,382,500,4,High-Ca Pyroxene,6,440,256
HC,382,501,4,High-Ca Pyroxene,6,440,256
HC,382,502,4,High-Ca Pyroxene,6,440,256
HC,382,503,4,High-Ca Pyroxene,6,440,256
HC,382,504,4,High-Ca Pyroxene,6,440,256
HC,383,474,4,High-Ca Pyroxene,6,440,256
HC,383,475,4,High-Ca Pyroxene,6,440,256
HC,383,476,4,High-Ca Pyroxene,6,440,256
HC,383,477,4,High-Ca Pyroxene,6,440,256
HC,383,478,4,High-Ca Pyroxene,6,440,256
HC,383,479,4,High-Ca Pyroxene,6,440,256
HC,383,480,4,High-Ca Pyroxene,6,440,256
HC,383,481,4,High-Ca Pyroxene,6,440,256
HC,383,482,4,High-Ca Pyroxene,6,440,256
HC,383,483,4,High-Ca Pyroxene,6,440,256
HC,383,484,4,High-Ca Pyroxene,6,440,256
HC,383,485,4,High-Ca Pyroxene,6,440,256
HC,383,486,4,High-Ca Pyroxene,6,440,256
HC,383,487,4,High-Ca Pyroxene,6,440,256
HC,383,488,4,High-Ca Pyroxene,6,440,256
HC,383,489,4,High-Ca Pyroxene,6,440,256
HC,383,490,4,High-Ca Pyroxene,6,440,256
HC,383,491,4,High-Ca Pyroxene,6,440,256
HC,383,492,4,High-Ca Pyroxene,6,440,256
HC,383,493,4,High-Ca Pyroxene,6,440,256
HC,383,494,4,High-Ca Pyroxene,6,440,256
HC,383,495,4,High-Ca Pyroxene,6,440,256
HC,383,496,4,High-Ca Pyroxene,6,440,256
HC,383,497,4,High-Ca Pyroxene,6,440,256
HC,383,498,4,High-Ca Pyroxene,6,440,256
HC,383,499,4,High-Ca Pyroxene,6,440,256
HC,383,500,4,High-Ca Pyroxene,6,440,256
HC,383,501,4,High-Ca Pyroxene,6,440,256
HC,383,502,4,High-Ca Pyroxene,6,440,256
HC,383,503,4,High-Ca Pyroxene,6,440,256
HC,383,504,4,High-Ca Pyroxene,6,440,256
HC,384,470,4,High-Ca Pyroxene,6,440,256
HC,384,471,4,High-Ca Pyroxene,6,440,256
HC,384,472,4,High-Ca Pyroxene,6,440,256
HC,384,473,4,High-Ca Pyroxene,6,440,256
HC,384,474,4,High-Ca Pyroxene,6,440,256
HC,384,475,4,High-Ca Pyroxene,6,440,256
HC,384,476,4,High-Ca Pyroxene,6,440,256
HC,384,477,4,High-Ca Pyroxene,6,440,256
HC,384,478,4,High-Ca Pyroxene,6,440,256
HC,384,479,4,High-Ca Pyroxene,6,440,256
HC,384,480,4,High-Ca Pyroxene,6,440,256
HC,384,481,4,High-Ca Pyroxene,6,440,256
HC,384,482,4,High-Ca Pyroxene,6,440,256
HC,384,483,4,High-Ca Pyroxene,6,440,256
HC,384,484,4,High-Ca Pyroxene,6,440,256
HC,384,485,4,High-Ca Pyroxene,6,440,256
HC,384,486,4,High-Ca Pyroxene,6,440,256
HC,384,487,4,High-Ca Pyroxene,6,440,256
HC,384,488,4,High-Ca Pyroxene,6,440,256
HC,384,489,4,High-Ca Pyroxene,6,440,256
HC,384,490,4,High-Ca Pyroxene,6,440,256
HC,384,491,4,High-Ca Pyroxene,6,440,256
HC,384,492,4,High-Ca Pyroxene,6,440,256
HC,384,493,4,High-Ca Pyroxene,6,440,256
HC,384,494,4,High-Ca Pyroxene,6,440,256
HC,384,495,4,High-Ca Pyroxene,6,440,256
HC,384,496,4,High-Ca Pyroxene,6,440,256
HC,384,497,4,High-Ca Pyroxene,6,440,256
HC,384,498,4,High-Ca Pyroxene,6,440,256
HC,384,499,4,High-Ca Pyroxene,6,440,256
HC,384,500,4,High-Ca Pyroxene,6,440,256
HC,384,501,4,High-Ca Pyroxene,6,440,256
HC,384,502,4,High-Ca Pyroxene,6,440,256
HC,384,503,4,High-Ca Pyroxene,6,440,256
HC,384,504,4,High-Ca Pyroxene,6,440,256
HC,384,505,4,High-Ca Pyroxene,6,440,256
HC,385,467,4,High-Ca Pyroxene,6,440,256
HC,385,468,4,High-Ca Pyroxene,6,440,256
HC,385,469,4,High-Ca Pyroxene,6,440,256
HC,385,470,4,High-Ca Pyroxene,6,440,256
HC,385,471,4,High-Ca Pyroxene,6,440,256
HC,385,472,4,High-Ca Pyroxene,6,440,256
HC,385,473,4,High-Ca Pyroxene,6,440,256
HC,385,474,4,High-Ca Pyroxene,6,440,256
HC,385,475,4,High-Ca Pyroxene,6,440,256
HC,385,476,4,High-Ca Pyroxene,6,440,256
HC,385,477,4,High-Ca Pyroxene,6,440,256
HC,385,478,4,High-Ca Pyroxene,6,440,256
HC,385,479,4,High-Ca Pyroxene,6,440,256
HC,385,480,4,High-Ca Pyroxene,6,440,256
HC,385,481,4,High-Ca Pyroxene,6,440,256
HC,385,482,4,High-Ca Pyroxene,6,440,256
HC,385,483,4,High-Ca Pyroxene,6,440,256
HC,385,484,4,High-Ca Pyroxene,6,440,256
HC,385,485,4,High-Ca Pyroxene,6,440,256
HC,385,486,4,High-Ca Pyroxene,6,440,256
HC,385,487,4,High-Ca Pyroxene,6,440,256
HC,385,488,4,High-Ca Pyroxene,6,440,256
HC,385,489,4,High-Ca Pyroxene,6,440,256
HC,385,490,4,High-Ca Pyroxene,6,440,256
HC,385,491,4,High-Ca Pyroxene,6,440,256
HC,385,492,4,High-Ca Pyroxene,6,440,256
HC,385,493,4,High-Ca Pyroxene,6,440,256
HC,385,494,4,High-Ca Pyroxene,6,440,256
HC,385,495,4,High-Ca Pyroxene,6,440,256
HC,385,496,4,High-Ca Pyroxene,6,440,256
HC,385,497,4,High-Ca Pyroxene,6,440,256
HC,385,498,4,High-Ca Pyroxene,6,440,256
HC,385,499,4,High-Ca Pyroxene,6,440,256
HC,385,500,4,High-Ca Pyroxene,6,440,256
HC,385,501,4,High-Ca Pyroxene,6,440,256
HC,385,502,4,High-Ca Pyroxene,6,440,256
HC,385,503,4,High-Ca Pyroxene,6,440,256
HC,385,504,4,High-Ca Pyroxene,6,440,256
HC,385,505,4,High-Ca Pyroxene,6,440,256
HC,386,460,4,High-Ca Pyroxene,6,440,256
HC,386,461,4,High-Ca Pyroxene,6,440,256
HC,386,462,4,High-Ca Pyroxene,6,440,256
HC,386,463,4,High-Ca Pyroxene,6,440,256
HC,386,464,4,High-Ca Pyroxene,6,440,256
HC,386,465,4,High-Ca Pyroxene,6,440,256
HC,386,466,4,High-Ca Pyroxene,6,440,256
HC,386,467,4,High-Ca Pyroxene,6,440,256
HC,386,468,4,High-Ca Pyroxene,6,440,256
HC,386,469,4,High-Ca Pyroxene,6,440,256
HC,386,470,4,High-Ca Pyroxene,6,440,256
HC,386,471,4,High-Ca Pyroxene,6,440,256
HC,386,472,4,High-Ca Pyroxene,6,440,256
HC,386,473,4,High-Ca Pyroxene,6,440,256
HC,386,474,4,High-Ca Pyroxene,6,440,256
HC,386,475,4,High-Ca Pyroxene,6,440,256
HC,386,476,4,High-Ca Pyroxene,6,440,256
HC,386,477,4,High-Ca Pyroxene,6,440,256
HC,386,478,4,High-Ca Pyroxene,6,440,256
HC,386,479,4,High-Ca Pyroxene,6,440,256
HC,386,480,4,High-Ca Pyroxene,6,440,256
HC,386,481,4,High-Ca Pyroxene,6,440,256
HC,386,482,4,High-Ca Pyroxene,6,440,256
HC,386,483,4,High-Ca Pyroxene,6,440,256
HC,386,484,4,High-Ca Pyroxene,6,440,256
HC,386,485,4,High-Ca Pyroxene,6,440,256
HC,386,486,4,High-Ca Pyroxene,6,440,256
HC,386,487,4,High-Ca Pyroxene,6,440,256
HC,386,488,4,High-Ca Pyroxene,6,440,256
HC,386,489,4,High-Ca Pyroxene,6,440,256
HC,386,490,4,High-Ca Pyroxene,6,440,256
HC,386,491,4,High-Ca Pyroxene,6,440,256
HC,386,492,4,High-Ca Pyroxene,6,440,256
HC,386,493,4,High-Ca Pyroxene,6,440,256
HC,386,494,4,High-Ca Pyroxene,6,440,256
HC,386,495,4,High-Ca Pyroxene,6,440,256
HC,386,496,4,High-Ca Pyroxene,6,440,256
HC,386,497,4,High-Ca Pyroxene,6,440,256
HC,386,498,4,High-Ca Pyroxene,6,440,256
HC,386,499,4,High-Ca Pyroxene,6,440,256
HC,386,500,4,High-Ca Pyroxene,6,440,256
HC,386,501,4,High-Ca Pyroxene,6,440,256
HC,386,502,4,High-Ca Pyroxene,6,440,256
HC,386,503,4,High-Ca Pyroxene,6,440,256
HC,386,504,4,High-Ca Pyroxene,6,440,256
HC,386,505,4,High-Ca Pyroxene,6,440,256
HC,386,506,4,High-Ca Pyroxene,6,440,256
HC,387,455,4,High-Ca Pyroxene,6,440,256
HC,387,456,4,High-Ca Pyroxene,6,440,256
HC,387,457,4,High-Ca Pyroxene,6,440,256
HC,387,458,4,High-Ca Pyroxene,6,440,256
HC,387,459,4,High-Ca Pyroxene,6,440,256
HC,387,460,4,High-Ca Pyroxene,6,440,256
HC,387,461,4,High-Ca Pyroxene,6,440,256
HC,387,462,4,High-Ca Pyroxene,6,440,256
HC,387,463,4,High-Ca Pyroxene,6,440,256
HC,387,464,4,High-Ca Pyroxene,6,440,256
HC,387,465,4,High-Ca Pyroxene,6,440,256
HC,387,466,4,High-Ca Pyroxene,6,440,256
HC,387,467,4,High-Ca Pyroxene,6,440,256
HC,387,468,4,High-Ca Pyroxene,6,440,256
HC,387,469,4,High-Ca Pyroxene,6,440,256
HC,387,470,4,High-Ca Pyroxene,6,440,256
HC,387,471,4,High-Ca Pyroxene,6,440,256
HC,387,472,4,High-Ca Pyroxene,6,440,256
HC,387,473,4,High-Ca Pyroxene,6,440,256
HC,387,474,4,High-Ca Pyroxene,6,440,256
HC,387,475,4,High-Ca Pyroxene,6,440,256
HC,387,476,4,High-Ca Pyroxene,6,440,256
HC,387,477,4,High-Ca Pyroxene,6,440,256
HC,387,478,4,High-Ca Pyroxene,6,440,256
HC,387,479,4,High-Ca Pyroxene,6,440,256
HC,387,480,4,High-Ca Pyroxene,6,440,256
HC,387,481,4,High-Ca Pyroxene,6,440,256
HC,387,482,4,High-Ca Pyroxene,6,440,256
HC,387,483,4,High-Ca Pyroxene,6,440,256
HC,387,484,4,High-Ca Pyroxene,6,440,256
HC,387,485,4,High-Ca Pyroxene,6,440,256
HC,387,486,4,High-Ca Pyroxene,6,440,256
HC,387,487,4,High-Ca Pyroxene,6,440,256
HC,387,488,4,High-Ca Pyroxene,6,440,256
HC,387,489,4,High-Ca Pyroxene,6,440,256
HC,387,490,4,High-Ca Pyroxene,6,440,256
HC,387,491,4,High-Ca Pyroxene,6,440,256
HC,387,492,4,High-Ca Pyroxene,6,440,256
HC,387,493,4,High-Ca Pyroxene,6,440,256
HC,387,494,4,High-Ca Pyroxene,6,440,256
HC,387,495,4,High-Ca Pyroxene,6,440,256
HC,387,496,4,High-Ca Pyroxene,6,440,256
HC,387,497,4,High-Ca Pyroxene,6,440,256
HC,387,498,4,High-Ca Pyroxene,6,440,256
HC,387,499,4,High-Ca Pyroxene,6,440,256
HC,387,500,4,High-Ca Pyroxene,6,440,256
HC,387,501,4,High-Ca Pyroxene,6,440,256
HC,387,502,4,High-Ca Pyroxene,6,440,256
HC,387,503,4,High-Ca Pyroxene,6,440,256
HC,387,504,4,High-Ca Pyroxene,6,440,256
HC,387,505,4,High-Ca Pyroxene,6,440,256
HC,387,506,4,High-Ca Pyroxene,6,440,256
HC,387,507,4,High-Ca Pyroxene,6,440,256
HC,388,449,4,High-Ca Pyroxene,6,440,256
HC,388,450,4,High-Ca Pyroxene,6,440,256
HC,388,451,4,High-Ca Pyroxene,6,440,256
HC,388,452,4,High-Ca Pyroxene,6,440,256
HC,388,453,4,High-Ca Pyroxene,6,440,256
HC,388,454,4,High-Ca Pyroxene,6,440,256
HC,388,455,4,High-Ca Pyroxene,6,440,256
HC,388,456,4,High-Ca Pyroxene,6,440,256
HC,388,457,4,High-Ca Pyroxene,6,440,256
HC,388,458,4,High-Ca Pyroxene,6,440,256
HC,388,459,4,High-Ca Pyroxene,6,440,256
HC,388,460,4,High-Ca Pyroxene,6,440,256
HC,388,461,4,High-Ca Pyroxene,6,440,256
HC,388,462,4,High-Ca Pyroxene,6,440,256
HC,388,463,4,High-Ca Pyroxene,6,440,256
HC,388,464,4,High-Ca Pyroxene,6,440,256
HC,388,465,4,High-Ca Pyroxene,6,440,256
HC,388,466,4,High-Ca Pyroxene,6,440,256
HC,388,467,4,High-Ca Pyroxene,6,440,256
HC,388,468,4,High-Ca Pyroxene,6,440,256
HC,388,469,4,High-Ca Pyroxene,6,440,256
HC,388,470,4,High-Ca Pyroxene,6,440,256
HC,388,471,4,High-Ca Pyroxene,6,440,256
HC,388,472,4,High-Ca Pyroxene,6,440,256
HC,388,473,4,High-Ca Pyroxene,6,440,256
HC,388,474,4,High-Ca Pyroxene,6,440,256
HC,388,475,4,High-Ca Pyroxene,6,440,256
HC,388,476,4,High-Ca Pyroxene,6,440,256
HC,388,477,4,High-Ca Pyroxene,6,440,256
HC,388,478,4,High-Ca Pyroxene,6,440,256
HC,388,479,4,High-Ca Pyroxene,6,440,256
HC,388,480,4,High-Ca Pyroxene,6,440,256
HC,388,481,4,High-Ca Pyroxene,6,440,256
HC,388,482,4,High-Ca Pyroxene,6,440,256
HC,388,483,4,High-Ca Pyroxene,6,440,256
HC,388,484,4,High-Ca Pyroxene,6,440,256
HC,388,485,4,High-Ca Pyroxene,6,440,256
HC,388,486,4,High-Ca Pyroxene,6,440,256
HC,388,487,4,High-Ca Pyroxene,6,440,256
HC,388,488,4,High-Ca Pyroxene,6,440,256
HC,388,489,4,High-Ca Pyroxene,6,440,256
HC,388,490,4,High-Ca Pyroxene,6,440,256
HC,388,491,4,High-Ca Pyroxene,6,440,256
HC,388,492,4,High-Ca Pyroxene,6,440,256
HC,388,493,4,High-Ca Pyroxene,6,440,256
HC,388,494,4,High-Ca Pyroxene,6,440,256
HC,388,495,4,High-Ca Pyroxene,6,440,256
HC,388,496,4,High-Ca Pyroxene,6,440,256
HC,388,497,4,High-Ca Pyroxene,6,440,256
HC,388,498,4,High-Ca Pyroxene,6,440,256
HC,388,499,4,High-Ca Pyroxene,6,440,256
HC,388,500,4,High-Ca Pyroxene,6,440,256
HC,388,501,4,High-Ca Pyroxene,6,440,256
HC,388,502,4,High-Ca Pyroxene,6,440,256
HC,388,503,4,High-Ca Pyroxene,6,440,256
HC,388,504,4,High-Ca Pyroxene,6,440,256
HC,388,505,4,High-Ca Pyroxene,6,440,256
HC,388,506,4,High-Ca Pyroxene,6,440,256
HC,388,507,4,High-Ca Pyroxene,6,440,256
HC,389,445,4,High-Ca Pyroxene,6,440,256
HC,389,446,4,High-Ca Pyroxene,6,440,256
HC,389,447,4,High-Ca Pyroxene,6,440,256
HC,389,448,4,High-Ca Pyroxene,6,440,256
HC,389,449,4,High-Ca Pyroxene,6,440,256
HC,389,450,4,High-Ca Pyroxene,6,440,256
HC,389,451,4,High-Ca Pyroxene,6,440,256
HC,389,452,4,High-Ca Pyroxene,6,440,256
HC,389,453,4,High-Ca Pyroxene,6,440,256
HC,389,454,4,High-Ca Pyroxene,6,440,256
HC,389,455,4,High-Ca Pyroxene,6,440,256
HC,389,456,4,High-Ca Pyroxene,6,440,256
HC,389,457,4,High-Ca Pyroxene,6,440,256
HC,389,458,4,High-Ca Pyroxene,6,440,256
HC,389,459,4,High-Ca Pyroxene,6,440,256
HC,389,460,4,High-Ca Pyroxene,6,440,256
HC,389,461,4,High-Ca Pyroxene,6,440,256
HC,389,462,4,High-Ca Pyroxene,6,440,256
HC,389,463,4,High-Ca Pyroxene,6,440,256
HC,389,464,4,High-Ca Pyroxene,6,440,256
HC,389,465,4,High-Ca Pyroxene,6,440,256
HC,389,466,4,High-Ca Pyroxene,6,440,256
HC,389,467,4,High-Ca Pyroxene,6,440,256
HC,389,468,4,High-Ca Pyroxene,6,440,256
HC,389,469,4,High-Ca Pyroxene,6,440,256
HC,389,470,4,High-Ca Pyroxene,6,440,256
HC,389,471,4,High-Ca Pyroxene,6,440,256
HC,389,472,4,High-Ca Pyroxene,6,440,256
HC,389,473,4,High-Ca Pyroxene,6,440,256
HC,389,474,4,High-Ca Pyroxene,6,440,256
HC,389,475,4,High-Ca Pyroxene,6,440,256
HC,389,476,4,High-Ca Pyroxene,6,440,256
HC,389,477,4,High-Ca Pyroxene,6,440,256
HC,389,478,4,High-Ca Pyroxene,6,440,256
HC,389,479,4,High-Ca Pyroxene,6,440,256
HC,389,480,4,High-Ca Pyroxene,6,440,256
HC,389,481,4,High-Ca Pyroxene,6,440,256
HC,389,482,4,High-Ca Pyroxene,6,440,256
HC,389,483,4,High-Ca Pyroxene,6,440,256
HC,389,484,4,High-Ca Pyroxene,6,440,256
HC,389,485,4,High-Ca Pyroxene,6,440,256
HC,389,486,4,High-Ca Pyroxene,6,440,256
HC,389,487,4,High-Ca Pyroxene,6,440,256
HC,389,488,4,High-Ca Pyroxene,6,440,256
HC,389,489,4,High-Ca Pyroxene,6,440,256
HC,389,490,4,High-Ca Pyroxene,6,440,256
HC,389,491,4,High-Ca Pyroxene,6,440,256
HC,389,492,4,High-Ca Pyroxene,6,440,256
HC,389,493,4,High-Ca Pyroxene,6,440,256
HC,389,494,4,High-Ca Pyroxene,6,440,256
HC,389,495,4,High-Ca Pyroxene,6,440,256
HC,389,496,4,High-Ca Pyroxene,6,440,256
HC,389,497,4,High-Ca Pyroxene,6,440,256
HC,389,498,4,High-Ca Pyroxene,6,440,256
HC,389,499,4,High-Ca Pyroxene,6,440,256
HC,389,500,4,High-Ca Pyroxene,6,440,256
HC,389,501,4,High-Ca Pyroxene,6,440,256
HC,389,502,4,High-Ca Pyroxene,6,440,256
HC,389,503,4,High-Ca Pyroxene,6,440,256
HC,389,504,4,High-Ca Pyroxene,6,440,256
HC,389,505,4,High-Ca Pyroxene,6,440,256
HC,389,506,4,High-Ca Pyroxene,6,440,256
HC,389,507,4,High-Ca Pyroxene,6,440,256
HC,389,508,4,High-Ca Pyroxene,6,440,256
HC,390,431,4,High-Ca Pyroxene,6,440,256
HC,390,432,4,High-Ca Pyroxene,6,440,256
HC,390,433,4,High-Ca Pyroxene,6,440,256
HC,390,434,4,High-Ca Pyroxene,6,440,256
HC,390,435,4,High-Ca Pyroxene,6,440,256
HC,390,436,4,High-Ca Pyroxene,6,440,256
HC,390,437,4,High-Ca Pyroxene,6,440,256
HC,390,438,4,High-Ca Pyroxene,6,440,256
HC,390,439,4,High-Ca Pyroxene,6,440,256
HC,390,440,4,High-Ca Pyroxene,6,440,256
HC,390,441,4,High-Ca Pyroxene,6,440,256
HC,390,442,4,High-Ca Pyroxene,6,440,256
HC,390,443,4,High-Ca Pyroxene,6,440,256
HC,390,444,4,High-Ca Pyroxene,6,440,256
HC,390,445,4,High-Ca Pyroxene,6,440,256
HC,390,446,4,High-Ca Pyroxene,6,440,256
HC,390,447,4,High-Ca Pyroxene,6,440,256
HC,390,448,4,High-Ca Pyroxene,6,440,256
HC,390,449,4,High-Ca Pyroxene,6,440,256
HC,390,450,4,High-Ca Pyroxene,6,440,256
HC,390,451,4,High-Ca Pyroxene,6,440,256
HC,390,452,4,High-Ca Pyroxene,6,440,256
HC,390,453,4,High-Ca Pyroxene,6,440,256
HC,390,454,4,High-Ca Pyroxene,6,440,256
HC,390,455,4,High-Ca Pyroxene,6,440,256
HC,390,456,4,High-Ca Pyroxene,6,440,256
HC,390,457,4,High-Ca Pyroxene,6,440,256
HC,390,458,4,High-Ca Pyroxene,6,440,256
HC,390,459,4,High-Ca Pyroxene,6,440,256
HC,390,460,4,High-Ca Pyroxene,6,440,256
HC,390,461,4,High-Ca Pyroxene,6,440,256
HC,390,462,4,High-Ca Pyroxene,6,440,256
HC,390,463,4,High-Ca Pyroxene,6,440,256
HC,390,464,4,High-Ca Pyroxene,6,440,256
HC,390,465,4,High-Ca Pyroxene,6,440,256
HC,390,466,4,High-Ca Pyroxene,6,440,256
HC,390,467,4,High-Ca Pyroxene,6,440,256
HC,390,468,4,High-Ca Pyroxene,6,440,256
HC,390,469,4,High-Ca Pyroxene,6,440,256
HC,390,470,4,High-Ca Pyroxene,6,440,256
HC,390,471,4,High-Ca Pyroxene,6,440,256
HC,390,472,4,High-Ca Pyroxene,6,440,256
HC,390,473,4,High-Ca Pyroxene,6,440,256
HC,390,474,4,High-Ca Pyroxene,6,440,256
HC,390,475,4,High-Ca Pyroxene,6,440,256
HC,390,476,4,High-Ca Pyroxene,6,440,256
HC,390,477,4,High-Ca Pyroxene,6,440,256
HC,390,478,4,High-Ca Pyroxene,6,440,256
HC,390,479,4,High-Ca Pyroxene,6,440,256
HC,390,480,4,High-Ca Pyroxene,6,440,256
HC,390,481,4,High-Ca Pyroxene,6,440,256
HC,390,482,4,High-Ca Pyroxene,6,440,256
HC,390,483,4,High-Ca Pyroxene,6,440,256
HC,390,484,4,High-Ca Pyroxene,6,440,256
HC,390,485,4,High-Ca Pyroxene,6,440,256
HC,390,486,4,High-Ca Pyroxene,6,440,256
HC,390,487,4,High-Ca Pyroxene,6,440,256
HC,390,488,4,High-Ca Pyroxene,6,440,256
HC,390,489,4,High-Ca Pyroxene,6,440,256
HC,390,490,4,High-Ca Pyroxene,6,440,256
HC,390,491,4,High-Ca Pyroxene,6,440,256
HC,390,492,4,High-Ca Pyroxene,6,440,256
HC,390,493,4,High-Ca Pyroxene,6,440,256
HC,390,494,4,High-Ca Pyroxene,6,440,256
HC,390,495,4,High-Ca Pyroxene,6,440,256
HC,390,496,4,High-Ca Pyroxene,6,440,256
HC,390,497,4,High-Ca Pyroxene,6,440,256
HC,390,498,4,High-Ca Pyroxene,6,440,256
HC,390,499,4,High-Ca Pyroxene,6,440,256
HC,390,500,4,High-Ca Pyroxene,6,440,256
HC,390,501,4,High-Ca Pyroxene,6,440,256
HC,390,502,4,High-Ca Pyroxene,6,440,256
HC,390,503,4,High-Ca Pyroxene,6,440,256
HC,390,504,4,High-Ca Pyroxene,6,440,256
HC,390,505,4,High-Ca Pyroxene,6,440,256
HC,390,506,4,High-Ca Pyroxene,6,440,256
HC,390,507,4,High-Ca Pyroxene,6,440,256
HC,390,508,4,High-Ca Pyroxene,6,440,256
HC,391,428,4,High-Ca Pyroxene,6,440,256
HC,391,429,4,High-Ca Pyroxene,6,440,256
HC,391,430,4,High-Ca Pyroxene,6,440,256
HC,391,431,4,High-Ca Pyroxene,6,440,256
HC,391,432,4,High-Ca Pyroxene,6,440,256
HC,391,433,4,High-Ca Pyroxene,6,440,256
HC,391,434,4,High-Ca Pyroxene,6,440,256
HC,391,435,4,High-Ca Pyroxene,6,440,256
HC,391,436,4,High-Ca Pyroxene,6,440,256
HC,391,437,4,High-Ca Pyroxene,6,440,256
HC,391,438,4,High-Ca Pyroxene,6,440,256
HC,391,439,4,High-Ca Pyroxene,6,440,256
HC,391,440,4,High-Ca Pyroxene,6,440,256
HC,391,441,4,High-Ca Pyroxene,6,440,256
HC,391,442,4,High-Ca Pyroxene,6,440,256
HC,391,443,4,High-Ca Pyroxene,6,440,256
HC,391,444,4,High-Ca Pyroxene,6,440,256
HC,391,445,4,High-Ca Pyroxene,6,440,256
HC,391,446,4,High-Ca Pyroxene,6,440,256
HC,391,447,4,High-Ca Pyroxene,6,440,256
HC,391,448,4,High-Ca Pyroxene,6,440,256
HC,391,449,4,High-Ca Pyroxene,6,440,256
HC,391,450,4,High-Ca Pyroxene,6,440,256
HC,391,451,4,High-Ca Pyroxene,6,440,256
HC,391,452,4,High-Ca Pyroxene,6,440,256
HC,391,453,4,High-Ca Pyroxene,6,440,256
HC,391,454,4,High-Ca Pyroxene,6,440,256
HC,391,455,4,High-Ca Pyroxene,6,440,256
HC,391,456,4,High-Ca Pyroxene,6,440,256
HC,391,457,4,High-Ca Pyroxene,6,440,256
HC,391,458,4,High-Ca Pyroxene,6,440,256
HC,391,459,4,High-Ca Pyroxene,6,440,256
HC,391,460,4,High-Ca Pyroxene,6,440,256
HC,391,461,4,High-Ca Pyroxene,6,440,256
HC,391,462,4,High-Ca Pyroxene,6,440,256
HC,391,463,4,High-Ca Pyroxene,6,440,256
HC,391,464,4,High-Ca Pyroxene,6,440,256
HC,391,465,4,High-Ca Pyroxene,6,440,256
HC,391,466,4,High-Ca Pyroxene,6,440,256
HC,391,467,4,High-Ca Pyroxene,6,440,256
HC,391,468,4,High-Ca Pyroxene,6,440,256
HC,391,469,4,High-Ca Pyroxene,6,440,256
HC,391,470,4,High-Ca Pyroxene,6,440,256
HC,391,471,4,High-Ca Pyroxene,6,440,256
HC,391,472,4,High-Ca Pyroxene,6,440,256
HC,391,473,4,High-Ca Pyroxene,6,440,256
HC,391,474,4,High-Ca Pyroxene,6,440,256
HC,391,475,4,High-Ca Pyroxene,6,440,256
HC,391,476,4,High-Ca Pyroxene,6,440,256
HC,391,477,4,High-Ca Pyroxene,6,440,256
HC,391,478,4,High-Ca Pyroxene,6,440,256
HC,391,479,4,High-Ca Pyroxene,6,440,256
HC,391,480,4,High-Ca Pyroxene,6,440,256
HC,391,481,4,High-Ca Pyroxene,6,440,256
HC,391,482,4,High-Ca Pyroxene,6,440,256
HC,391,483,4,High-Ca Pyroxene,6,440,256
HC,391,484,4,High-Ca Pyroxene,6,440,256
HC,391,485,4,High-Ca Pyroxene,6,440,256
HC,391,486,4,High-Ca Pyroxene,6,440,256
HC,391,487,4,High-Ca Pyroxene,6,440,256
HC,391,488,4,High-Ca Pyroxene,6,440,256
HC,391,489,4,High-Ca Pyroxene,6,440,256
HC,391,490,4,High-Ca Pyroxene,6,440,256
HC,391,491,4,High-Ca Pyroxene,6,440,256
HC,391,492,4,High-Ca Pyroxene,6,440,256
HC,391,493,4,High-Ca Pyroxene,6,440,256
HC,391,494,4,High-Ca Pyroxene,6,440,256
HC,391,495,4,High-Ca Pyroxene,6,440,256
HC,391,496,4,High-Ca Pyroxene,6,440,256
HC,391,497,4,High-Ca Pyroxene,6,440,256
HC,391,498,4,High-Ca Pyroxene,6,440,256
HC,391,499,4,High-Ca Pyroxene,6,440,256
HC,391,500,4,High-Ca Pyroxene,6,440,256
HC,391,501,4,High-Ca Pyroxene,6,440,256
HC,391,502,4,High-Ca Pyroxene,6,440,256
HC,391,503,4,High-Ca Pyroxene,6,440,256
HC,391,504,4,High-Ca Pyroxene,6,440,256
HC,391,505,4,High-Ca Pyroxene,6,440,256
HC,391,506,4,High-Ca Pyroxene,6,440,256
HC,391,507,4,High-Ca Pyroxene,6,440,256
HC,391,508,4,High-Ca Pyroxene,6,440,256
HC,392,425,4,High-Ca Pyroxene,6,440,256
HC,392,426,4,High-Ca Pyroxene,6,440,256
HC,392,427,4,High-Ca Pyroxene,6,440,256
HC,392,428,4,High-Ca Pyroxene,6,440,256
HC,392,429,4,High-Ca Pyroxene,6,440,256
HC,392,430,4,High-Ca Pyroxene,6,440,256
HC,392,431,4,High-Ca Pyroxene,6,440,256
HC,392,432,4,High-Ca Pyroxene,6,440,256
HC,392,433,4,High-Ca Pyroxene,6,440,256
HC,392,434,4,High-Ca Pyroxene,6,440,256
HC,392,435,4,High-Ca Pyroxene,6,440,256
HC,392,436,4,High-Ca Pyroxene,6,440,256
HC,392,437,4,High-Ca Pyroxene,6,440,256
HC,392,438,4,High-Ca Pyroxene,6,440,256
HC,392,439,4,High-Ca Pyroxene,6,440,256
HC,392,440,4,High-Ca Pyroxene,6,440,256
HC,392,441,4,High-Ca Pyroxene,6,440,256
HC,392,442,4,High-Ca Pyroxene,6,440,256
HC,392,443,4,High-Ca Pyroxene,6,440,256
HC,392,444,4,High-Ca Pyroxene,6,440,256
HC,392,445,4,High-Ca Pyroxene,6,440,256
HC,392,446,4,High-Ca Pyroxene,6,440,256
HC,392,447,4,High-Ca Pyroxene,6,440,256
HC,392,448,4,High-Ca Pyroxene,6,440,256
HC,392,449,4,High-Ca Pyroxene,6,440,256
HC,392,450,4,High-Ca Pyroxene,6,440,256
HC,392,451,4,High-Ca Pyroxene,6,440,256
HC,392,452,4,High-Ca Pyroxene,6,440,256
HC,392,453,4,High-Ca Pyroxene,6,440,256
HC,392,454,4,High-Ca Pyroxene,6,440,256
HC,392,455,4,High-Ca Pyroxene,6,440,256
HC,392,456,4,High-Ca Pyroxene,6,440,256
HC,392,457,4,High-Ca Pyroxene,6,440,256
HC,392,458,4,High-Ca Pyroxene,6,440,256
HC,392,459,4,High-Ca Pyroxene,6,440,256
HC,392,460,4,High-Ca Pyroxene,6,440,256
HC,392,461,4,High-Ca Pyroxene,6,440,256
HC,392,462,4,High-Ca Pyroxene,6,440,256
HC,392,463,4,High-Ca Pyroxene,6,440,256
HC,392,464,4,High-Ca Pyroxene,6,440,256
HC,392,465,4,High-Ca Pyroxene,6,440,256
HC,392,466,4,High-Ca Pyroxene,6,440,256
HC,392,467,4,High-Ca Pyroxene,6,440,256
HC,392,468,4,High-Ca Pyroxene,6,440,256
HC,392,469,4,High-Ca Pyroxene,6,440,256
HC,392,470,4,High-Ca Pyroxene,6,440,256
HC,392,471,4,High-Ca Pyroxene,6,440,256
HC,392,472,4,High-Ca Pyroxene,6,440,256
HC,392,473,4,High-Ca Pyroxene,6,440,256
HC,392,474,4,High-Ca Pyroxene,6,440,256
HC,392,475,4,High-Ca Pyroxene,6,440,256
HC,392,476,4,High-Ca Pyroxene,6,440,256
HC,392,477,4,High-Ca Pyroxene,6,440,256
HC,392,478,4,High-Ca Pyroxene,6,440,256
HC,392,479,4,High-Ca Pyroxene,6,440,256
HC,392,480,4,High-Ca Pyroxene,6,440,256
HC,392,481,4,High-Ca Pyroxene,6,440,256
HC,392,482,4,High-Ca Pyroxene,6,440,256
HC,392,483,4,High-Ca Pyroxene,6,440,256
HC,392,484,4,High-Ca Pyroxene,6,440,256
HC,392,485,4,High-Ca Pyroxene,6,440,256
HC,392,486,4,High-Ca Pyroxene,6,440,256
HC,392,487,4,High-Ca Pyroxene,6,440,256
HC,392,488,4,High-Ca Pyroxene,6,440,256
HC,392,489,4,High-Ca Pyroxene,6,440,256
HC,392,490,4,High-Ca Pyroxene,6,440,256
HC,392,491,4,High-Ca Pyroxene,6,440,256
HC,392,492,4,High-Ca Pyroxene,6,440,256
HC,392,493,4,High-Ca Pyroxene,6,440,256
HC,392,494,4,High-Ca Pyroxene,6,440,256
HC,392,495,4,High-Ca Pyroxene,6,440,256
HC,392,496,4,High-Ca Pyroxene,6,440,256
HC,392,497,4,High-Ca Pyroxene,6,440,256
HC,392,498,4,High-Ca Pyroxene,6,440,256
HC,392,499,4,High-Ca Pyroxene,6,440,256
HC,392,500,4,High-Ca Pyroxene,6,440,256
HC,392,501,4,High-Ca Pyroxene,6,440,256
HC,392,502,4,High-Ca Pyroxene,6,440,256
HC,392,503,4,High-Ca Pyroxene,6,440,256
HC,392,504,4,High-Ca Pyroxene,6,440,256
HC,392,505,4,High-Ca Pyroxene,6,440,256
HC,392,506,4,High-Ca Pyroxene,6,440,256
HC,392,507,4,High-Ca Pyroxene,6,440,256
HC,392,508,4,High-Ca Pyroxene,6,440,256
HC,393,423,4,High-Ca Pyroxene,6,440,256
HC,393,424,4,High-Ca Pyroxene,6,440,256
HC,393,425,4,High-Ca Pyroxene,6,440,256
HC,393,426,4,High-Ca Pyroxene,6,440,256
HC,393,427,4,High-Ca Pyroxene,6,440,256
HC,393,428,4,High-Ca Pyroxene,6,440,256
HC,393,429,4,High-Ca Pyroxene,6,440,256
HC,393,430,4,High-Ca Pyroxene,6,440,256
HC,393,431,4,High-Ca Pyroxene,6,440,256
HC,393,432,4,High-Ca Pyroxene,6,440,256
HC,393,433,4,High-Ca Pyroxene,6,440,256
HC,393,434,4,High-Ca Pyroxene,6,440,256
HC,393,435,4,High-Ca Pyroxene,6,440,256
HC,393,436,4,High-Ca Pyroxene,6,440,256
HC,393,437,4,High-Ca Pyroxene,6,440,256
HC,393,438,4,High-Ca Pyroxene,6,440,256
HC,393,439,4,High-Ca Pyroxene,6,440,256
HC,393,440,4,High-Ca Pyroxene,6,440,256
HC,393,441,4,High-Ca Pyroxene,6,440,256
HC,393,442,4,High-Ca Pyroxene,6,440,256
HC,393,443,4,High-Ca Pyroxene,6,440,256
HC,393,444,4,High-Ca Pyroxene,6,440,256
HC,393,445,4,High-Ca Pyroxene,6,440,256
HC,393,446,4,High-Ca Pyroxene,6,440,256
HC,393,447,4,High-Ca Pyroxene,6,440,256
HC,393,448,4,High-Ca Pyroxene,6,440,256
HC,393,449,4,High-Ca Pyroxene,6,440,256
HC,393,450,4,High-Ca Pyroxene,6,440,256
HC,393,451,4,High-Ca Pyroxene,6,440,256
HC,393,452,4,High-Ca Pyroxene,6,440,256
HC,393,453,4,High-Ca Pyroxene,6,440,256
HC,393,454,4,High-Ca Pyroxene,6,440,256
HC,393,455,4,High-Ca Pyroxene,6,440,256
HC,393,456,4,High-Ca Pyroxene,6,440,256
HC,393,457,4,High-Ca Pyroxene,6,440,256
HC,393,458,4,High-Ca Pyroxene,6,440,256
HC,393,459,4,High-Ca Pyroxene,6,440,256
HC,393,460,4,High-Ca Pyroxene,6,440,256
HC,393,461,4,High-Ca Pyroxene,6,440,256
HC,393,462,4,High-Ca Pyroxene,6,440,256
HC,393,463,4,High-Ca Pyroxene,6,440,256
HC,393,464,4,High-Ca Pyroxene,6,440,256
HC,393,465,4,High-Ca Pyroxene,6,440,256
HC,393,466,4,High-Ca Pyroxene,6,440,256
HC,393,467,4,High-Ca Pyroxene,6,440,256
HC,393,468,4,High-Ca Pyroxene,6,440,256
HC,393,469,4,High-Ca Pyroxene,6,440,256
HC,393,470,4,High-Ca Pyroxene,6,440,256
HC,393,471,4,High-Ca Pyroxene,6,440,256
HC,393,472,4,High-Ca Pyroxene,6,440,256
HC,393,473,4,High-Ca Pyroxene,6,440,256
HC,393,474,4,High-Ca Pyroxene,6,440,256
HC,393,475,4,High-Ca Pyroxene,6,440,256
HC,393,476,4,High-Ca Pyroxene,6,440,256
HC,393,477,4,High-Ca Pyroxene,6,440,256
HC,393,478,4,High-Ca Pyroxene,6,440,256
HC,393,479,4,High-Ca Pyroxene,6,440,256
HC,393,480,4,High-Ca Pyroxene,6,440,256
HC,393,481,4,High-Ca Pyroxene,6,440,256
HC,393,482,4,High-Ca Pyroxene,6,440,256
HC,393,483,4,High-Ca Pyroxene,6,440,256
HC,393,484,4,High-Ca Pyroxene,6,440,256
HC,393,485,4,High-Ca Pyroxene,6,440,256
HC,393,486,4,High-Ca Pyroxene,6,440,256
HC,393,487,4,High-Ca Pyroxene,6,440,256
HC,393,488,4,High-Ca Pyroxene,6,440,256
HC,393,489,4,High-Ca Pyroxene,6,440,256
HC,393,490,4,High-Ca Pyroxene,6,440,256
HC,393,491,4,High-Ca Pyroxene,6,440,256
HC,393,492,4,High-Ca Pyroxene,6,440,256
HC,393,493,4,High-Ca Pyroxene,6,440,256
HC,393,494,4,High-Ca Pyroxene,6,440,256
HC,393,495,4,High-Ca Pyroxene,6,440,256
HC,393,496,4,High-Ca Pyroxene,6,440,256
HC,393,497,4,High-Ca Pyroxene,6,440,256
HC,393,498,4,High-Ca Pyroxene,6,440,256
HC,393,499,4,High-Ca Pyroxene,6,440,256
HC,393,500,4,High-Ca Pyroxene,6,440,256
HC,393,501,4,High-Ca Pyroxene,6,440,256
HC,393,502,4,High-Ca Pyroxene,6,440,256
HC,393,503,4,High-Ca Pyroxene,6,440,256
HC,393,504,4,High-Ca Pyroxene,6,440,256
HC,393,505,4,High-Ca Pyroxene,6,440,256
HC,393,506,4,High-Ca Pyroxene,6,440,256
HC,393,507,4,High-Ca Pyroxene,6,440,256
HC,393,508,4,High-Ca Pyroxene,6,440,256
HC,394,422,4,High-Ca Pyroxene,6,440,256
HC,394,423,4,High-Ca Pyroxene,6,440,256
HC,394,424,4,High-Ca Pyroxene,6,440,256
HC,394,425,4,High-Ca Pyroxene,6,440,256
HC,394,426,4,High-Ca Pyroxene,6,440,256
HC,394,427,4,High-Ca Pyroxene,6,440,256
HC,394,428,4,High-Ca Pyroxene,6,440,256
HC,394,429,4,High-Ca Pyroxene,6,440,256
HC,394,430,4,High-Ca Pyroxene,6,440,256
HC,394,431,4,High-Ca Pyroxene,6,440,256
HC,394,432,4,High-Ca Pyroxene,6,440,256
HC,394,433,4,High-Ca Pyroxene,6,440,256
HC,394,434,4,High-Ca Pyroxene,6,440,256
HC,394,435,4,High-Ca Pyroxene,6,440,256
HC,394,436,4,High-Ca Pyroxene,6,440,256
HC,394,437,4,High-Ca Pyroxene,6,440,256
HC,394,438,4,High-Ca Pyroxene,6,440,256
HC,394,439,4,High-Ca Pyroxene,6,440,256
HC,394,440,4,High-Ca Pyroxene,6,440,256
HC,394,441,4,High-Ca Pyroxene,6,440,256
HC,394,442,4,High-Ca Pyroxene,6,440,256
HC,394,443,4,High-Ca Pyroxene,6,440,256
HC,394,444,4,High-Ca Pyroxene,6,440,256
HC,394,445,4,High-Ca Pyroxene,6,440,256
HC,394,446,4,High-Ca Pyroxene,6,440,256
HC,394,447,4,High-Ca Pyroxene,6,440,256
HC,394,448,4,High-Ca Pyroxene,6,440,256
HC,394,449,4,High-Ca Pyroxene,6,440,256
HC,394,450,4,High-Ca Pyroxene,6,440,256
HC,394,451,4,High-Ca Pyroxene,6,440,256
HC,394,452,4,High-Ca Pyroxene,6,440,256
HC,394,453,4,High-Ca Pyroxene,6,440,256
HC,394,454,4,High-Ca Pyroxene,6,440,256
HC,394,455,4,High-Ca Pyroxene,6,440,256
HC,394,456,4,High-Ca Pyroxene,6,440,256
HC,394,457,4,High-Ca Pyroxene,6,440,256
HC,394,458,4,High-Ca Pyroxene,6,440,256
HC,394,459,4,High-Ca Pyroxene,6,440,256
HC,394,460,4,High-Ca Pyroxene,6,440,256
HC,394,461,4,High-Ca Pyroxene,6,440,256
HC,394,462,4,High-Ca Pyroxene,6,440,256
HC,394,463,4,High-Ca Pyroxene,6,440,256
HC,394,464,4,High-Ca Pyroxene,6,440,256
HC,394,465,4,High-Ca Pyroxene,6,440,256
HC,394,466,4,High-Ca Pyroxene,6,440,256
HC,394,467,4,High-Ca Pyroxene,6,440,256
HC,394,468,4,High-Ca Pyroxene,6,440,256
HC,394,469,4,High-Ca Pyroxene,6,440,256
HC,394,470,4,High-Ca Pyroxene,6,440,256
HC,394,471,4,High-Ca Pyroxene,6,440,256
HC,394,472,4,High-Ca Pyroxene,6,440,256
HC,394,473,4,High-Ca Pyroxene,6,440,256
HC,394,474,4,High-Ca Pyroxene,6,440,256
HC,394,475,4,High-Ca Pyroxene,6,440,256
HC,394,476,4,High-Ca Pyroxene,6,440,256
HC,394,477,4,High-Ca Pyroxene,6,440,256
HC,394,478,4,High-Ca Pyroxene,6,440,256
HC,394,479,4,High-Ca Pyroxene,6,440,256
HC,394,480,4,High-Ca Pyroxene,6,440,256
HC,394,481,4,High-Ca Pyroxene,6,440,256
HC,394,482,4,High-Ca Pyroxene,6,440,256
HC,394,483,4,High-Ca Pyroxene,6,440,256
HC,394,484,4,High-Ca Pyroxene,6,440,256
HC,394,485,4,High-Ca Pyroxene,6,440,256
HC,394,486,4,High-Ca Pyroxene,6,440,256
HC,394,487,4,High-Ca Pyroxene,6,440,256
HC,394,488,4,High-Ca Pyroxene,6,440,256
HC,394,489,4,High-Ca Pyroxene,6,440,256
HC,394,490,4,High-Ca Pyroxene,6,440,256
HC,394,491,4,High-Ca Pyroxene,6,440,256
HC,394,492,4,High-Ca Pyroxene,6,440,256
HC,394,493,4,High-Ca Pyroxene,6,440,256
HC,394,494,4,High-Ca Pyroxene,6,440,256
HC,394,495,4,High-Ca Pyroxene,6,440,256
HC,394,496,4,High-Ca Pyroxene,6,440,256
HC,394,497,4,High-Ca Pyroxene,6,440,256
HC,394,498,4,High-Ca Pyroxene,6,440,256
HC,394,499,4,High-Ca Pyroxene,6,440,256
HC,394,500,4,High-Ca Pyroxene,6,440,256
HC,394,501,4,High-Ca Pyroxene,6,440,256
HC,394,502,4,High-Ca Pyroxene,6,440,256
HC,394,503,4,High-Ca Pyroxene,6,440,256
HC,394,504,4,High-Ca Pyroxene,6,440,256
HC,394,505,4,High-Ca Pyroxene,6,440,256
HC,394,506,4,High-Ca Pyroxene,6,440,256
HC,394,507,4,High-Ca Pyroxene,6,440,256
HC,394,508,4,High-Ca Pyroxene,6,440,256
HC,395,419,4,High-Ca Pyroxene,6,440,256
HC,395,420,4,High-Ca Pyroxene,6,440,256
HC,395,421,4,High-Ca Pyroxene,6,440,256
HC,395,422,4,High-Ca Pyroxene,6,440,256
HC,395,423,4,High-Ca Pyroxene,6,440,256
HC,395,424,4,High-Ca Pyroxene,6,440,256
HC,395,425,4,High-Ca Pyroxene,6,440,256
HC,395,426,4,High-Ca Pyroxene,6,440,256
HC,395,427,4,High-Ca Pyroxene,6,440,256
HC,395,428,4,High-Ca Pyroxene,6,440,256
HC,395,429,4,High-Ca Pyroxene,6,440,256
HC,395,430,4,High-Ca Pyroxene,6,440,256
HC,395,431,4,High-Ca Pyroxene,6,440,256
HC,395,432,4,High-Ca Pyroxene,6,440,256
HC,395,433,4,High-Ca Pyroxene,6,440,256
HC,395,434,4,High-Ca Pyroxene,6,440,256
HC,395,435,4,High-Ca Pyroxene,6,440,256
HC,395,436,4,High-Ca Pyroxene,6,440,256
HC,395,437,4,High-Ca Pyroxene,6,440,256
HC,395,438,4,High-Ca Pyroxene,6,440,256
HC,395,439,4,High-Ca Pyroxene,6,440,256
HC,395,440,4,High-Ca Pyroxene,6,440,256
HC,395,441,4,High-Ca Pyroxene,6,440,256
HC,395,442,4,High-Ca Pyroxene,6,440,256
HC,395,443,4,High-Ca Pyroxene,6,440,256
HC,395,444,4,High-Ca Pyroxene,6,440,256
HC,395,445,4,High-Ca Pyroxene,6,440,256
HC,395,446,4,High-Ca Pyroxene,6,440,256
HC,395,447,4,High-Ca Pyroxene,6,440,256
HC,395,448,4,High-Ca Pyroxene,6,440,256
HC,395,449,4,High-Ca Pyroxene,6,440,256
HC,395,450,4,High-Ca Pyroxene,6,440,256
HC,395,451,4,High-Ca Pyroxene,6,440,256
HC,395,452,4,High-Ca Pyroxene,6,440,256
HC,395,453,4,High-Ca Pyroxene,6,440,256
HC,395,454,4,High-Ca Pyroxene,6,440,256
HC,395,455,4,High-Ca Pyroxene,6,440,256
HC,395,456,4,High-Ca Pyroxene,6,440,256
HC,395,457,4,High-Ca Pyroxene,6,440,256
HC,395,458,4,High-Ca Pyroxene,6,440,256
HC,395,459,4,High-Ca Pyroxene,6,440,256
HC,395,460,4,High-Ca Pyroxene,6,440,256
HC,395,461,4,High-Ca Pyroxene,6,440,256
HC,395,462,4,High-Ca Pyroxene,6,440,256
HC,395,463,4,High-Ca Pyroxene,6,440,256
HC,395,464,4,High-Ca Pyroxene,6,440,256
HC,395,465,4,High-Ca Pyroxene,6,440,256
HC,395,466,4,High-Ca Pyroxene,6,440,256
HC,395,467,4,High-Ca Pyroxene,6,440,256
HC,395,468,4,High-Ca Pyroxene,6,440,256
HC,395,469,4,High-Ca Pyroxene,6,440,256
HC,395,470,4,High-Ca Pyroxene,6,440,256
HC,395,471,4,High-Ca Pyroxene,6,440,256
HC,395,472,4,High-Ca Pyroxene,6,440,256
HC,395,473,4,High-Ca Pyroxene,6,440,256
HC,395,474,4,High-Ca Pyroxene,6,440,256
HC,395,475,4,High-Ca Pyroxene,6,440,256
HC,395,476,4,High-Ca Pyroxene,6,440,256
HC,395,477,4,High-Ca Pyroxene,6,440,256
HC,395,478,4,High-Ca Pyroxene,6,440,256
HC,395,479,4,High-Ca Pyroxene,6,440,256
HC,395,480,4,High-Ca Pyroxene,6,440,256
HC,395,481,4,High-Ca Pyroxene,6,440,256
HC,395,482,4,High-Ca Pyroxene,6,440,256
HC,395,483,4,High-Ca Pyroxene,6,440,256
HC,395,484,4,High-Ca Pyroxene,6,440,256
HC,395,485,4,High-Ca Pyroxene,6,440,256
HC,395,486,4,High-Ca Pyroxene,6,440,256
HC,395,487,4,High-Ca Pyroxene,6,440,256
HC,395,488,4,High-Ca Pyroxene,6,440,256
HC,395,489,4,High-Ca Pyroxene,6,440,256
HC,395,490,4,High-Ca Pyroxene,6,440,256
HC,395,491,4,High-Ca Pyroxene,6,440,256
HC,395,492,4,High-Ca Pyroxene,6,440,256
HC,395,493,4,High-Ca Pyroxene,6,440,256
HC,395,494,4,High-Ca Pyroxene,6,440,256
HC,395,495,4,High-Ca Pyroxene,6,440,256
HC,395,496,4,High-Ca Pyroxene,6,440,256
HC,395,497,4,High-Ca Pyroxene,6,440,256
HC,395,498,4,High-Ca Pyroxene,6,440,256
HC,395,499,4,High-Ca Pyroxene,6,440,256
HC,395,500,4,High-Ca Pyroxene,6,440,256
HC,395,501,4,High-Ca Pyroxene,6,440,256
HC,395,502,4,High-Ca Pyroxene,6,440,256
HC,395,503,4,High-Ca Pyroxene,6,440,256
HC,395,504,4,High-Ca Pyroxene,6,440,256
HC,395,505,4,High-Ca Pyroxene,6,440,256
HC,395,506,4,High-Ca Pyroxene,6,440,256
HC,395,507,4,High-Ca Pyroxene,6,440,256
HC,395,508,4,High-Ca Pyroxene,6,440,256
HC,395,509,4,High-Ca Pyroxene,6,440,256
HC,396,417,4,High-Ca Pyroxene,6,440,256
HC,396,418,4,High-Ca Pyroxene,6,440,256
HC,396,419,4,High-Ca Pyroxene,6,440,256
HC,396,420,4,High-Ca Pyroxene,6,440,256
HC,396,421,4,High-Ca Pyroxene,6,440,256
HC,396,422,4,High-Ca Pyroxene,6,440,256
HC,396,423,4,High-Ca Pyroxene,6,440,256
HC,396,424,4,High-Ca Pyroxene,6,440,256
HC,396,425,4,High-Ca Pyroxene,6,440,256
HC,396,426,4,High-Ca Pyroxene,6,440,256
HC,396,427,4,High-Ca Pyroxene,6,440,256
HC,396,428,4,High-Ca Pyroxene,6,440,256
HC,396,429,4,High-Ca Pyroxene,6,440,256
HC,396,430,4,High-Ca Pyroxene,6,440,256
HC,396,431,4,High-Ca Pyroxene,6,440,256
HC,396,432,4,High-Ca Pyroxene,6,440,256
HC,396,433,4,High-Ca Pyroxene,6,440,256
HC,396,434,4,High-Ca Pyroxene,6,440,256
HC,396,435,4,High-Ca Pyroxene,6,440,256
HC,396,436,4,High-Ca Pyroxene,6,440,256
HC,396,437,4,High-Ca Pyroxene,6,440,256
HC,396,438,4,High-Ca Pyroxene,6,440,256
HC,396,439,4,High-Ca Pyroxene,6,440,256
HC,396,440,4,High-Ca Pyroxene,6,440,256
HC,396,441,4,High-Ca Pyroxene,6,440,256
HC,396,442,4,High-Ca Pyroxene,6,440,256
HC,396,443,4,High-Ca Pyroxene,6,440,256
HC,396,444,4,High-Ca Pyroxene,6,440,256
HC,396,445,4,High-Ca Pyroxene,6,440,256
HC,396,446,4,High-Ca Pyroxene,6,440,256
HC,396,447,4,High-Ca Pyroxene,6,440,256
HC,396,448,4,High-Ca Pyroxene,6,440,256
HC,396,449,4,High-Ca Pyroxene,6,440,256
HC,396,450,4,High-Ca Pyroxene,6,440,256
HC,396,451,4,High-Ca Pyroxene,6,440,256
HC,396,452,4,High-Ca Pyroxene,6,440,256
HC,396,453,4,High-Ca Pyroxene,6,440,256
HC,396,454,4,High-Ca Pyroxene,6,440,256
HC,396,455,4,High-Ca Pyroxene,6,440,256
HC,396,456,4,High-Ca Pyroxene,6,440,256
HC,396,457,4,High-Ca Pyroxene,6,440,256
HC,396,458,4,High-Ca Pyroxene,6,440,256
HC,396,459,4,High-Ca Pyroxene,6,440,256
HC,396,460,4,High-Ca Pyroxene,6,440,256
HC,396,461,4,High-Ca Pyroxene,6,440,256
HC,396,462,4,High-Ca Pyroxene,6,440,256
HC,396,463,4,High-Ca Pyroxene,6,440,256
HC,396,464,4,High-Ca Pyroxene,6,440,256
HC,396,465,4,High-Ca Pyroxene,6,440,256
HC,396,466,4,High-Ca Pyroxene,6,440,256
HC,396,467,4,High-Ca Pyroxene,6,440,256
HC,396,468,4,High-Ca Pyroxene,6,440,256
HC,396,469,4,High-Ca Pyroxene,6,440,256
HC,396,470,4,High-Ca Pyroxene,6,440,256
HC,396,471,4,High-Ca Pyroxene,6,440,256
HC,396,472,4,High-Ca Pyroxene,6,440,256
HC,396,473,4,High-Ca Pyroxene,6,440,256
HC,396,474,4,High-Ca Pyroxene,6,440,256
HC,396,475,4,High-Ca Pyroxene,6,440,256
HC,396,476,4,High-Ca Pyroxene,6,440,256
HC,396,477,4,High-Ca Pyroxene,6,440,256
HC,396,478,4,High-Ca Pyroxene,6,440,256
HC,396,479,4,High-Ca Pyroxene,6,440,256
HC,396,480,4,High-Ca Pyroxene,6,440,256
HC,396,481,4,High-Ca Pyroxene,6,440,256
HC,396,482,4,High-Ca Pyroxene,6,440,256
HC,396,483,4,High-Ca Pyroxene,6,440,256
HC,396,484,4,High-Ca Pyroxene,6,440,256
HC,396,485,4,High-Ca Pyroxene,6,440,256
HC,396,486,4,High-Ca Pyroxene,6,440,256
HC,396,487,4,High-Ca Pyroxene,6,440,256
HC,396,488,4,High-Ca Pyroxene,6,440,256
HC,396,489,4,High-Ca Pyroxene,6,440,256
HC,396,490,4,High-Ca Pyroxene,6,440,256
HC,396,491,4,High-Ca Pyroxene,6,440,256
HC,396,492,4,High-Ca Pyroxene,6,440,256
HC,396,493,4,High-Ca Pyroxene,6,440,256
HC,396,494,4,High-Ca Pyroxene,6,440,256
HC,396,495,4,High-Ca Pyroxene,6,440,256
HC,396,496,4,High-Ca Pyroxene,6,440,256
HC,396,497,4,High-Ca Pyroxene,6,440,256
HC,396,498,4,High-Ca Pyroxene,6,440,256
HC,396,499,4,High-Ca Pyroxene,6,440,256
HC,396,500,4,High-Ca Pyroxene,6,440,256
HC,396,501,4,High-Ca Pyroxene,6,440,256
HC,396,502,4,High-Ca Pyroxene,6,440,256
HC,396,503,4,High-Ca Pyroxene,6,440,256
HC,396,504,4,High-Ca Pyroxene,6,440,256
HC,396,505,4,High-Ca Pyroxene,6,440,256
HC,396,506,4,High-Ca Pyroxene,6,440,256
HC,396,507,4,High-Ca Pyroxene,6,440,256
HC,396,508,4,High-Ca Pyroxene,6,440,256
HC,396,509,4,High-Ca Pyroxene,6,440,256
HC,397,415,4,High-Ca Pyroxene,6,440,256
HC,397,416,4,High-Ca Pyroxene,6,440,256
HC,397,417,4,High-Ca Pyroxene,6,440,256
HC,397,418,4,High-Ca Pyroxene,6,440,256
HC,397,419,4,High-Ca Pyroxene,6,440,256
HC,397,420,4,High-Ca Pyroxene,6,440,256
HC,397,421,4,High-Ca Pyroxene,6,440,256
HC,397,422,4,High-Ca Pyroxene,6,440,256
HC,397,423,4,High-Ca Pyroxene,6,440,256
HC,397,424,4,High-Ca Pyroxene,6,440,256
HC,397,425,4,High-Ca Pyroxene,6,440,256
HC,397,426,4,High-Ca Pyroxene,6,440,256
HC,397,427,4,High-Ca Pyroxene,6,440,256
HC,397,428,4,High-Ca Pyroxene,6,440,256
HC,397,429,4,High-Ca Pyroxene,6,440,256
HC,397,430,4,High-Ca Pyroxene,6,440,256
HC,397,431,4,High-Ca Pyroxene,6,440,256
HC,397,432,4,High-Ca Pyroxene,6,440,256
HC,397,433,4,High-Ca Pyroxene,6,440,256
HC,397,434,4,High-Ca Pyroxene,6,440,256
HC,397,435,4,High-Ca Pyroxene,6,440,256
HC,397,436,4,High-Ca Pyroxene,6,440,256
HC,397,437,4,High-Ca Pyroxene,6,440,256
HC,397,438,4,High-Ca Pyroxene,6,440,256
HC,397,439,4,High-Ca Pyroxene,6,440,256
HC,397,440,4,High-Ca Pyroxene,6,440,256
HC,397,441,4,High-Ca Pyroxene,6,440,256
HC,397,442,4,High-Ca Pyroxene,6,440,256
HC,397,443,4,High-Ca Pyroxene,6,440,256
HC,397,444,4,High-Ca Pyroxene,6,440,256
HC,397,445,4,High-Ca Pyroxene,6,440,256
HC,397,446,4,High-Ca Pyroxene,6,440,256
HC,397,447,4,High-Ca Pyroxene,6,440,256
HC,397,448,4,High-Ca Pyroxene,6,440,256
HC,397,449,4,High-Ca Pyroxene,6,440,256
HC,397,450,4,High-Ca Pyroxene,6,440,256
HC,397,451,4,High-Ca Pyroxene,6,440,256
HC,397,452,4,High-Ca Pyroxene,6,440,256
HC,397,453,4,High-Ca Pyroxene,6,440,256
HC,397,454,4,High-Ca Pyroxene,6,440,256
HC,397,455,4,High-Ca Pyroxene,6,440,256
HC,397,456,4,High-Ca Pyroxene,6,440,256
HC,397,457,4,High-Ca Pyroxene,6,440,256
HC,397,458,4,High-Ca Pyroxene,6,440,256
HC,397,459,4,High-Ca Pyroxene,6,440,256
HC,397,460,4,High-Ca Pyroxene,6,440,256
HC,397,461,4,High-Ca Pyroxene,6,440,256
HC,397,462,4,High-Ca Pyroxene,6,440,256
HC,397,463,4,High-Ca Pyroxene,6,440,256
HC,397,464,4,High-Ca Pyroxene,6,440,256
HC,397,465,4,High-Ca Pyroxene,6,440,256
HC,397,466,4,High-Ca Pyroxene,6,440,256
HC,397,467,4,High-Ca Pyroxene,6,440,256
HC,397,468,4,High-Ca Pyroxene,6,440,256
HC,397,469,4,High-Ca Pyroxene,6,440,256
HC,397,470,4,High-Ca Pyroxene,6,440,256
HC,397,471,4,High-Ca Pyroxene,6,440,256
HC,397,472,4,High-Ca Pyroxene,6,440,256
HC,397,473,4,High-Ca Pyroxene,6,440,256
HC,397,474,4,High-Ca Pyroxene,6,440,256
HC,397,475,4,High-Ca Pyroxene,6,440,256
HC,397,476,4,High-Ca Pyroxene,6,440,256
HC,397,477,4,High-Ca Pyroxene,6,440,256
HC,397,478,4,High-Ca Pyroxene,6,440,256
HC,397,479,4,High-Ca Pyroxene,6,440,256
HC,397,480,4,High-Ca Pyroxene,6,440,256
HC,397,481,4,High-Ca Pyroxene,6,440,256
HC,397,482,4,High-Ca Pyroxene,6,440,256
HC,397,483,4,High-Ca Pyroxene,6,440,256
HC,397,484,4,High-Ca Pyroxene,6,440,256
HC,397,485,4,High-Ca Pyroxene,6,440,256
HC,397,486,4,High-Ca Pyroxene,6,440,256
HC,397,487,4,High-Ca Pyroxene,6,440,256
HC,397,488,4,High-Ca Pyroxene,6,440,256
HC,397,489,4,High-Ca Pyroxene,6,440,256
HC,397,490,4,High-Ca Pyroxene,6,440,256
HC,397,491,4,High-Ca Pyroxene,6,440,256
HC,397,492,4,High-Ca Pyroxene,6,440,256
HC,397,493,4,High-Ca Pyroxene,6,440,256
HC,397,494,4,High-Ca Pyroxene,6,440,256
HC,397,495,4,High-Ca Pyroxene,6,440,256
HC,397,496,4,High-Ca Pyroxene,6,440,256
HC,397,497,4,High-Ca Pyroxene,6,440,256
HC,397,498,4,High-Ca Pyroxene,6,440,256
HC,397,499,4,High-Ca Pyroxene,6,440,256
HC,397,500,4,High-Ca Pyroxene,6,440,256
HC,397,501,4,High-Ca Pyroxene,6,440,256
HC,397,502,4,High-Ca Pyroxene,6,440,256
HC,397,503,4,High-Ca Pyroxene,6,440,256
HC,397,504,4,High-Ca Pyroxene,6,440,256
HC,397,505,4,High-Ca Pyroxene,6,440,256
HC,397,506,4,High-Ca Pyroxene,6,440,256
HC,397,507,4,High-Ca Pyroxene,6,440,256
HC,397,508,4,High-Ca Pyroxene,6,440,256
HC,397,509,4,High-Ca Pyroxene,6,440,256
HC,398,368,4,High-Ca Pyroxene,6,440,256
HC,398,369,4,High-Ca Pyroxene,6,440,256
HC,398,370,4,High-Ca Pyroxene,6,440,256
HC,398,371,4,High-Ca Pyroxene,6,440,256
HC,398,372,4,High-Ca Pyroxene,6,440,256
HC,398,373,4,High-Ca Pyroxene,6,440,256
HC,398,374,4,High-Ca Pyroxene,6,440,256
HC,398,413,4,High-Ca Pyroxene,6,440,256
HC,398,414,4,High-Ca Pyroxene,6,440,256
HC,398,415,4,High-Ca Pyroxene,6,440,256
HC,398,416,4,High-Ca Pyroxene,6,440,256
HC,398,417,4,High-Ca Pyroxene,6,440,256
HC,398,418,4,High-Ca Pyroxene,6,440,256
HC,398,419,4,High-Ca Pyroxene,6,440,256
HC,398,420,4,High-Ca Pyroxene,6,440,256
HC,398,421,4,High-Ca Pyroxene,6,440,256
HC,398,422,4,High-Ca Pyroxene,6,440,256
HC,398,423,4,High-Ca Pyroxene,6,440,256
HC,398,424,4,High-Ca Pyroxene,6,440,256
HC,398,425,4,High-Ca Pyroxene,6,440,256
HC,398,426,4,High-Ca Pyroxene,6,440,256
HC,398,427,4,High-Ca Pyroxene,6,440,256
HC,398,428,4,High-Ca Pyroxene,6,440,256
HC,398,429,4,High-Ca Pyroxene,6,440,256
HC,398,430,4,High-Ca Pyroxene,6,440,256
HC,398,431,4,High-Ca Pyroxene,6,440,256
HC,398,432,4,High-Ca Pyroxene,6,440,256
HC,398,433,4,High-Ca Pyroxene,6,440,256
HC,398,434,4,High-Ca Pyroxene,6,440,256
HC,398,435,4,High-Ca Pyroxene,6,440,256
HC,398,436,4,High-Ca Pyroxene,6,440,256
HC,398,437,4,High-Ca Pyroxene,6,440,256
HC,398,438,4,High-Ca Pyroxene,6,440,256
HC,398,439,4,High-Ca Pyroxene,6,440,256
HC,398,440,4,High-Ca Pyroxene,6,440,256
HC,398,441,4,High-Ca Pyroxene,6,440,256
HC,398,442,4,High-Ca Pyroxene,6,440,256
HC,398,443,4,High-Ca Pyroxene,6,440,256
HC,398,444,4,High-Ca Pyroxene,6,440,256
HC,398,445,4,High-Ca Pyroxene,6,440,256
HC,398,446,4,High-Ca Pyroxene,6,440,256
HC,398,447,4,High-Ca Pyroxene,6,440,256
HC,398,448,4,High-Ca Pyroxene,6,440,256
HC,398,449,4,High-Ca Pyroxene,6,440,256
HC,398,450,4,High-Ca Pyroxene,6,440,256
HC,398,451,4,High-Ca Pyroxene,6,440,256
HC,398,452,4,High-Ca Pyroxene,6,440,256
HC,398,453,4,High-Ca Pyroxene,6,440,256
HC,398,454,4,High-Ca Pyroxene,6,440,256
HC,398,455,4,High-Ca Pyroxene,6,440,256
HC,398,456,4,High-Ca Pyroxene,6,440,256
HC,398,457,4,High-Ca Pyroxene,6,440,256
HC,398,458,4,High-Ca Pyroxene,6,440,256
HC,398,459,4,High-Ca Pyroxene,6,440,256
HC,398,460,4,High-Ca Pyroxene,6,440,256
HC,398,461,4,High-Ca Pyroxene,6,440,256
HC,398,462,4,High-Ca Pyroxene,6,440,256
HC,398,463,4,High-Ca Pyroxene,6,440,256
HC,398,464,4,High-Ca Pyroxene,6,440,256
HC,398,465,4,High-Ca Pyroxene,6,440,256
HC,398,466,4,High-Ca Pyroxene,6,440,256
HC,398,467,4,High-Ca Pyroxene,6,440,256
HC,398,468,4,High-Ca Pyroxene,6,440,256
HC,398,469,4,High-Ca Pyroxene,6,440,256
HC,398,470,4,High-Ca Pyroxene,6,440,256
HC,398,471,4,High-Ca Pyroxene,6,440,256
HC,398,472,4,High-Ca Pyroxene,6,440,256
HC,398,473,4,High-Ca Pyroxene,6,440,256
HC,398,474,4,High-Ca Pyroxene,6,440,256
HC,398,475,4,High-Ca Pyroxene,6,440,256
HC,398,476,4,High-Ca Pyroxene,6,440,256
HC,398,477,4,High-Ca Pyroxene,6,440,256
HC,398,478,4,High-Ca Pyroxene,6,440,256
HC,398,479,4,High-Ca Pyroxene,6,440,256
HC,398,480,4,High-Ca Pyroxene,6,440,256
HC,398,481,4,High-Ca Pyroxene,6,440,256
HC,398,482,4,High-Ca Pyroxene,6,440,256
HC,398,483,4,High-Ca Pyroxene,6,440,256
HC,398,484,4,High-Ca Pyroxene,6,440,256
HC,398,485,4,High-Ca Pyroxene,6,440,256
HC,398,486,4,High-Ca Pyroxene,6,440,256
HC,398,487,4,High-Ca Pyroxene,6,440,256
HC,398,488,4,High-Ca Pyroxene,6,440,256
HC,398,489,4,High-Ca Pyroxene,6,440,256
HC,398,490,4,High-Ca Pyroxene,6,440,256
HC,398,491,4,High-Ca Pyroxene,6,440,256
HC,398,492,4,High-Ca Pyroxene,6,440,256
HC,398,493,4,High-Ca Pyroxene,6,440,256
HC,398,494,4,High-Ca Pyroxene,6,440,256
HC,398,495,4,High-Ca Pyroxene,6,440,256
HC,398,496,4,High-Ca Pyroxene,6,440,256
HC,398,497,4,High-Ca Pyroxene,6,440,256
HC,398,498,4,High-Ca Pyroxene,6,440,256
HC,398,499,4,High-Ca Pyroxene,6,440,256
HC,398,500,4,High-Ca Pyroxene,6,440,256
HC,398,501,4,High-Ca Pyroxene,6,440,256
HC,398,502,4,High-Ca Pyroxene,6,440,256
HC,398,503,4,High-Ca Pyroxene,6,440,256
HC,398,504,4,High-Ca Pyroxene,6,440,256
HC,398,505,4,High-Ca Pyroxene,6,440,256
HC,398,506,4,High-Ca Pyroxene,6,440,256
HC,398,507,4,High-Ca Pyroxene,6,440,256
HC,398,508,4,High-Ca Pyroxene,6,440,256
HC,398,509,4,High-Ca Pyroxene,6,440,256
HC,399,363,4,High-Ca Pyroxene,6,440,256
HC,399,364,4,High-Ca Pyroxene,6,440,256
HC,399,365,4,High-Ca Pyroxene,6,440,256
HC,399,366,4,High-Ca Pyroxene,6,440,256
HC,399,367,4,High-Ca Pyroxene,6,440,256
HC,399,368,4,High-Ca Pyroxene,6,440,256
HC,399,369,4,High-Ca Pyroxene,6,440,256
HC,399,370,4,High-Ca Pyroxene,6,440,256
HC,399,371,4,High-Ca Pyroxene,6,440,256
HC,399,372,4,High-Ca Pyroxene,6,440,256
HC,399,373,4,High-Ca Pyroxene,6,440,256
HC,399,374,4,High-Ca Pyroxene,6,440,256
HC,399,375,4,High-Ca Pyroxene,6,440,256
HC,399,376,4,High-Ca Pyroxene,6,440,256
HC,399,377,4,High-Ca Pyroxene,6,440,256
HC,399,378,4,High-Ca Pyroxene,6,440,256
HC,399,379,4,High-Ca Pyroxene,6,440,256
HC,399,411,4,High-Ca Pyroxene,6,440,256
HC,399,412,4,High-Ca Pyroxene,6,440,256
HC,399,413,4,High-Ca Pyroxene,6,440,256
HC,399,414,4,High-Ca Pyroxene,6,440,256
HC,399,415,4,High-Ca Pyroxene,6,440,256
HC,399,416,4,High-Ca Pyroxene,6,440,256
HC,399,417,4,High-Ca Pyroxene,6,440,256
HC,399,418,4,High-Ca Pyroxene,6,440,256
HC,399,419,4,High-Ca Pyroxene,6,440,256
HC,399,420,4,High-Ca Pyroxene,6,440,256
HC,399,421,4,High-Ca Pyroxene,6,440,256
HC,399,422,4,High-Ca Pyroxene,6,440,256
HC,399,423,4,High-Ca Pyroxene,6,440,256
HC,399,424,4,High-Ca Pyroxene,6,440,256
HC,399,425,4,High-Ca Pyroxene,6,440,256
HC,399,426,4,High-Ca Pyroxene,6,440,256
HC,399,427,4,High-Ca Pyroxene,6,440,256
HC,399,428,4,High-Ca Pyroxene,6,440,256
HC,399,429,4,High-Ca Pyroxene,6,440,256
HC,399,430,4,High-Ca Pyroxene,6,440,256
HC,399,431,4,High-Ca Pyroxene,6,440,256
HC,399,432,4,High-Ca Pyroxene,6,440,256
HC,399,433,4,High-Ca Pyroxene,6,440,256
HC,399,434,4,High-Ca Pyroxene,6,440,256
HC,399,435,4,High-Ca Pyroxene,6,440,256
HC,399,436,4,High-Ca Pyroxene,6,440,256
HC,399,437,4,High-Ca Pyroxene,6,440,256
HC,399,438,4,High-Ca Pyroxene,6,440,256
HC,399,439,4,High-Ca Pyroxene,6,440,256
HC,399,440,4,High-Ca Pyroxene,6,440,256
HC,399,441,4,High-Ca Pyroxene,6,440,256
HC,399,442,4,High-Ca Pyroxene,6,440,256
HC,399,443,4,High-Ca Pyroxene,6,440,256
HC,399,444,4,High-Ca Pyroxene,6,440,256
HC,399,445,4,High-Ca Pyroxene,6,440,256
HC,399,446,4,High-Ca Pyroxene,6,440,256
HC,399,447,4,High-Ca Pyroxene,6,440,256
HC,399,448,4,High-Ca Pyroxene,6,440,256
HC,399,449,4,High-Ca Pyroxene,6,440,256
HC,399,450,4,High-Ca Pyroxene,6,440,256
HC,399,451,4,High-Ca Pyroxene,6,440,256
HC,399,452,4,High-Ca Pyroxene,6,440,256
HC,399,453,4,High-Ca Pyroxene,6,440,256
HC,399,454,4,High-Ca Pyroxene,6,440,256
HC,399,455,4,High-Ca Pyroxene,6,440,256
HC,399,456,4,High-Ca Pyroxene,6,440,256
HC,399,457,4,High-Ca Pyroxene,6,440,256
HC,399,458,4,High-Ca Pyroxene,6,440,256
HC,399,459,4,High-Ca Pyroxene,6,440,256
HC,399,460,4,High-Ca Pyroxene,6,440,256
HC,399,461,4,High-Ca Pyroxene,6,440,256
HC,399,462,4,High-Ca Pyroxene,6,440,256
HC,399,463,4,High-Ca Pyroxene,6,440,256
HC,399,464,4,High-Ca Pyroxene,6,440,256
HC,399,465,4,High-Ca Pyroxene,6,440,256
HC,399,466,4,High-Ca Pyroxene,6,440,256
HC,399,467,4,High-Ca Pyroxene,6,440,256
HC,399,468,4,High-Ca Pyroxene,6,440,256
HC,399,469,4,High-Ca Pyroxene,6,440,256
HC,399,470,4,High-Ca Pyroxene,6,440,256
HC,399,471,4,High-Ca Pyroxene,6,440,256
HC,399,472,4,High-Ca Pyroxene,6,440,256
HC,399,473,4,High-Ca Pyroxene,6,440,256
HC,399,474,4,High-Ca Pyroxene,6,440,256
HC,399,475,4,High-Ca Pyroxene,6,440,256
HC,399,476,4,High-Ca Pyroxene,6,440,256
HC,399,477,4,High-Ca Pyroxene,6,440,256
HC,399,478,4,High-Ca Pyroxene,6,440,256
HC,399,479,4,High-Ca Pyroxene,6,440,256
HC,399,480,4,High-Ca Pyroxene,6,440,256
HC,399,481,4,High-Ca Pyroxene,6,440,256
HC,399,482,4,High-Ca Pyroxene,6,440,256
HC,399,483,4,High-Ca Pyroxene,6,440,256
HC,399,484,4,High-Ca Pyroxene,6,440,256
HC,399,485,4,High-Ca Pyroxene,6,440,256
HC,399,486,4,High-Ca Pyroxene,6,440,256
HC,399,487,4,High-Ca Pyroxene,6,440,256
HC,399,488,4,High-Ca Pyroxene,6,440,256
HC,399,489,4,High-Ca Pyroxene,6,440,256
HC,399,490,4,High-Ca Pyroxene,6,440,256
HC,399,491,4,High-Ca Pyroxene,6,440,256
HC,399,492,4,High-Ca Pyroxene,6,440,256
HC,399,493,4,High-Ca Pyroxene,6,440,256
HC,399,494,4,High-Ca Pyroxene,6,440,256
HC,399,495,4,High-Ca Pyroxene,6,440,256
HC,399,496,4,High-Ca Pyroxene,6,440,256
HC,399,497,4,High-Ca Pyroxene,6,440,256
HC,399,498,4,High-Ca Pyroxene,6,440,256
HC,399,499,4,High-Ca Pyroxene,6,440,256
HC,399,500,4,High-Ca Pyroxene,6,440,256
HC,399,501,4,High-Ca Pyroxene,6,440,256
HC,399,502,4,High-Ca Pyroxene,6,440,256
HC,399,503,4,High-Ca Pyroxene,6,440,256
HC,399,504,4,High-Ca Pyroxene,6,440,256
HC,399,505,4,High-Ca Pyroxene,6,440,256
HC,399,506,4,High-Ca Pyroxene,6,440,256
HC,399,507,4,High-Ca Pyroxene,6,440,256
HC,399,508,4,High-Ca Pyroxene,6,440,256
HC,399,509,4,High-Ca Pyroxene,6,440,256
HC,400,358,4,High-Ca Pyroxene,6,440,256
HC,400,359,4,High-Ca Pyroxene,6,440,256
HC,400,360,4,High-Ca Pyroxene,6,440,256
HC,400,361,4,High-Ca Pyroxene,6,440,256
HC,400,362,4,High-Ca Pyroxene,6,440,256
HC,400,363,4,High-Ca Pyroxene,6,440,256
HC,400,364,4,High-Ca Pyroxene,6,440,256
HC,400,365,4,High-Ca Pyroxene,6,440,256
HC,400,366,4,High-Ca Pyroxene,6,440,256
HC,400,367,4,High-Ca Pyroxene,6,440,256
HC,400,368,4,High-Ca Pyroxene,6,440,256
HC,400,369,4,High-Ca Pyroxene,6,440,256
HC,400,370,4,High-Ca Pyroxene,6,440,256
HC,400,371,4,High-Ca Pyroxene,6,440,256
HC,400,372,4,High-Ca Pyroxene,6,440,256
HC,400,373,4,High-Ca Pyroxene,6,440,256
HC,400,374,4,High-Ca Pyroxene,6,440,256
HC,400,375,4,High-Ca Pyroxene,6,440,256
HC,400,376,4,High-Ca Pyroxene,6,440,256
HC,400,377,4,High-Ca Pyroxene,6,440,256
HC,400,378,4,High-Ca Pyroxene,6,440,256
HC,400,379,4,High-Ca Pyroxene,6,440,256
HC,400,380,4,High-Ca Pyroxene,6,440,256
HC,400,381,4,High-Ca Pyroxene,6,440,256
HC,400,382,4,High-Ca Pyroxene,6,440,256
HC,400,383,4,High-Ca Pyroxene,6,440,256
HC,400,384,4,High-Ca Pyroxene,6,440,256
HC,400,385,4,High-Ca Pyroxene,6,440,256
HC,400,410,4,High-Ca Pyroxene,6,440,256
HC,400,411,4,High-Ca Pyroxene,6,440,256
HC,400,412,4,High-Ca Pyroxene,6,440,256
HC,400,413,4,High-Ca Pyroxene,6,440,256
HC,400,414,4,High-Ca Pyroxene,6,440,256
HC,400,415,4,High-Ca Pyroxene,6,440,256
HC,400,416,4,High-Ca Pyroxene,6,440,256
HC,400,417,4,High-Ca Pyroxene,6,440,256
HC,400,418,4,High-Ca Pyroxene,6,440,256
HC,400,419,4,High-Ca Pyroxene,6,440,256
HC,400,420,4,High-Ca Pyroxene,6,440,256
HC,400,421,4,High-Ca Pyroxene,6,440,256
HC,400,422,4,High-Ca Pyroxene,6,440,256
HC,400,423,4,High-Ca Pyroxene,6,440,256
HC,400,424,4,High-Ca Pyroxene,6,440,256
HC,400,425,4,High-Ca Pyroxene,6,440,256
HC,400,426,4,High-Ca Pyroxene,6,440,256
HC,400,427,4,High-Ca Pyroxene,6,440,256
HC,400,428,4,High-Ca Pyroxene,6,440,256
HC,400,429,4,High-Ca Pyroxene,6,440,256
HC,400,430,4,High-Ca Pyroxene,6,440,256
HC,400,431,4,High-Ca Pyroxene,6,440,256
HC,400,432,4,High-Ca Pyroxene,6,440,256
HC,400,433,4,High-Ca Pyroxene,6,440,256
HC,400,434,4,High-Ca Pyroxene,6,440,256
HC,400,435,4,High-Ca Pyroxene,6,440,256
HC,400,436,4,High-Ca Pyroxene,6,440,256
HC,400,437,4,High-Ca Pyroxene,6,440,256
HC,400,438,4,High-Ca Pyroxene,6,440,256
HC,400,439,4,High-Ca Pyroxene,6,440,256
HC,400,440,4,High-Ca Pyroxene,6,440,256
HC,400,441,4,High-Ca Pyroxene,6,440,256
HC,400,442,4,High-Ca Pyroxene,6,440,256
HC,400,443,4,High-Ca Pyroxene,6,440,256
HC,400,444,4,High-Ca Pyroxene,6,440,256
HC,400,445,4,High-Ca Pyroxene,6,440,256
HC,400,446,4,High-Ca Pyroxene,6,440,256
HC,400,447,4,High-Ca Pyroxene,6,440,256
HC,400,448,4,High-Ca Pyroxene,6,440,256
HC,400,449,4,High-Ca Pyroxene,6,440,256
HC,400,450,4,High-Ca Pyroxene,6,440,256
HC,400,451,4,High-Ca Pyroxene,6,440,256
HC,400,452,4,High-Ca Pyroxene,6,440,256
HC,400,453,4,High-Ca Pyroxene,6,440,256
HC,400,454,4,High-Ca Pyroxene,6,440,256
HC,400,455,4,High-Ca Pyroxene,6,440,256
HC,400,456,4,High-Ca Pyroxene,6,440,256
HC,400,457,4,High-Ca Pyroxene,6,440,256
HC,400,458,4,High-Ca Pyroxene,6,440,256
HC,400,459,4,High-Ca Pyroxene,6,440,256
HC,400,460,4,High-Ca Pyroxene,6,440,256
HC,400,461,4,High-Ca Pyroxene,6,440,256
HC,400,462,4,High-Ca Pyroxene,6,440,256
HC,400,463,4,High-Ca Pyroxene,6,440,256
HC,400,464,4,High-Ca Pyroxene,6,440,256
HC,400,465,4,High-Ca Pyroxene,6,440,256
HC,400,466,4,High-Ca Pyroxene,6,440,256
HC,400,467,4,High-Ca Pyroxene,6,440,256
HC,400,468,4,High-Ca Pyroxene,6,440,256
HC,400,469,4,High-Ca Pyroxene,6,440,256
HC,400,470,4,High-Ca Pyroxene,6,440,256
HC,400,471,4,High-Ca Pyroxene,6,440,256
HC,400,472,4,High-Ca Pyroxene,6,440,256
HC,400,473,4,High-Ca Pyroxene,6,440,256
HC,400,474,4,High-Ca Pyroxene,6,440,256
HC,400,475,4,High-Ca Pyroxene,6,440,256
HC,400,476,4,High-Ca Pyroxene,6,440,256
HC,400,477,4,High-Ca Pyroxene,6,440,256
HC,400,478,4,High-Ca Pyroxene,6,440,256
HC,400,479,4,High-Ca Pyroxene,6,440,256
HC,400,480,4,High-Ca Pyroxene,6,440,256
HC,400,481,4,High-Ca Pyroxene,6,440,256
HC,400,482,4,High-Ca Pyroxene,6,440,256
HC,400,483,4,High-Ca Pyroxene,6,440,256
HC,400,484,4,High-Ca Pyroxene,6,440,256
HC,400,485,4,High-Ca Pyroxene,6,440,256
HC,400,486,4,High-Ca Pyroxene,6,440,256
HC,400,487,4,High-Ca Pyroxene,6,440,256
HC,400,488,4,High-Ca Pyroxene,6,440,256
HC,400,489,4,High-Ca Pyroxene,6,440,256
HC,400,490,4,High-Ca Pyroxene,6,440,256
HC,400,491,4,High-Ca Pyroxene,6,440,256
HC,400,492,4,High-Ca Pyroxene,6,440,256
HC,400,493,4,High-Ca Pyroxene,6,440,256
HC,400,494,4,High-Ca Pyroxene,6,440,256
HC,400,495,4,High-Ca Pyroxene,6,440,256
HC,400,496,4,High-Ca Pyroxene,6,440,256
HC,400,497,4,High-Ca Pyroxene,6,440,256
HC,400,498,4,High-Ca Pyroxene,6,440,256
HC,400,499,4,High-Ca Pyroxene,6,440,256
HC,400,500,4,High-Ca Pyroxene,6,440,256
HC,400,501,4,High-Ca Pyroxene,6,440,256
HC,400,502,4,High-Ca Pyroxene,6,440,256
HC,400,503,4,High-Ca Pyroxene,6,440,256
HC,400,504,4,High-Ca Pyroxene,6,440,256
HC,400,505,4,High-Ca Pyroxene,6,440,256
HC,400,506,4,High-Ca Pyroxene,6,440,256
HC,400,507,4,High-Ca Pyroxene,6,440,256
HC,400,508,4,High-Ca Pyroxene,6,440,256
HC,400,509,4,High-Ca Pyroxene,6,440,256
HC,401,356,4,High-Ca Pyroxene,6,440,256
HC,401,357,4,High-Ca Pyroxene,6,440,256
HC,401,358,4,High-Ca Pyroxene,6,440,256
HC,401,359,4,High-Ca Pyroxene,6,440,256
HC,401,360,4,High-Ca Pyroxene,6,440,256
HC,401,361,4,High-Ca Pyroxene,6,440,256
HC,401,362,4,High-Ca Pyroxene,6,440,256
HC,401,363,4,High-Ca Pyroxene,6,440,256
HC,401,364,4,High-Ca Pyroxene,6,440,256
HC,401,365,4,High-Ca Pyroxene,6,440,256
HC,401,366,4,High-Ca Pyroxene,6,440,256
HC,401,367,4,High-Ca Pyroxene,6,440,256
HC,401,368,4,High-Ca Pyroxene,6,440,256
HC,401,369,4,High-Ca Pyroxene,6,440,256
HC,401,370,4,High-Ca Pyroxene,6,440,256
HC,401,371,4,High-Ca Pyroxene,6,440,256
HC,401,372,4,High-Ca Pyroxene,6,440,256
HC,401,373,4,High-Ca Pyroxene,6,440,256
HC,401,374,4,High-Ca Pyroxene,6,440,256
HC,401,375,4,High-Ca Pyroxene,6,440,256
HC,401,376,4,High-Ca Pyroxene,6,440,256
HC,401,377,4,High-Ca Pyroxene,6,440,256
HC,401,378,4,High-Ca Pyroxene,6,440,256
HC,401,379,4,High-Ca Pyroxene,6,440,256
HC,401,380,4,High-Ca Pyroxene,6,440,256
HC,401,381,4,High-Ca Pyroxene,6,440,256
HC,401,382,4,High-Ca Pyroxene,6,440,256
HC,401,383,4,High-Ca Pyroxene,6,440,256
HC,401,384,4,High-Ca Pyroxene,6,440,256
HC,401,385,4,High-Ca Pyroxene,6,440,256
HC,401,386,4,High-Ca Pyroxene,6,440,256
HC,401,387,4,High-Ca Pyroxene,6,440,256
HC,401,388,4,High-Ca Pyroxene,6,440,256
HC,401,389,4,High-Ca Pyroxene,6,440,256
HC,401,408,4,High-Ca Pyroxene,6,440,256
HC,401,409,4,High-Ca Pyroxene,6,440,256
HC,401,410,4,High-Ca Pyroxene,6,440,256
HC,401,411,4,High-Ca Pyroxene,6,440,256
HC,401,412,4,High-Ca Pyroxene,6,440,256
HC,401,413,4,High-Ca Pyroxene,6,440,256
HC,401,414,4,High-Ca Pyroxene,6,440,256
HC,401,415,4,High-Ca Pyroxene,6,440,256
HC,401,416,4,High-Ca Pyroxene,6,440,256
HC,401,417,4,High-Ca Pyroxene,6,440,256
HC,401,418,4,High-Ca Pyroxene,6,440,256
HC,401,419,4,High-Ca Pyroxene,6,440,256
HC,401,420,4,High-Ca Pyroxene,6,440,256
HC,401,421,4,High-Ca Pyroxene,6,440,256
HC,401,422,4,High-Ca Pyroxene,6,440,256
HC,401,423,4,High-Ca Pyroxene,6,440,256
HC,401,424,4,High-Ca Pyroxene,6,440,256
HC,401,425,4,High-Ca Pyroxene,6,440,256
HC,401,426,4,High-Ca Pyroxene,6,440,256
HC,401,427,4,High-Ca Pyroxene,6,440,256
HC,401,428,4,High-Ca Pyroxene,6,440,256
HC,401,429,4,High-Ca Pyroxene,6,440,256
HC,401,430,4,High-Ca Pyroxene,6,440,256
HC,401,431,4,High-Ca Pyroxene,6,440,256
HC,401,432,4,High-Ca Pyroxene,6,440,256
HC,401,433,4,High-Ca Pyroxene,6,440,256
HC,401,434,4,High-Ca Pyroxene,6,440,256
HC,401,435,4,High-Ca Pyroxene,6,440,256
HC,401,436,4,High-Ca Pyroxene,6,440,256
HC,401,437,4,High-Ca Pyroxene,6,440,256
HC,401,438,4,High-Ca Pyroxene,6,440,256
HC,401,439,4,High-Ca Pyroxene,6,440,256
HC,401,440,4,High-Ca Pyroxene,6,440,256
HC,401,441,4,High-Ca Pyroxene,6,440,256
HC,401,442,4,High-Ca Pyroxene,6,440,256
HC,401,443,4,High-Ca Pyroxene,6,440,256
HC,401,444,4,High-Ca Pyroxene,6,440,256
HC,401,445,4,High-Ca Pyroxene,6,440,256
HC,401,446,4,High-Ca Pyroxene,6,440,256
HC,401,447,4,High-Ca Pyroxene,6,440,256
HC,401,448,4,High-Ca Pyroxene,6,440,256
HC,401,449,4,High-Ca Pyroxene,6,440,256
HC,401,450,4,High-Ca Pyroxene,6,440,256
HC,401,451,4,High-Ca Pyroxene,6,440,256
HC,401,452,4,High-Ca Pyroxene,6,440,256
HC,401,453,4,High-Ca Pyroxene,6,440,256
HC,401,454,4,High-Ca Pyroxene,6,440,256
HC,401,455,4,High-Ca Pyroxene,6,440,256
HC,401,456,4,High-Ca Pyroxene,6,440,256
HC,401,457,4,High-Ca Pyroxene,6,440,256
HC,401,458,4,High-Ca Pyroxene,6,440,256
HC,401,459,4,High-Ca Pyroxene,6,440,256
HC,401,460,4,High-Ca Pyroxene,6,440,256
HC,401,461,4,High-Ca Pyroxene,6,440,256
HC,401,462,4,High-Ca Pyroxene,6,440,256
HC,401,463,4,High-Ca Pyroxene,6,440,256
HC,401,464,4,High-Ca Pyroxene,6,440,256
HC,401,465,4,High-Ca Pyroxene,6,440,256
HC,401,466,4,High-Ca Pyroxene,6,440,256
HC,401,467,4,High-Ca Pyroxene,6,440,256
HC,401,468,4,High-Ca Pyroxene,6,440,256
HC,401,469,4,High-Ca Pyroxene,6,440,256
HC,401,470,4,High-Ca Pyroxene,6,440,256
HC,401,471,4,High-Ca Pyroxene,6,440,256
HC,401,472,4,High-Ca Pyroxene,6,440,256
HC,401,473,4,High-Ca Pyroxene,6,440,256
HC,401,474,4,High-Ca Pyroxene,6,440,256
HC,401,475,4,High-Ca Pyroxene,6,440,256
HC,401,476,4,High-Ca Pyroxene,6,440,256
HC,401,477,4,High-Ca Pyroxene,6,440,256
HC,401,478,4,High-Ca Pyroxene,6,440,256
HC,401,479,4,High-Ca Pyroxene,6,440,256
HC,401,480,4,High-Ca Pyroxene,6,440,256
HC,401,481,4,High-Ca Pyroxene,6,440,256
HC,401,482,4,High-Ca Pyroxene,6,440,256
HC,401,483,4,High-Ca Pyroxene,6,440,256
HC,401,484,4,High-Ca Pyroxene,6,440,256
HC,401,485,4,High-Ca Pyroxene,6,440,256
HC,401,486,4,High-Ca Pyroxene,6,440,256
HC,401,487,4,High-Ca Pyroxene,6,440,256
HC,401,488,4,High-Ca Pyroxene,6,440,256
HC,401,489,4,High-Ca Pyroxene,6,440,256
HC,401,490,4,High-Ca Pyroxene,6,440,256
HC,401,491,4,High-Ca Pyroxene,6,440,256
HC,401,492,4,High-Ca Pyroxene,6,440,256
HC,401,493,4,High-Ca Pyroxene,6,440,256
HC,401,494,4,High-Ca Pyroxene,6,440,256
HC,401,495,4,High-Ca Pyroxene,6,440,256
HC,401,496,4,High-Ca Pyroxene,6,440,256
HC,401,497,4,High-Ca Pyroxene,6,440,256
HC,401,498,4,High-Ca Pyroxene,6,440,256
HC,401,499,4,High-Ca Pyroxene,6,440,256
HC,401,500,4,High-Ca Pyroxene,6,440,256
HC,401,501,4,High-Ca Pyroxene,6,440,256
HC,401,502,4,High-Ca Pyroxene,6,440,256
HC,401,503,4,High-Ca Pyroxene,6,440,256
HC,401,504,4,High-Ca Pyroxene,6,440,256
HC,401,505,4,High-Ca Pyroxene,6,440,256
HC,401,506,4,High-Ca Pyroxene,6,440,256
HC,401,507,4,High-Ca Pyroxene,6,440,256
HC,401,508,4,High-Ca Pyroxene,6,440,256
HC,401,509,4,High-Ca Pyroxene,6,440,256
HC,401,510,4,High-Ca Pyroxene,6,440,256
HC,402,354,4,High-Ca Pyroxene,6,440,256
HC,402,355,4,High-Ca Pyroxene,6,440,256
HC,402,356,4,High-Ca Pyroxene,6,440,256
HC,402,357,4,High-Ca Pyroxene,6,440,256
HC,402,358,4,High-Ca Pyroxene,6,440,256
HC,402,359,4,High-Ca Pyroxene,6,440,256
HC,402,360,4,High-Ca Pyroxene,6,440,256
HC,402,361,4,High-Ca Pyroxene,6,440,256
HC,402,362,4,High-Ca Pyroxene,6,440,256
HC,402,363,4,High-Ca Pyroxene,6,440,256
HC,402,364,4,High-Ca Pyroxene,6,440,256
HC,402,365,4,High-Ca Pyroxene,6,440,256
HC,402,366,4,High-Ca Pyroxene,6,440,256
HC,402,367,4,High-Ca Pyroxene,6,440,256
HC,402,368,4,High-Ca Pyroxene,6,440,256
HC,402,369,4,High-Ca Pyroxene,6,440,256
HC,402,370,4,High-Ca Pyroxene,6,440,256
HC,402,371,4,High-Ca Pyroxene,6,440,256
HC,402,372,4,High-Ca Pyroxene,6,440,256
HC,402,373,4,High-Ca Pyroxene,6,440,256
HC,402,374,4,High-Ca Pyroxene,6,440,256
HC,402,375,4,High-Ca Pyroxene,6,440,256
HC,402,376,4,High-Ca Pyroxene,6,440,256
HC,402,377,4,High-Ca Pyroxene,6,440,256
HC,402,378,4,High-Ca Pyroxene,6,440,256
HC,402,379,4,High-Ca Pyroxene,6,440,256
HC,402,380,4,High-Ca Pyroxene,6,440,256
HC,402,381,4,High-Ca Pyroxene,6,440,256
HC,402,382,4,High-Ca Pyroxene,6,440,256
HC,402,383,4,High-Ca Pyroxene,6,440,256
HC,402,384,4,High-Ca Pyroxene,6,440,256
HC,402,385,4,High-Ca Pyroxene,6,440,256
HC,402,386,4,High-Ca Pyroxene,6,440,256
HC,402,387,4,High-Ca Pyroxene,6,440,256
HC,402,388,4,High-Ca Pyroxene,6,440,256
HC,402,389,4,High-Ca Pyroxene,6,440,256
HC,402,390,4,High-Ca Pyroxene,6,440,256
HC,402,391,4,High-Ca Pyroxene,6,440,256
HC,402,392,4,High-Ca Pyroxene,6,440,256
HC,402,393,4,High-Ca Pyroxene,6,440,256
HC,402,394,4,High-Ca Pyroxene,6,440,256
HC,402,406,4,High-Ca Pyroxene,6,440,256
HC,402,407,4,High-Ca Pyroxene,6,440,256
HC,402,408,4,High-Ca Pyroxene,6,440,256
HC,402,409,4,High-Ca Pyroxene,6,440,256
HC,402,410,4,High-Ca Pyroxene,6,440,256
HC,402,411,4,High-Ca Pyroxene,6,440,256
HC,402,412,4,High-Ca Pyroxene,6,440,256
HC,402,413,4,High-Ca Pyroxene,6,440,256
HC,402,414,4,High-Ca Pyroxene,6,440,256
HC,402,415,4,High-Ca Pyroxene,6,440,256
HC,402,416,4,High-Ca Pyroxene,6,440,256
HC,402,417,4,High-Ca Pyroxene,6,440,256
HC,402,418,4,High-Ca Pyroxene,6,440,256
HC,402,419,4,High-Ca Pyroxene,6,440,256
HC,402,420,4,High-Ca Pyroxene,6,440,256
HC,402,421,4,High-Ca Pyroxene,6,440,256
HC,402,422,4,High-Ca Pyroxene,6,440,256
HC,402,423,4,High-Ca Pyroxene,6,440,256
HC,402,424,4,High-Ca Pyroxene,6,440,256
HC,402,425,4,High-Ca Pyroxene,6,440,256
HC,402,426,4,High-Ca Pyroxene,6,440,256
HC,402,427,4,High-Ca Pyroxene,6,440,256
HC,402,428,4,High-Ca Pyroxene,6,440,256
HC,402,429,4,High-Ca Pyroxene,6,440,256
HC,402,430,4,High-Ca Pyroxene,6,440,256
HC,402,431,4,High-Ca Pyroxene,6,440,256
HC,402,432,4,High-Ca Pyroxene,6,440,256
HC,402,433,4,High-Ca Pyroxene,6,440,256
HC,402,434,4,High-Ca Pyroxene,6,440,256
HC,402,435,4,High-Ca Pyroxene,6,440,256
HC,402,436,4,High-Ca Pyroxene,6,440,256
HC,402,437,4,High-Ca Pyroxene,6,440,256
HC,402,438,4,High-Ca Pyroxene,6,440,256
HC,402,439,4,High-Ca Pyroxene,6,440,256
HC,402,440,4,High-Ca Pyroxene,6,440,256
HC,402,441,4,High-Ca Pyroxene,6,440,256
HC,402,442,4,High-Ca Pyroxene,6,440,256
HC,402,443,4,High-Ca Pyroxene,6,440,256
HC,402,444,4,High-Ca Pyroxene,6,440,256
HC,402,445,4,High-Ca Pyroxene,6,440,256
HC,402,446,4,High-Ca Pyroxene,6,440,256
HC,402,447,4,High-Ca Pyroxene,6,440,256
HC,402,448,4,High-Ca Pyroxene,6,440,256
HC,402,449,4,High-Ca Pyroxene,6,440,256
HC,402,450,4,High-Ca Pyroxene,6,440,256
HC,402,451,4,High-Ca Pyroxene,6,440,256
HC,402,452,4,High-Ca Pyroxene,6,440,256
HC,402,453,4,High-Ca Pyroxene,6,440,256
HC,402,454,4,High-Ca Pyroxene,6,440,256
HC,402,455,4,High-Ca Pyroxene,6,440,256
HC,402,456,4,High-Ca Pyroxene,6,440,256
HC,402,457,4,High-Ca Pyroxene,6,440,256
HC,402,458,4,High-Ca Pyroxene,6,440,256
HC,402,459,4,High-Ca Pyroxene,6,440,256
HC,402,460,4,High-Ca Pyroxene,6,440,256
HC,402,461,4,High-Ca Pyroxene,6,440,256
HC,402,462,4,High-Ca Pyroxene,6,440,256
HC,402,463,4,High-Ca Pyroxene,6,440,256
HC,402,464,4,High-Ca Pyroxene,6,440,256
HC,402,465,4,High-Ca Pyroxene,6,440,256
HC,402,466,4,High-Ca Pyroxene,6,440,256
HC,402,467,4,High-Ca Pyroxene,6,440,256
HC,402,468,4,High-Ca Pyroxene,6,440,256
HC,402,469,4,High-Ca Pyroxene,6,440,256
HC,402,470,4,High-Ca Pyroxene,6,440,256
HC,402,471,4,High-Ca Pyroxene,6,440,256
HC,402,472,4,High-Ca Pyroxene,6,440,256
HC,402,473,4,High-Ca Pyroxene,6,440,256
HC,402,474,4,High-Ca Pyroxene,6,440,256
HC,402,475,4,High-Ca Pyroxene,6,440,256
HC,402,476,4,High-Ca Pyroxene,6,440,256
HC,402,477,4,High-Ca Pyroxene,6,440,256
HC,402,478,4,High-Ca Pyroxene,6,440,256
HC,402,479,4,High-Ca Pyroxene,6,440,256
HC,402,480,4,High-Ca Pyroxene,6,440,256
HC,402,481,4,High-Ca Pyroxene,6,440,256
HC,402,482,4,High-Ca Pyroxene,6,440,256
HC,402,483,4,High-Ca Pyroxene,6,440,256
HC,402,484,4,High-Ca Pyroxene,6,440,256
HC,402,485,4,High-Ca Pyroxene,6,440,256
HC,402,486,4,High-Ca Pyroxene,6,440,256
HC,402,487,4,High-Ca Pyroxene,6,440,256
HC,402,488,4,High-Ca Pyroxene,6,440,256
HC,402,489,4,High-Ca Pyroxene,6,440,256
HC,402,490,4,High-Ca Pyroxene,6,440,256
HC,402,491,4,High-Ca Pyroxene,6,440,256
HC,402,492,4,High-Ca Pyroxene,6,440,256
HC,402,493,4,High-Ca Pyroxene,6,440,256
HC,402,494,4,High-Ca Pyroxene,6,440,256
HC,402,495,4,High-Ca Pyroxene,6,440,256
HC,402,496,4,High-Ca Pyroxene,6,440,256
HC,402,497,4,High-Ca Pyroxene,6,440,256
HC,402,498,4,High-Ca Pyroxene,6,440,256
HC,402,499,4,High-Ca Pyroxene,6,440,256
HC,402,500,4,High-Ca Pyroxene,6,440,256
HC,402,501,4,High-Ca Pyroxene,6,440,256
HC,402,502,4,High-Ca Pyroxene,6,440,256
HC,402,503,4,High-Ca Pyroxene,6,440,256
HC,402,504,4,High-Ca Pyroxene,6,440,256
HC,402,505,4,High-Ca Pyroxene,6,440,256
HC,402,506,4,High-Ca Pyroxene,6,440,256
HC,402,507,4,High-Ca Pyroxene,6,440,256
HC,402,508,4,High-Ca Pyroxene,6,440,256
HC,402,509,4,High-Ca Pyroxene,6,440,256
HC,402,510,4,High-Ca Pyroxene,6,440,256
HC,403,352,4,High-Ca Pyroxene,6,440,256
HC,403,353,4,High-Ca Pyroxene,6,440,256
HC,403,354,4,High-Ca Pyroxene,6,440,256
HC,403,355,4,High-Ca Pyroxene,6,440,256
HC,403,356,4,High-Ca Pyroxene,6,440,256
HC,403,357,4,High-Ca Pyroxene,6,440,256
HC,403,358,4,High-Ca Pyroxene,6,440,256
HC,403,359,4,High-Ca Pyroxene,6,440,256
HC,403,360,4,High-Ca Pyroxene,6,440,256
HC,403,361,4,High-Ca Pyroxene,6,440,256
HC,403,362,4,High-Ca Pyroxene,6,440,256
HC,403,363,4,High-Ca Pyroxene,6,440,256
HC,403,364,4,High-Ca Pyroxene,6,440,256
HC,403,365,4,High-Ca Pyroxene,6,440,256
HC,403,366,4,High-Ca Pyroxene,6,440,256
HC,403,367,4,High-Ca Pyroxene,6,440,256
HC,403,368,4,High-Ca Pyroxene,6,440,256
HC,403,369,4,High-Ca Pyroxene,6,440,256
HC,403,370,4,High-Ca Pyroxene,6,440,256
HC,403,371,4,High-Ca Pyroxene,6,440,256
HC,403,372,4,High-Ca Pyroxene,6,440,256
HC,403,373,4,High-Ca Pyroxene,6,440,256
HC,403,374,4,High-Ca Pyroxene,6,440,256
HC,403,375,4,High-Ca Pyroxene,6,440,256
HC,403,376,4,High-Ca Pyroxene,6,440,256
HC,403,377,4,High-Ca Pyroxene,6,440,256
HC,403,378,4,High-Ca Pyroxene,6,440,256
HC,403,379,4,High-Ca Pyroxene,6,440,256
HC,403,380,4,High-Ca Pyroxene,6,440,256
HC,403,381,4,High-Ca Pyroxene,6,440,256
HC,403,382,4,High-Ca Pyroxene,6,440,256
HC,403,383,4,High-Ca Pyroxene,6,440,256
HC,403,384,4,High-Ca Pyroxene,6,440,256
HC,403,385,4,High-Ca Pyroxene,6,440,256
HC,403,386,4,High-Ca Pyroxene,6,440,256
HC,403,387,4,High-Ca Pyroxene,6,440,256
HC,403,388,4,High-Ca Pyroxene,6,440,256
HC,403,389,4,High-Ca Pyroxene,6,440,256
HC,403,390,4,High-Ca Pyroxene,6,440,256
HC,403,391,4,High-Ca Pyroxene,6,440,256
HC,403,392,4,High-Ca Pyroxene,6,440,256
HC,403,393,4,High-Ca Pyroxene,6,440,256
HC,403,394,4,High-Ca Pyroxene,6,440,256
HC,403,395,4,High-Ca Pyroxene,6,440,256
HC,403,396,4,High-Ca Pyroxene,6,440,256
HC,403,397,4,High-Ca Pyroxene,6,440,256
HC,403,398,4,High-Ca Pyroxene,6,440,256
HC,403,399,4,High-Ca Pyroxene,6,440,256
HC,403,400,4,High-Ca Pyroxene,6,440,256
HC,403,401,4,High-Ca Pyroxene,6,440,256
HC,403,402,4,High-Ca Pyroxene,6,440,256
HC,403,403,4,High-Ca Pyroxene,6,440,256
HC,403,404,4,High-Ca Pyroxene,6,440,256
HC,403,405,4,High-Ca Pyroxene,6,440,256
HC,403,406,4,High-Ca Pyroxene,6,440,256
HC,403,407,4,High-Ca Pyroxene,6,440,256
HC,403,408,4,High-Ca Pyroxene,6,440,256
HC,403,409,4,High-Ca Pyroxene,6,440,256
HC,403,410,4,High-Ca Pyroxene,6,440,256
HC,403,411,4,High-Ca Pyroxene,6,440,256
HC,403,412,4,High-Ca Pyroxene,6,440,256
HC,403,413,4,High-Ca Pyroxene,6,440,256
HC,403,414,4,High-Ca Pyroxene,6,440,256
HC,403,415,4,High-Ca Pyroxene,6,440,256
HC,403,416,4,High-Ca Pyroxene,6,440,256
HC,403,417,4,High-Ca Pyroxene,6,440,256
HC,403,418,4,High-Ca Pyroxene,6,440,256
HC,403,419,4,High-Ca Pyroxene,6,440,256
HC,403,420,4,High-Ca Pyroxene,6,440,256
HC,403,421,4,High-Ca Pyroxene,6,440,256
HC,403,422,4,High-Ca Pyroxene,6,440,256
HC,403,423,4,High-Ca Pyroxene,6,440,256
HC,403,424,4,High-Ca Pyroxene,6,440,256
HC,403,425,4,High-Ca Pyroxene,6,440,256
HC,403,426,4,High-Ca Pyroxene,6,440,256
HC,403,427,4,High-Ca Pyroxene,6,440,256
HC,403,428,4,High-Ca Pyroxene,6,440,256
HC,403,429,4,High-Ca Pyroxene,6,440,256
HC,403,430,4,High-Ca Pyroxene,6,440,256
HC,403,431,4,High-Ca Pyroxene,6,440,256
HC,403,432,4,High-Ca Pyroxene,6,440,256
HC,403,433,4,High-Ca Pyroxene,6,440,256
HC,403,434,4,High-Ca Pyroxene,6,440,256
HC,403,435,4,High-Ca Pyroxene,6,440,256
HC,403,436,4,High-Ca Pyroxene,6,440,256
HC,403,437,4,High-Ca Pyroxene,6,440,256
HC,403,438,4,High-Ca Pyroxene,6,440,256
HC,403,439,4,High-Ca Pyroxene,6,440,256
HC,403,440,4,High-Ca Pyroxene,6,440,256
HC,403,441,4,High-Ca Pyroxene,6,440,256
HC,403,442,4,High-Ca Pyroxene,6,440,256
HC,403,443,4,High-Ca Pyroxene,6,440,256
HC,403,444,4,High-Ca Pyroxene,6,440,256
HC,403,445,4,High-Ca Pyroxene,6,440,256
HC,403,446,4,High-Ca Pyroxene,6,440,256
HC,403,447,4,High-Ca Pyroxene,6,440,256
HC,403,448,4,High-Ca Pyroxene,6,440,256
HC,403,449,4,High-Ca Pyroxene,6,440,256
HC,403,450,4,High-Ca Pyroxene,6,440,256
HC,403,451,4,High-Ca Pyroxene,6,440,256
HC,403,452,4,High-Ca Pyroxene,6,440,256
HC,403,453,4,High-Ca Pyroxene,6,440,256
HC,403,454,4,High-Ca Pyroxene,6,440,256
HC,403,455,4,High-Ca Pyroxene,6,440,256
HC,403,456,4,High-Ca Pyroxene,6,440,256
HC,403,457,4,High-Ca Pyroxene,6,440,256
HC,403,458,4,High-Ca Pyroxene,6,440,256
HC,403,459,4,High-Ca Pyroxene,6,440,256
HC,403,460,4,High-Ca Pyroxene,6,440,256
HC,403,461,4,High-Ca Pyroxene,6,440,256
HC,403,462,4,High-Ca Pyroxene,6,440,256
HC,403,463,4,High-Ca Pyroxene,6,440,256
HC,403,464,4,High-Ca Pyroxene,6,440,256
HC,403,465,4,High-Ca Pyroxene,6,440,256
HC,403,466,4,High-Ca Pyroxene,6,440,256
HC,403,467,4,High-Ca Pyroxene,6,440,256
HC,403,468,4,High-Ca Pyroxene,6,440,256
HC,403,469,4,High-Ca Pyroxene,6,440,256
HC,403,470,4,High-Ca Pyroxene,6,440,256
HC,403,471,4,High-Ca Pyroxene,6,440,256
HC,403,472,4,High-Ca Pyroxene,6,440,256
HC,403,473,4,High-Ca Pyroxene,6,440,256
HC,403,474,4,High-Ca Pyroxene,6,440,256
HC,403,475,4,High-Ca Pyroxene,6,440,256
HC,403,476,4,High-Ca Pyroxene,6,440,256
HC,403,477,4,High-Ca Pyroxene,6,440,256
HC,403,478,4,High-Ca Pyroxene,6,440,256
HC,403,479,4,High-Ca Pyroxene,6,440,256
HC,403,480,4,High-Ca Pyroxene,6,440,256
HC,403,481,4,High-Ca Pyroxene,6,440,256
HC,403,482,4,High-Ca Pyroxene,6,440,256
HC,403,483,4,High-Ca Pyroxene,6,440,256
HC,403,484,4,High-Ca Pyroxene,6,440,256
HC,403,485,4,High-Ca Pyroxene,6,440,256
HC,403,486,4,High-Ca Pyroxene,6,440,256
HC,403,487,4,High-Ca Pyroxene,6,440,256
HC,403,488,4,High-Ca Pyroxene,6,440,256
HC,403,489,4,High-Ca Pyroxene,6,440,256
HC,403,490,4,High-Ca Pyroxene,6,440,256
HC,403,491,4,High-Ca Pyroxene,6,440,256
HC,403,492,4,High-Ca Pyroxene,6,440,256
HC,403,493,4,High-Ca Pyroxene,6,440,256
HC,403,494,4,High-Ca Pyroxene,6,440,256
HC,403,495,4,High-Ca Pyroxene,6,440,256
HC,403,496,4,High-Ca Pyroxene,6,440,256
HC,403,497,4,High-Ca Pyroxene,6,440,256
HC,403,498,4,High-Ca Pyroxene,6,440,256
HC,403,499,4,High-Ca Pyroxene,6,440,256
HC,403,500,4,High-Ca Pyroxene,6,440,256
HC,403,501,4,High-Ca Pyroxene,6,440,256
HC,403,502,4,High-Ca Pyroxene,6,440,256
HC,403,503,4,High-Ca Pyroxene,6,440,256
HC,403,504,4,High-Ca Pyroxene,6,440,256
HC,403,505,4,High-Ca Pyroxene,6,440,256
HC,403,506,4,High-Ca Pyroxene,6,440,256
HC,403,507,4,High-Ca Pyroxene,6,440,256
HC,403,508,4,High-Ca Pyroxene,6,440,256
HC,403,509,4,High-Ca Pyroxene,6,440,256
HC,403,510,4,High-Ca Pyroxene,6,440,256
HC,404,352,4,High-Ca Pyroxene,6,440,256
HC,404,353,4,High-Ca Pyroxene,6,440,256
HC,404,354,4,High-Ca Pyroxene,6,440,256
HC,404,355,4,High-Ca Pyroxene,6,440,256
HC,404,356,4,High-Ca Pyroxene,6,440,256
HC,404,357,4,High-Ca Pyroxene,6,440,256
HC,404,358,4,High-Ca Pyroxene,6,440,256
HC,404,359,4,High-Ca Pyroxene,6,440,256
HC,404,360,4,High-Ca Pyroxene,6,440,256
HC,404,361,4,High-Ca Pyroxene,6,440,256
HC,404,362,4,High-Ca Pyroxene,6,440,256
HC,404,363,4,High-Ca Pyroxene,6,440,256
HC,404,364,4,High-Ca Pyroxene,6,440,256
HC,404,365,4,High-Ca Pyroxene,6,440,256
HC,404,366,4,High-Ca Pyroxene,6,440,256
HC,404,367,4,High-Ca Pyroxene,6,440,256
HC,404,368,4,High-Ca Pyroxene,6,440,256
HC,404,369,4,High-Ca Pyroxene,6,440,256
HC,404,370,4,High-Ca Pyroxene,6,440,256
HC,404,371,4,High-Ca Pyroxene,6,440,256
HC,404,372,4,High-Ca Pyroxene,6,440,256
HC,404,373,4,High-Ca Pyroxene,6,440,256
HC,404,374,4,High-Ca Pyroxene,6,440,256
HC,404,375,4,High-Ca Pyroxene,6,440,256
HC,404,376,4,High-Ca Pyroxene,6,440,256
HC,404,377,4,High-Ca Pyroxene,6,440,256
HC,404,378,4,High-Ca Pyroxene,6,440,256
HC,404,379,4,High-Ca Pyroxene,6,440,256
HC,404,380,4,High-Ca Pyroxene,6,440,256
HC,404,381,4,High-Ca Pyroxene,6,440,256
HC,404,382,4,High-Ca Pyroxene,6,440,256
HC,404,383,4,High-Ca Pyroxene,6,440,256
HC,404,384,4,High-Ca Pyroxene,6,440,256
HC,404,385,4,High-Ca Pyroxene,6,440,256
HC,404,386,4,High-Ca Pyroxene,6,440,256
HC,404,387,4,High-Ca Pyroxene,6,440,256
HC,404,388,4,High-Ca Pyroxene,6,440,256
HC,404,389,4,High-Ca Pyroxene,6,440,256
HC,404,390,4,High-Ca Pyroxene,6,440,256
HC,404,391,4,High-Ca Pyroxene,6,440,256
HC,404,392,4,High-Ca Pyroxene,6,440,256
HC,404,393,4,High-Ca Pyroxene,6,440,256
HC,404,394,4,High-Ca Pyroxene,6,440,256
HC,404,395,4,High-Ca Pyroxene,6,440,256
HC,404,396,4,High-Ca Pyroxene,6,440,256
HC,404,397,4,High-Ca Pyroxene,6,440,256
HC,404,398,4,High-Ca Pyroxene,6,440,256
HC,404,399,4,High-Ca Pyroxene,6,440,256
HC,404,400,4,High-Ca Pyroxene,6,440,256
HC,404,401,4,High-Ca Pyroxene,6,440,256
HC,404,402,4,High-Ca Pyroxene,6,440,256
HC,404,403,4,High-Ca Pyroxene,6,440,256
HC,404,404,4,High-Ca Pyroxene,6,440,256
HC,404,405,4,High-Ca Pyroxene,6,440,256
HC,404,406,4,High-Ca Pyroxene,6,440,256
HC,404,407,4,High-Ca Pyroxene,6,440,256
HC,404,408,4,High-Ca Pyroxene,6,440,256
HC,404,409,4,High-Ca Pyroxene,6,440,256
HC,404,410,4,High-Ca Pyroxene,6,440,256
HC,404,411,4,High-Ca Pyroxene,6,440,256
HC,404,412,4,High-Ca Pyroxene,6,440,256
HC,404,413,4,High-Ca Pyroxene,6,440,256
HC,404,414,4,High-Ca Pyroxene,6,440,256
HC,404,415,4,High-Ca Pyroxene,6,440,256
HC,404,416,4,High-Ca Pyroxene,6,440,256
HC,404,417,4,High-Ca Pyroxene,6,440,256
HC,404,418,4,High-Ca Pyroxene,6,440,256
HC,404,419,4,High-Ca Pyroxene,6,440,256
HC,404,420,4,High-Ca Pyroxene,6,440,256
HC,404,421,4,High-Ca Pyroxene,6,440,256
HC,404,422,4,High-Ca Pyroxene,6,440,256
HC,404,423,4,High-Ca Pyroxene,6,440,256
HC,404,424,4,High-Ca Pyroxene,6,440,256
HC,404,425,4,High-Ca Pyroxene,6,440,256
HC,404,426,4,High-Ca Pyroxene,6,440,256
HC,404,427,4,High-Ca Pyroxene,6,440,256
HC,404,428,4,High-Ca Pyroxene,6,440,256
HC,404,429,4,High-Ca Pyroxene,6,440,256
HC,404,430,4,High-Ca Pyroxene,6,440,256
HC,404,431,4,High-Ca Pyroxene,6,440,256
HC,404,432,4,High-Ca Pyroxene,6,440,256
HC,404,433,4,High-Ca Pyroxene,6,440,256
HC,404,434,4,High-Ca Pyroxene,6,440,256
HC,404,435,4,High-Ca Pyroxene,6,440,256
HC,404,436,4,High-Ca Pyroxene,6,440,256
HC,404,437,4,High-Ca Pyroxene,6,440,256
HC,404,438,4,High-Ca Pyroxene,6,440,256
HC,404,439,4,High-Ca Pyroxene,6,440,256
HC,404,440,4,High-Ca Pyroxene,6,440,256
HC,404,441,4,High-Ca Pyroxene,6,440,256
HC,404,442,4,High-Ca Pyroxene,6,440,256
HC,404,443,4,High-Ca Pyroxene,6,440,256
HC,404,444,4,High-Ca Pyroxene,6,440,256
HC,404,445,4,High-Ca Pyroxene,6,440,256
HC,404,446,4,High-Ca Pyroxene,6,440,256
HC,404,447,4,High-Ca Pyroxene,6,440,256
HC,404,448,4,High-Ca Pyroxene,6,440,256
HC,404,449,4,High-Ca Pyroxene,6,440,256
HC,404,450,4,High-Ca Pyroxene,6,440,256
HC,404,451,4,High-Ca Pyroxene,6,440,256
HC,404,452,4,High-Ca Pyroxene,6,440,256
HC,404,453,4,High-Ca Pyroxene,6,440,256
HC,404,454,4,High-Ca Pyroxene,6,440,256
HC,404,455,4,High-Ca Pyroxene,6,440,256
HC,404,456,4,High-Ca Pyroxene,6,440,256
HC,404,457,4,High-Ca Pyroxene,6,440,256
HC,404,458,4,High-Ca Pyroxene,6,440,256
HC,404,459,4,High-Ca Pyroxene,6,440,256
HC,404,460,4,High-Ca Pyroxene,6,440,256
HC,404,461,4,High-Ca Pyroxene,6,440,256
HC,404,462,4,High-Ca Pyroxene,6,440,256
HC,404,463,4,High-Ca Pyroxene,6,440,256
HC,404,464,4,High-Ca Pyroxene,6,440,256
HC,404,465,4,High-Ca Pyroxene,6,440,256
HC,404,466,4,High-Ca Pyroxene,6,440,256
HC,404,467,4,High-Ca Pyroxene,6,440,256
HC,404,468,4,High-Ca Pyroxene,6,440,256
HC,404,469,4,High-Ca Pyroxene,6,440,256
HC,404,470,4,High-Ca Pyroxene,6,440,256
HC,404,471,4,High-Ca Pyroxene,6,440,256
HC,404,472,4,High-Ca Pyroxene,6,440,256
HC,404,473,4,High-Ca Pyroxene,6,440,256
HC,404,474,4,High-Ca Pyroxene,6,440,256
HC,404,475,4,High-Ca Pyroxene,6,440,256
HC,404,476,4,High-Ca Pyroxene,6,440,256
HC,404,477,4,High-Ca Pyroxene,6,440,256
HC,404,478,4,High-Ca Pyroxene,6,440,256
HC,404,479,4,High-Ca Pyroxene,6,440,256
HC,404,480,4,High-Ca Pyroxene,6,440,256
HC,404,481,4,High-Ca Pyroxene,6,440,256
HC,404,482,4,High-Ca Pyroxene,6,440,256
HC,404,483,4,High-Ca Pyroxene,6,440,256
HC,404,484,4,High-Ca Pyroxene,6,440,256
HC,404,485,4,High-Ca Pyroxene,6,440,256
HC,404,486,4,High-Ca Pyroxene,6,440,256
HC,404,487,4,High-Ca Pyroxene,6,440,256
HC,404,488,4,High-Ca Pyroxene,6,440,256
HC,404,489,4,High-Ca Pyroxene,6,440,256
HC,404,490,4,High-Ca Pyroxene,6,440,256
HC,404,491,4,High-Ca Pyroxene,6,440,256
HC,404,492,4,High-Ca Pyroxene,6,440,256
HC,404,493,4,High-Ca Pyroxene,6,440,256
HC,404,494,4,High-Ca Pyroxene,6,440,256
HC,404,495,4,High-Ca Pyroxene,6,440,256
HC,404,496,4,High-Ca Pyroxene,6,440,256
HC,404,497,4,High-Ca Pyroxene,6,440,256
HC,404,498,4,High-Ca Pyroxene,6,440,256
HC,404,499,4,High-Ca Pyroxene,6,440,256
HC,404,500,4,High-Ca Pyroxene,6,440,256
HC,404,501,4,High-Ca Pyroxene,6,440,256
HC,404,502,4,High-Ca Pyroxene,6,440,256
HC,404,503,4,High-Ca Pyroxene,6,440,256
HC,404,504,4,High-Ca Pyroxene,6,440,256
HC,404,505,4,High-Ca Pyroxene,6,440,256
HC,404,506,4,High-Ca Pyroxene,6,440,256
HC,404,507,4,High-Ca Pyroxene,6,440,256
HC,404,508,4,High-Ca Pyroxene,6,440,256
HC,404,509,4,High-Ca Pyroxene,6,440,256
HC,404,510,4,High-Ca Pyroxene,6,440,256
HC,405,351,4,High-Ca Pyroxene,6,440,256
HC,405,352,4,High-Ca Pyroxene,6,440,256
HC,405,353,4,High-Ca Pyroxene,6,440,256
HC,405,354,4,High-Ca Pyroxene,6,440,256
HC,405,355,4,High-Ca Pyroxene,6,440,256
HC,405,356,4,High-Ca Pyroxene,6,440,256
HC,405,357,4,High-Ca Pyroxene,6,440,256
HC,405,358,4,High-Ca Pyroxene,6,440,256
HC,405,359,4,High-Ca Pyroxene,6,440,256
HC,405,360,4,High-Ca Pyroxene,6,440,256
HC,405,361,4,High-Ca Pyroxene,6,440,256
HC,405,362,4,High-Ca Pyroxene,6,440,256
HC,405,363,4,High-Ca Pyroxene,6,440,256
HC,405,364,4,High-Ca Pyroxene,6,440,256
HC,405,365,4,High-Ca Pyroxene,6,440,256
HC,405,366,4,High-Ca Pyroxene,6,440,256
HC,405,367,4,High-Ca Pyroxene,6,440,256
HC,405,368,4,High-Ca Pyroxene,6,440,256
HC,405,369,4,High-Ca Pyroxene,6,440,256
HC,405,370,4,High-Ca Pyroxene,6,440,256
HC,405,371,4,High-Ca Pyroxene,6,440,256
HC,405,372,4,High-Ca Pyroxene,6,440,256
HC,405,373,4,High-Ca Pyroxene,6,440,256
HC,405,374,4,High-Ca Pyroxene,6,440,256
HC,405,375,4,High-Ca Pyroxene,6,440,256
HC,405,376,4,High-Ca Pyroxene,6,440,256
HC,405,377,4,High-Ca Pyroxene,6,440,256
HC,405,378,4,High-Ca Pyroxene,6,440,256
HC,405,379,4,High-Ca Pyroxene,6,440,256
HC,405,380,4,High-Ca Pyroxene,6,440,256
HC,405,381,4,High-Ca Pyroxene,6,440,256
HC,405,382,4,High-Ca Pyroxene,6,440,256
HC,405,383,4,High-Ca Pyroxene,6,440,256
HC,405,384,4,High-Ca Pyroxene,6,440,256
HC,405,385,4,High-Ca Pyroxene,6,440,256
HC,405,386,4,High-Ca Pyroxene,6,440,256
HC,405,387,4,High-Ca Pyroxene,6,440,256
HC,405,388,4,High-Ca Pyroxene,6,440,256
HC,405,389,4,High-Ca Pyroxene,6,440,256
HC,405,390,4,High-Ca Pyroxene,6,440,256
HC,405,391,4,High-Ca Pyroxene,6,440,256
HC,405,392,4,High-Ca Pyroxene,6,440,256
HC,405,393,4,High-Ca Pyroxene,6,440,256
HC,405,394,4,High-Ca Pyroxene,6,440,256
HC,405,395,4,High-Ca Pyroxene,6,440,256
HC,405,396,4,High-Ca Pyroxene,6,440,256
HC,405,397,4,High-Ca Pyroxene,6,440,256
HC,405,398,4,High-Ca Pyroxene,6,440,256
HC,405,399,4,High-Ca Pyroxene,6,440,256
HC,405,400,4,High-Ca Pyroxene,6,440,256
HC,405,401,4,High-Ca Pyroxene,6,440,256
HC,405,402,4,High-Ca Pyroxene,6,440,256
HC,405,403,4,High-Ca Pyroxene,6,440,256
HC,405,404,4,High-Ca Pyroxene,6,440,256
HC,405,405,4,High-Ca Pyroxene,6,440,256
HC,405,406,4,High-Ca Pyroxene,6,440,256
HC,405,407,4,High-Ca Pyroxene,6,440,256
HC,405,408,4,High-Ca Pyroxene,6,440,256
HC,405,409,4,High-Ca Pyroxene,6,440,256
HC,405,410,4,High-Ca Pyroxene,6,440,256
HC,405,411,4,High-Ca Pyroxene,6,440,256
HC,405,412,4,High-Ca Pyroxene,6,440,256
HC,405,413,4,High-Ca Pyroxene,6,440,256
HC,405,414,4,High-Ca Pyroxene,6,440,256
HC,405,415,4,High-Ca Pyroxene,6,440,256
HC,405,416,4,High-Ca Pyroxene,6,440,256
HC,405,417,4,High-Ca Pyroxene,6,440,256
HC,405,418,4,High-Ca Pyroxene,6,440,256
HC,405,419,4,High-Ca Pyroxene,6,440,256
HC,405,420,4,High-Ca Pyroxene,6,440,256
HC,405,421,4,High-Ca Pyroxene,6,440,256
HC,405,422,4,High-Ca Pyroxene,6,440,256
HC,405,423,4,High-Ca Pyroxene,6,440,256
HC,405,424,4,High-Ca Pyroxene,6,440,256
HC,405,425,4,High-Ca Pyroxene,6,440,256
HC,405,426,4,High-Ca Pyroxene,6,440,256
HC,405,427,4,High-Ca Pyroxene,6,440,256
HC,405,428,4,High-Ca Pyroxene,6,440,256
HC,405,429,4,High-Ca Pyroxene,6,440,256
HC,405,430,4,High-Ca Pyroxene,6,440,256
HC,405,431,4,High-Ca Pyroxene,6,440,256
HC,405,432,4,High-Ca Pyroxene,6,440,256
HC,405,433,4,High-Ca Pyroxene,6,440,256
HC,405,434,4,High-Ca Pyroxene,6,440,256
HC,405,435,4,High-Ca Pyroxene,6,440,256
HC,405,436,4,High-Ca Pyroxene,6,440,256
HC,405,437,4,High-Ca Pyroxene,6,440,256
HC,405,438,4,High-Ca Pyroxene,6,440,256
HC,405,439,4,High-Ca Pyroxene,6,440,256
HC,405,440,4,High-Ca Pyroxene,6,440,256
HC,405,441,4,High-Ca Pyroxene,6,440,256
HC,405,442,4,High-Ca Pyroxene,6,440,256
HC,405,443,4,High-Ca Pyroxene,6,440,256
HC,405,444,4,High-Ca Pyroxene,6,440,256
HC,405,445,4,High-Ca Pyroxene,6,440,256
HC,405,446,4,High-Ca Pyroxene,6,440,256
HC,405,447,4,High-Ca Pyroxene,6,440,256
HC,405,448,4,High-Ca Pyroxene,6,440,256
HC,405,449,4,High-Ca Pyroxene,6,440,256
HC,405,450,4,High-Ca Pyroxene,6,440,256
HC,405,451,4,High-Ca Pyroxene,6,440,256
HC,405,452,4,High-Ca Pyroxene,6,440,256
HC,405,453,4,High-Ca Pyroxene,6,440,256
HC,405,454,4,High-Ca Pyroxene,6,440,256
HC,405,455,4,High-Ca Pyroxene,6,440,256
HC,405,456,4,High-Ca Pyroxene,6,440,256
HC,405,457,4,High-Ca Pyroxene,6,440,256
HC,405,458,4,High-Ca Pyroxene,6,440,256
HC,405,459,4,High-Ca Pyroxene,6,440,256
HC,405,460,4,High-Ca Pyroxene,6,440,256
HC,405,461,4,High-Ca Pyroxene,6,440,256
HC,405,462,4,High-Ca Pyroxene,6,440,256
HC,405,463,4,High-Ca Pyroxene,6,440,256
HC,405,464,4,High-Ca Pyroxene,6,440,256
HC,405,465,4,High-Ca Pyroxene,6,440,256
HC,405,466,4,High-Ca Pyroxene,6,440,256
HC,405,467,4,High-Ca Pyroxene,6,440,256
HC,405,468,4,High-Ca Pyroxene,6,440,256
HC,405,469,4,High-Ca Pyroxene,6,440,256
HC,405,470,4,High-Ca Pyroxene,6,440,256
HC,405,471,4,High-Ca Pyroxene,6,440,256
HC,405,472,4,High-Ca Pyroxene,6,440,256
HC,405,473,4,High-Ca Pyroxene,6,440,256
HC,405,474,4,High-Ca Pyroxene,6,440,256
HC,405,475,4,High-Ca Pyroxene,6,440,256
HC,405,476,4,High-Ca Pyroxene,6,440,256
HC,405,477,4,High-Ca Pyroxene,6,440,256
HC,405,478,4,High-Ca Pyroxene,6,440,256
HC,405,479,4,High-Ca Pyroxene,6,440,256
HC,405,480,4,High-Ca Pyroxene,6,440,256
HC,405,481,4,High-Ca Pyroxene,6,440,256
HC,405,482,4,High-Ca Pyroxene,6,440,256
HC,405,483,4,High-Ca Pyroxene,6,440,256
HC,405,484,4,High-Ca Pyroxene,6,440,256
HC,405,485,4,High-Ca Pyroxene,6,440,256
HC,405,486,4,High-Ca Pyroxene,6,440,256
HC,405,487,4,High-Ca Pyroxene,6,440,256
HC,405,488,4,High-Ca Pyroxene,6,440,256
HC,405,489,4,High-Ca Pyroxene,6,440,256
HC,405,490,4,High-Ca Pyroxene,6,440,256
HC,405,491,4,High-Ca Pyroxene,6,440,256
HC,405,492,4,High-Ca Pyroxene,6,440,256
HC,405,493,4,High-Ca Pyroxene,6,440,256
HC,405,494,4,High-Ca Pyroxene,6,440,256
HC,405,495,4,High-Ca Pyroxene,6,440,256
HC,405,496,4,High-Ca Pyroxene,6,440,256
HC,405,497,4,High-Ca Pyroxene,6,440,256
HC,405,498,4,High-Ca Pyroxene,6,440,256
HC,405,499,4,High-Ca Pyroxene,6,440,256
HC,405,500,4,High-Ca Pyroxene,6,440,256
HC,405,501,4,High-Ca Pyroxene,6,440,256
HC,405,502,4,High-Ca Pyroxene,6,440,256
HC,405,503,4,High-Ca Pyroxene,6,440,256
HC,405,504,4,High-Ca Pyroxene,6,440,256
HC,405,505,4,High-Ca Pyroxene,6,440,256
HC,405,506,4,High-Ca Pyroxene,6,440,256
HC,405,507,4,High-Ca Pyroxene,6,440,256
HC,405,508,4,High-Ca Pyroxene,6,440,256
HC,405,509,4,High-Ca Pyroxene,6,440,256
HC,405,510,4,High-Ca Pyroxene,6,440,256
HC,405,511,4,High-Ca Pyroxene,6,440,256
HC,406,351,4,High-Ca Pyroxene,6,440,256
HC,406,352,4,High-Ca Pyroxene,6,440,256
HC,406,353,4,High-Ca Pyroxene,6,440,256
HC,406,354,4,High-Ca Pyroxene,6,440,256
HC,406,355,4,High-Ca Pyroxene,6,440,256
HC,406,356,4,High-Ca Pyroxene,6,440,256
HC,406,357,4,High-Ca Pyroxene,6,440,256
HC,406,358,4,High-Ca Pyroxene,6,440,256
HC,406,359,4,High-Ca Pyroxene,6,440,256
HC,406,360,4,High-Ca Pyroxene,6,440,256
HC,406,361,4,High-Ca Pyroxene,6,440,256
HC,406,362,4,High-Ca Pyroxene,6,440,256
HC,406,363,4,High-Ca Pyroxene,6,440,256
HC,406,364,4,High-Ca Pyroxene,6,440,256
HC,406,365,4,High-Ca Pyroxene,6,440,256
HC,406,366,4,High-Ca Pyroxene,6,440,256
HC,406,367,4,High-Ca Pyroxene,6,440,256
HC,406,368,4,High-Ca Pyroxene,6,440,256
HC,406,369,4,High-Ca Pyroxene,6,440,256
HC,406,370,4,High-Ca Pyroxene,6,440,256
HC,406,371,4,High-Ca Pyroxene,6,440,256
HC,406,372,4,High-Ca Pyroxene,6,440,256
HC,406,373,4,High-Ca Pyroxene,6,440,256
HC,406,374,4,High-Ca Pyroxene,6,440,256
HC,406,375,4,High-Ca Pyroxene,6,440,256
HC,406,376,4,High-Ca Pyroxene,6,440,256
HC,406,377,4,High-Ca Pyroxene,6,440,256
HC,406,378,4,High-Ca Pyroxene,6,440,256
HC,406,379,4,High-Ca Pyroxene,6,440,256
HC,406,380,4,High-Ca Pyroxene,6,440,256
HC,406,381,4,High-Ca Pyroxene,6,440,256
HC,406,382,4,High-Ca Pyroxene,6,440,256
HC,406,383,4,High-Ca Pyroxene,6,440,256
HC,406,384,4,High-Ca Pyroxene,6,440,256
HC,406,385,4,High-Ca Pyroxene,6,440,256
HC,406,386,4,High-Ca Pyroxene,6,440,256
HC,406,387,4,High-Ca Pyroxene,6,440,256
HC,406,388,4,High-Ca Pyroxene,6,440,256
HC,406,389,4,High-Ca Pyroxene,6,440,256
HC,406,390,4,High-Ca Pyroxene,6,440,256
HC,406,391,4,High-Ca Pyroxene,6,440,256
HC,406,392,4,High-Ca Pyroxene,6,440,256
HC,406,393,4,High-Ca Pyroxene,6,440,256
HC,406,394,4,High-Ca Pyroxene,6,440,256
HC,406,395,4,High-Ca Pyroxene,6,440,256
HC,406,396,4,High-Ca Pyroxene,6,440,256
HC,406,397,4,High-Ca Pyroxene,6,440,256
HC,406,398,4,High-Ca Pyroxene,6,440,256
HC,406,399,4,High-Ca Pyroxene,6,440,256
HC,406,400,4,High-Ca Pyroxene,6,440,256
HC,406,401,4,High-Ca Pyroxene,6,440,256
HC,406,402,4,High-Ca Pyroxene,6,440,256
HC,406,403,4,High-Ca Pyroxene,6,440,256
HC,406,404,4,High-Ca Pyroxene,6,440,256
HC,406,405,4,High-Ca Pyroxene,6,440,256
HC,406,406,4,High-Ca Pyroxene,6,440,256
HC,406,407,4,High-Ca Pyroxene,6,440,256
HC,406,408,4,High-Ca Pyroxene,6,440,256
HC,406,409,4,High-Ca Pyroxene,6,440,256
HC,406,410,4,High-Ca Pyroxene,6,440,256
HC,406,411,4,High-Ca Pyroxene,6,440,256
HC,406,412,4,High-Ca Pyroxene,6,440,256
HC,406,413,4,High-Ca Pyroxene,6,440,256
HC,406,414,4,High-Ca Pyroxene,6,440,256
HC,406,415,4,High-Ca Pyroxene,6,440,256
HC,406,416,4,High-Ca Pyroxene,6,440,256
HC,406,417,4,High-Ca Pyroxene,6,440,256
HC,406,418,4,High-Ca Pyroxene,6,440,256
HC,406,419,4,High-Ca Pyroxene,6,440,256
HC,406,420,4,High-Ca Pyroxene,6,440,256
HC,406,421,4,High-Ca Pyroxene,6,440,256
HC,406,422,4,High-Ca Pyroxene,6,440,256
HC,406,423,4,High-Ca Pyroxene,6,440,256
HC,406,424,4,High-Ca Pyroxene,6,440,256
HC,406,425,4,High-Ca Pyroxene,6,440,256
HC,406,426,4,High-Ca Pyroxene,6,440,256
HC,406,427,4,High-Ca Pyroxene,6,440,256
HC,406,428,4,High-Ca Pyroxene,6,440,256
HC,406,429,4,High-Ca Pyroxene,6,440,256
HC,406,430,4,High-Ca Pyroxene,6,440,256
HC,406,431,4,High-Ca Pyroxene,6,440,256
HC,406,432,4,High-Ca Pyroxene,6,440,256
HC,406,433,4,High-Ca Pyroxene,6,440,256
HC,406,434,4,High-Ca Pyroxene,6,440,256
HC,406,435,4,High-Ca Pyroxene,6,440,256
HC,406,436,4,High-Ca Pyroxene,6,440,256
HC,406,437,4,High-Ca Pyroxene,6,440,256
HC,406,438,4,High-Ca Pyroxene,6,440,256
HC,406,439,4,High-Ca Pyroxene,6,440,256
HC,406,440,4,High-Ca Pyroxene,6,440,256
HC,406,441,4,High-Ca Pyroxene,6,440,256
HC,406,442,4,High-Ca Pyroxene,6,440,256
HC,406,443,4,High-Ca Pyroxene,6,440,256
HC,406,444,4,High-Ca Pyroxene,6,440,256
HC,406,445,4,High-Ca Pyroxene,6,440,256
HC,406,446,4,High-Ca Pyroxene,6,440,256
HC,406,447,4,High-Ca Pyroxene,6,440,256
HC,406,448,4,High-Ca Pyroxene,6,440,256
HC,406,449,4,High-Ca Pyroxene,6,440,256
HC,406,450,4,High-Ca Pyroxene,6,440,256
HC,406,451,4,High-Ca Pyroxene,6,440,256
HC,406,452,4,High-Ca Pyroxene,6,440,256
HC,406,453,4,High-Ca Pyroxene,6,440,256
HC,406,454,4,High-Ca Pyroxene,6,440,256
HC,406,455,4,High-Ca Pyroxene,6,440,256
HC,406,456,4,High-Ca Pyroxene,6,440,256
HC,406,457,4,High-Ca Pyroxene,6,440,256
HC,406,458,4,High-Ca Pyroxene,6,440,256
HC,406,459,4,High-Ca Pyroxene,6,440,256
HC,406,460,4,High-Ca Pyroxene,6,440,256
HC,406,461,4,High-Ca Pyroxene,6,440,256
HC,406,462,4,High-Ca Pyroxene,6,440,256
HC,406,463,4,High-Ca Pyroxene,6,440,256
HC,406,464,4,High-Ca Pyroxene,6,440,256
HC,406,465,4,High-Ca Pyroxene,6,440,256
HC,406,466,4,High-Ca Pyroxene,6,440,256
HC,406,467,4,High-Ca Pyroxene,6,440,256
HC,406,468,4,High-Ca Pyroxene,6,440,256
HC,406,469,4,High-Ca Pyroxene,6,440,256
HC,406,470,4,High-Ca Pyroxene,6,440,256
HC,406,471,4,High-Ca Pyroxene,6,440,256
HC,406,472,4,High-Ca Pyroxene,6,440,256
HC,406,473,4,High-Ca Pyroxene,6,440,256
HC,406,474,4,High-Ca Pyroxene,6,440,256
HC,406,475,4,High-Ca Pyroxene,6,440,256
HC,406,476,4,High-Ca Pyroxene,6,440,256
HC,406,477,4,High-Ca Pyroxene,6,440,256
HC,406,478,4,High-Ca Pyroxene,6,440,256
HC,406,479,4,High-Ca Pyroxene,6,440,256
HC,406,480,4,High-Ca Pyroxene,6,440,256
HC,406,481,4,High-Ca Pyroxene,6,440,256
HC,406,482,4,High-Ca Pyroxene,6,440,256
HC,406,483,4,High-Ca Pyroxene,6,440,256
HC,406,484,4,High-Ca Pyroxene,6,440,256
HC,406,485,4,High-Ca Pyroxene,6,440,256
HC,406,486,4,High-Ca Pyroxene,6,440,256
HC,406,487,4,High-Ca Pyroxene,6,440,256
HC,406,488,4,High-Ca Pyroxene,6,440,256
HC,406,489,4,High-Ca Pyroxene,6,440,256
HC,406,490,4,High-Ca Pyroxene,6,440,256
HC,406,491,4,High-Ca Pyroxene,6,440,256
HC,406,492,4,High-Ca Pyroxene,6,440,256
HC,406,493,4,High-Ca Pyroxene,6,440,256
HC,406,494,4,High-Ca Pyroxene,6,440,256
HC,406,495,4,High-Ca Pyroxene,6,440,256
HC,406,496,4,High-Ca Pyroxene,6,440,256
HC,406,497,4,High-Ca Pyroxene,6,440,256
HC,406,498,4,High-Ca Pyroxene,6,440,256
HC,406,499,4,High-Ca Pyroxene,6,440,256
HC,406,500,4,High-Ca Pyroxene,6,440,256
HC,406,501,4,High-Ca Pyroxene,6,440,256
HC,406,502,4,High-Ca Pyroxene,6,440,256
HC,406,503,4,High-Ca Pyroxene,6,440,256
HC,406,504,4,High-Ca Pyroxene,6,440,256
HC,406,505,4,High-Ca Pyroxene,6,440,256
HC,406,506,4,High-Ca Pyroxene,6,440,256
HC,406,507,4,High-Ca Pyroxene,6,440,256
HC,406,508,4,High-Ca Pyroxene,6,440,256
HC,406,509,4,High-Ca Pyroxene,6,440,256
HC,406,510,4,High-Ca Pyroxene,6,440,256
HC,406,511,4,High-Ca Pyroxene,6,440,256
HC,407,350,4,High-Ca Pyroxene,6,440,256
HC,407,351,4,High-Ca Pyroxene,6,440,256
HC,407,352,4,High-Ca Pyroxene,6,440,256
HC,407,353,4,High-Ca Pyroxene,6,440,256
HC,407,354,4,High-Ca Pyroxene,6,440,256
HC,407,355,4,High-Ca Pyroxene,6,440,256
HC,407,356,4,High-Ca Pyroxene,6,440,256
HC,407,357,4,High-Ca Pyroxene,6,440,256
HC,407,358,4,High-Ca Pyroxene,6,440,256
HC,407,359,4,High-Ca Pyroxene,6,440,256
HC,407,360,4,High-Ca Pyroxene,6,440,256
HC,407,361,4,High-Ca Pyroxene,6,440,256
HC,407,362,4,High-Ca Pyroxene,6,440,256
HC,407,363,4,High-Ca Pyroxene,6,440,256
HC,407,364,4,High-Ca Pyroxene,6,440,256
HC,407,365,4,High-Ca Pyroxene,6,440,256
HC,407,366,4,High-Ca Pyroxene,6,440,256
HC,407,367,4,High-Ca Pyroxene,6,440,256
HC,407,368,4,High-Ca Pyroxene,6,440,256
HC,407,369,4,High-Ca Pyroxene,6,440,256
HC,407,370,4,High-Ca Pyroxene,6,440,256
HC,407,371,4,High-Ca Pyroxene,6,440,256
HC,407,372,4,High-Ca Pyroxene,6,440,256
HC,407,373,4,High-Ca Pyroxene,6,440,256
HC,407,374,4,High-Ca Pyroxene,6,440,256
HC,407,375,4,High-Ca Pyroxene,6,440,256
HC,407,376,4,High-Ca Pyroxene,6,440,256
HC,407,377,4,High-Ca Pyroxene,6,440,256
HC,407,378,4,High-Ca Pyroxene,6,440,256
HC,407,379,4,High-Ca Pyroxene,6,440,256
HC,407,380,4,High-Ca Pyroxene,6,440,256
HC,407,381,4,High-Ca Pyroxene,6,440,256
HC,407,382,4,High-Ca Pyroxene,6,440,256
HC,407,383,4,High-Ca Pyroxene,6,440,256
HC,407,384,4,High-Ca Pyroxene,6,440,256
HC,407,385,4,High-Ca Pyroxene,6,440,256
HC,407,386,4,High-Ca Pyroxene,6,440,256
HC,407,387,4,High-Ca Pyroxene,6,440,256
HC,407,388,4,High-Ca Pyroxene,6,440,256
HC,407,389,4,High-Ca Pyroxene,6,440,256
HC,407,390,4,High-Ca Pyroxene,6,440,256
HC,407,391,4,High-Ca Pyroxene,6,440,256
HC,407,392,4,High-Ca Pyroxene,6,440,256
HC,407,393,4,High-Ca Pyroxene,6,440,256
HC,407,394,4,High-Ca Pyroxene,6,440,256
HC,407,395,4,High-Ca Pyroxene,6,440,256
HC,407,396,4,High-Ca Pyroxene,6,440,256
HC,407,397,4,High-Ca Pyroxene,6,440,256
HC,407,398,4,High-Ca Pyroxene,6,440,256
HC,407,399,4,High-Ca Pyroxene,6,440,256
HC,407,400,4,High-Ca Pyroxene,6,440,256
HC,407,401,4,High-Ca Pyroxene,6,440,256
HC,407,402,4,High-Ca Pyroxene,6,440,256
HC,407,403,4,High-Ca Pyroxene,6,440,256
HC,407,404,4,High-Ca Pyroxene,6,440,256
HC,407,405,4,High-Ca Pyroxene,6,440,256
HC,407,406,4,High-Ca Pyroxene,6,440,256
HC,407,407,4,High-Ca Pyroxene,6,440,256
HC,407,408,4,High-Ca Pyroxene,6,440,256
HC,407,409,4,High-Ca Pyroxene,6,440,256
HC,407,410,4,High-Ca Pyroxene,6,440,256
HC,407,411,4,High-Ca Pyroxene,6,440,256
HC,407,412,4,High-Ca Pyroxene,6,440,256
HC,407,413,4,High-Ca Pyroxene,6,440,256
HC,407,414,4,High-Ca Pyroxene,6,440,256
HC,407,415,4,High-Ca Pyroxene,6,440,256
HC,407,416,4,High-Ca Pyroxene,6,440,256
HC,407,417,4,High-Ca Pyroxene,6,440,256
HC,407,418,4,High-Ca Pyroxene,6,440,256
HC,407,419,4,High-Ca Pyroxene,6,440,256
HC,407,420,4,High-Ca Pyroxene,6,440,256
HC,407,421,4,High-Ca Pyroxene,6,440,256
HC,407,422,4,High-Ca Pyroxene,6,440,256
HC,407,423,4,High-Ca Pyroxene,6,440,256
HC,407,424,4,High-Ca Pyroxene,6,440,256
HC,407,425,4,High-Ca Pyroxene,6,440,256
HC,407,426,4,High-Ca Pyroxene,6,440,256
HC,407,427,4,High-Ca Pyroxene,6,440,256
HC,407,428,4,High-Ca Pyroxene,6,440,256
HC,407,429,4,High-Ca Pyroxene,6,440,256
HC,407,430,4,High-Ca Pyroxene,6,440,256
HC,407,431,4,High-Ca Pyroxene,6,440,256
HC,407,432,4,High-Ca Pyroxene,6,440,256
HC,407,433,4,High-Ca Pyroxene,6,440,256
HC,407,434,4,High-Ca Pyroxene,6,440,256
HC,407,435,4,High-Ca Pyroxene,6,440,256
HC,407,436,4,High-Ca Pyroxene,6,440,256
HC,407,437,4,High-Ca Pyroxene,6,440,256
HC,407,438,4,High-Ca Pyroxene,6,440,256
HC,407,439,4,High-Ca Pyroxene,6,440,256
HC,407,440,4,High-Ca Pyroxene,6,440,256
HC,407,441,4,High-Ca Pyroxene,6,440,256
HC,407,442,4,High-Ca Pyroxene,6,440,256
HC,407,443,4,High-Ca Pyroxene,6,440,256
HC,407,444,4,High-Ca Pyroxene,6,440,256
HC,407,445,4,High-Ca Pyroxene,6,440,256
HC,407,446,4,High-Ca Pyroxene,6,440,256
HC,407,447,4,High-Ca Pyroxene,6,440,256
HC,407,448,4,High-Ca Pyroxene,6,440,256
HC,407,449,4,High-Ca Pyroxene,6,440,256
HC,407,450,4,High-Ca Pyroxene,6,440,256
HC,407,451,4,High-Ca Pyroxene,6,440,256
HC,407,452,4,High-Ca Pyroxene,6,440,256
HC,407,453,4,High-Ca Pyroxene,6,440,256
HC,407,454,4,High-Ca Pyroxene,6,440,256
HC,407,455,4,High-Ca Pyroxene,6,440,256
HC,407,456,4,High-Ca Pyroxene,6,440,256
HC,407,457,4,High-Ca Pyroxene,6,440,256
HC,407,458,4,High-Ca Pyroxene,6,440,256
HC,407,459,4,High-Ca Pyroxene,6,440,256
HC,407,460,4,High-Ca Pyroxene,6,440,256
HC,407,461,4,High-Ca Pyroxene,6,440,256
HC,407,462,4,High-Ca Pyroxene,6,440,256
HC,407,463,4,High-Ca Pyroxene,6,440,256
HC,407,464,4,High-Ca Pyroxene,6,440,256
HC,407,465,4,High-Ca Pyroxene,6,440,256
HC,407,466,4,High-Ca Pyroxene,6,440,256
HC,407,467,4,High-Ca Pyroxene,6,440,256
HC,407,468,4,High-Ca Pyroxene,6,440,256
HC,407,469,4,High-Ca Pyroxene,6,440,256
HC,407,470,4,High-Ca Pyroxene,6,440,256
HC,407,471,4,High-Ca Pyroxene,6,440,256
HC,407,472,4,High-Ca Pyroxene,6,440,256
HC,407,473,4,High-Ca Pyroxene,6,440,256
HC,407,474,4,High-Ca Pyroxene,6,440,256
HC,407,475,4,High-Ca Pyroxene,6,440,256
HC,407,476,4,High-Ca Pyroxene,6,440,256
HC,407,477,4,High-Ca Pyroxene,6,440,256
HC,407,478,4,High-Ca Pyroxene,6,440,256
HC,407,479,4,High-Ca Pyroxene,6,440,256
HC,407,480,4,High-Ca Pyroxene,6,440,256
HC,407,481,4,High-Ca Pyroxene,6,440,256
HC,407,482,4,High-Ca Pyroxene,6,440,256
HC,407,483,4,High-Ca Pyroxene,6,440,256
HC,407,484,4,High-Ca Pyroxene,6,440,256
HC,407,485,4,High-Ca Pyroxene,6,440,256
HC,407,486,4,High-Ca Pyroxene,6,440,256
HC,407,487,4,High-Ca Pyroxene,6,440,256
HC,407,488,4,High-Ca Pyroxene,6,440,256
HC,407,489,4,High-Ca Pyroxene,6,440,256
HC,407,490,4,High-Ca Pyroxene,6,440,256
HC,407,491,4,High-Ca Pyroxene,6,440,256
HC,407,492,4,High-Ca Pyroxene,6,440,256
HC,407,493,4,High-Ca Pyroxene,6,440,256
HC,407,494,4,High-Ca Pyroxene,6,440,256
HC,407,495,4,High-Ca Pyroxene,6,440,256
HC,407,496,4,High-Ca Pyroxene,6,440,256
HC,407,497,4,High-Ca Pyroxene,6,440,256
HC,407,498,4,High-Ca Pyroxene,6,440,256
HC,407,499,4,High-Ca Pyroxene,6,440,256
HC,407,500,4,High-Ca Pyroxene,6,440,256
HC,407,501,4,High-Ca Pyroxene,6,440,256
HC,407,502,4,High-Ca Pyroxene,6,440,256
HC,407,503,4,High-Ca Pyroxene,6,440,256
HC,407,504,4,High-Ca Pyroxene,6,440,256
HC,407,505,4,High-Ca Pyroxene,6,440,256
HC,407,506,4,High-Ca Pyroxene,6,440,256
HC,407,507,4,High-Ca Pyroxene,6,440,256
HC,407,508,4,High-Ca Pyroxene,6,440,256
HC,407,509,4,High-Ca Pyroxene,6,440,256
HC,407,510,4,High-Ca Pyroxene,6,440,256
HC,407,511,4,High-Ca Pyroxene,6,440,256
HC,407,512,4,High-Ca Pyroxene,6,440,256
HC,408,350,4,High-Ca Pyroxene,6,440,256
HC,408,351,4,High-Ca Pyroxene,6,440,256
HC,408,352,4,High-Ca Pyroxene,6,440,256
HC,408,353,4,High-Ca Pyroxene,6,440,256
HC,408,354,4,High-Ca Pyroxene,6,440,256
HC,408,355,4,High-Ca Pyroxene,6,440,256
HC,408,356,4,High-Ca Pyroxene,6,440,256
HC,408,357,4,High-Ca Pyroxene,6,440,256
HC,408,358,4,High-Ca Pyroxene,6,440,256
HC,408,359,4,High-Ca Pyroxene,6,440,256
HC,408,360,4,High-Ca Pyroxene,6,440,256
HC,408,361,4,High-Ca Pyroxene,6,440,256
HC,408,362,4,High-Ca Pyroxene,6,440,256
HC,408,363,4,High-Ca Pyroxene,6,440,256
HC,408,364,4,High-Ca Pyroxene,6,440,256
HC,408,365,4,High-Ca Pyroxene,6,440,256
HC,408,366,4,High-Ca Pyroxene,6,440,256
HC,408,367,4,High-Ca Pyroxene,6,440,256
HC,408,368,4,High-Ca Pyroxene,6,440,256
HC,408,369,4,High-Ca Pyroxene,6,440,256
HC,408,370,4,High-Ca Pyroxene,6,440,256
HC,408,371,4,High-Ca Pyroxene,6,440,256
HC,408,372,4,High-Ca Pyroxene,6,440,256
HC,408,373,4,High-Ca Pyroxene,6,440,256
HC,408,374,4,High-Ca Pyroxene,6,440,256
HC,408,375,4,High-Ca Pyroxene,6,440,256
HC,408,376,4,High-Ca Pyroxene,6,440,256
HC,408,377,4,High-Ca Pyroxene,6,440,256
HC,408,378,4,High-Ca Pyroxene,6,440,256
HC,408,379,4,High-Ca Pyroxene,6,440,256
HC,408,380,4,High-Ca Pyroxene,6,440,256
HC,408,381,4,High-Ca Pyroxene,6,440,256
HC,408,382,4,High-Ca Pyroxene,6,440,256
HC,408,383,4,High-Ca Pyroxene,6,440,256
HC,408,384,4,High-Ca Pyroxene,6,440,256
HC,408,385,4,High-Ca Pyroxene,6,440,256
HC,408,386,4,High-Ca Pyroxene,6,440,256
HC,408,387,4,High-Ca Pyroxene,6,440,256
HC,408,388,4,High-Ca Pyroxene,6,440,256
HC,408,389,4,High-Ca Pyroxene,6,440,256
HC,408,390,4,High-Ca Pyroxene,6,440,256
HC,408,391,4,High-Ca Pyroxene,6,440,256
HC,408,392,4,High-Ca Pyroxene,6,440,256
HC,408,393,4,High-Ca Pyroxene,6,440,256
HC,408,394,4,High-Ca Pyroxene,6,440,256
HC,408,395,4,High-Ca Pyroxene,6,440,256
HC,408,396,4,High-Ca Pyroxene,6,440,256
HC,408,397,4,High-Ca Pyroxene,6,440,256
HC,408,398,4,High-Ca Pyroxene,6,440,256
HC,408,399,4,High-Ca Pyroxene,6,440,256
HC,408,400,4,High-Ca Pyroxene,6,440,256
HC,408,401,4,High-Ca Pyroxene,6,440,256
HC,408,402,4,High-Ca Pyroxene,6,440,256
HC,408,403,4,High-Ca Pyroxene,6,440,256
HC,408,404,4,High-Ca Pyroxene,6,440,256
HC,408,405,4,High-Ca Pyroxene,6,440,256
HC,408,406,4,High-Ca Pyroxene,6,440,256
HC,408,407,4,High-Ca Pyroxene,6,440,256
HC,408,408,4,High-Ca Pyroxene,6,440,256
HC,408,409,4,High-Ca Pyroxene,6,440,256
HC,408,410,4,High-Ca Pyroxene,6,440,256
HC,408,411,4,High-Ca Pyroxene,6,440,256
HC,408,412,4,High-Ca Pyroxene,6,440,256
HC,408,413,4,High-Ca Pyroxene,6,440,256
HC,408,414,4,High-Ca Pyroxene,6,440,256
HC,408,415,4,High-Ca Pyroxene,6,440,256
HC,408,416,4,High-Ca Pyroxene,6,440,256
HC,408,417,4,High-Ca Pyroxene,6,440,256
HC,408,418,4,High-Ca Pyroxene,6,440,256
HC,408,419,4,High-Ca Pyroxene,6,440,256
HC,408,420,4,High-Ca Pyroxene,6,440,256
HC,408,421,4,High-Ca Pyroxene,6,440,256
HC,408,422,4,High-Ca Pyroxene,6,440,256
HC,408,423,4,High-Ca Pyroxene,6,440,256
HC,408,424,4,High-Ca Pyroxene,6,440,256
HC,408,425,4,High-Ca Pyroxene,6,440,256
HC,408,426,4,High-Ca Pyroxene,6,440,256
HC,408,427,4,High-Ca Pyroxene,6,440,256
HC,408,428,4,High-Ca Pyroxene,6,440,256
HC,408,429,4,High-Ca Pyroxene,6,440,256
HC,408,430,4,High-Ca Pyroxene,6,440,256
HC,408,431,4,High-Ca Pyroxene,6,440,256
HC,408,432,4,High-Ca Pyroxene,6,440,256
HC,408,433,4,High-Ca Pyroxene,6,440,256
HC,408,434,4,High-Ca Pyroxene,6,440,256
HC,408,435,4,High-Ca Pyroxene,6,440,256
HC,408,436,4,High-Ca Pyroxene,6,440,256
HC,408,437,4,High-Ca Pyroxene,6,440,256
HC,408,438,4,High-Ca Pyroxene,6,440,256
HC,408,439,4,High-Ca Pyroxene,6,440,256
HC,408,440,4,High-Ca Pyroxene,6,440,256
HC,408,441,4,High-Ca Pyroxene,6,440,256
HC,408,442,4,High-Ca Pyroxene,6,440,256
HC,408,443,4,High-Ca Pyroxene,6,440,256
HC,408,444,4,High-Ca Pyroxene,6,440,256
HC,408,445,4,High-Ca Pyroxene,6,440,256
HC,408,446,4,High-Ca Pyroxene,6,440,256
HC,408,447,4,High-Ca Pyroxene,6,440,256
HC,408,448,4,High-Ca Pyroxene,6,440,256
HC,408,449,4,High-Ca Pyroxene,6,440,256
HC,408,450,4,High-Ca Pyroxene,6,440,256
HC,408,451,4,High-Ca Pyroxene,6,440,256
HC,408,452,4,High-Ca Pyroxene,6,440,256
HC,408,453,4,High-Ca Pyroxene,6,440,256
HC,408,454,4,High-Ca Pyroxene,6,440,256
HC,408,455,4,High-Ca Pyroxene,6,440,256
HC,408,456,4,High-Ca Pyroxene,6,440,256
HC,408,457,4,High-Ca Pyroxene,6,440,256
HC,408,458,4,High-Ca Pyroxene,6,440,256
HC,408,459,4,High-Ca Pyroxene,6,440,256
HC,408,460,4,High-Ca Pyroxene,6,440,256
HC,408,461,4,High-Ca Pyroxene,6,440,256
HC,408,462,4,High-Ca Pyroxene,6,440,256
HC,408,463,4,High-Ca Pyroxene,6,440,256
HC,408,464,4,High-Ca Pyroxene,6,440,256
HC,408,465,4,High-Ca Pyroxene,6,440,256
HC,408,466,4,High-Ca Pyroxene,6,440,256
HC,408,467,4,High-Ca Pyroxene,6,440,256
HC,408,468,4,High-Ca Pyroxene,6,440,256
HC,408,469,4,High-Ca Pyroxene,6,440,256
HC,408,470,4,High-Ca Pyroxene,6,440,256
HC,408,471,4,High-Ca Pyroxene,6,440,256
HC,408,472,4,High-Ca Pyroxene,6,440,256
HC,408,473,4,High-Ca Pyroxene,6,440,256
HC,408,474,4,High-Ca Pyroxene,6,440,256
HC,408,475,4,High-Ca Pyroxene,6,440,256
HC,408,476,4,High-Ca Pyroxene,6,440,256
HC,408,477,4,High-Ca Pyroxene,6,440,256
HC,408,478,4,High-Ca Pyroxene,6,440,256
HC,408,479,4,High-Ca Pyroxene,6,440,256
HC,408,480,4,High-Ca Pyroxene,6,440,256
HC,408,481,4,High-Ca Pyroxene,6,440,256
HC,408,482,4,High-Ca Pyroxene,6,440,256
HC,408,483,4,High-Ca Pyroxene,6,440,256
HC,408,484,4,High-Ca Pyroxene,6,440,256
HC,408,485,4,High-Ca Pyroxene,6,440,256
HC,408,486,4,High-Ca Pyroxene,6,440,256
HC,408,487,4,High-Ca Pyroxene,6,440,256
HC,408,488,4,High-Ca Pyroxene,6,440,256
HC,408,489,4,High-Ca Pyroxene,6,440,256
HC,408,490,4,High-Ca Pyroxene,6,440,256
HC,408,491,4,High-Ca Pyroxene,6,440,256
HC,408,492,4,High-Ca Pyroxene,6,440,256
HC,408,493,4,High-Ca Pyroxene,6,440,256
HC,408,494,4,High-Ca Pyroxene,6,440,256
HC,408,495,4,High-Ca Pyroxene,6,440,256
HC,408,496,4,High-Ca Pyroxene,6,440,256
HC,408,497,4,High-Ca Pyroxene,6,440,256
HC,408,498,4,High-Ca Pyroxene,6,440,256
HC,408,499,4,High-Ca Pyroxene,6,440,256
HC,408,500,4,High-Ca Pyroxene,6,440,256
HC,408,501,4,High-Ca Pyroxene,6,440,256
HC,408,502,4,High-Ca Pyroxene,6,440,256
HC,408,503,4,High-Ca Pyroxene,6,440,256
HC,408,504,4,High-Ca Pyroxene,6,440,256
HC,408,505,4,High-Ca Pyroxene,6,440,256
HC,408,506,4,High-Ca Pyroxene,6,440,256
HC,408,507,4,High-Ca Pyroxene,6,440,256
HC,408,508,4,High-Ca Pyroxene,6,440,256
HC,408,509,4,High-Ca Pyroxene,6,440,256
HC,408,510,4,High-Ca Pyroxene,6,440,256
HC,408,511,4,High-Ca Pyroxene,6,440,256
HC,408,512,4,High-Ca Pyroxene,6,440,256
HC,409,350,4,High-Ca Pyroxene,6,440,256
HC,409,351,4,High-Ca Pyroxene,6,440,256
HC,409,352,4,High-Ca Pyroxene,6,440,256
HC,409,353,4,High-Ca Pyroxene,6,440,256
HC,409,354,4,High-Ca Pyroxene,6,440,256
HC,409,355,4,High-Ca Pyroxene,6,440,256
HC,409,356,4,High-Ca Pyroxene,6,440,256
HC,409,357,4,High-Ca Pyroxene,6,440,256
HC,409,358,4,High-Ca Pyroxene,6,440,256
HC,409,359,4,High-Ca Pyroxene,6,440,256
HC,409,360,4,High-Ca Pyroxene,6,440,256
HC,409,361,4,High-Ca Pyroxene,6,440,256
HC,409,362,4,High-Ca Pyroxene,6,440,256
HC,409,363,4,High-Ca Pyroxene,6,440,256
HC,409,364,4,High-Ca Pyroxene,6,440,256
HC,409,365,4,High-Ca Pyroxene,6,440,256
HC,409,366,4,High-Ca Pyroxene,6,440,256
HC,409,367,4,High-Ca Pyroxene,6,440,256
HC,409,368,4,High-Ca Pyroxene,6,440,256
HC,409,369,4,High-Ca Pyroxene,6,440,256
HC,409,370,4,High-Ca Pyroxene,6,440,256
HC,409,371,4,High-Ca Pyroxene,6,440,256
HC,409,372,4,High-Ca Pyroxene,6,440,256
HC,409,373,4,High-Ca Pyroxene,6,440,256
HC,409,374,4,High-Ca Pyroxene,6,440,256
HC,409,375,4,High-Ca Pyroxene,6,440,256
HC,409,376,4,High-Ca Pyroxene,6,440,256
HC,409,377,4,High-Ca Pyroxene,6,440,256
HC,409,378,4,High-Ca Pyroxene,6,440,256
HC,409,379,4,High-Ca Pyroxene,6,440,256
HC,409,380,4,High-Ca Pyroxene,6,440,256
HC,409,381,4,High-Ca Pyroxene,6,440,256
HC,409,382,4,High-Ca Pyroxene,6,440,256
HC,409,383,4,High-Ca Pyroxene,6,440,256
HC,409,384,4,High-Ca Pyroxene,6,440,256
HC,409,385,4,High-Ca Pyroxene,6,440,256
HC,409,386,4,High-Ca Pyroxene,6,440,256
HC,409,387,4,High-Ca Pyroxene,6,440,256
HC,409,388,4,High-Ca Pyroxene,6,440,256
HC,409,389,4,High-Ca Pyroxene,6,440,256
HC,409,390,4,High-Ca Pyroxene,6,440,256
HC,409,391,4,High-Ca Pyroxene,6,440,256
HC,409,392,4,High-Ca Pyroxene,6,440,256
HC,409,393,4,High-Ca Pyroxene,6,440,256
HC,409,394,4,High-Ca Pyroxene,6,440,256
HC,409,395,4,High-Ca Pyroxene,6,440,256
HC,409,396,4,High-Ca Pyroxene,6,440,256
HC,409,397,4,High-Ca Pyroxene,6,440,256
HC,409,398,4,High-Ca Pyroxene,6,440,256
HC,409,399,4,High-Ca Pyroxene,6,440,256
HC,409,400,4,High-Ca Pyroxene,6,440,256
HC,409,401,4,High-Ca Pyroxene,6,440,256
HC,409,402,4,High-Ca Pyroxene,6,440,256
HC,409,403,4,High-Ca Pyroxene,6,440,256
HC,409,404,4,High-Ca Pyroxene,6,440,256
HC,409,405,4,High-Ca Pyroxene,6,440,256
HC,409,406,4,High-Ca Pyroxene,6,440,256
HC,409,407,4,High-Ca Pyroxene,6,440,256
HC,409,408,4,High-Ca Pyroxene,6,440,256
HC,409,409,4,High-Ca Pyroxene,6,440,256
HC,409,410,4,High-Ca Pyroxene,6,440,256
HC,409,411,4,High-Ca Pyroxene,6,440,256
HC,409,412,4,High-Ca Pyroxene,6,440,256
HC,409,413,4,High-Ca Pyroxene,6,440,256
HC,409,414,4,High-Ca Pyroxene,6,440,256
HC,409,415,4,High-Ca Pyroxene,6,440,256
HC,409,416,4,High-Ca Pyroxene,6,440,256
HC,409,417,4,High-Ca Pyroxene,6,440,256
HC,409,418,4,High-Ca Pyroxene,6,440,256
HC,409,419,4,High-Ca Pyroxene,6,440,256
HC,409,420,4,High-Ca Pyroxene,6,440,256
HC,409,421,4,High-Ca Pyroxene,6,440,256
HC,409,422,4,High-Ca Pyroxene,6,440,256
HC,409,423,4,High-Ca Pyroxene,6,440,256
HC,409,424,4,High-Ca Pyroxene,6,440,256
HC,409,425,4,High-Ca Pyroxene,6,440,256
HC,409,426,4,High-Ca Pyroxene,6,440,256
HC,409,427,4,High-Ca Pyroxene,6,440,256
HC,409,428,4,High-Ca Pyroxene,6,440,256
HC,409,429,4,High-Ca Pyroxene,6,440,256
HC,409,430,4,High-Ca Pyroxene,6,440,256
HC,409,431,4,High-Ca Pyroxene,6,440,256
HC,409,432,4,High-Ca Pyroxene,6,440,256
HC,409,433,4,High-Ca Pyroxene,6,440,256
HC,409,434,4,High-Ca Pyroxene,6,440,256
HC,409,435,4,High-Ca Pyroxene,6,440,256
HC,409,436,4,High-Ca Pyroxene,6,440,256
HC,409,437,4,High-Ca Pyroxene,6,440,256
HC,409,438,4,High-Ca Pyroxene,6,440,256
HC,409,439,4,High-Ca Pyroxene,6,440,256
HC,409,440,4,High-Ca Pyroxene,6,440,256
HC,409,441,4,High-Ca Pyroxene,6,440,256
HC,409,442,4,High-Ca Pyroxene,6,440,256
HC,409,443,4,High-Ca Pyroxene,6,440,256
HC,409,444,4,High-Ca Pyroxene,6,440,256
HC,409,445,4,High-Ca Pyroxene,6,440,256
HC,409,446,4,High-Ca Pyroxene,6,440,256
HC,409,447,4,High-Ca Pyroxene,6,440,256
HC,409,448,4,High-Ca Pyroxene,6,440,256
HC,409,449,4,High-Ca Pyroxene,6,440,256
HC,409,450,4,High-Ca Pyroxene,6,440,256
HC,409,451,4,High-Ca Pyroxene,6,440,256
HC,409,452,4,High-Ca Pyroxene,6,440,256
HC,409,453,4,High-Ca Pyroxene,6,440,256
HC,409,454,4,High-Ca Pyroxene,6,440,256
HC,409,455,4,High-Ca Pyroxene,6,440,256
HC,409,456,4,High-Ca Pyroxene,6,440,256
HC,409,457,4,High-Ca Pyroxene,6,440,256
HC,409,458,4,High-Ca Pyroxene,6,440,256
HC,409,459,4,High-Ca Pyroxene,6,440,256
HC,409,460,4,High-Ca Pyroxene,6,440,256
HC,409,461,4,High-Ca Pyroxene,6,440,256
HC,409,462,4,High-Ca Pyroxene,6,440,256
HC,409,463,4,High-Ca Pyroxene,6,440,256
HC,409,464,4,High-Ca Pyroxene,6,440,256
HC,409,465,4,High-Ca Pyroxene,6,440,256
HC,409,466,4,High-Ca Pyroxene,6,440,256
HC,409,467,4,High-Ca Pyroxene,6,440,256
HC,409,468,4,High-Ca Pyroxene,6,440,256
HC,409,469,4,High-Ca Pyroxene,6,440,256
HC,409,470,4,High-Ca Pyroxene,6,440,256
HC,409,471,4,High-Ca Pyroxene,6,440,256
HC,409,472,4,High-Ca Pyroxene,6,440,256
HC,409,473,4,High-Ca Pyroxene,6,440,256
HC,409,474,4,High-Ca Pyroxene,6,440,256
HC,409,475,4,High-Ca Pyroxene,6,440,256
HC,409,476,4,High-Ca Pyroxene,6,440,256
HC,409,477,4,High-Ca Pyroxene,6,440,256
HC,409,478,4,High-Ca Pyroxene,6,440,256
HC,409,479,4,High-Ca Pyroxene,6,440,256
HC,409,480,4,High-Ca Pyroxene,6,440,256
HC,409,481,4,High-Ca Pyroxene,6,440,256
HC,409,482,4,High-Ca Pyroxene,6,440,256
HC,409,483,4,High-Ca Pyroxene,6,440,256
HC,409,484,4,High-Ca Pyroxene,6,440,256
HC,409,485,4,High-Ca Pyroxene,6,440,256
HC,409,486,4,High-Ca Pyroxene,6,440,256
HC,409,487,4,High-Ca Pyroxene,6,440,256
HC,409,488,4,High-Ca Pyroxene,6,440,256
HC,409,489,4,High-Ca Pyroxene,6,440,256
HC,409,490,4,High-Ca Pyroxene,6,440,256
HC,409,491,4,High-Ca Pyroxene,6,440,256
HC,409,492,4,High-Ca Pyroxene,6,440,256
HC,409,493,4,High-Ca Pyroxene,6,440,256
HC,409,494,4,High-Ca Pyroxene,6,440,256
HC,409,495,4,High-Ca Pyroxene,6,440,256
HC,409,496,4,High-Ca Pyroxene,6,440,256
HC,409,497,4,High-Ca Pyroxene,6,440,256
HC,409,498,4,High-Ca Pyroxene,6,440,256
HC,409,499,4,High-Ca Pyroxene,6,440,256
HC,409,500,4,High-Ca Pyroxene,6,440,256
HC,409,501,4,High-Ca Pyroxene,6,440,256
HC,409,502,4,High-Ca Pyroxene,6,440,256
HC,409,503,4,High-Ca Pyroxene,6,440,256
HC,409,504,4,High-Ca Pyroxene,6,440,256
HC,409,505,4,High-Ca Pyroxene,6,440,256
HC,409,506,4,High-Ca Pyroxene,6,440,256
HC,409,507,4,High-Ca Pyroxene,6,440,256
HC,409,508,4,High-Ca Pyroxene,6,440,256
HC,409,509,4,High-Ca Pyroxene,6,440,256
HC,409,510,4,High-Ca Pyroxene,6,440,256
HC,409,511,4,High-Ca Pyroxene,6,440,256
HC,409,512,4,High-Ca Pyroxene,6,440,256
HC,410,350,4,High-Ca Pyroxene,6,440,256
HC,410,351,4,High-Ca Pyroxene,6,440,256
HC,410,352,4,High-Ca Pyroxene,6,440,256
HC,410,353,4,High-Ca Pyroxene,6,440,256
HC,410,354,4,High-Ca Pyroxene,6,440,256
HC,410,355,4,High-Ca Pyroxene,6,440,256
HC,410,356,4,High-Ca Pyroxene,6,440,256
HC,410,357,4,High-Ca Pyroxene,6,440,256
HC,410,358,4,High-Ca Pyroxene,6,440,256
HC,410,359,4,High-Ca Pyroxene,6,440,256
HC,410,360,4,High-Ca Pyroxene,6,440,256
HC,410,361,4,High-Ca Pyroxene,6,440,256
HC,410,362,4,High-Ca Pyroxene,6,440,256
HC,410,363,4,High-Ca Pyroxene,6,440,256
HC,410,364,4,High-Ca Pyroxene,6,440,256
HC,410,365,4,High-Ca Pyroxene,6,440,256
HC,410,366,4,High-Ca Pyroxene,6,440,256
HC,410,367,4,High-Ca Pyroxene,6,440,256
HC,410,368,4,High-Ca Pyroxene,6,440,256
HC,410,369,4,High-Ca Pyroxene,6,440,256
HC,410,370,4,High-Ca Pyroxene,6,440,256
HC,410,371,4,High-Ca Pyroxene,6,440,256
HC,410,372,4,High-Ca Pyroxene,6,440,256
HC,410,373,4,High-Ca Pyroxene,6,440,256
HC,410,374,4,High-Ca Pyroxene,6,440,256
HC,410,375,4,High-Ca Pyroxene,6,440,256
HC,410,376,4,High-Ca Pyroxene,6,440,256
HC,410,377,4,High-Ca Pyroxene,6,440,256
HC,410,378,4,High-Ca Pyroxene,6,440,256
HC,410,379,4,High-Ca Pyroxene,6,440,256
HC,410,380,4,High-Ca Pyroxene,6,440,256
HC,410,381,4,High-Ca Pyroxene,6,440,256
HC,410,382,4,High-Ca Pyroxene,6,440,256
HC,410,383,4,High-Ca Pyroxene,6,440,256
HC,410,384,4,High-Ca Pyroxene,6,440,256
HC,410,385,4,High-Ca Pyroxene,6,440,256
HC,410,386,4,High-Ca Pyroxene,6,440,256
HC,410,387,4,High-Ca Pyroxene,6,440,256
HC,410,388,4,High-Ca Pyroxene,6,440,256
HC,410,389,4,High-Ca Pyroxene,6,440,256
HC,410,390,4,High-Ca Pyroxene,6,440,256
HC,410,391,4,High-Ca Pyroxene,6,440,256
HC,410,392,4,High-Ca Pyroxene,6,440,256
HC,410,393,4,High-Ca Pyroxene,6,440,256
HC,410,394,4,High-Ca Pyroxene,6,440,256
HC,410,395,4,High-Ca Pyroxene,6,440,256
HC,410,396,4,High-Ca Pyroxene,6,440,256
HC,410,397,4,High-Ca Pyroxene,6,440,256
HC,410,398,4,High-Ca Pyroxene,6,440,256
HC,410,399,4,High-Ca Pyroxene,6,440,256
HC,410,400,4,High-Ca Pyroxene,6,440,256
HC,410,401,4,High-Ca Pyroxene,6,440,256
HC,410,402,4,High-Ca Pyroxene,6,440,256
HC,410,403,4,High-Ca Pyroxene,6,440,256
HC,410,404,4,High-Ca Pyroxene,6,440,256
HC,410,405,4,High-Ca Pyroxene,6,440,256
HC,410,406,4,High-Ca Pyroxene,6,440,256
HC,410,407,4,High-Ca Pyroxene,6,440,256
HC,410,408,4,High-Ca Pyroxene,6,440,256
HC,410,409,4,High-Ca Pyroxene,6,440,256
HC,410,410,4,High-Ca Pyroxene,6,440,256
HC,410,411,4,High-Ca Pyroxene,6,440,256
HC,410,412,4,High-Ca Pyroxene,6,440,256
HC,410,413,4,High-Ca Pyroxene,6,440,256
HC,410,414,4,High-Ca Pyroxene,6,440,256
HC,410,415,4,High-Ca Pyroxene,6,440,256
HC,410,416,4,High-Ca Pyroxene,6,440,256
HC,410,417,4,High-Ca Pyroxene,6,440,256
HC,410,418,4,High-Ca Pyroxene,6,440,256
HC,410,419,4,High-Ca Pyroxene,6,440,256
HC,410,420,4,High-Ca Pyroxene,6,440,256
HC,410,421,4,High-Ca Pyroxene,6,440,256
HC,410,422,4,High-Ca Pyroxene,6,440,256
HC,410,423,4,High-Ca Pyroxene,6,440,256
HC,410,424,4,High-Ca Pyroxene,6,440,256
HC,410,425,4,High-Ca Pyroxene,6,440,256
HC,410,426,4,High-Ca Pyroxene,6,440,256
HC,410,427,4,High-Ca Pyroxene,6,440,256
HC,410,428,4,High-Ca Pyroxene,6,440,256
HC,410,429,4,High-Ca Pyroxene,6,440,256
HC,410,430,4,High-Ca Pyroxene,6,440,256
HC,410,431,4,High-Ca Pyroxene,6,440,256
HC,410,432,4,High-Ca Pyroxene,6,440,256
HC,410,433,4,High-Ca Pyroxene,6,440,256
HC,410,434,4,High-Ca Pyroxene,6,440,256
HC,410,435,4,High-Ca Pyroxene,6,440,256
HC,410,436,4,High-Ca Pyroxene,6,440,256
HC,410,437,4,High-Ca Pyroxene,6,440,256
HC,410,438,4,High-Ca Pyroxene,6,440,256
HC,410,439,4,High-Ca Pyroxene,6,440,256
HC,410,440,4,High-Ca Pyroxene,6,440,256
HC,410,441,4,High-Ca Pyroxene,6,440,256
HC,410,442,4,High-Ca Pyroxene,6,440,256
HC,410,443,4,High-Ca Pyroxene,6,440,256
HC,410,444,4,High-Ca Pyroxene,6,440,256
HC,410,445,4,High-Ca Pyroxene,6,440,256
HC,410,446,4,High-Ca Pyroxene,6,440,256
HC,410,447,4,High-Ca Pyroxene,6,440,256
HC,410,448,4,High-Ca Pyroxene,6,440,256
HC,410,449,4,High-Ca Pyroxene,6,440,256
HC,410,450,4,High-Ca Pyroxene,6,440,256
HC,410,451,4,High-Ca Pyroxene,6,440,256
HC,410,452,4,High-Ca Pyroxene,6,440,256
HC,410,453,4,High-Ca Pyroxene,6,440,256
HC,410,454,4,High-Ca Pyroxene,6,440,256
HC,410,455,4,High-Ca Pyroxene,6,440,256
HC,410,456,4,High-Ca Pyroxene,6,440,256
HC,410,457,4,High-Ca Pyroxene,6,440,256
HC,410,458,4,High-Ca Pyroxene,6,440,256
HC,410,459,4,High-Ca Pyroxene,6,440,256
HC,410,460,4,High-Ca Pyroxene,6,440,256
HC,410,461,4,High-Ca Pyroxene,6,440,256
HC,410,462,4,High-Ca Pyroxene,6,440,256
HC,410,463,4,High-Ca Pyroxene,6,440,256
HC,410,464,4,High-Ca Pyroxene,6,440,256
HC,410,465,4,High-Ca Pyroxene,6,440,256
HC,410,466,4,High-Ca Pyroxene,6,440,256
HC,410,467,4,High-Ca Pyroxene,6,440,256
HC,410,468,4,High-Ca Pyroxene,6,440,256
HC,410,469,4,High-Ca Pyroxene,6,440,256
HC,410,470,4,High-Ca Pyroxene,6,440,256
HC,410,471,4,High-Ca Pyroxene,6,440,256
HC,410,472,4,High-Ca Pyroxene,6,440,256
HC,410,473,4,High-Ca Pyroxene,6,440,256
HC,410,474,4,High-Ca Pyroxene,6,440,256
HC,410,475,4,High-Ca Pyroxene,6,440,256
HC,410,476,4,High-Ca Pyroxene,6,440,256
HC,410,477,4,High-Ca Pyroxene,6,440,256
HC,410,478,4,High-Ca Pyroxene,6,440,256
HC,410,479,4,High-Ca Pyroxene,6,440,256
HC,410,480,4,High-Ca Pyroxene,6,440,256
HC,410,481,4,High-Ca Pyroxene,6,440,256
HC,410,482,4,High-Ca Pyroxene,6,440,256
HC,410,483,4,High-Ca Pyroxene,6,440,256
HC,410,484,4,High-Ca Pyroxene,6,440,256
HC,410,485,4,High-Ca Pyroxene,6,440,256
HC,410,486,4,High-Ca Pyroxene,6,440,256
HC,410,487,4,High-Ca Pyroxene,6,440,256
HC,410,488,4,High-Ca Pyroxene,6,440,256
HC,410,489,4,High-Ca Pyroxene,6,440,256
HC,410,490,4,High-Ca Pyroxene,6,440,256
HC,410,491,4,High-Ca Pyroxene,6,440,256
HC,410,492,4,High-Ca Pyroxene,6,440,256
HC,410,493,4,High-Ca Pyroxene,6,440,256
HC,410,494,4,High-Ca Pyroxene,6,440,256
HC,410,495,4,High-Ca Pyroxene,6,440,256
HC,410,496,4,High-Ca Pyroxene,6,440,256
HC,410,497,4,High-Ca Pyroxene,6,440,256
HC,410,498,4,High-Ca Pyroxene,6,440,256
HC,410,499,4,High-Ca Pyroxene,6,440,256
HC,410,500,4,High-Ca Pyroxene,6,440,256
HC,410,501,4,High-Ca Pyroxene,6,440,256
HC,410,502,4,High-Ca Pyroxene,6,440,256
HC,410,503,4,High-Ca Pyroxene,6,440,256
HC,410,504,4,High-Ca Pyroxene,6,440,256
HC,410,505,4,High-Ca Pyroxene,6,440,256
HC,410,506,4,High-Ca Pyroxene,6,440,256
HC,410,507,4,High-Ca Pyroxene,6,440,256
HC,410,508,4,High-Ca Pyroxene,6,440,256
HC,410,509,4,High-Ca Pyroxene,6,440,256
HC,410,510,4,High-Ca Pyroxene,6,440,256
HC,410,511,4,High-Ca Pyroxene,6,440,256
HC,410,512,4,High-Ca Pyroxene,6,440,256
HC,410,513,4,High-Ca Pyroxene,6,440,256
HC,411,349,4,High-Ca Pyroxene,6,440,256
HC,411,350,4,High-Ca Pyroxene,6,440,256
HC,411,351,4,High-Ca Pyroxene,6,440,256
HC,411,352,4,High-Ca Pyroxene,6,440,256
HC,411,353,4,High-Ca Pyroxene,6,440,256
HC,411,354,4,High-Ca Pyroxene,6,440,256
HC,411,355,4,High-Ca Pyroxene,6,440,256
HC,411,356,4,High-Ca Pyroxene,6,440,256
HC,411,357,4,High-Ca Pyroxene,6,440,256
HC,411,358,4,High-Ca Pyroxene,6,440,256
HC,411,359,4,High-Ca Pyroxene,6,440,256
HC,411,360,4,High-Ca Pyroxene,6,440,256
HC,411,361,4,High-Ca Pyroxene,6,440,256
HC,411,362,4,High-Ca Pyroxene,6,440,256
HC,411,363,4,High-Ca Pyroxene,6,440,256
HC,411,364,4,High-Ca Pyroxene,6,440,256
HC,411,365,4,High-Ca Pyroxene,6,440,256
HC,411,366,4,High-Ca Pyroxene,6,440,256
HC,411,367,4,High-Ca Pyroxene,6,440,256
HC,411,368,4,High-Ca Pyroxene,6,440,256
HC,411,369,4,High-Ca Pyroxene,6,440,256
HC,411,370,4,High-Ca Pyroxene,6,440,256
HC,411,371,4,High-Ca Pyroxene,6,440,256
HC,411,372,4,High-Ca Pyroxene,6,440,256
HC,411,373,4,High-Ca Pyroxene,6,440,256
HC,411,374,4,High-Ca Pyroxene,6,440,256
HC,411,375,4,High-Ca Pyroxene,6,440,256
HC,411,376,4,High-Ca Pyroxene,6,440,256
HC,411,377,4,High-Ca Pyroxene,6,440,256
HC,411,378,4,High-Ca Pyroxene,6,440,256
HC,411,379,4,High-Ca Pyroxene,6,440,256
HC,411,380,4,High-Ca Pyroxene,6,440,256
HC,411,381,4,High-Ca Pyroxene,6,440,256
HC,411,382,4,High-Ca Pyroxene,6,440,256
HC,411,383,4,High-Ca Pyroxene,6,440,256
HC,411,384,4,High-Ca Pyroxene,6,440,256
HC,411,385,4,High-Ca Pyroxene,6,440,256
HC,411,386,4,High-Ca Pyroxene,6,440,256
HC,411,387,4,High-Ca Pyroxene,6,440,256
HC,411,388,4,High-Ca Pyroxene,6,440,256
HC,411,389,4,High-Ca Pyroxene,6,440,256
HC,411,390,4,High-Ca Pyroxene,6,440,256
HC,411,391,4,High-Ca Pyroxene,6,440,256
HC,411,392,4,High-Ca Pyroxene,6,440,256
HC,411,393,4,High-Ca Pyroxene,6,440,256
HC,411,394,4,High-Ca Pyroxene,6,440,256
HC,411,395,4,High-Ca Pyroxene,6,440,256
HC,411,396,4,High-Ca Pyroxene,6,440,256
HC,411,397,4,High-Ca Pyroxene,6,440,256
HC,411,398,4,High-Ca Pyroxene,6,440,256
HC,411,399,4,High-Ca Pyroxene,6,440,256
HC,411,400,4,High-Ca Pyroxene,6,440,256
HC,411,401,4,High-Ca Pyroxene,6,440,256
HC,411,402,4,High-Ca Pyroxene,6,440,256
HC,411,403,4,High-Ca Pyroxene,6,440,256
HC,411,404,4,High-Ca Pyroxene,6,440,256
HC,411,405,4,High-Ca Pyroxene,6,440,256
HC,411,406,4,High-Ca Pyroxene,6,440,256
HC,411,407,4,High-Ca Pyroxene,6,440,256
HC,411,408,4,High-Ca Pyroxene,6,440,256
HC,411,409,4,High-Ca Pyroxene,6,440,256
HC,411,410,4,High-Ca Pyroxene,6,440,256
HC,411,411,4,High-Ca Pyroxene,6,440,256
HC,411,412,4,High-Ca Pyroxene,6,440,256
HC,411,413,4,High-Ca Pyroxene,6,440,256
HC,411,414,4,High-Ca Pyroxene,6,440,256
HC,411,415,4,High-Ca Pyroxene,6,440,256
HC,411,416,4,High-Ca Pyroxene,6,440,256
HC,411,417,4,High-Ca Pyroxene,6,440,256
HC,411,418,4,High-Ca Pyroxene,6,440,256
HC,411,419,4,High-Ca Pyroxene,6,440,256
HC,411,420,4,High-Ca Pyroxene,6,440,256
HC,411,421,4,High-Ca Pyroxene,6,440,256
HC,411,422,4,High-Ca Pyroxene,6,440,256
HC,411,423,4,High-Ca Pyroxene,6,440,256
HC,411,424,4,High-Ca Pyroxene,6,440,256
HC,411,425,4,High-Ca Pyroxene,6,440,256
HC,411,426,4,High-Ca Pyroxene,6,440,256
HC,411,427,4,High-Ca Pyroxene,6,440,256
HC,411,428,4,High-Ca Pyroxene,6,440,256
HC,411,429,4,High-Ca Pyroxene,6,440,256
HC,411,430,4,High-Ca Pyroxene,6,440,256
HC,411,431,4,High-Ca Pyroxene,6,440,256
HC,411,432,4,High-Ca Pyroxene,6,440,256
HC,411,433,4,High-Ca Pyroxene,6,440,256
HC,411,434,4,High-Ca Pyroxene,6,440,256
HC,411,435,4,High-Ca Pyroxene,6,440,256
HC,411,436,4,High-Ca Pyroxene,6,440,256
HC,411,437,4,High-Ca Pyroxene,6,440,256
HC,411,438,4,High-Ca Pyroxene,6,440,256
HC,411,439,4,High-Ca Pyroxene,6,440,256
HC,411,440,4,High-Ca Pyroxene,6,440,256
HC,411,441,4,High-Ca Pyroxene,6,440,256
HC,411,442,4,High-Ca Pyroxene,6,440,256
HC,411,443,4,High-Ca Pyroxene,6,440,256
HC,411,444,4,High-Ca Pyroxene,6,440,256
HC,411,445,4,High-Ca Pyroxene,6,440,256
HC,411,446,4,High-Ca Pyroxene,6,440,256
HC,411,447,4,High-Ca Pyroxene,6,440,256
HC,411,448,4,High-Ca Pyroxene,6,440,256
HC,411,449,4,High-Ca Pyroxene,6,440,256
HC,411,450,4,High-Ca Pyroxene,6,440,256
HC,411,451,4,High-Ca Pyroxene,6,440,256
HC,411,452,4,High-Ca Pyroxene,6,440,256
HC,411,453,4,High-Ca Pyroxene,6,440,256
HC,411,454,4,High-Ca Pyroxene,6,440,256
HC,411,455,4,High-Ca Pyroxene,6,440,256
HC,411,456,4,High-Ca Pyroxene,6,440,256
HC,411,457,4,High-Ca Pyroxene,6,440,256
HC,411,458,4,High-Ca Pyroxene,6,440,256
HC,411,459,4,High-Ca Pyroxene,6,440,256
HC,411,460,4,High-Ca Pyroxene,6,440,256
HC,411,461,4,High-Ca Pyroxene,6,440,256
HC,411,462,4,High-Ca Pyroxene,6,440,256
HC,411,463,4,High-Ca Pyroxene,6,440,256
HC,411,464,4,High-Ca Pyroxene,6,440,256
HC,411,465,4,High-Ca Pyroxene,6,440,256
HC,411,466,4,High-Ca Pyroxene,6,440,256
HC,411,467,4,High-Ca Pyroxene,6,440,256
HC,411,468,4,High-Ca Pyroxene,6,440,256
HC,411,469,4,High-Ca Pyroxene,6,440,256
HC,411,470,4,High-Ca Pyroxene,6,440,256
HC,411,471,4,High-Ca Pyroxene,6,440,256
HC,411,472,4,High-Ca Pyroxene,6,440,256
HC,411,473,4,High-Ca Pyroxene,6,440,256
HC,411,474,4,High-Ca Pyroxene,6,440,256
HC,411,475,4,High-Ca Pyroxene,6,440,256
HC,411,476,4,High-Ca Pyroxene,6,440,256
HC,411,477,4,High-Ca Pyroxene,6,440,256
HC,411,478,4,High-Ca Pyroxene,6,440,256
HC,411,479,4,High-Ca Pyroxene,6,440,256
HC,411,480,4,High-Ca Pyroxene,6,440,256
HC,411,481,4,High-Ca Pyroxene,6,440,256
HC,411,482,4,High-Ca Pyroxene,6,440,256
HC,411,483,4,High-Ca Pyroxene,6,440,256
HC,411,484,4,High-Ca Pyroxene,6,440,256
HC,411,485,4,High-Ca Pyroxene,6,440,256
HC,411,486,4,High-Ca Pyroxene,6,440,256
HC,411,487,4,High-Ca Pyroxene,6,440,256
HC,411,488,4,High-Ca Pyroxene,6,440,256
HC,411,489,4,High-Ca Pyroxene,6,440,256
HC,411,490,4,High-Ca Pyroxene,6,440,256
HC,411,491,4,High-Ca Pyroxene,6,440,256
HC,411,492,4,High-Ca Pyroxene,6,440,256
HC,411,493,4,High-Ca Pyroxene,6,440,256
HC,411,494,4,High-Ca Pyroxene,6,440,256
HC,411,495,4,High-Ca Pyroxene,6,440,256
HC,411,496,4,High-Ca Pyroxene,6,440,256
HC,411,497,4,High-Ca Pyroxene,6,440,256
HC,411,498,4,High-Ca Pyroxene,6,440,256
HC,411,499,4,High-Ca Pyroxene,6,440,256
HC,411,500,4,High-Ca Pyroxene,6,440,256
HC,411,501,4,High-Ca Pyroxene,6,440,256
HC,411,502,4,High-Ca Pyroxene,6,440,256
HC,411,503,4,High-Ca Pyroxene,6,440,256
HC,411,504,4,High-Ca Pyroxene,6,440,256
HC,411,505,4,High-Ca Pyroxene,6,440,256
HC,411,506,4,High-Ca Pyroxene,6,440,256
HC,411,507,4,High-Ca Pyroxene,6,440,256
HC,411,508,4,High-Ca Pyroxene,6,440,256
HC,411,509,4,High-Ca Pyroxene,6,440,256
HC,411,510,4,High-Ca Pyroxene,6,440,256
HC,411,511,4,High-Ca Pyroxene,6,440,256
HC,411,512,4,High-Ca Pyroxene,6,440,256
HC,411,513,4,High-Ca Pyroxene,6,440,256
HC,411,514,4,High-Ca Pyroxene,6,440,256
HC,412,349,4,High-Ca Pyroxene,6,440,256
HC,412,350,4,High-Ca Pyroxene,6,440,256
HC,412,351,4,High-Ca Pyroxene,6,440,256
HC,412,352,4,High-Ca Pyroxene,6,440,256
HC,412,353,4,High-Ca Pyroxene,6,440,256
HC,412,354,4,High-Ca Pyroxene,6,440,256
HC,412,355,4,High-Ca Pyroxene,6,440,256
HC,412,356,4,High-Ca Pyroxene,6,440,256
HC,412,357,4,High-Ca Pyroxene,6,440,256
HC,412,358,4,High-Ca Pyroxene,6,440,256
HC,412,359,4,High-Ca Pyroxene,6,440,256
HC,412,360,4,High-Ca Pyroxene,6,440,256
HC,412,361,4,High-Ca Pyroxene,6,440,256
HC,412,362,4,High-Ca Pyroxene,6,440,256
HC,412,363,4,High-Ca Pyroxene,6,440,256
HC,412,364,4,High-Ca Pyroxene,6,440,256
HC,412,365,4,High-Ca Pyroxene,6,440,256
HC,412,366,4,High-Ca Pyroxene,6,440,256
HC,412,367,4,High-Ca Pyroxene,6,440,256
HC,412,368,4,High-Ca Pyroxene,6,440,256
HC,412,369,4,High-Ca Pyroxene,6,440,256
HC,412,370,4,High-Ca Pyroxene,6,440,256
HC,412,371,4,High-Ca Pyroxene,6,440,256
HC,412,372,4,High-Ca Pyroxene,6,440,256
HC,412,373,4,High-Ca Pyroxene,6,440,256
HC,412,374,4,High-Ca Pyroxene,6,440,256
HC,412,375,4,High-Ca Pyroxene,6,440,256
HC,412,376,4,High-Ca Pyroxene,6,440,256
HC,412,377,4,High-Ca Pyroxene,6,440,256
HC,412,378,4,High-Ca Pyroxene,6,440,256
HC,412,379,4,High-Ca Pyroxene,6,440,256
HC,412,380,4,High-Ca Pyroxene,6,440,256
HC,412,381,4,High-Ca Pyroxene,6,440,256
HC,412,382,4,High-Ca Pyroxene,6,440,256
HC,412,383,4,High-Ca Pyroxene,6,440,256
HC,412,384,4,High-Ca Pyroxene,6,440,256
HC,412,385,4,High-Ca Pyroxene,6,440,256
HC,412,386,4,High-Ca Pyroxene,6,440,256
HC,412,387,4,High-Ca Pyroxene,6,440,256
HC,412,388,4,High-Ca Pyroxene,6,440,256
HC,412,389,4,High-Ca Pyroxene,6,440,256
HC,412,390,4,High-Ca Pyroxene,6,440,256
HC,412,391,4,High-Ca Pyroxene,6,440,256
HC,412,392,4,High-Ca Pyroxene,6,440,256
HC,412,393,4,High-Ca Pyroxene,6,440,256
HC,412,394,4,High-Ca Pyroxene,6,440,256
HC,412,395,4,High-Ca Pyroxene,6,440,256
HC,412,396,4,High-Ca Pyroxene,6,440,256
HC,412,397,4,High-Ca Pyroxene,6,440,256
HC,412,398,4,High-Ca Pyroxene,6,440,256
HC,412,399,4,High-Ca Pyroxene,6,440,256
HC,412,400,4,High-Ca Pyroxene,6,440,256
HC,412,401,4,High-Ca Pyroxene,6,440,256
HC,412,402,4,High-Ca Pyroxene,6,440,256
HC,412,403,4,High-Ca Pyroxene,6,440,256
HC,412,404,4,High-Ca Pyroxene,6,440,256
HC,412,405,4,High-Ca Pyroxene,6,440,256
HC,412,406,4,High-Ca Pyroxene,6,440,256
HC,412,407,4,High-Ca Pyroxene,6,440,256
HC,412,408,4,High-Ca Pyroxene,6,440,256
HC,412,409,4,High-Ca Pyroxene,6,440,256
HC,412,410,4,High-Ca Pyroxene,6,440,256
HC,412,411,4,High-Ca Pyroxene,6,440,256
HC,412,412,4,High-Ca Pyroxene,6,440,256
HC,412,413,4,High-Ca Pyroxene,6,440,256
HC,412,414,4,High-Ca Pyroxene,6,440,256
HC,412,415,4,High-Ca Pyroxene,6,440,256
HC,412,416,4,High-Ca Pyroxene,6,440,256
HC,412,417,4,High-Ca Pyroxene,6,440,256
HC,412,418,4,High-Ca Pyroxene,6,440,256
HC,412,419,4,High-Ca Pyroxene,6,440,256
HC,412,420,4,High-Ca Pyroxene,6,440,256
HC,412,421,4,High-Ca Pyroxene,6,440,256
HC,412,422,4,High-Ca Pyroxene,6,440,256
HC,412,423,4,High-Ca Pyroxene,6,440,256
HC,412,424,4,High-Ca Pyroxene,6,440,256
HC,412,425,4,High-Ca Pyroxene,6,440,256
HC,412,426,4,High-Ca Pyroxene,6,440,256
HC,412,427,4,High-Ca Pyroxene,6,440,256
HC,412,428,4,High-Ca Pyroxene,6,440,256
HC,412,429,4,High-Ca Pyroxene,6,440,256
HC,412,430,4,High-Ca Pyroxene,6,440,256
HC,412,431,4,High-Ca Pyroxene,6,440,256
HC,412,432,4,High-Ca Pyroxene,6,440,256
HC,412,433,4,High-Ca Pyroxene,6,440,256
HC,412,434,4,High-Ca Pyroxene,6,440,256
HC,412,435,4,High-Ca Pyroxene,6,440,256
HC,412,436,4,High-Ca Pyroxene,6,440,256
HC,412,437,4,High-Ca Pyroxene,6,440,256
HC,412,438,4,High-Ca Pyroxene,6,440,256
HC,412,439,4,High-Ca Pyroxene,6,440,256
HC,412,440,4,High-Ca Pyroxene,6,440,256
HC,412,441,4,High-Ca Pyroxene,6,440,256
HC,412,442,4,High-Ca Pyroxene,6,440,256
HC,412,443,4,High-Ca Pyroxene,6,440,256
HC,412,444,4,High-Ca Pyroxene,6,440,256
HC,412,445,4,High-Ca Pyroxene,6,440,256
HC,412,446,4,High-Ca Pyroxene,6,440,256
HC,412,447,4,High-Ca Pyroxene,6,440,256
HC,412,448,4,High-Ca Pyroxene,6,440,256
HC,412,449,4,High-Ca Pyroxene,6,440,256
HC,412,450,4,High-Ca Pyroxene,6,440,256
HC,412,451,4,High-Ca Pyroxene,6,440,256
HC,412,452,4,High-Ca Pyroxene,6,440,256
HC,412,453,4,High-Ca Pyroxene,6,440,256
HC,412,454,4,High-Ca Pyroxene,6,440,256
HC,412,455,4,High-Ca Pyroxene,6,440,256
HC,412,456,4,High-Ca Pyroxene,6,440,256
HC,412,457,4,High-Ca Pyroxene,6,440,256
HC,412,458,4,High-Ca Pyroxene,6,440,256
HC,412,459,4,High-Ca Pyroxene,6,440,256
HC,412,460,4,High-Ca Pyroxene,6,440,256
HC,412,461,4,High-Ca Pyroxene,6,440,256
HC,412,462,4,High-Ca Pyroxene,6,440,256
HC,412,463,4,High-Ca Pyroxene,6,440,256
HC,412,464,4,High-Ca Pyroxene,6,440,256
HC,412,465,4,High-Ca Pyroxene,6,440,256
HC,412,466,4,High-Ca Pyroxene,6,440,256
HC,412,467,4,High-Ca Pyroxene,6,440,256
HC,412,468,4,High-Ca Pyroxene,6,440,256
HC,412,469,4,High-Ca Pyroxene,6,440,256
HC,412,470,4,High-Ca Pyroxene,6,440,256
HC,412,471,4,High-Ca Pyroxene,6,440,256
HC,412,472,4,High-Ca Pyroxene,6,440,256
HC,412,473,4,High-Ca Pyroxene,6,440,256
HC,412,474,4,High-Ca Pyroxene,6,440,256
HC,412,475,4,High-Ca Pyroxene,6,440,256
HC,412,476,4,High-Ca Pyroxene,6,440,256
HC,412,477,4,High-Ca Pyroxene,6,440,256
HC,412,478,4,High-Ca Pyroxene,6,440,256
HC,412,479,4,High-Ca Pyroxene,6,440,256
HC,412,480,4,High-Ca Pyroxene,6,440,256
HC,412,481,4,High-Ca Pyroxene,6,440,256
HC,412,482,4,High-Ca Pyroxene,6,440,256
HC,412,483,4,High-Ca Pyroxene,6,440,256
HC,412,484,4,High-Ca Pyroxene,6,440,256
HC,412,485,4,High-Ca Pyroxene,6,440,256
HC,412,486,4,High-Ca Pyroxene,6,440,256
HC,412,487,4,High-Ca Pyroxene,6,440,256
HC,412,488,4,High-Ca Pyroxene,6,440,256
HC,412,489,4,High-Ca Pyroxene,6,440,256
HC,412,490,4,High-Ca Pyroxene,6,440,256
HC,412,491,4,High-Ca Pyroxene,6,440,256
HC,412,492,4,High-Ca Pyroxene,6,440,256
HC,412,493,4,High-Ca Pyroxene,6,440,256
HC,412,494,4,High-Ca Pyroxene,6,440,256
HC,412,495,4,High-Ca Pyroxene,6,440,256
HC,412,496,4,High-Ca Pyroxene,6,440,256
HC,412,497,4,High-Ca Pyroxene,6,440,256
HC,412,498,4,High-Ca Pyroxene,6,440,256
HC,412,499,4,High-Ca Pyroxene,6,440,256
HC,412,500,4,High-Ca Pyroxene,6,440,256
HC,412,501,4,High-Ca Pyroxene,6,440,256
HC,412,502,4,High-Ca Pyroxene,6,440,256
HC,412,503,4,High-Ca Pyroxene,6,440,256
HC,412,504,4,High-Ca Pyroxene,6,440,256
HC,412,505,4,High-Ca Pyroxene,6,440,256
HC,412,506,4,High-Ca Pyroxene,6,440,256
HC,412,507,4,High-Ca Pyroxene,6,440,256
HC,412,508,4,High-Ca Pyroxene,6,440,256
HC,412,509,4,High-Ca Pyroxene,6,440,256
HC,412,510,4,High-Ca Pyroxene,6,440,256
HC,412,511,4,High-Ca Pyroxene,6,440,256
HC,412,512,4,High-Ca Pyroxene,6,440,256
HC,412,513,4,High-Ca Pyroxene,6,440,256
HC,412,514,4,High-Ca Pyroxene,6,440,256
HC,413,349,4,High-Ca Pyroxene,6,440,256
HC,413,350,4,High-Ca Pyroxene,6,440,256
HC,413,351,4,High-Ca Pyroxene,6,440,256
HC,413,352,4,High-Ca Pyroxene,6,440,256
HC,413,353,4,High-Ca Pyroxene,6,440,256
HC,413,354,4,High-Ca Pyroxene,6,440,256
HC,413,355,4,High-Ca Pyroxene,6,440,256
HC,413,356,4,High-Ca Pyroxene,6,440,256
HC,413,357,4,High-Ca Pyroxene,6,440,256
HC,413,358,4,High-Ca Pyroxene,6,440,256
HC,413,359,4,High-Ca Pyroxene,6,440,256
HC,413,360,4,High-Ca Pyroxene,6,440,256
HC,413,361,4,High-Ca Pyroxene,6,440,256
HC,413,362,4,High-Ca Pyroxene,6,440,256
HC,413,363,4,High-Ca Pyroxene,6,440,256
HC,413,364,4,High-Ca Pyroxene,6,440,256
HC,413,365,4,High-Ca Pyroxene,6,440,256
HC,413,366,4,High-Ca Pyroxene,6,440,256
HC,413,367,4,High-Ca Pyroxene,6,440,256
HC,413,368,4,High-Ca Pyroxene,6,440,256
HC,413,369,4,High-Ca Pyroxene,6,440,256
HC,413,370,4,High-Ca Pyroxene,6,440,256
HC,413,371,4,High-Ca Pyroxene,6,440,256
HC,413,372,4,High-Ca Pyroxene,6,440,256
HC,413,373,4,High-Ca Pyroxene,6,440,256
HC,413,374,4,High-Ca Pyroxene,6,440,256
HC,413,375,4,High-Ca Pyroxene,6,440,256
HC,413,376,4,High-Ca Pyroxene,6,440,256
HC,413,377,4,High-Ca Pyroxene,6,440,256
HC,413,378,4,High-Ca Pyroxene,6,440,256
HC,413,379,4,High-Ca Pyroxene,6,440,256
HC,413,380,4,High-Ca Pyroxene,6,440,256
HC,413,381,4,High-Ca Pyroxene,6,440,256
HC,413,382,4,High-Ca Pyroxene,6,440,256
HC,413,383,4,High-Ca Pyroxene,6,440,256
HC,413,384,4,High-Ca Pyroxene,6,440,256
HC,413,385,4,High-Ca Pyroxene,6,440,256
HC,413,386,4,High-Ca Pyroxene,6,440,256
HC,413,387,4,High-Ca Pyroxene,6,440,256
HC,413,388,4,High-Ca Pyroxene,6,440,256
HC,413,389,4,High-Ca Pyroxene,6,440,256
HC,413,390,4,High-Ca Pyroxene,6,440,256
HC,413,391,4,High-Ca Pyroxene,6,440,256
HC,413,392,4,High-Ca Pyroxene,6,440,256
HC,413,393,4,High-Ca Pyroxene,6,440,256
HC,413,394,4,High-Ca Pyroxene,6,440,256
HC,413,395,4,High-Ca Pyroxene,6,440,256
HC,413,396,4,High-Ca Pyroxene,6,440,256
HC,413,397,4,High-Ca Pyroxene,6,440,256
HC,413,398,4,High-Ca Pyroxene,6,440,256
HC,413,399,4,High-Ca Pyroxene,6,440,256
HC,413,400,4,High-Ca Pyroxene,6,440,256
HC,413,401,4,High-Ca Pyroxene,6,440,256
HC,413,402,4,High-Ca Pyroxene,6,440,256
HC,413,403,4,High-Ca Pyroxene,6,440,256
HC,413,404,4,High-Ca Pyroxene,6,440,256
HC,413,405,4,High-Ca Pyroxene,6,440,256
HC,413,406,4,High-Ca Pyroxene,6,440,256
HC,413,407,4,High-Ca Pyroxene,6,440,256
HC,413,408,4,High-Ca Pyroxene,6,440,256
HC,413,409,4,High-Ca Pyroxene,6,440,256
HC,413,410,4,High-Ca Pyroxene,6,440,256
HC,413,411,4,High-Ca Pyroxene,6,440,256
HC,413,412,4,High-Ca Pyroxene,6,440,256
HC,413,413,4,High-Ca Pyroxene,6,440,256
HC,413,414,4,High-Ca Pyroxene,6,440,256
HC,413,415,4,High-Ca Pyroxene,6,440,256
HC,413,416,4,High-Ca Pyroxene,6,440,256
HC,413,417,4,High-Ca Pyroxene,6,440,256
HC,413,418,4,High-Ca Pyroxene,6,440,256
HC,413,419,4,High-Ca Pyroxene,6,440,256
HC,413,420,4,High-Ca Pyroxene,6,440,256
HC,413,421,4,High-Ca Pyroxene,6,440,256
HC,413,422,4,High-Ca Pyroxene,6,440,256
HC,413,423,4,High-Ca Pyroxene,6,440,256
HC,413,424,4,High-Ca Pyroxene,6,440,256
HC,413,425,4,High-Ca Pyroxene,6,440,256
HC,413,426,4,High-Ca Pyroxene,6,440,256
HC,413,427,4,High-Ca Pyroxene,6,440,256
HC,413,428,4,High-Ca Pyroxene,6,440,256
HC,413,429,4,High-Ca Pyroxene,6,440,256
HC,413,430,4,High-Ca Pyroxene,6,440,256
HC,413,431,4,High-Ca Pyroxene,6,440,256
HC,413,432,4,High-Ca Pyroxene,6,440,256
HC,413,433,4,High-Ca Pyroxene,6,440,256
HC,413,434,4,High-Ca Pyroxene,6,440,256
HC,413,435,4,High-Ca Pyroxene,6,440,256
HC,413,436,4,High-Ca Pyroxene,6,440,256
HC,413,437,4,High-Ca Pyroxene,6,440,256
HC,413,438,4,High-Ca Pyroxene,6,440,256
HC,413,439,4,High-Ca Pyroxene,6,440,256
HC,413,440,4,High-Ca Pyroxene,6,440,256
HC,413,441,4,High-Ca Pyroxene,6,440,256
HC,413,442,4,High-Ca Pyroxene,6,440,256
HC,413,443,4,High-Ca Pyroxene,6,440,256
HC,413,444,4,High-Ca Pyroxene,6,440,256
HC,413,445,4,High-Ca Pyroxene,6,440,256
HC,413,446,4,High-Ca Pyroxene,6,440,256
HC,413,447,4,High-Ca Pyroxene,6,440,256
HC,413,448,4,High-Ca Pyroxene,6,440,256
HC,413,449,4,High-Ca Pyroxene,6,440,256
HC,413,450,4,High-Ca Pyroxene,6,440,256
HC,413,451,4,High-Ca Pyroxene,6,440,256
HC,413,452,4,High-Ca Pyroxene,6,440,256
HC,413,453,4,High-Ca Pyroxene,6,440,256
HC,413,454,4,High-Ca Pyroxene,6,440,256
HC,413,455,4,High-Ca Pyroxene,6,440,256
HC,413,456,4,High-Ca Pyroxene,6,440,256
HC,413,457,4,High-Ca Pyroxene,6,440,256
HC,413,458,4,High-Ca Pyroxene,6,440,256
HC,413,459,4,High-Ca Pyroxene,6,440,256
HC,413,460,4,High-Ca Pyroxene,6,440,256
HC,413,461,4,High-Ca Pyroxene,6,440,256
HC,413,462,4,High-Ca Pyroxene,6,440,256
HC,413,463,4,High-Ca Pyroxene,6,440,256
HC,413,464,4,High-Ca Pyroxene,6,440,256
HC,413,465,4,High-Ca Pyroxene,6,440,256
HC,413,466,4,High-Ca Pyroxene,6,440,256
HC,413,467,4,High-Ca Pyroxene,6,440,256
HC,413,468,4,High-Ca Pyroxene,6,440,256
HC,413,469,4,High-Ca Pyroxene,6,440,256
HC,413,470,4,High-Ca Pyroxene,6,440,256
HC,413,471,4,High-Ca Pyroxene,6,440,256
HC,413,472,4,High-Ca Pyroxene,6,440,256
HC,413,473,4,High-Ca Pyroxene,6,440,256
HC,413,474,4,High-Ca Pyroxene,6,440,256
HC,413,475,4,High-Ca Pyroxene,6,440,256
HC,413,476,4,High-Ca Pyroxene,6,440,256
HC,413,477,4,High-Ca Pyroxene,6,440,256
HC,413,478,4,High-Ca Pyroxene,6,440,256
HC,413,479,4,High-Ca Pyroxene,6,440,256
HC,413,480,4,High-Ca Pyroxene,6,440,256
HC,413,481,4,High-Ca Pyroxene,6,440,256
HC,413,482,4,High-Ca Pyroxene,6,440,256
HC,413,483,4,High-Ca Pyroxene,6,440,256
HC,413,484,4,High-Ca Pyroxene,6,440,256
HC,413,485,4,High-Ca Pyroxene,6,440,256
HC,413,486,4,High-Ca Pyroxene,6,440,256
HC,413,487,4,High-Ca Pyroxene,6,440,256
HC,413,488,4,High-Ca Pyroxene,6,440,256
HC,413,489,4,High-Ca Pyroxene,6,440,256
HC,413,490,4,High-Ca Pyroxene,6,440,256
HC,413,491,4,High-Ca Pyroxene,6,440,256
HC,413,492,4,High-Ca Pyroxene,6,440,256
HC,413,493,4,High-Ca Pyroxene,6,440,256
HC,413,494,4,High-Ca Pyroxene,6,440,256
HC,413,495,4,High-Ca Pyroxene,6,440,256
HC,413,496,4,High-Ca Pyroxene,6,440,256
HC,413,497,4,High-Ca Pyroxene,6,440,256
HC,413,498,4,High-Ca Pyroxene,6,440,256
HC,413,499,4,High-Ca Pyroxene,6,440,256
HC,413,500,4,High-Ca Pyroxene,6,440,256
HC,413,501,4,High-Ca Pyroxene,6,440,256
HC,413,502,4,High-Ca Pyroxene,6,440,256
HC,413,503,4,High-Ca Pyroxene,6,440,256
HC,413,504,4,High-Ca Pyroxene,6,440,256
HC,413,505,4,High-Ca Pyroxene,6,440,256
HC,413,506,4,High-Ca Pyroxene,6,440,256
HC,413,507,4,High-Ca Pyroxene,6,440,256
HC,413,508,4,High-Ca Pyroxene,6,440,256
HC,413,509,4,High-Ca Pyroxene,6,440,256
HC,413,510,4,High-Ca Pyroxene,6,440,256
HC,413,511,4,High-Ca Pyroxene,6,440,256
HC,413,512,4,High-Ca Pyroxene,6,440,256
HC,413,513,4,High-Ca Pyroxene,6,440,256
HC,413,514,4,High-Ca Pyroxene,6,440,256
HC,414,349,4,High-Ca Pyroxene,6,440,256
HC,414,350,4,High-Ca Pyroxene,6,440,256
HC,414,351,4,High-Ca Pyroxene,6,440,256
HC,414,352,4,High-Ca Pyroxene,6,440,256
HC,414,353,4,High-Ca Pyroxene,6,440,256
HC,414,354,4,High-Ca Pyroxene,6,440,256
HC,414,355,4,High-Ca Pyroxene,6,440,256
HC,414,356,4,High-Ca Pyroxene,6,440,256
HC,414,357,4,High-Ca Pyroxene,6,440,256
HC,414,358,4,High-Ca Pyroxene,6,440,256
HC,414,359,4,High-Ca Pyroxene,6,440,256
HC,414,360,4,High-Ca Pyroxene,6,440,256
HC,414,361,4,High-Ca Pyroxene,6,440,256
HC,414,362,4,High-Ca Pyroxene,6,440,256
HC,414,363,4,High-Ca Pyroxene,6,440,256
HC,414,364,4,High-Ca Pyroxene,6,440,256
HC,414,365,4,High-Ca Pyroxene,6,440,256
HC,414,366,4,High-Ca Pyroxene,6,440,256
HC,414,367,4,High-Ca Pyroxene,6,440,256
HC,414,368,4,High-Ca Pyroxene,6,440,256
HC,414,369,4,High-Ca Pyroxene,6,440,256
HC,414,370,4,High-Ca Pyroxene,6,440,256
HC,414,371,4,High-Ca Pyroxene,6,440,256
HC,414,372,4,High-Ca Pyroxene,6,440,256
HC,414,373,4,High-Ca Pyroxene,6,440,256
HC,414,374,4,High-Ca Pyroxene,6,440,256
HC,414,375,4,High-Ca Pyroxene,6,440,256
HC,414,376,4,High-Ca Pyroxene,6,440,256
HC,414,377,4,High-Ca Pyroxene,6,440,256
HC,414,378,4,High-Ca Pyroxene,6,440,256
HC,414,379,4,High-Ca Pyroxene,6,440,256
HC,414,380,4,High-Ca Pyroxene,6,440,256
HC,414,381,4,High-Ca Pyroxene,6,440,256
HC,414,382,4,High-Ca Pyroxene,6,440,256
HC,414,383,4,High-Ca Pyroxene,6,440,256
HC,414,384,4,High-Ca Pyroxene,6,440,256
HC,414,385,4,High-Ca Pyroxene,6,440,256
HC,414,386,4,High-Ca Pyroxene,6,440,256
HC,414,387,4,High-Ca Pyroxene,6,440,256
HC,414,388,4,High-Ca Pyroxene,6,440,256
HC,414,389,4,High-Ca Pyroxene,6,440,256
HC,414,390,4,High-Ca Pyroxene,6,440,256
HC,414,391,4,High-Ca Pyroxene,6,440,256
HC,414,392,4,High-Ca Pyroxene,6,440,256
HC,414,393,4,High-Ca Pyroxene,6,440,256
HC,414,394,4,High-Ca Pyroxene,6,440,256
HC,414,395,4,High-Ca Pyroxene,6,440,256
HC,414,396,4,High-Ca Pyroxene,6,440,256
HC,414,397,4,High-Ca Pyroxene,6,440,256
HC,414,398,4,High-Ca Pyroxene,6,440,256
HC,414,399,4,High-Ca Pyroxene,6,440,256
HC,414,400,4,High-Ca Pyroxene,6,440,256
HC,414,401,4,High-Ca Pyroxene,6,440,256
HC,414,402,4,High-Ca Pyroxene,6,440,256
HC,414,403,4,High-Ca Pyroxene,6,440,256
HC,414,404,4,High-Ca Pyroxene,6,440,256
HC,414,405,4,High-Ca Pyroxene,6,440,256
HC,414,406,4,High-Ca Pyroxene,6,440,256
HC,414,407,4,High-Ca Pyroxene,6,440,256
HC,414,408,4,High-Ca Pyroxene,6,440,256
HC,414,409,4,High-Ca Pyroxene,6,440,256
HC,414,410,4,High-Ca Pyroxene,6,440,256
HC,414,411,4,High-Ca Pyroxene,6,440,256
HC,414,412,4,High-Ca Pyroxene,6,440,256
HC,414,413,4,High-Ca Pyroxene,6,440,256
HC,414,414,4,High-Ca Pyroxene,6,440,256
HC,414,415,4,High-Ca Pyroxene,6,440,256
HC,414,416,4,High-Ca Pyroxene,6,440,256
HC,414,417,4,High-Ca Pyroxene,6,440,256
HC,414,418,4,High-Ca Pyroxene,6,440,256
HC,414,419,4,High-Ca Pyroxene,6,440,256
HC,414,420,4,High-Ca Pyroxene,6,440,256
HC,414,421,4,High-Ca Pyroxene,6,440,256
HC,414,422,4,High-Ca Pyroxene,6,440,256
HC,414,423,4,High-Ca Pyroxene,6,440,256
HC,414,424,4,High-Ca Pyroxene,6,440,256
HC,414,425,4,High-Ca Pyroxene,6,440,256
HC,414,426,4,High-Ca Pyroxene,6,440,256
HC,414,427,4,High-Ca Pyroxene,6,440,256
HC,414,428,4,High-Ca Pyroxene,6,440,256
HC,414,429,4,High-Ca Pyroxene,6,440,256
HC,414,430,4,High-Ca Pyroxene,6,440,256
HC,414,431,4,High-Ca Pyroxene,6,440,256
HC,414,432,4,High-Ca Pyroxene,6,440,256
HC,414,433,4,High-Ca Pyroxene,6,440,256
HC,414,434,4,High-Ca Pyroxene,6,440,256
HC,414,435,4,High-Ca Pyroxene,6,440,256
HC,414,436,4,High-Ca Pyroxene,6,440,256
HC,414,437,4,High-Ca Pyroxene,6,440,256
HC,414,438,4,High-Ca Pyroxene,6,440,256
HC,414,439,4,High-Ca Pyroxene,6,440,256
HC,414,440,4,High-Ca Pyroxene,6,440,256
HC,414,441,4,High-Ca Pyroxene,6,440,256
HC,414,442,4,High-Ca Pyroxene,6,440,256
HC,414,443,4,High-Ca Pyroxene,6,440,256
HC,414,444,4,High-Ca Pyroxene,6,440,256
HC,414,445,4,High-Ca Pyroxene,6,440,256
HC,414,446,4,High-Ca Pyroxene,6,440,256
HC,414,447,4,High-Ca Pyroxene,6,440,256
HC,414,448,4,High-Ca Pyroxene,6,440,256
HC,414,449,4,High-Ca Pyroxene,6,440,256
HC,414,450,4,High-Ca Pyroxene,6,440,256
HC,414,451,4,High-Ca Pyroxene,6,440,256
HC,414,452,4,High-Ca Pyroxene,6,440,256
HC,414,453,4,High-Ca Pyroxene,6,440,256
HC,414,454,4,High-Ca Pyroxene,6,440,256
HC,414,455,4,High-Ca Pyroxene,6,440,256
HC,414,456,4,High-Ca Pyroxene,6,440,256
HC,414,457,4,High-Ca Pyroxene,6,440,256
HC,414,458,4,High-Ca Pyroxene,6,440,256
HC,414,459,4,High-Ca Pyroxene,6,440,256
HC,414,460,4,High-Ca Pyroxene,6,440,256
HC,414,461,4,High-Ca Pyroxene,6,440,256
HC,414,462,4,High-Ca Pyroxene,6,440,256
HC,414,463,4,High-Ca Pyroxene,6,440,256
HC,414,464,4,High-Ca Pyroxene,6,440,256
HC,414,465,4,High-Ca Pyroxene,6,440,256
HC,414,466,4,High-Ca Pyroxene,6,440,256
HC,414,467,4,High-Ca Pyroxene,6,440,256
HC,414,468,4,High-Ca Pyroxene,6,440,256
HC,414,469,4,High-Ca Pyroxene,6,440,256
HC,414,470,4,High-Ca Pyroxene,6,440,256
HC,414,471,4,High-Ca Pyroxene,6,440,256
HC,414,472,4,High-Ca Pyroxene,6,440,256
HC,414,473,4,High-Ca Pyroxene,6,440,256
HC,414,474,4,High-Ca Pyroxene,6,440,256
HC,414,475,4,High-Ca Pyroxene,6,440,256
HC,414,476,4,High-Ca Pyroxene,6,440,256
HC,414,477,4,High-Ca Pyroxene,6,440,256
HC,414,478,4,High-Ca Pyroxene,6,440,256
HC,414,479,4,High-Ca Pyroxene,6,440,256
HC,414,480,4,High-Ca Pyroxene,6,440,256
HC,414,481,4,High-Ca Pyroxene,6,440,256
HC,414,482,4,High-Ca Pyroxene,6,440,256
HC,414,483,4,High-Ca Pyroxene,6,440,256
HC,414,484,4,High-Ca Pyroxene,6,440,256
HC,414,485,4,High-Ca Pyroxene,6,440,256
HC,414,486,4,High-Ca Pyroxene,6,440,256
HC,414,487,4,High-Ca Pyroxene,6,440,256
HC,414,488,4,High-Ca Pyroxene,6,440,256
HC,414,489,4,High-Ca Pyroxene,6,440,256
HC,414,490,4,High-Ca Pyroxene,6,440,256
HC,414,491,4,High-Ca Pyroxene,6,440,256
HC,414,492,4,High-Ca Pyroxene,6,440,256
HC,414,493,4,High-Ca Pyroxene,6,440,256
HC,414,494,4,High-Ca Pyroxene,6,440,256
HC,414,495,4,High-Ca Pyroxene,6,440,256
HC,414,496,4,High-Ca Pyroxene,6,440,256
HC,414,497,4,High-Ca Pyroxene,6,440,256
HC,414,498,4,High-Ca Pyroxene,6,440,256
HC,414,499,4,High-Ca Pyroxene,6,440,256
HC,414,500,4,High-Ca Pyroxene,6,440,256
HC,414,501,4,High-Ca Pyroxene,6,440,256
HC,414,502,4,High-Ca Pyroxene,6,440,256
HC,414,503,4,High-Ca Pyroxene,6,440,256
HC,414,504,4,High-Ca Pyroxene,6,440,256
HC,414,505,4,High-Ca Pyroxene,6,440,256
HC,414,506,4,High-Ca Pyroxene,6,440,256
HC,414,507,4,High-Ca Pyroxene,6,440,256
HC,414,508,4,High-Ca Pyroxene,6,440,256
HC,414,509,4,High-Ca Pyroxene,6,440,256
HC,414,510,4,High-Ca Pyroxene,6,440,256
HC,414,511,4,High-Ca Pyroxene,6,440,256
HC,414,512,4,High-Ca Pyroxene,6,440,256
HC,414,513,4,High-Ca Pyroxene,6,440,256
HC,414,514,4,High-Ca Pyroxene,6,440,256
HC,414,515,4,High-Ca Pyroxene,6,440,256
HC,415,349,4,High-Ca Pyroxene,6,440,256
HC,415,350,4,High-Ca Pyroxene,6,440,256
HC,415,351,4,High-Ca Pyroxene,6,440,256
HC,415,352,4,High-Ca Pyroxene,6,440,256
HC,415,353,4,High-Ca Pyroxene,6,440,256
HC,415,354,4,High-Ca Pyroxene,6,440,256
HC,415,355,4,High-Ca Pyroxene,6,440,256
HC,415,356,4,High-Ca Pyroxene,6,440,256
HC,415,357,4,High-Ca Pyroxene,6,440,256
HC,415,358,4,High-Ca Pyroxene,6,440,256
HC,415,359,4,High-Ca Pyroxene,6,440,256
HC,415,360,4,High-Ca Pyroxene,6,440,256
HC,415,361,4,High-Ca Pyroxene,6,440,256
HC,415,362,4,High-Ca Pyroxene,6,440,256
HC,415,363,4,High-Ca Pyroxene,6,440,256
HC,415,364,4,High-Ca Pyroxene,6,440,256
HC,415,365,4,High-Ca Pyroxene,6,440,256
HC,415,366,4,High-Ca Pyroxene,6,440,256
HC,415,367,4,High-Ca Pyroxene,6,440,256
HC,415,368,4,High-Ca Pyroxene,6,440,256
HC,415,369,4,High-Ca Pyroxene,6,440,256
HC,415,370,4,High-Ca Pyroxene,6,440,256
HC,415,371,4,High-Ca Pyroxene,6,440,256
HC,415,372,4,High-Ca Pyroxene,6,440,256
HC,415,373,4,High-Ca Pyroxene,6,440,256
HC,415,374,4,High-Ca Pyroxene,6,440,256
HC,415,375,4,High-Ca Pyroxene,6,440,256
HC,415,376,4,High-Ca Pyroxene,6,440,256
HC,415,377,4,High-Ca Pyroxene,6,440,256
HC,415,378,4,High-Ca Pyroxene,6,440,256
HC,415,379,4,High-Ca Pyroxene,6,440,256
HC,415,380,4,High-Ca Pyroxene,6,440,256
HC,415,381,4,High-Ca Pyroxene,6,440,256
HC,415,382,4,High-Ca Pyroxene,6,440,256
HC,415,383,4,High-Ca Pyroxene,6,440,256
HC,415,384,4,High-Ca Pyroxene,6,440,256
HC,415,385,4,High-Ca Pyroxene,6,440,256
HC,415,386,4,High-Ca Pyroxene,6,440,256
HC,415,387,4,High-Ca Pyroxene,6,440,256
HC,415,388,4,High-Ca Pyroxene,6,440,256
HC,415,389,4,High-Ca Pyroxene,6,440,256
HC,415,390,4,High-Ca Pyroxene,6,440,256
HC,415,391,4,High-Ca Pyroxene,6,440,256
HC,415,392,4,High-Ca Pyroxene,6,440,256
HC,415,393,4,High-Ca Pyroxene,6,440,256
HC,415,394,4,High-Ca Pyroxene,6,440,256
HC,415,395,4,High-Ca Pyroxene,6,440,256
HC,415,396,4,High-Ca Pyroxene,6,440,256
HC,415,397,4,High-Ca Pyroxene,6,440,256
HC,415,398,4,High-Ca Pyroxene,6,440,256
HC,415,399,4,High-Ca Pyroxene,6,440,256
HC,415,400,4,High-Ca Pyroxene,6,440,256
HC,415,401,4,High-Ca Pyroxene,6,440,256
HC,415,402,4,High-Ca Pyroxene,6,440,256
HC,415,403,4,High-Ca Pyroxene,6,440,256
HC,415,404,4,High-Ca Pyroxene,6,440,256
HC,415,405,4,High-Ca Pyroxene,6,440,256
HC,415,406,4,High-Ca Pyroxene,6,440,256
HC,415,407,4,High-Ca Pyroxene,6,440,256
HC,415,408,4,High-Ca Pyroxene,6,440,256
HC,415,409,4,High-Ca Pyroxene,6,440,256
HC,415,410,4,High-Ca Pyroxene,6,440,256
HC,415,411,4,High-Ca Pyroxene,6,440,256
HC,415,412,4,High-Ca Pyroxene,6,440,256
HC,415,413,4,High-Ca Pyroxene,6,440,256
HC,415,414,4,High-Ca Pyroxene,6,440,256
HC,415,415,4,High-Ca Pyroxene,6,440,256
HC,415,416,4,High-Ca Pyroxene,6,440,256
HC,415,417,4,High-Ca Pyroxene,6,440,256
HC,415,418,4,High-Ca Pyroxene,6,440,256
HC,415,419,4,High-Ca Pyroxene,6,440,256
HC,415,420,4,High-Ca Pyroxene,6,440,256
HC,415,421,4,High-Ca Pyroxene,6,440,256
HC,415,422,4,High-Ca Pyroxene,6,440,256
HC,415,423,4,High-Ca Pyroxene,6,440,256
HC,415,424,4,High-Ca Pyroxene,6,440,256
HC,415,425,4,High-Ca Pyroxene,6,440,256
HC,415,426,4,High-Ca Pyroxene,6,440,256
HC,415,427,4,High-Ca Pyroxene,6,440,256
HC,415,428,4,High-Ca Pyroxene,6,440,256
HC,415,429,4,High-Ca Pyroxene,6,440,256
HC,415,430,4,High-Ca Pyroxene,6,440,256
HC,415,431,4,High-Ca Pyroxene,6,440,256
HC,415,432,4,High-Ca Pyroxene,6,440,256
HC,415,433,4,High-Ca Pyroxene,6,440,256
HC,415,434,4,High-Ca Pyroxene,6,440,256
HC,415,435,4,High-Ca Pyroxene,6,440,256
HC,415,436,4,High-Ca Pyroxene,6,440,256
HC,415,437,4,High-Ca Pyroxene,6,440,256
HC,415,438,4,High-Ca Pyroxene,6,440,256
HC,415,439,4,High-Ca Pyroxene,6,440,256
HC,415,440,4,High-Ca Pyroxene,6,440,256
HC,415,441,4,High-Ca Pyroxene,6,440,256
HC,415,442,4,High-Ca Pyroxene,6,440,256
HC,415,443,4,High-Ca Pyroxene,6,440,256
HC,415,444,4,High-Ca Pyroxene,6,440,256
HC,415,445,4,High-Ca Pyroxene,6,440,256
HC,415,446,4,High-Ca Pyroxene,6,440,256
HC,415,447,4,High-Ca Pyroxene,6,440,256
HC,415,448,4,High-Ca Pyroxene,6,440,256
HC,415,449,4,High-Ca Pyroxene,6,440,256
HC,415,450,4,High-Ca Pyroxene,6,440,256
HC,415,451,4,High-Ca Pyroxene,6,440,256
HC,415,452,4,High-Ca Pyroxene,6,440,256
HC,415,453,4,High-Ca Pyroxene,6,440,256
HC,415,454,4,High-Ca Pyroxene,6,440,256
HC,415,455,4,High-Ca Pyroxene,6,440,256
HC,415,456,4,High-Ca Pyroxene,6,440,256
HC,415,457,4,High-Ca Pyroxene,6,440,256
HC,415,458,4,High-Ca Pyroxene,6,440,256
HC,415,459,4,High-Ca Pyroxene,6,440,256
HC,415,460,4,High-Ca Pyroxene,6,440,256
HC,415,461,4,High-Ca Pyroxene,6,440,256
HC,415,462,4,High-Ca Pyroxene,6,440,256
HC,415,463,4,High-Ca Pyroxene,6,440,256
HC,415,464,4,High-Ca Pyroxene,6,440,256
HC,415,465,4,High-Ca Pyroxene,6,440,256
HC,415,466,4,High-Ca Pyroxene,6,440,256
HC,415,467,4,High-Ca Pyroxene,6,440,256
HC,415,468,4,High-Ca Pyroxene,6,440,256
HC,415,469,4,High-Ca Pyroxene,6,440,256
HC,415,470,4,High-Ca Pyroxene,6,440,256
HC,415,471,4,High-Ca Pyroxene,6,440,256
HC,415,472,4,High-Ca Pyroxene,6,440,256
HC,415,473,4,High-Ca Pyroxene,6,440,256
HC,415,474,4,High-Ca Pyroxene,6,440,256
HC,415,475,4,High-Ca Pyroxene,6,440,256
HC,415,476,4,High-Ca Pyroxene,6,440,256
HC,415,477,4,High-Ca Pyroxene,6,440,256
HC,415,478,4,High-Ca Pyroxene,6,440,256
HC,415,479,4,High-Ca Pyroxene,6,440,256
HC,415,480,4,High-Ca Pyroxene,6,440,256
HC,415,481,4,High-Ca Pyroxene,6,440,256
HC,415,482,4,High-Ca Pyroxene,6,440,256
HC,415,483,4,High-Ca Pyroxene,6,440,256
HC,415,484,4,High-Ca Pyroxene,6,440,256
HC,415,485,4,High-Ca Pyroxene,6,440,256
HC,415,486,4,High-Ca Pyroxene,6,440,256
HC,415,487,4,High-Ca Pyroxene,6,440,256
HC,415,488,4,High-Ca Pyroxene,6,440,256
HC,415,489,4,High-Ca Pyroxene,6,440,256
HC,415,490,4,High-Ca Pyroxene,6,440,256
HC,415,491,4,High-Ca Pyroxene,6,440,256
HC,415,492,4,High-Ca Pyroxene,6,440,256
HC,415,493,4,High-Ca Pyroxene,6,440,256
HC,415,494,4,High-Ca Pyroxene,6,440,256
HC,415,495,4,High-Ca Pyroxene,6,440,256
HC,415,496,4,High-Ca Pyroxene,6,440,256
HC,415,497,4,High-Ca Pyroxene,6,440,256
HC,415,498,4,High-Ca Pyroxene,6,440,256
HC,415,499,4,High-Ca Pyroxene,6,440,256
HC,415,500,4,High-Ca Pyroxene,6,440,256
HC,415,501,4,High-Ca Pyroxene,6,440,256
HC,415,502,4,High-Ca Pyroxene,6,440,256
HC,415,503,4,High-Ca Pyroxene,6,440,256
HC,415,504,4,High-Ca Pyroxene,6,440,256
HC,415,505,4,High-Ca Pyroxene,6,440,256
HC,415,506,4,High-Ca Pyroxene,6,440,256
HC,415,507,4,High-Ca Pyroxene,6,440,256
HC,415,508,4,High-Ca Pyroxene,6,440,256
HC,415,509,4,High-Ca Pyroxene,6,440,256
HC,415,510,4,High-Ca Pyroxene,6,440,256
HC,415,511,4,High-Ca Pyroxene,6,440,256
HC,415,512,4,High-Ca Pyroxene,6,440,256
HC,415,513,4,High-Ca Pyroxene,6,440,256
HC,415,514,4,High-Ca Pyroxene,6,440,256
HC,415,515,4,High-Ca Pyroxene,6,440,256
HC,416,349,4,High-Ca Pyroxene,6,440,256
HC,416,350,4,High-Ca Pyroxene,6,440,256
HC,416,351,4,High-Ca Pyroxene,6,440,256
HC,416,352,4,High-Ca Pyroxene,6,440,256
HC,416,353,4,High-Ca Pyroxene,6,440,256
HC,416,354,4,High-Ca Pyroxene,6,440,256
HC,416,355,4,High-Ca Pyroxene,6,440,256
HC,416,356,4,High-Ca Pyroxene,6,440,256
HC,416,357,4,High-Ca Pyroxene,6,440,256
HC,416,358,4,High-Ca Pyroxene,6,440,256
HC,416,359,4,High-Ca Pyroxene,6,440,256
HC,416,360,4,High-Ca Pyroxene,6,440,256
HC,416,361,4,High-Ca Pyroxene,6,440,256
HC,416,362,4,High-Ca Pyroxene,6,440,256
HC,416,363,4,High-Ca Pyroxene,6,440,256
HC,416,364,4,High-Ca Pyroxene,6,440,256
HC,416,365,4,High-Ca Pyroxene,6,440,256
HC,416,366,4,High-Ca Pyroxene,6,440,256
HC,416,367,4,High-Ca Pyroxene,6,440,256
HC,416,368,4,High-Ca Pyroxene,6,440,256
HC,416,369,4,High-Ca Pyroxene,6,440,256
HC,416,370,4,High-Ca Pyroxene,6,440,256
HC,416,371,4,High-Ca Pyroxene,6,440,256
HC,416,372,4,High-Ca Pyroxene,6,440,256
HC,416,373,4,High-Ca Pyroxene,6,440,256
HC,416,374,4,High-Ca Pyroxene,6,440,256
HC,416,375,4,High-Ca Pyroxene,6,440,256
HC,416,376,4,High-Ca Pyroxene,6,440,256
HC,416,377,4,High-Ca Pyroxene,6,440,256
HC,416,378,4,High-Ca Pyroxene,6,440,256
HC,416,379,4,High-Ca Pyroxene,6,440,256
HC,416,380,4,High-Ca Pyroxene,6,440,256
HC,416,381,4,High-Ca Pyroxene,6,440,256
HC,416,382,4,High-Ca Pyroxene,6,440,256
HC,416,383,4,High-Ca Pyroxene,6,440,256
HC,416,384,4,High-Ca Pyroxene,6,440,256
HC,416,385,4,High-Ca Pyroxene,6,440,256
HC,416,386,4,High-Ca Pyroxene,6,440,256
HC,416,387,4,High-Ca Pyroxene,6,440,256
HC,416,388,4,High-Ca Pyroxene,6,440,256
HC,416,389,4,High-Ca Pyroxene,6,440,256
HC,416,390,4,High-Ca Pyroxene,6,440,256
HC,416,391,4,High-Ca Pyroxene,6,440,256
HC,416,392,4,High-Ca Pyroxene,6,440,256
HC,416,393,4,High-Ca Pyroxene,6,440,256
HC,416,394,4,High-Ca Pyroxene,6,440,256
HC,416,395,4,High-Ca Pyroxene,6,440,256
HC,416,396,4,High-Ca Pyroxene,6,440,256
HC,416,397,4,High-Ca Pyroxene,6,440,256
HC,416,398,4,High-Ca Pyroxene,6,440,256
HC,416,399,4,High-Ca Pyroxene,6,440,256
HC,416,400,4,High-Ca Pyroxene,6,440,256
HC,416,401,4,High-Ca Pyroxene,6,440,256
HC,416,402,4,High-Ca Pyroxene,6,440,256
HC,416,403,4,High-Ca Pyroxene,6,440,256
HC,416,404,4,High-Ca Pyroxene,6,440,256
HC,416,405,4,High-Ca Pyroxene,6,440,256
HC,416,406,4,High-Ca Pyroxene,6,440,256
HC,416,407,4,High-Ca Pyroxene,6,440,256
HC,416,408,4,High-Ca Pyroxene,6,440,256
HC,416,409,4,High-Ca Pyroxene,6,440,256
HC,416,410,4,High-Ca Pyroxene,6,440,256
HC,416,411,4,High-Ca Pyroxene,6,440,256
HC,416,412,4,High-Ca Pyroxene,6,440,256
HC,416,413,4,High-Ca Pyroxene,6,440,256
HC,416,414,4,High-Ca Pyroxene,6,440,256
HC,416,415,4,High-Ca Pyroxene,6,440,256
HC,416,416,4,High-Ca Pyroxene,6,440,256
HC,416,417,4,High-Ca Pyroxene,6,440,256
HC,416,418,4,High-Ca Pyroxene,6,440,256
HC,416,419,4,High-Ca Pyroxene,6,440,256
HC,416,420,4,High-Ca Pyroxene,6,440,256
HC,416,421,4,High-Ca Pyroxene,6,440,256
HC,416,422,4,High-Ca Pyroxene,6,440,256
HC,416,423,4,High-Ca Pyroxene,6,440,256
HC,416,424,4,High-Ca Pyroxene,6,440,256
HC,416,425,4,High-Ca Pyroxene,6,440,256
HC,416,426,4,High-Ca Pyroxene,6,440,256
HC,416,427,4,High-Ca Pyroxene,6,440,256
HC,416,428,4,High-Ca Pyroxene,6,440,256
HC,416,429,4,High-Ca Pyroxene,6,440,256
HC,416,430,4,High-Ca Pyroxene,6,440,256
HC,416,431,4,High-Ca Pyroxene,6,440,256
HC,416,432,4,High-Ca Pyroxene,6,440,256
HC,416,433,4,High-Ca Pyroxene,6,440,256
HC,416,434,4,High-Ca Pyroxene,6,440,256
HC,416,435,4,High-Ca Pyroxene,6,440,256
HC,416,436,4,High-Ca Pyroxene,6,440,256
HC,416,437,4,High-Ca Pyroxene,6,440,256
HC,416,438,4,High-Ca Pyroxene,6,440,256
HC,416,439,4,High-Ca Pyroxene,6,440,256
HC,416,440,4,High-Ca Pyroxene,6,440,256
HC,416,441,4,High-Ca Pyroxene,6,440,256
HC,416,442,4,High-Ca Pyroxene,6,440,256
HC,416,443,4,High-Ca Pyroxene,6,440,256
HC,416,444,4,High-Ca Pyroxene,6,440,256
HC,416,445,4,High-Ca Pyroxene,6,440,256
HC,416,446,4,High-Ca Pyroxene,6,440,256
HC,416,447,4,High-Ca Pyroxene,6,440,256
HC,416,448,4,High-Ca Pyroxene,6,440,256
HC,416,449,4,High-Ca Pyroxene,6,440,256
HC,416,450,4,High-Ca Pyroxene,6,440,256
HC,416,451,4,High-Ca Pyroxene,6,440,256
HC,416,452,4,High-Ca Pyroxene,6,440,256
HC,416,453,4,High-Ca Pyroxene,6,440,256
HC,416,454,4,High-Ca Pyroxene,6,440,256
HC,416,455,4,High-Ca Pyroxene,6,440,256
HC,416,456,4,High-Ca Pyroxene,6,440,256
HC,416,457,4,High-Ca Pyroxene,6,440,256
HC,416,458,4,High-Ca Pyroxene,6,440,256
HC,416,459,4,High-Ca Pyroxene,6,440,256
HC,416,460,4,High-Ca Pyroxene,6,440,256
HC,416,461,4,High-Ca Pyroxene,6,440,256
HC,416,462,4,High-Ca Pyroxene,6,440,256
HC,416,463,4,High-Ca Pyroxene,6,440,256
HC,416,464,4,High-Ca Pyroxene,6,440,256
HC,416,465,4,High-Ca Pyroxene,6,440,256
HC,416,466,4,High-Ca Pyroxene,6,440,256
HC,416,467,4,High-Ca Pyroxene,6,440,256
HC,416,468,4,High-Ca Pyroxene,6,440,256
HC,416,469,4,High-Ca Pyroxene,6,440,256
HC,416,470,4,High-Ca Pyroxene,6,440,256
HC,416,471,4,High-Ca Pyroxene,6,440,256
HC,416,472,4,High-Ca Pyroxene,6,440,256
HC,416,473,4,High-Ca Pyroxene,6,440,256
HC,416,474,4,High-Ca Pyroxene,6,440,256
HC,416,475,4,High-Ca Pyroxene,6,440,256
HC,416,476,4,High-Ca Pyroxene,6,440,256
HC,416,477,4,High-Ca Pyroxene,6,440,256
HC,416,478,4,High-Ca Pyroxene,6,440,256
HC,416,479,4,High-Ca Pyroxene,6,440,256
HC,416,480,4,High-Ca Pyroxene,6,440,256
HC,416,481,4,High-Ca Pyroxene,6,440,256
HC,416,482,4,High-Ca Pyroxene,6,440,256
HC,416,483,4,High-Ca Pyroxene,6,440,256
HC,416,484,4,High-Ca Pyroxene,6,440,256
HC,416,485,4,High-Ca Pyroxene,6,440,256
HC,416,486,4,High-Ca Pyroxene,6,440,256
HC,416,487,4,High-Ca Pyroxene,6,440,256
HC,416,488,4,High-Ca Pyroxene,6,440,256
HC,416,489,4,High-Ca Pyroxene,6,440,256
HC,416,490,4,High-Ca Pyroxene,6,440,256
HC,416,491,4,High-Ca Pyroxene,6,440,256
HC,416,492,4,High-Ca Pyroxene,6,440,256
HC,416,493,4,High-Ca Pyroxene,6,440,256
HC,416,494,4,High-Ca Pyroxene,6,440,256
HC,416,495,4,High-Ca Pyroxene,6,440,256
HC,416,496,4,High-Ca Pyroxene,6,440,256
HC,416,497,4,High-Ca Pyroxene,6,440,256
HC,416,498,4,High-Ca Pyroxene,6,440,256
HC,416,499,4,High-Ca Pyroxene,6,440,256
HC,416,500,4,High-Ca Pyroxene,6,440,256
HC,416,501,4,High-Ca Pyroxene,6,440,256
HC,416,502,4,High-Ca Pyroxene,6,440,256
HC,416,503,4,High-Ca Pyroxene,6,440,256
HC,416,504,4,High-Ca Pyroxene,6,440,256
HC,416,505,4,High-Ca Pyroxene,6,440,256
HC,416,506,4,High-Ca Pyroxene,6,440,256
HC,416,507,4,High-Ca Pyroxene,6,440,256
HC,416,508,4,High-Ca Pyroxene,6,440,256
HC,416,509,4,High-Ca Pyroxene,6,440,256
HC,416,510,4,High-Ca Pyroxene,6,440,256
HC,416,511,4,High-Ca Pyroxene,6,440,256
HC,416,512,4,High-Ca Pyroxene,6,440,256
HC,416,513,4,High-Ca Pyroxene,6,440,256
HC,416,514,4,High-Ca Pyroxene,6,440,256
HC,416,515,4,High-Ca Pyroxene,6,440,256
HC,417,349,4,High-Ca Pyroxene,6,440,256
HC,417,350,4,High-Ca Pyroxene,6,440,256
HC,417,351,4,High-Ca Pyroxene,6,440,256
HC,417,352,4,High-Ca Pyroxene,6,440,256
HC,417,353,4,High-Ca Pyroxene,6,440,256
HC,417,354,4,High-Ca Pyroxene,6,440,256
HC,417,355,4,High-Ca Pyroxene,6,440,256
HC,417,356,4,High-Ca Pyroxene,6,440,256
HC,417,357,4,High-Ca Pyroxene,6,440,256
HC,417,358,4,High-Ca Pyroxene,6,440,256
HC,417,359,4,High-Ca Pyroxene,6,440,256
HC,417,360,4,High-Ca Pyroxene,6,440,256
HC,417,361,4,High-Ca Pyroxene,6,440,256
HC,417,362,4,High-Ca Pyroxene,6,440,256
HC,417,363,4,High-Ca Pyroxene,6,440,256
HC,417,364,4,High-Ca Pyroxene,6,440,256
HC,417,365,4,High-Ca Pyroxene,6,440,256
HC,417,366,4,High-Ca Pyroxene,6,440,256
HC,417,367,4,High-Ca Pyroxene,6,440,256
HC,417,368,4,High-Ca Pyroxene,6,440,256
HC,417,369,4,High-Ca Pyroxene,6,440,256
HC,417,370,4,High-Ca Pyroxene,6,440,256
HC,417,371,4,High-Ca Pyroxene,6,440,256
HC,417,372,4,High-Ca Pyroxene,6,440,256
HC,417,373,4,High-Ca Pyroxene,6,440,256
HC,417,374,4,High-Ca Pyroxene,6,440,256
HC,417,375,4,High-Ca Pyroxene,6,440,256
HC,417,376,4,High-Ca Pyroxene,6,440,256
HC,417,377,4,High-Ca Pyroxene,6,440,256
HC,417,378,4,High-Ca Pyroxene,6,440,256
HC,417,379,4,High-Ca Pyroxene,6,440,256
HC,417,380,4,High-Ca Pyroxene,6,440,256
HC,417,381,4,High-Ca Pyroxene,6,440,256
HC,417,382,4,High-Ca Pyroxene,6,440,256
HC,417,383,4,High-Ca Pyroxene,6,440,256
HC,417,384,4,High-Ca Pyroxene,6,440,256
HC,417,385,4,High-Ca Pyroxene,6,440,256
HC,417,386,4,High-Ca Pyroxene,6,440,256
HC,417,387,4,High-Ca Pyroxene,6,440,256
HC,417,388,4,High-Ca Pyroxene,6,440,256
HC,417,389,4,High-Ca Pyroxene,6,440,256
HC,417,390,4,High-Ca Pyroxene,6,440,256
HC,417,391,4,High-Ca Pyroxene,6,440,256
HC,417,392,4,High-Ca Pyroxene,6,440,256
HC,417,393,4,High-Ca Pyroxene,6,440,256
HC,417,394,4,High-Ca Pyroxene,6,440,256
HC,417,395,4,High-Ca Pyroxene,6,440,256
HC,417,396,4,High-Ca Pyroxene,6,440,256
HC,417,397,4,High-Ca Pyroxene,6,440,256
HC,417,398,4,High-Ca Pyroxene,6,440,256
HC,417,399,4,High-Ca Pyroxene,6,440,256
HC,417,400,4,High-Ca Pyroxene,6,440,256
HC,417,401,4,High-Ca Pyroxene,6,440,256
HC,417,402,4,High-Ca Pyroxene,6,440,256
HC,417,403,4,High-Ca Pyroxene,6,440,256
HC,417,404,4,High-Ca Pyroxene,6,440,256
HC,417,405,4,High-Ca Pyroxene,6,440,256
HC,417,406,4,High-Ca Pyroxene,6,440,256
HC,417,407,4,High-Ca Pyroxene,6,440,256
HC,417,408,4,High-Ca Pyroxene,6,440,256
HC,417,409,4,High-Ca Pyroxene,6,440,256
HC,417,410,4,High-Ca Pyroxene,6,440,256
HC,417,411,4,High-Ca Pyroxene,6,440,256
HC,417,412,4,High-Ca Pyroxene,6,440,256
HC,417,413,4,High-Ca Pyroxene,6,440,256
HC,417,414,4,High-Ca Pyroxene,6,440,256
HC,417,415,4,High-Ca Pyroxene,6,440,256
HC,417,416,4,High-Ca Pyroxene,6,440,256
HC,417,417,4,High-Ca Pyroxene,6,440,256
HC,417,418,4,High-Ca Pyroxene,6,440,256
HC,417,419,4,High-Ca Pyroxene,6,440,256
HC,417,420,4,High-Ca Pyroxene,6,440,256
HC,417,421,4,High-Ca Pyroxene,6,440,256
HC,417,422,4,High-Ca Pyroxene,6,440,256
HC,417,423,4,High-Ca Pyroxene,6,440,256
HC,417,424,4,High-Ca Pyroxene,6,440,256
HC,417,425,4,High-Ca Pyroxene,6,440,256
HC,417,426,4,High-Ca Pyroxene,6,440,256
HC,417,427,4,High-Ca Pyroxene,6,440,256
HC,417,428,4,High-Ca Pyroxene,6,440,256
HC,417,429,4,High-Ca Pyroxene,6,440,256
HC,417,430,4,High-Ca Pyroxene,6,440,256
HC,417,431,4,High-Ca Pyroxene,6,440,256
HC,417,432,4,High-Ca Pyroxene,6,440,256
HC,417,433,4,High-Ca Pyroxene,6,440,256
HC,417,434,4,High-Ca Pyroxene,6,440,256
HC,417,435,4,High-Ca Pyroxene,6,440,256
HC,417,436,4,High-Ca Pyroxene,6,440,256
HC,417,437,4,High-Ca Pyroxene,6,440,256
HC,417,438,4,High-Ca Pyroxene,6,440,256
HC,417,439,4,High-Ca Pyroxene,6,440,256
HC,417,440,4,High-Ca Pyroxene,6,440,256
HC,417,441,4,High-Ca Pyroxene,6,440,256
HC,417,442,4,High-Ca Pyroxene,6,440,256
HC,417,443,4,High-Ca Pyroxene,6,440,256
HC,417,444,4,High-Ca Pyroxene,6,440,256
HC,417,445,4,High-Ca Pyroxene,6,440,256
HC,417,446,4,High-Ca Pyroxene,6,440,256
HC,417,447,4,High-Ca Pyroxene,6,440,256
HC,417,448,4,High-Ca Pyroxene,6,440,256
HC,417,449,4,High-Ca Pyroxene,6,440,256
HC,417,450,4,High-Ca Pyroxene,6,440,256
HC,417,451,4,High-Ca Pyroxene,6,440,256
HC,417,452,4,High-Ca Pyroxene,6,440,256
HC,417,453,4,High-Ca Pyroxene,6,440,256
HC,417,454,4,High-Ca Pyroxene,6,440,256
HC,417,455,4,High-Ca Pyroxene,6,440,256
HC,417,456,4,High-Ca Pyroxene,6,440,256
HC,417,457,4,High-Ca Pyroxene,6,440,256
HC,417,458,4,High-Ca Pyroxene,6,440,256
HC,417,459,4,High-Ca Pyroxene,6,440,256
HC,417,460,4,High-Ca Pyroxene,6,440,256
HC,417,461,4,High-Ca Pyroxene,6,440,256
HC,417,462,4,High-Ca Pyroxene,6,440,256
HC,417,463,4,High-Ca Pyroxene,6,440,256
HC,417,464,4,High-Ca Pyroxene,6,440,256
HC,417,465,4,High-Ca Pyroxene,6,440,256
HC,417,466,4,High-Ca Pyroxene,6,440,256
HC,417,467,4,High-Ca Pyroxene,6,440,256
HC,417,468,4,High-Ca Pyroxene,6,440,256
HC,417,469,4,High-Ca Pyroxene,6,440,256
HC,417,470,4,High-Ca Pyroxene,6,440,256
HC,417,471,4,High-Ca Pyroxene,6,440,256
HC,417,472,4,High-Ca Pyroxene,6,440,256
HC,417,473,4,High-Ca Pyroxene,6,440,256
HC,417,474,4,High-Ca Pyroxene,6,440,256
HC,417,475,4,High-Ca Pyroxene,6,440,256
HC,417,476,4,High-Ca Pyroxene,6,440,256
HC,417,477,4,High-Ca Pyroxene,6,440,256
HC,417,478,4,High-Ca Pyroxene,6,440,256
HC,417,479,4,High-Ca Pyroxene,6,440,256
HC,417,480,4,High-Ca Pyroxene,6,440,256
HC,417,481,4,High-Ca Pyroxene,6,440,256
HC,417,482,4,High-Ca Pyroxene,6,440,256
HC,417,483,4,High-Ca Pyroxene,6,440,256
HC,417,484,4,High-Ca Pyroxene,6,440,256
HC,417,485,4,High-Ca Pyroxene,6,440,256
HC,417,486,4,High-Ca Pyroxene,6,440,256
HC,417,487,4,High-Ca Pyroxene,6,440,256
HC,417,488,4,High-Ca Pyroxene,6,440,256
HC,417,489,4,High-Ca Pyroxene,6,440,256
HC,417,490,4,High-Ca Pyroxene,6,440,256
HC,417,491,4,High-Ca Pyroxene,6,440,256
HC,417,492,4,High-Ca Pyroxene,6,440,256
HC,417,493,4,High-Ca Pyroxene,6,440,256
HC,417,494,4,High-Ca Pyroxene,6,440,256
HC,417,495,4,High-Ca Pyroxene,6,440,256
HC,417,496,4,High-Ca Pyroxene,6,440,256
HC,417,497,4,High-Ca Pyroxene,6,440,256
HC,417,498,4,High-Ca Pyroxene,6,440,256
HC,417,499,4,High-Ca Pyroxene,6,440,256
HC,417,500,4,High-Ca Pyroxene,6,440,256
HC,417,501,4,High-Ca Pyroxene,6,440,256
HC,417,502,4,High-Ca Pyroxene,6,440,256
HC,417,503,4,High-Ca Pyroxene,6,440,256
HC,417,504,4,High-Ca Pyroxene,6,440,256
HC,417,505,4,High-Ca Pyroxene,6,440,256
HC,417,506,4,High-Ca Pyroxene,6,440,256
HC,417,507,4,High-Ca Pyroxene,6,440,256
HC,417,508,4,High-Ca Pyroxene,6,440,256
HC,417,509,4,High-Ca Pyroxene,6,440,256
HC,417,510,4,High-Ca Pyroxene,6,440,256
HC,417,511,4,High-Ca Pyroxene,6,440,256
HC,417,512,4,High-Ca Pyroxene,6,440,256
HC,417,513,4,High-Ca Pyroxene,6,440,256
HC,417,514,4,High-Ca Pyroxene,6,440,256
HC,417,515,4,High-Ca Pyroxene,6,440,256
