region,row,col,local_label,class_name,global_label,band_num,target_bands
NF,0,85,8,Prehnite,14,425,256
NF,0,86,8,Prehnite,14,425,256
NF,0,87,8,Prehnite,14,425,256
NF,0,88,8,Prehnite,14,425,256
NF,0,89,8,Prehnite,14,425,256
NF,0,90,8,Prehnite,14,425,256
NF,0,91,8,Prehnite,14,425,256
NF,0,92,8,Prehnite,14,425,256
NF,0,93,8,Prehnite,14,425,256
NF,0,94,8,Prehnite,14,425,256
NF,0,95,8,Prehnite,14,425,256
NF,0,96,8,Prehnite,14,425,256
NF,0,97,8,Prehnite,14,425,256
NF,0,98,8,Prehnite,14,425,256
NF,0,99,8,Prehnite,14,425,256
NF,0,100,8,Prehnite,14,425,256
NF,0,101,8,Prehnite,14,425,256
NF,0,102,8,Prehnite,14,425,256
NF,0,103,8,Prehnite,14,425,256
NF,0,104,8,Prehnite,14,425,256
NF,0,105,8,Prehnite,14,425,256
NF,0,106,8,Prehnite,14,425,256
NF,0,107,8,Prehnite,14,425,256
NF,0,108,8,Prehnite,14,425,256
NF,0,109,8,Prehnite,14,425,256
NF,0,162,1,Fe-Olivine,5,425,256
NF,0,163,1,Fe-Olivine,5,425,256
NF,0,164,1,Fe-Olivine,5,425,256
NF,0,165,1,Fe-Olivine,5,425,256
NF,0,166,1,Fe-Olivine,5,425,256
NF,0,167,1,Fe-Olivine,5,425,256
NF,0,168,1,Fe-Olivine,5,425,256
NF,0,169,1,Fe-Olivine,5,425,256
NF,0,170,1,Fe-Olivine,5,425,256
NF,0,171,1,Fe-Olivine,5,425,256
NF,0,172,1,Fe-Olivine,5,425,256
NF,0,173,1,Fe-Olivine,5,425,256
NF,0,174,1,Fe-Olivine,5,425,256
NF,0,175,1,Fe-Olivine,5,425,256
NF,0,176,1,Fe-Olivine,5,425,256
NF,0,177,1,Fe-Olivine,5,425,256
NF,0,479,2,Epidote,4,425,256
NF,0,480,2,Epidote,4,425,256
NF,0,481,2,Epidote,4,425,256
NF,0,482,2,Epidote,4,425,256
NF,0,483,2,Epidote,4,425,256
NF,0,484,2,Epidote,4,425,256
NF,0,485,2,Epidote,4,425,256
NF,0,486,2,Epidote,4,425,256
NF,1,85,8,Prehnite,14,425,256
NF,1,86,8,Prehnite,14,425,256
NF,1,87,8,Prehnite,14,425,256
NF,1,88,8,Prehnite,14,425,256
NF,1,89,8,Prehnite,14,425,256
NF,1,90,8,Prehnite,14,425,256
NF,1,91,8,Prehnite,14,425,256
NF,1,92,8,Prehnite,14,425,256
NF,1,93,8,Prehnite,14,425,256
NF,1,94,8,Prehnite,14,425,256
NF,1,95,8,Prehnite,14,425,256
NF,1,96,8,Prehnite,14,425,256
NF,1,97,8,Prehnite,14,425,256
NF,1,98,8,Prehnite,14,425,256
NF,1,99,8,Prehnite,14,425,256
NF,1,100,8,Prehnite,14,425,256
NF,1,101,8,Prehnite,14,425,256
NF,1,102,8,Prehnite,14,425,256
NF,1,103,8,Prehnite,14,425,256
NF,1,104,8,Prehnite,14,425,256
NF,1,105,8,Prehnite,14,425,256
NF,1,106,8,Prehnite,14,425,256
NF,1,107,8,Prehnite,14,425,256
NF,1,108,8,Prehnite,14,425,256
NF,1,109,8,Prehnite,14,425,256
NF,1,162,1,Fe-Olivine,5,425,256
NF,1,163,1,Fe-Olivine,5,425,256
NF,1,164,1,Fe-Olivine,5,425,256
NF,1,165,1,Fe-Olivine,5,425,256
NF,1,166,1,Fe-Olivine,5,425,256
NF,1,167,1,Fe-Olivine,5,425,256
NF,1,168,1,Fe-Olivine,5,425,256
NF,1,169,1,Fe-Olivine,5,425,256
NF,1,170,1,Fe-Olivine,5,425,256
NF,1,171,1,Fe-Olivine,5,425,256
NF,1,172,1,Fe-Olivine,5,425,256
NF,1,173,1,Fe-Olivine,5,425,256
NF,1,174,1,Fe-Olivine,5,425,256
NF,1,175,1,Fe-Olivine,5,425,256
NF,1,176,1,Fe-Olivine,5,425,256
NF,1,177,1,Fe-Olivine,5,425,256
NF,1,178,1,Fe-Olivine,5,425,256
NF,1,479,2,Epidote,4,425,256
NF,1,480,2,Epidote,4,425,256
NF,1,481,2,Epidote,4,425,256
NF,1,482,2,Epidote,4,425,256
NF,1,483,2,Epidote,4,425,256
NF,1,484,2,Epidote,4,425,256
NF,1,485,2,Epidote,4,425,256
NF,1,486,2,Epidote,4,425,256
NF,2,84,8,Prehnite,14,425,256
NF,2,85,8,Prehnite,14,425,256
NF,2,86,8,Prehnite,14,425,256
NF,2,87,8,Prehnite,14,425,256
NF,2,88,8,Prehnite,14,425,256
NF,2,89,8,Prehnite,14,425,256
NF,2,90,8,Prehnite,14,425,256
NF,2,91,8,Prehnite,14,425,256
NF,2,92,8,Prehnite,14,425,256
NF,2,93,8,Prehnite,14,425,256
NF,2,94,8,Prehnite,14,425,256
NF,2,95,8,Prehnite,14,425,256
NF,2,96,8,Prehnite,14,425,256
NF,2,97,8,Prehnite,14,425,256
NF,2,98,8,Prehnite,14,425,256
NF,2,99,8,Prehnite,14,425,256
NF,2,100,8,Prehnite,14,425,256
NF,2,101,8,Prehnite,14,425,256
NF,2,102,8,Prehnite,14,425,256
NF,2,103,8,Prehnite,14,425,256
NF,2,104,8,Prehnite,14,425,256
NF,2,105,8,Prehnite,14,425,256
NF,2,106,8,Prehnite,14,425,256
NF,2,107,8,Prehnite,14,425,256
NF,2,108,8,Prehnite,14,425,256
NF,2,109,8,Prehnite,14,425,256
NF,2,162,1,Fe-Olivine,5,425,256
NF,2,163,1,Fe-Olivine,5,425,256
NF,2,164,1,Fe-Olivine,5,425,256
NF,2,165,1,Fe-Olivine,5,425,256
NF,2,166,1,Fe-Olivine,5,425,256
NF,2,167,1,Fe-Olivine,5,425,256
NF,2,168,1,Fe-Olivine,5,425,256
NF,2,169,1,Fe-Olivine,5,425,256
NF,2,170,1,Fe-Olivine,5,425,256
NF,2,171,1,Fe-Olivine,5,425,256
NF,2,172,1,Fe-Olivine,5,425,256
NF,2,173,1,Fe-Olivine,5,425,256
NF,2,174,1,Fe-Olivine,5,425,256
NF,2,175,1,Fe-Olivine,5,425,256
NF,2,176,1,Fe-Olivine,5,425,256
NF,2,177,1,Fe-Olivine,5,425,256
NF,2,178,1,Fe-Olivine,5,425,256
NF,2,179,1,Fe-Olivine,5,425,256
NF,2,180,1,Fe-Olivine,5,425,256
NF,2,479,2,Epidote,4,425,256
NF,2,480,2,Epidote,4,425,256
NF,2,481,2,Epidote,4,425,256
NF,2,482,2,Epidote,4,425,256
NF,2,483,2,Epidote,4,425,256
NF,2,484,2,Epidote,4,425,256
NF,2,485,2,Epidote,4,425,256
NF,2,486,2,Epidote,4,425,256
NF,3,84,8,Prehnite,14,425,256
NF,3,85,8,Prehnite,14,425,256
NF,3,86,8,Prehnite,14,425,256
NF,3,87,8,Prehnite,14,425,256
NF,3,88,8,Prehnite,14,425,256
NF,3,89,8,Prehnite,14,425,256
NF,3,90,8,Prehnite,14,425,256
NF,3,91,8,Prehnite,14,425,256
NF,3,92,8,Prehnite,14,425,256
NF,3,93,8,Prehnite,14,425,256
NF,3,94,8,Prehnite,14,425,256
NF,3,95,8,Prehnite,14,425,256
NF,3,96,8,Prehnite,14,425,256
NF,3,97,8,Prehnite,14,425,256
NF,3,98,8,Prehnite,14,425,256
NF,3,99,8,Prehnite,14,425,256
NF,3,100,8,Prehnite,14,425,256
NF,3,101,8,Prehnite,14,425,256
NF,3,102,8,Prehnite,14,425,256
NF,3,103,8,Prehnite,14,425,256
NF,3,104,8,Prehnite,14,425,256
NF,3,105,8,Prehnite,14,425,256
NF,3,106,8,Prehnite,14,425,256
NF,3,107,8,Prehnite,14,425,256
NF,3,108,8,Prehnite,14,425,256
NF,3,109,8,Prehnite,14,425,256
NF,3,163,1,Fe-Olivine,5,425,256
NF,3,164,1,Fe-Olivine,5,425,256
NF,3,165,1,Fe-Olivine,5,425,256
NF,3,166,1,Fe-Olivine,5,425,256
NF,3,167,1,Fe-Olivine,5,425,256
NF,3,168,1,Fe-Olivine,5,425,256
NF,3,169,1,Fe-Olivine,5,425,256
NF,3,170,1,Fe-Olivine,5,425,256
NF,3,171,1,Fe-Olivine,5,425,256
NF,3,172,1,Fe-Olivine,5,425,256
NF,3,173,1,Fe-Olivine,5,425,256
NF,3,174,1,Fe-Olivine,5,425,256
NF,3,175,1,Fe-Olivine,5,425,256
NF,3,176,1,Fe-Olivine,5,425,256
NF,3,177,1,Fe-Olivine,5,425,256
NF,3,178,1,Fe-Olivine,5,425,256
NF,3,179,1,Fe-Olivine,5,425,256
NF,3,180,1,Fe-Olivine,5,425,256
NF,3,480,2,Epidote,4,425,256
NF,3,481,2,Epidote,4,425,256
NF,3,482,2,Epidote,4,425,256
NF,3,483,2,Epidote,4,425,256
NF,3,484,2,Epidote,4,425,256
NF,3,485,2,Epidote,4,425,256
NF,4,83,8,Prehnite,14,425,256
NF,4,84,8,Prehnite,14,425,256
NF,4,85,8,Prehnite,14,425,256
NF,4,86,8,Prehnite,14,425,256
NF,4,87,8,Prehnite,14,425,256
NF,4,88,8,Prehnite,14,425,256
NF,4,89,8,Prehnite,14,425,256
NF,4,90,8,Prehnite,14,425,256
NF,4,91,8,Prehnite,14,425,256
NF,4,92,8,Prehnite,14,425,256
NF,4,93,8,Prehnite,14,425,256
NF,4,94,8,Prehnite,14,425,256
NF,4,95,8,Prehnite,14,425,256
NF,4,96,8,Prehnite,14,425,256
NF,4,97,8,Prehnite,14,425,256
NF,4,98,8,Prehnite,14,425,256
NF,4,99,8,Prehnite,14,425,256
NF,4,100,8,Prehnite,14,425,256
NF,4,101,8,Prehnite,14,425,256
NF,4,102,8,Prehnite,14,425,256
NF,4,103,8,Prehnite,14,425,256
NF,4,104,8,Prehnite,14,425,256
NF,4,105,8,Prehnite,14,425,256
NF,4,106,8,Prehnite,14,425,256
NF,4,107,8,Prehnite,14,425,256
NF,4,108,8,Prehnite,14,425,256
NF,4,163,1,Fe-Olivine,5,425,256
NF,4,164,1,Fe-Olivine,5,425,256
NF,4,165,1,Fe-Olivine,5,425,256
NF,4,166,1,Fe-Olivine,5,425,256
NF,4,167,1,Fe-Olivine,5,425,256
NF,4,168,1,Fe-Olivine,5,425,256
NF,4,169,1,Fe-Olivine,5,425,256
NF,4,170,1,Fe-Olivine,5,425,256
NF,4,171,1,Fe-Olivine,5,425,256
NF,4,172,1,Fe-Olivine,5,425,256
NF,4,173,1,Fe-Olivine,5,425,256
NF,4,174,1,Fe-Olivine,5,425,256
NF,4,175,1,Fe-Olivine,5,425,256
NF,4,176,1,Fe-Olivine,5,425,256
NF,4,177,1,Fe-Olivine,5,425,256
NF,4,178,1,Fe-Olivine,5,425,256
NF,4,179,1,Fe-Olivine,5,425,256
NF,4,180,1,Fe-Olivine,5,425,256
NF,4,181,1,Fe-Olivine,5,425,256
NF,4,481,2,Epidote,4,425,256
NF,4,482,2,Epidote,4,425,256
NF,4,483,2,Epidote,4,425,256
NF,4,484,2,Epidote,4,425,256
NF,4,485,2,Epidote,4,425,256
NF,5,83,8,Prehnite,14,425,256
NF,5,84,8,Prehnite,14,425,256
NF,5,85,8,Prehnite,14,425,256
NF,5,86,8,Prehnite,14,425,256
NF,5,87,8,Prehnite,14,425,256
NF,5,88,8,Prehnite,14,425,256
NF,5,89,8,Prehnite,14,425,256
NF,5,90,8,Prehnite,14,425,256
NF,5,91,8,Prehnite,14,425,256
NF,5,92,8,Prehnite,14,425,256
NF,5,93,8,Prehnite,14,425,256
NF,5,94,8,Prehnite,14,425,256
NF,5,95,8,Prehnite,14,425,256
NF,5,96,8,Prehnite,14,425,256
NF,5,97,8,Prehnite,14,425,256
NF,5,98,8,Prehnite,14,425,256
NF,5,99,8,Prehnite,14,425,256
NF,5,100,8,Prehnite,14,425,256
NF,5,101,8,Prehnite,14,425,256
NF,5,102,8,Prehnite,14,425,256
NF,5,103,8,Prehnite,14,425,256
NF,5,104,8,Prehnite,14,425,256
NF,5,105,8,Prehnite,14,425,256
NF,5,106,8,Prehnite,14,425,256
NF,5,107,8,Prehnite,14,425,256
NF,5,108,8,Prehnite,14,425,256
NF,5,164,1,Fe-Olivine,5,425,256
NF,5,165,1,Fe-Olivine,5,425,256
NF,5,166,1,Fe-Olivine,5,425,256
NF,5,167,1,Fe-Olivine,5,425,256
NF,5,168,1,Fe-Olivine,5,425,256
NF,5,169,1,Fe-Olivine,5,425,256
NF,5,170,1,Fe-Olivine,5,425,256
NF,5,171,1,Fe-Olivine,5,425,256
NF,5,172,1,Fe-Olivine,5,425,256
NF,5,173,1,Fe-Olivine,5,425,256
NF,5,174,1,Fe-Olivine,5,425,256
NF,5,175,1,Fe-Olivine,5,425,256
NF,5,176,1,Fe-Olivine,5,425,256
NF,5,177,1,Fe-Olivine,5,425,256
NF,5,178,1,Fe-Olivine,5,425,256
NF,5,179,1,Fe-Olivine,5,425,256
NF,5,180,1,Fe-Olivine,5,425,256
NF,5,181,1,Fe-Olivine,5,425,256
NF,5,182,1,Fe-Olivine,5,425,256
NF,6,83,8,Prehnite,14,425,256
NF,6,84,8,Prehnite,14,425,256
NF,6,85,8,Prehnite,14,425,256
NF,6,86,8,Prehnite,14,425,256
NF,6,87,8,Prehnite,14,425,256
NF,6,88,8,Prehnite,14,425,256
NF,6,89,8,Prehnite,14,425,256
NF,6,90,8,Prehnite,14,425,256
NF,6,91,8,Prehnite,14,425,256
NF,6,92,8,Prehnite,14,425,256
NF,6,93,8,Prehnite,14,425,256
NF,6,94,8,Prehnite,14,425,256
NF,6,95,8,Prehnite,14,425,256
NF,6,96,8,Prehnite,14,425,256
NF,6,97,8,Prehnite,14,425,256
NF,6,98,8,Prehnite,14,425,256
NF,6,99,8,Prehnite,14,425,256
NF,6,100,8,Prehnite,14,425,256
NF,6,101,8,Prehnite,14,425,256
NF,6,102,8,Prehnite,14,425,256
NF,6,103,8,Prehnite,14,425,256
NF,6,104,8,Prehnite,14,425,256
NF,6,105,8,Prehnite,14,425,256
NF,6,106,8,Prehnite,14,425,256
NF,6,107,8,Prehnite,14,425,256
NF,6,165,1,Fe-Olivine,5,425,256
NF,6,166,1,Fe-Olivine,5,425,256
NF,6,167,1,Fe-Olivine,5,425,256
NF,6,168,1,Fe-Olivine,5,425,256
NF,6,169,1,Fe-Olivine,5,425,256
NF,6,170,1,Fe-Olivine,5,425,256
NF,6,171,1,Fe-Olivine,5,425,256
NF,6,172,1,Fe-Olivine,5,425,256
NF,6,173,1,Fe-Olivine,5,425,256
NF,6,174,1,Fe-Olivine,5,425,256
NF,6,175,1,Fe-Olivine,5,425,256
NF,6,176,1,Fe-Olivine,5,425,256
NF,6,177,1,Fe-Olivine,5,425,256
NF,6,178,1,Fe-Olivine,5,425,256
NF,6,179,1,Fe-Olivine,5,425,256
NF,6,180,1,Fe-Olivine,5,425,256
NF,6,181,1,Fe-Olivine,5,425,256
NF,6,182,1,Fe-Olivine,5,425,256
NF,6,183,1,Fe-Olivine,5,425,256
NF,7,83,8,Prehnite,14,425,256
NF,7,84,8,Prehnite,14,425,256
NF,7,85,8,Prehnite,14,425,256
NF,7,86,8,Prehnite,14,425,256
NF,7,87,8,Prehnite,14,425,256
NF,7,88,8,Prehnite,14,425,256
NF,7,89,8,Prehnite,14,425,256
NF,7,90,8,Prehnite,14,425,256
NF,7,91,8,Prehnite,14,425,256
NF,7,92,8,Prehnite,14,425,256
NF,7,93,8,Prehnite,14,425,256
NF,7,94,8,Prehnite,14,425,256
NF,7,95,8,Prehnite,14,425,256
NF,7,96,8,Prehnite,14,425,256
NF,7,97,8,Prehnite,14,425,256
NF,7,98,8,Prehnite,14,425,256
NF,7,99,8,Prehnite,14,425,256
NF,7,100,8,Prehnite,14,425,256
NF,7,101,8,Prehnite,14,425,256
NF,7,102,8,Prehnite,14,425,256
NF,7,103,8,Prehnite,14,425,256
NF,7,104,8,Prehnite,14,425,256
NF,7,105,8,Prehnite,14,425,256
NF,7,106,8,Prehnite,14,425,256
NF,7,107,8,Prehnite,14,425,256
NF,7,166,1,Fe-Olivine,5,425,256
NF,7,167,1,Fe-Olivine,5,425,256
NF,7,168,1,Fe-Olivine,5,425,256
NF,7,169,1,Fe-Olivine,5,425,256
NF,7,170,1,Fe-Olivine,5,425,256
NF,7,171,1,Fe-Olivine,5,425,256
NF,7,172,1,Fe-Olivine,5,425,256
NF,7,173,1,Fe-Olivine,5,425,256
NF,7,174,1,Fe-Olivine,5,425,256
NF,7,175,1,Fe-Olivine,5,425,256
NF,7,176,1,Fe-Olivine,5,425,256
NF,7,177,1,Fe-Olivine,5,425,256
NF,7,178,1,Fe-Olivine,5,425,256
NF,7,179,1,Fe-Olivine,5,425,256
NF,7,180,1,Fe-Olivine,5,425,256
NF,7,181,1,Fe-Olivine,5,425,256
NF,7,182,1,Fe-Olivine,5,425,256
NF,7,183,1,Fe-Olivine,5,425,256
NF,7,184,1,Fe-Olivine,5,425,256
NF,8,83,8,Prehnite,14,425,256
NF,8,84,8,Prehnite,14,425,256
NF,8,85,8,Prehnite,14,425,256
NF,8,86,8,Prehnite,14,425,256
NF,8,87,8,Prehnite,14,425,256
NF,8,88,8,Prehnite,14,425,256
NF,8,89,8,Prehnite,14,425,256
NF,8,90,8,Prehnite,14,425,256
NF,8,91,8,Prehnite,14,425,256
NF,8,92,8,Prehnite,14,425,256
NF,8,93,8,Prehnite,14,425,256
NF,8,94,8,Prehnite,14,425,256
NF,8,95,8,Prehnite,14,425,256
NF,8,96,8,Prehnite,14,425,256
NF,8,97,8,Prehnite,14,425,256
NF,8,98,8,Prehnite,14,425,256
NF,8,99,8,Prehnite,14,425,256
NF,8,100,8,Prehnite,14,425,256
NF,8,101,8,Prehnite,14,425,256
NF,8,102,8,Prehnite,14,425,256
NF,8,103,8,Prehnite,14,425,256
NF,8,104,8,Prehnite,14,425,256
NF,8,105,8,Prehnite,14,425,256
NF,8,106,8,Prehnite,14,425,256
NF,8,167,1,Fe-Olivine,5,425,256
NF,8,168,1,Fe-Olivine,5,425,256
NF,8,169,1,Fe-Olivine,5,425,256
NF,8,170,1,Fe-Olivine,5,425,256
NF,8,171,1,Fe-Olivine,5,425,256
NF,8,172,1,Fe-Olivine,5,425,256
NF,8,173,1,Fe-Olivine,5,425,256
NF,8,174,1,Fe-Olivine,5,425,256
NF,8,175,1,Fe-Olivine,5,425,256
NF,8,176,1,Fe-Olivine,5,425,256
NF,8,177,1,Fe-Olivine,5,425,256
NF,8,178,1,Fe-Olivine,5,425,256
NF,8,179,1,Fe-Olivine,5,425,256
NF,8,180,1,Fe-Olivine,5,425,256
NF,8,181,1,Fe-Olivine,5,425,256
NF,8,182,1,Fe-Olivine,5,425,256
NF,8,183,1,Fe-Olivine,5,425,256
NF,8,184,1,Fe-Olivine,5,425,256
NF,9,49,1,Fe-Olivine,5,425,256
NF,9,50,1,Fe-Olivine,5,425,256
NF,9,51,1,Fe-Olivine,5,425,256
NF,9,52,1,Fe-Olivine,5,425,256
NF,9,53,1,Fe-Olivine,5,425,256
NF,9,54,1,Fe-Olivine,5,425,256
NF,9,83,8,Prehnite,14,425,256
NF,9,84,8,Prehnite,14,425,256
NF,9,85,8,Prehnite,14,425,256
NF,9,86,8,Prehnite,14,425,256
NF,9,87,8,Prehnite,14,425,256
NF,9,88,8,Prehnite,14,425,256
NF,9,89,8,Prehnite,14,425,256
NF,9,90,8,Prehnite,14,425,256
NF,9,91,8,Prehnite,14,425,256
NF,9,92,8,Prehnite,14,425,256
NF,9,93,8,Prehnite,14,425,256
NF,9,94,8,Prehnite,14,425,256
NF,9,95,8,Prehnite,14,425,256
NF,9,96,8,Prehnite,14,425,256
NF,9,97,8,Prehnite,14,425,256
NF,9,98,8,Prehnite,14,425,256
NF,9,99,8,Prehnite,14,425,256
NF,9,100,8,Prehnite,14,425,256
NF,9,101,8,Prehnite,14,425,256
NF,9,102,8,Prehnite,14,425,256
NF,9,103,8,Prehnite,14,425,256
NF,9,104,8,Prehnite,14,425,256
NF,9,105,8,Prehnite,14,425,256
NF,9,168,1,Fe-Olivine,5,425,256
NF,9,169,1,Fe-Olivine,5,425,256
NF,9,170,1,Fe-Olivine,5,425,256
NF,9,171,1,Fe-Olivine,5,425,256
NF,9,172,1,Fe-Olivine,5,425,256
NF,9,173,1,Fe-Olivine,5,425,256
NF,9,174,1,Fe-Olivine,5,425,256
NF,9,175,1,Fe-Olivine,5,425,256
NF,9,176,1,Fe-Olivine,5,425,256
NF,9,177,1,Fe-Olivine,5,425,256
NF,9,178,1,Fe-Olivine,5,425,256
NF,9,179,1,Fe-Olivine,5,425,256
NF,9,180,1,Fe-Olivine,5,425,256
NF,9,181,1,Fe-Olivine,5,425,256
NF,9,182,1,Fe-Olivine,5,425,256
NF,9,183,1,Fe-Olivine,5,425,256
NF,9,184,1,Fe-Olivine,5,425,256
NF,9,185,1,Fe-Olivine,5,425,256
NF,10,48,1,Fe-Olivine,5,425,256
NF,10,49,1,Fe-Olivine,5,425,256
NF,10,50,1,Fe-Olivine,5,425,256
NF,10,51,1,Fe-Olivine,5,425,256
NF,10,52,1,Fe-Olivine,5,425,256
NF,10,53,1,Fe-Olivine,5,425,256
NF,10,54,1,Fe-Olivine,5,425,256
NF,10,55,1,Fe-Olivine,5,425,256
NF,10,83,8,Prehnite,14,425,256
NF,10,84,8,Prehnite,14,425,256
NF,10,85,8,Prehnite,14,425,256
NF,10,86,8,Prehnite,14,425,256
NF,10,87,8,Prehnite,14,425,256
NF,10,88,8,Prehnite,14,425,256
NF,10,89,8,Prehnite,14,425,256
NF,10,90,8,Prehnite,14,425,256
NF,10,91,8,Prehnite,14,425,256
NF,10,92,8,Prehnite,14,425,256
NF,10,93,8,Prehnite,14,425,256
NF,10,94,8,Prehnite,14,425,256
NF,10,95,8,Prehnite,14,425,256
NF,10,96,8,Prehnite,14,425,256
NF,10,97,8,Prehnite,14,425,256
NF,10,98,8,Prehnite,14,425,256
NF,10,99,8,Prehnite,14,425,256
NF,10,100,8,Prehnite,14,425,256
NF,10,101,8,Prehnite,14,425,256
NF,10,102,8,Prehnite,14,425,256
NF,10,103,8,Prehnite,14,425,256
NF,10,104,8,Prehnite,14,425,256
NF,10,105,8,Prehnite,14,425,256
NF,10,170,1,Fe-Olivine,5,425,256
NF,10,171,1,Fe-Olivine,5,425,256
NF,10,172,1,Fe-Olivine,5,425,256
NF,10,173,1,Fe-Olivine,5,425,256
NF,10,174,1,Fe-Olivine,5,425,256
NF,10,175,1,Fe-Olivine,5,425,256
NF,10,176,1,Fe-Olivine,5,425,256
NF,10,177,1,Fe-Olivine,5,425,256
NF,10,178,1,Fe-Olivine,5,425,256
NF,10,179,1,Fe-Olivine,5,425,256
NF,10,180,1,Fe-Olivine,5,425,256
NF,10,181,1,Fe-Olivine,5,425,256
NF,10,182,1,Fe-Olivine,5,425,256
NF,10,183,1,Fe-Olivine,5,425,256
NF,10,184,1,Fe-Olivine,5,425,256
NF,10,185,1,Fe-Olivine,5,425,256
NF,11,47,1,Fe-Olivine,5,425,256
NF,11,48,1,Fe-Olivine,5,425,256
NF,11,49,1,Fe-Olivine,5,425,256
NF,11,50,1,Fe-Olivine,5,425,256
NF,11,51,1,Fe-Olivine,5,425,256
NF,11,52,1,Fe-Olivine,5,425,256
NF,11,53,1,Fe-Olivine,5,425,256
NF,11,54,1,Fe-Olivine,5,425,256
NF,11,55,1,Fe-Olivine,5,425,256
NF,11,56,1,Fe-Olivine,5,425,256
NF,11,84,8,Prehnite,14,425,256
NF,11,85,8,Prehnite,14,425,256
NF,11,86,8,Prehnite,14,425,256
NF,11,87,8,Prehnite,14,425,256
NF,11,88,8,Prehnite,14,425,256
NF,11,89,8,Prehnite,14,425,256
NF,11,90,8,Prehnite,14,425,256
NF,11,91,8,Prehnite,14,425,256
NF,11,92,8,Prehnite,14,425,256
NF,11,93,8,Prehnite,14,425,256
NF,11,94,8,Prehnite,14,425,256
NF,11,95,8,Prehnite,14,425,256
NF,11,96,8,Prehnite,14,425,256
NF,11,97,8,Prehnite,14,425,256
NF,11,98,8,Prehnite,14,425,256
NF,11,99,8,Prehnite,14,425,256
NF,11,100,8,Prehnite,14,425,256
NF,11,101,8,Prehnite,14,425,256
NF,11,102,8,Prehnite,14,425,256
NF,11,103,8,Prehnite,14,425,256
NF,11,104,8,Prehnite,14,425,256
NF,11,105,8,Prehnite,14,425,256
NF,11,170,1,Fe-Olivine,5,425,256
NF,11,171,1,Fe-Olivine,5,425,256
NF,11,172,1,Fe-Olivine,5,425,256
NF,11,173,1,Fe-Olivine,5,425,256
NF,11,174,1,Fe-Olivine,5,425,256
NF,11,175,1,Fe-Olivine,5,425,256
NF,11,176,1,Fe-Olivine,5,425,256
NF,11,177,1,Fe-Olivine,5,425,256
NF,11,178,1,Fe-Olivine,5,425,256
NF,11,179,1,Fe-Olivine,5,425,256
NF,11,180,1,Fe-Olivine,5,425,256
NF,11,181,1,Fe-Olivine,5,425,256
NF,11,182,1,Fe-Olivine,5,425,256
NF,11,183,1,Fe-Olivine,5,425,256
NF,11,184,1,Fe-Olivine,5,425,256
NF,11,185,1,Fe-Olivine,5,425,256
NF,11,186,1,Fe-Olivine,5,425,256
NF,12,46,1,Fe-Olivine,5,425,256
NF,12,47,1,Fe-Olivine,5,425,256
NF,12,48,1,Fe-Olivine,5,425,256
NF,12,49,1,Fe-Olivine,5,425,256
NF,12,50,1,Fe-Olivine,5,425,256
NF,12,51,1,Fe-Olivine,5,425,256
NF,12,52,1,Fe-Olivine,5,425,256
NF,12,53,1,Fe-Olivine,5,425,256
NF,12,54,1,Fe-Olivine,5,425,256
NF,12,55,1,Fe-Olivine,5,425,256
NF,12,56,1,Fe-Olivine,5,425,256
NF,12,84,8,Prehnite,14,425,256
NF,12,85,8,Prehnite,14,425,256
NF,12,86,8,Prehnite,14,425,256
NF,12,87,8,Prehnite,14,425,256
NF,12,88,8,Prehnite,14,425,256
NF,12,89,8,Prehnite,14,425,256
NF,12,90,8,Prehnite,14,425,256
NF,12,91,8,Prehnite,14,425,256
NF,12,92,8,Prehnite,14,425,256
NF,12,93,8,Prehnite,14,425,256
NF,12,94,8,Prehnite,14,425,256
NF,12,95,8,Prehnite,14,425,256
NF,12,96,8,Prehnite,14,425,256
NF,12,97,8,Prehnite,14,425,256
NF,12,98,8,Prehnite,14,425,256
NF,12,99,8,Prehnite,14,425,256
NF,12,100,8,Prehnite,14,425,256
NF,12,101,8,Prehnite,14,425,256
NF,12,102,8,Prehnite,14,425,256
NF,12,103,8,Prehnite,14,425,256
NF,12,104,8,Prehnite,14,425,256
NF,12,171,1,Fe-Olivine,5,425,256
NF,12,172,1,Fe-Olivine,5,425,256
NF,12,173,1,Fe-Olivine,5,425,256
NF,12,174,1,Fe-Olivine,5,425,256
NF,12,175,1,Fe-Olivine,5,425,256
NF,12,176,1,Fe-Olivine,5,425,256
NF,12,177,1,Fe-Olivine,5,425,256
NF,12,178,1,Fe-Olivine,5,425,256
NF,12,179,1,Fe-Olivine,5,425,256
NF,12,180,1,Fe-Olivine,5,425,256
NF,12,181,1,Fe-Olivine,5,425,256
NF,12,182,1,Fe-Olivine,5,425,256
NF,12,183,1,Fe-Olivine,5,425,256
NF,12,184,1,Fe-Olivine,5,425,256
NF,12,185,1,Fe-Olivine,5,425,256
NF,12,186,1,Fe-Olivine,5,425,256
NF,13,45,1,Fe-Olivine,5,425,256
NF,13,46,1,Fe-Olivine,5,425,256
NF,13,47,1,Fe-Olivine,5,425,256
NF,13,48,1,Fe-Olivine,5,425,256
NF,13,49,1,Fe-Olivine,5,425,256
NF,13,50,1,Fe-Olivine,5,425,256
NF,13,51,1,Fe-Olivine,5,425,256
NF,13,52,1,Fe-Olivine,5,425,256
NF,13,53,1,Fe-Olivine,5,425,256
NF,13,54,1,Fe-Olivine,5,425,256
NF,13,55,1,Fe-Olivine,5,425,256
NF,13,56,1,Fe-Olivine,5,425,256
NF,13,86,8,Prehnite,14,425,256
NF,13,87,8,Prehnite,14,425,256
NF,13,88,8,Prehnite,14,425,256
NF,13,89,8,Prehnite,14,425,256
NF,13,90,8,Prehnite,14,425,256
NF,13,91,8,Prehnite,14,425,256
NF,13,92,8,Prehnite,14,425,256
NF,13,93,8,Prehnite,14,425,256
NF,13,94,8,Prehnite,14,425,256
NF,13,95,8,Prehnite,14,425,256
NF,13,96,8,Prehnite,14,425,256
NF,13,97,8,Prehnite,14,425,256
NF,13,98,8,Prehnite,14,425,256
NF,13,99,8,Prehnite,14,425,256
NF,13,100,8,Prehnite,14,425,256
NF,13,101,8,Prehnite,14,425,256
NF,13,102,8,Prehnite,14,425,256
NF,13,103,8,Prehnite,14,425,256
NF,13,104,8,Prehnite,14,425,256
NF,13,173,1,Fe-Olivine,5,425,256
NF,13,174,1,Fe-Olivine,5,425,256
NF,13,175,1,Fe-Olivine,5,425,256
NF,13,176,1,Fe-Olivine,5,425,256
NF,13,177,1,Fe-Olivine,5,425,256
NF,13,178,1,Fe-Olivine,5,425,256
NF,13,179,1,Fe-Olivine,5,425,256
NF,13,180,1,Fe-Olivine,5,425,256
NF,13,181,1,Fe-Olivine,5,425,256
NF,13,182,1,Fe-Olivine,5,425,256
NF,13,183,1,Fe-Olivine,5,425,256
NF,13,184,1,Fe-Olivine,5,425,256
NF,13,185,1,Fe-Olivine,5,425,256
NF,14,42,1,Fe-Olivine,5,425,256
NF,14,43,1,Fe-Olivine,5,425,256
NF,14,44,1,Fe-Olivine,5,425,256
NF,14,45,1,Fe-Olivine,5,425,256
NF,14,46,1,Fe-Olivine,5,425,256
NF,14,47,1,Fe-Olivine,5,425,256
NF,14,48,1,Fe-Olivine,5,425,256
NF,14,49,1,Fe-Olivine,5,425,256
NF,14,50,1,Fe-Olivine,5,425,256
NF,14,51,1,Fe-Olivine,5,425,256
NF,14,52,1,Fe-Olivine,5,425,256
NF,14,53,1,Fe-Olivine,5,425,256
NF,14,54,1,Fe-Olivine,5,425,256
NF,14,55,1,Fe-Olivine,5,425,256
NF,14,56,1,Fe-Olivine,5,425,256
NF,14,57,1,Fe-Olivine,5,425,256
NF,14,92,8,Prehnite,14,425,256
NF,14,93,8,Prehnite,14,425,256
NF,14,94,8,Prehnite,14,425,256
NF,14,95,8,Prehnite,14,425,256
NF,14,96,8,Prehnite,14,425,256
NF,14,97,8,Prehnite,14,425,256
NF,14,98,8,Prehnite,14,425,256
NF,14,99,8,Prehnite,14,425,256
NF,14,100,8,Prehnite,14,425,256
NF,14,101,8,Prehnite,14,425,256
NF,14,102,8,Prehnite,14,425,256
NF,14,103,8,Prehnite,14,425,256
NF,14,104,8,Prehnite,14,425,256
NF,14,177,1,Fe-Olivine,5,425,256
NF,14,178,1,Fe-Olivine,5,425,256
NF,14,179,1,Fe-Olivine,5,425,256
NF,14,180,1,Fe-Olivine,5,425,256
NF,14,181,1,Fe-Olivine,5,425,256
NF,14,182,1,Fe-Olivine,5,425,256
NF,14,183,1,Fe-Olivine,5,425,256
NF,14,184,1,Fe-Olivine,5,425,256
NF,15,40,1,Fe-Olivine,5,425,256
NF,15,41,1,Fe-Olivine,5,425,256
NF,15,42,1,Fe-Olivine,5,425,256
NF,15,43,1,Fe-Olivine,5,425,256
NF,15,44,1,Fe-Olivine,5,425,256
NF,15,45,1,Fe-Olivine,5,425,256
NF,15,46,1,Fe-Olivine,5,425,256
NF,15,47,1,Fe-Olivine,5,425,256
NF,15,48,1,Fe-Olivine,5,425,256
NF,15,49,1,Fe-Olivine,5,425,256
NF,15,50,1,Fe-Olivine,5,425,256
NF,15,51,1,Fe-Olivine,5,425,256
NF,15,52,1,Fe-Olivine,5,425,256
NF,15,53,1,Fe-Olivine,5,425,256
NF,15,54,1,Fe-Olivine,5,425,256
NF,15,55,1,Fe-Olivine,5,425,256
NF,15,56,1,Fe-Olivine,5,425,256
NF,15,57,1,Fe-Olivine,5,425,256
NF,15,94,8,Prehnite,14,425,256
NF,15,95,8,Prehnite,14,425,256
NF,15,96,8,Prehnite,14,425,256
NF,15,97,8,Prehnite,14,425,256
NF,15,98,8,Prehnite,14,425,256
NF,15,99,8,Prehnite,14,425,256
NF,15,100,8,Prehnite,14,425,256
NF,15,101,8,Prehnite,14,425,256
NF,15,102,8,Prehnite,14,425,256
NF,15,103,8,Prehnite,14,425,256
NF,15,104,8,Prehnite,14,425,256
NF,15,182,1,Fe-Olivine,5,425,256
NF,15,285,4,Bassanite,2,425,256
NF,15,286,4,Bassanite,2,425,256
NF,15,287,4,Bassanite,2,425,256
NF,15,288,4,Bassanite,2,425,256
NF,15,289,4,Bassanite,2,425,256
NF,15,589,7,Plagioclase,13,425,256
NF,15,590,7,Plagioclase,13,425,256
NF,15,591,7,Plagioclase,13,425,256
NF,15,592,7,Plagioclase,13,425,256
NF,16,35,1,Fe-Olivine,5,425,256
NF,16,36,1,Fe-Olivine,5,425,256
NF,16,37,1,Fe-Olivine,5,425,256
NF,16,38,1,Fe-Olivine,5,425,256
NF,16,39,1,Fe-Olivine,5,425,256
NF,16,40,1,Fe-Olivine,5,425,256
NF,16,41,1,Fe-Olivine,5,425,256
NF,16,42,1,Fe-Olivine,5,425,256
NF,16,43,1,Fe-Olivine,5,425,256
NF,16,44,1,Fe-Olivine,5,425,256
NF,16,45,1,Fe-Olivine,5,425,256
NF,16,46,1,Fe-Olivine,5,425,256
NF,16,47,1,Fe-Olivine,5,425,256
NF,16,48,1,Fe-Olivine,5,425,256
NF,16,49,1,Fe-Olivine,5,425,256
NF,16,50,1,Fe-Olivine,5,425,256
NF,16,51,1,Fe-Olivine,5,425,256
NF,16,52,1,Fe-Olivine,5,425,256
NF,16,53,1,Fe-Olivine,5,425,256
NF,16,54,1,Fe-Olivine,5,425,256
NF,16,55,1,Fe-Olivine,5,425,256
NF,16,56,1,Fe-Olivine,5,425,256
NF,16,57,1,Fe-Olivine,5,425,256
NF,16,58,1,Fe-Olivine,5,425,256
NF,16,95,8,Prehnite,14,425,256
NF,16,96,8,Prehnite,14,425,256
NF,16,97,8,Prehnite,14,425,256
NF,16,98,8,Prehnite,14,425,256
NF,16,99,8,Prehnite,14,425,256
NF,16,100,8,Prehnite,14,425,256
NF,16,101,8,Prehnite,14,425,256
NF,16,102,8,Prehnite,14,425,256
NF,16,103,8,Prehnite,14,425,256
NF,16,284,4,Bassanite,2,425,256
NF,16,285,4,Bassanite,2,425,256
NF,16,286,4,Bassanite,2,425,256
NF,16,287,4,Bassanite,2,425,256
NF,16,288,4,Bassanite,2,425,256
NF,16,289,4,Bassanite,2,425,256
NF,16,290,4,Bassanite,2,425,256
NF,16,291,4,Bassanite,2,425,256
NF,16,292,4,Bassanite,2,425,256
NF,16,293,4,Bassanite,2,425,256
NF,16,294,4,Bassanite,2,425,256
NF,16,295,4,Bassanite,2,425,256
NF,16,296,4,Bassanite,2,425,256
NF,16,297,4,Bassanite,2,425,256
NF,16,298,4,Bassanite,2,425,256
NF,16,588,7,Plagioclase,13,425,256
NF,16,589,7,Plagioclase,13,425,256
NF,16,590,7,Plagioclase,13,425,256
NF,16,591,7,Plagioclase,13,425,256
NF,16,592,7,Plagioclase,13,425,256
NF,17,35,1,Fe-Olivine,5,425,256
NF,17,36,1,Fe-Olivine,5,425,256
NF,17,37,1,Fe-Olivine,5,425,256
NF,17,38,1,Fe-Olivine,5,425,256
NF,17,39,1,Fe-Olivine,5,425,256
NF,17,40,1,Fe-Olivine,5,425,256
NF,17,41,1,Fe-Olivine,5,425,256
NF,17,42,1,Fe-Olivine,5,425,256
NF,17,43,1,Fe-Olivine,5,425,256
NF,17,44,1,Fe-Olivine,5,425,256
NF,17,45,1,Fe-Olivine,5,425,256
NF,17,46,1,Fe-Olivine,5,425,256
NF,17,47,1,Fe-Olivine,5,425,256
NF,17,48,1,Fe-Olivine,5,425,256
NF,17,49,1,Fe-Olivine,5,425,256
NF,17,50,1,Fe-Olivine,5,425,256
NF,17,51,1,Fe-Olivine,5,425,256
NF,17,52,1,Fe-Olivine,5,425,256
NF,17,53,1,Fe-Olivine,5,425,256
NF,17,54,1,Fe-Olivine,5,425,256
NF,17,55,1,Fe-Olivine,5,425,256
NF,17,56,1,Fe-Olivine,5,425,256
NF,17,57,1,Fe-Olivine,5,425,256
NF,17,58,1,Fe-Olivine,5,425,256
NF,17,98,8,Prehnite,14,425,256
NF,17,99,8,Prehnite,14,425,256
NF,17,100,8,Prehnite,14,425,256
NF,17,101,8,Prehnite,14,425,256
NF,17,102,8,Prehnite,14,425,256
NF,17,103,8,Prehnite,14,425,256
NF,17,284,4,Bassanite,2,425,256
NF,17,285,4,Bassanite,2,425,256
NF,17,286,4,Bassanite,2,425,256
NF,17,287,4,Bassanite,2,425,256
NF,17,288,4,Bassanite,2,425,256
NF,17,289,4,Bassanite,2,425,256
NF,17,290,4,Bassanite,2,425,256
NF,17,291,4,Bassanite,2,425,256
NF,17,292,4,Bassanite,2,425,256
NF,17,293,4,Bassanite,2,425,256
NF,17,294,4,Bassanite,2,425,256
NF,17,295,4,Bassanite,2,425,256
NF,17,296,4,Bassanite,2,425,256
NF,17,297,4,Bassanite,2,425,256
NF,17,298,4,Bassanite,2,425,256
NF,17,587,7,Plagioclase,13,425,256
NF,17,588,7,Plagioclase,13,425,256
NF,17,589,7,Plagioclase,13,425,256
NF,17,590,7,Plagioclase,13,425,256
NF,17,591,7,Plagioclase,13,425,256
NF,17,592,7,Plagioclase,13,425,256
NF,18,33,1,Fe-Olivine,5,425,256
NF,18,34,1,Fe-Olivine,5,425,256
NF,18,35,1,Fe-Olivine,5,425,256
NF,18,36,1,Fe-Olivine,5,425,256
NF,18,37,1,Fe-Olivine,5,425,256
NF,18,38,1,Fe-Olivine,5,425,256
NF,18,39,1,Fe-Olivine,5,425,256
NF,18,40,1,Fe-Olivine,5,425,256
NF,18,41,1,Fe-Olivine,5,425,256
NF,18,42,1,Fe-Olivine,5,425,256
NF,18,43,1,Fe-Olivine,5,425,256
NF,18,44,1,Fe-Olivine,5,425,256
NF,18,45,1,Fe-Olivine,5,425,256
NF,18,46,1,Fe-Olivine,5,425,256
NF,18,47,1,Fe-Olivine,5,425,256
NF,18,48,1,Fe-Olivine,5,425,256
NF,18,49,1,Fe-Olivine,5,425,256
NF,18,50,1,Fe-Olivine,5,425,256
NF,18,51,1,Fe-Olivine,5,425,256
NF,18,52,1,Fe-Olivine,5,425,256
NF,18,53,1,Fe-Olivine,5,425,256
NF,18,54,1,Fe-Olivine,5,425,256
NF,18,55,1,Fe-Olivine,5,425,256
NF,18,56,1,Fe-Olivine,5,425,256
NF,18,57,1,Fe-Olivine,5,425,256
NF,18,58,1,Fe-Olivine,5,425,256
NF,18,100,8,Prehnite,14,425,256
NF,18,101,8,Prehnite,14,425,256
NF,18,102,8,Prehnite,14,425,256
NF,18,103,8,Prehnite,14,425,256
NF,18,106,7,Plagioclase,13,425,256
NF,18,107,7,Plagioclase,13,425,256
NF,18,108,7,Plagioclase,13,425,256
NF,18,109,7,Plagioclase,13,425,256
NF,18,283,4,Bassanite,2,425,256
NF,18,284,4,Bassanite,2,425,256
NF,18,285,4,Bassanite,2,425,256
NF,18,286,4,Bassanite,2,425,256
NF,18,287,4,Bassanite,2,425,256
NF,18,288,4,Bassanite,2,425,256
NF,18,289,4,Bassanite,2,425,256
NF,18,290,4,Bassanite,2,425,256
NF,18,291,4,Bassanite,2,425,256
NF,18,292,4,Bassanite,2,425,256
NF,18,293,4,Bassanite,2,425,256
NF,18,294,4,Bassanite,2,425,256
NF,18,295,4,Bassanite,2,425,256
NF,18,296,4,Bassanite,2,425,256
NF,18,297,4,Bassanite,2,425,256
NF,18,298,4,Bassanite,2,425,256
NF,18,587,7,Plagioclase,13,425,256
NF,18,588,7,Plagioclase,13,425,256
NF,18,589,7,Plagioclase,13,425,256
NF,18,590,7,Plagioclase,13,425,256
NF,18,591,7,Plagioclase,13,425,256
NF,18,592,7,Plagioclase,13,425,256
NF,19,32,1,Fe-Olivine,5,425,256
NF,19,33,1,Fe-Olivine,5,425,256
NF,19,34,1,Fe-Olivine,5,425,256
NF,19,35,1,Fe-Olivine,5,425,256
NF,19,36,1,Fe-Olivine,5,425,256
NF,19,37,1,Fe-Olivine,5,425,256
NF,19,38,1,Fe-Olivine,5,425,256
NF,19,39,1,Fe-Olivine,5,425,256
NF,19,40,1,Fe-Olivine,5,425,256
NF,19,41,1,Fe-Olivine,5,425,256
NF,19,42,1,Fe-Olivine,5,425,256
NF,19,43,1,Fe-Olivine,5,425,256
NF,19,44,1,Fe-Olivine,5,425,256
NF,19,45,1,Fe-Olivine,5,425,256
NF,19,46,1,Fe-Olivine,5,425,256
NF,19,47,1,Fe-Olivine,5,425,256
NF,19,48,1,Fe-Olivine,5,425,256
NF,19,49,1,Fe-Olivine,5,425,256
NF,19,50,1,Fe-Olivine,5,425,256
NF,19,51,1,Fe-Olivine,5,425,256
NF,19,52,1,Fe-Olivine,5,425,256
NF,19,53,1,Fe-Olivine,5,425,256
NF,19,54,1,Fe-Olivine,5,425,256
NF,19,55,1,Fe-Olivine,5,425,256
NF,19,56,1,Fe-Olivine,5,425,256
NF,19,57,1,Fe-Olivine,5,425,256
NF,19,58,1,Fe-Olivine,5,425,256
NF,19,59,1,Fe-Olivine,5,425,256
NF,19,100,8,Prehnite,14,425,256
NF,19,101,8,Prehnite,14,425,256
NF,19,102,8,Prehnite,14,425,256
NF,19,106,7,Plagioclase,13,425,256
NF,19,107,7,Plagioclase,13,425,256
NF,19,108,7,Plagioclase,13,425,256
NF,19,109,7,Plagioclase,13,425,256
NF,19,110,7,Plagioclase,13,425,256
NF,19,127,7,Plagioclase,13,425,256
NF,19,128,7,Plagioclase,13,425,256
NF,19,129,7,Plagioclase,13,425,256
NF,19,283,4,Bassanite,2,425,256
NF,19,284,4,Bassanite,2,425,256
NF,19,285,4,Bassanite,2,425,256
NF,19,286,4,Bassanite,2,425,256
NF,19,287,4,Bassanite,2,425,256
NF,19,288,4,Bassanite,2,425,256
NF,19,289,4,Bassanite,2,425,256
NF,19,290,4,Bassanite,2,425,256
NF,19,291,4,Bassanite,2,425,256
NF,19,292,4,Bassanite,2,425,256
NF,19,293,4,Bassanite,2,425,256
NF,19,294,4,Bassanite,2,425,256
NF,19,295,4,Bassanite,2,425,256
NF,19,296,4,Bassanite,2,425,256
NF,19,297,4,Bassanite,2,425,256
NF,19,298,4,Bassanite,2,425,256
NF,19,587,7,Plagioclase,13,425,256
NF,19,588,7,Plagioclase,13,425,256
NF,19,589,7,Plagioclase,13,425,256
NF,19,590,7,Plagioclase,13,425,256
NF,19,591,7,Plagioclase,13,425,256
NF,19,592,7,Plagioclase,13,425,256
NF,20,30,1,Fe-Olivine,5,425,256
NF,20,31,1,Fe-Olivine,5,425,256
NF,20,32,1,Fe-Olivine,5,425,256
NF,20,33,1,Fe-Olivine,5,425,256
NF,20,34,1,Fe-Olivine,5,425,256
NF,20,35,1,Fe-Olivine,5,425,256
NF,20,36,1,Fe-Olivine,5,425,256
NF,20,37,1,Fe-Olivine,5,425,256
NF,20,38,1,Fe-Olivine,5,425,256
NF,20,39,1,Fe-Olivine,5,425,256
NF,20,40,1,Fe-Olivine,5,425,256
NF,20,41,1,Fe-Olivine,5,425,256
NF,20,42,1,Fe-Olivine,5,425,256
NF,20,43,1,Fe-Olivine,5,425,256
NF,20,44,1,Fe-Olivine,5,425,256
NF,20,45,1,Fe-Olivine,5,425,256
NF,20,46,1,Fe-Olivine,5,425,256
NF,20,47,1,Fe-Olivine,5,425,256
NF,20,48,1,Fe-Olivine,5,425,256
NF,20,49,1,Fe-Olivine,5,425,256
NF,20,50,1,Fe-Olivine,5,425,256
NF,20,51,1,Fe-Olivine,5,425,256
NF,20,52,1,Fe-Olivine,5,425,256
NF,20,53,1,Fe-Olivine,5,425,256
NF,20,54,1,Fe-Olivine,5,425,256
NF,20,55,1,Fe-Olivine,5,425,256
NF,20,56,1,Fe-Olivine,5,425,256
NF,20,57,1,Fe-Olivine,5,425,256
NF,20,58,1,Fe-Olivine,5,425,256
NF,20,59,1,Fe-Olivine,5,425,256
NF,20,60,1,Fe-Olivine,5,425,256
NF,20,61,1,Fe-Olivine,5,425,256
NF,20,106,7,Plagioclase,13,425,256
NF,20,107,7,Plagioclase,13,425,256
NF,20,108,7,Plagioclase,13,425,256
NF,20,109,7,Plagioclase,13,425,256
NF,20,110,7,Plagioclase,13,425,256
NF,20,126,7,Plagioclase,13,425,256
NF,20,127,7,Plagioclase,13,425,256
NF,20,128,7,Plagioclase,13,425,256
NF,20,129,7,Plagioclase,13,425,256
NF,20,132,7,Plagioclase,13,425,256
NF,20,133,7,Plagioclase,13,425,256
NF,20,134,7,Plagioclase,13,425,256
NF,20,282,4,Bassanite,2,425,256
NF,20,283,4,Bassanite,2,425,256
NF,20,284,4,Bassanite,2,425,256
NF,20,285,4,Bassanite,2,425,256
NF,20,286,4,Bassanite,2,425,256
NF,20,287,4,Bassanite,2,425,256
NF,20,288,4,Bassanite,2,425,256
NF,20,289,4,Bassanite,2,425,256
NF,20,290,4,Bassanite,2,425,256
NF,20,291,4,Bassanite,2,425,256
NF,20,292,4,Bassanite,2,425,256
NF,20,293,4,Bassanite,2,425,256
NF,20,294,4,Bassanite,2,425,256
NF,20,295,4,Bassanite,2,425,256
NF,20,296,4,Bassanite,2,425,256
NF,20,297,4,Bassanite,2,425,256
NF,20,298,4,Bassanite,2,425,256
NF,20,587,7,Plagioclase,13,425,256
NF,20,588,7,Plagioclase,13,425,256
NF,20,589,7,Plagioclase,13,425,256
NF,20,590,7,Plagioclase,13,425,256
NF,20,591,7,Plagioclase,13,425,256
NF,20,592,7,Plagioclase,13,425,256
NF,21,27,1,Fe-Olivine,5,425,256
NF,21,28,1,Fe-Olivine,5,425,256
NF,21,29,1,Fe-Olivine,5,425,256
NF,21,30,1,Fe-Olivine,5,425,256
NF,21,31,1,Fe-Olivine,5,425,256
NF,21,32,1,Fe-Olivine,5,425,256
NF,21,33,1,Fe-Olivine,5,425,256
NF,21,34,1,Fe-Olivine,5,425,256
NF,21,35,1,Fe-Olivine,5,425,256
NF,21,36,1,Fe-Olivine,5,425,256
NF,21,37,1,Fe-Olivine,5,425,256
NF,21,38,1,Fe-Olivine,5,425,256
NF,21,39,1,Fe-Olivine,5,425,256
NF,21,40,1,Fe-Olivine,5,425,256
NF,21,41,1,Fe-Olivine,5,425,256
NF,21,42,1,Fe-Olivine,5,425,256
NF,21,43,1,Fe-Olivine,5,425,256
NF,21,44,1,Fe-Olivine,5,425,256
NF,21,45,1,Fe-Olivine,5,425,256
NF,21,46,1,Fe-Olivine,5,425,256
NF,21,47,1,Fe-Olivine,5,425,256
NF,21,48,1,Fe-Olivine,5,425,256
NF,21,49,1,Fe-Olivine,5,425,256
NF,21,50,1,Fe-Olivine,5,425,256
NF,21,51,1,Fe-Olivine,5,425,256
NF,21,52,1,Fe-Olivine,5,425,256
NF,21,53,1,Fe-Olivine,5,425,256
NF,21,54,1,Fe-Olivine,5,425,256
NF,21,55,1,Fe-Olivine,5,425,256
NF,21,56,1,Fe-Olivine,5,425,256
NF,21,57,1,Fe-Olivine,5,425,256
NF,21,58,1,Fe-Olivine,5,425,256
NF,21,59,1,Fe-Olivine,5,425,256
NF,21,60,1,Fe-Olivine,5,425,256
NF,21,61,1,Fe-Olivine,5,425,256
NF,21,62,1,Fe-Olivine,5,425,256
NF,21,85,9,Serpentine,15,425,256
NF,21,86,9,Serpentine,15,425,256
NF,21,87,9,Serpentine,15,425,256
NF,21,107,7,Plagioclase,13,425,256
NF,21,108,7,Plagioclase,13,425,256
NF,21,109,7,Plagioclase,13,425,256
NF,21,110,7,Plagioclase,13,425,256
NF,21,126,7,Plagioclase,13,425,256
NF,21,127,7,Plagioclase,13,425,256
NF,21,128,7,Plagioclase,13,425,256
NF,21,129,7,Plagioclase,13,425,256
NF,21,132,7,Plagioclase,13,425,256
NF,21,133,7,Plagioclase,13,425,256
NF,21,134,7,Plagioclase,13,425,256
NF,21,282,4,Bassanite,2,425,256
NF,21,283,4,Bassanite,2,425,256
NF,21,284,4,Bassanite,2,425,256
NF,21,285,4,Bassanite,2,425,256
NF,21,286,4,Bassanite,2,425,256
NF,21,287,4,Bassanite,2,425,256
NF,21,288,4,Bassanite,2,425,256
NF,21,289,4,Bassanite,2,425,256
NF,21,290,4,Bassanite,2,425,256
NF,21,291,4,Bassanite,2,425,256
NF,21,292,4,Bassanite,2,425,256
NF,21,293,4,Bassanite,2,425,256
NF,21,294,4,Bassanite,2,425,256
NF,21,295,4,Bassanite,2,425,256
NF,21,296,4,Bassanite,2,425,256
NF,21,297,4,Bassanite,2,425,256
NF,21,298,4,Bassanite,2,425,256
NF,21,577,5,Illite/Muscovite,7,425,256
NF,21,578,5,Illite/Muscovite,7,425,256
NF,21,587,7,Plagioclase,13,425,256
NF,21,588,7,Plagioclase,13,425,256
NF,21,589,7,Plagioclase,13,425,256
NF,21,590,7,Plagioclase,13,425,256
NF,21,591,7,Plagioclase,13,425,256
NF,21,592,7,Plagioclase,13,425,256
NF,22,26,1,Fe-Olivine,5,425,256
NF,22,27,1,Fe-Olivine,5,425,256
NF,22,28,1,Fe-Olivine,5,425,256
NF,22,29,1,Fe-Olivine,5,425,256
NF,22,30,1,Fe-Olivine,5,425,256
NF,22,31,1,Fe-Olivine,5,425,256
NF,22,32,1,Fe-Olivine,5,425,256
NF,22,33,1,Fe-Olivine,5,425,256
NF,22,34,1,Fe-Olivine,5,425,256
NF,22,35,1,Fe-Olivine,5,425,256
NF,22,36,1,Fe-Olivine,5,425,256
NF,22,37,1,Fe-Olivine,5,425,256
NF,22,38,1,Fe-Olivine,5,425,256
NF,22,39,1,Fe-Olivine,5,425,256
NF,22,40,1,Fe-Olivine,5,425,256
NF,22,41,1,Fe-Olivine,5,425,256
NF,22,42,1,Fe-Olivine,5,425,256
NF,22,43,1,Fe-Olivine,5,425,256
NF,22,44,1,Fe-Olivine,5,425,256
NF,22,45,1,Fe-Olivine,5,425,256
NF,22,46,1,Fe-Olivine,5,425,256
NF,22,47,1,Fe-Olivine,5,425,256
NF,22,48,1,Fe-Olivine,5,425,256
NF,22,49,1,Fe-Olivine,5,425,256
NF,22,50,1,Fe-Olivine,5,425,256
NF,22,51,1,Fe-Olivine,5,425,256
NF,22,52,1,Fe-Olivine,5,425,256
NF,22,53,1,Fe-Olivine,5,425,256
NF,22,54,1,Fe-Olivine,5,425,256
NF,22,55,1,Fe-Olivine,5,425,256
NF,22,56,1,Fe-Olivine,5,425,256
NF,22,57,1,Fe-Olivine,5,425,256
NF,22,58,1,Fe-Olivine,5,425,256
NF,22,59,1,Fe-Olivine,5,425,256
NF,22,60,1,Fe-Olivine,5,425,256
NF,22,61,1,Fe-Olivine,5,425,256
NF,22,62,1,Fe-Olivine,5,425,256
NF,22,85,9,Serpentine,15,425,256
NF,22,86,9,Serpentine,15,425,256
NF,22,87,9,Serpentine,15,425,256
NF,22,88,9,Serpentine,15,425,256
NF,22,127,7,Plagioclase,13,425,256
NF,22,128,7,Plagioclase,13,425,256
NF,22,132,7,Plagioclase,13,425,256
NF,22,133,7,Plagioclase,13,425,256
NF,22,134,7,Plagioclase,13,425,256
NF,22,282,4,Bassanite,2,425,256
NF,22,283,4,Bassanite,2,425,256
NF,22,284,4,Bassanite,2,425,256
NF,22,285,4,Bassanite,2,425,256
NF,22,286,4,Bassanite,2,425,256
NF,22,287,4,Bassanite,2,425,256
NF,22,288,4,Bassanite,2,425,256
NF,22,289,4,Bassanite,2,425,256
NF,22,290,4,Bassanite,2,425,256
NF,22,291,4,Bassanite,2,425,256
NF,22,292,4,Bassanite,2,425,256
NF,22,293,4,Bassanite,2,425,256
NF,22,294,4,Bassanite,2,425,256
NF,22,295,4,Bassanite,2,425,256
NF,22,296,4,Bassanite,2,425,256
NF,22,297,4,Bassanite,2,425,256
NF,22,298,4,Bassanite,2,425,256
NF,22,577,5,Illite/Muscovite,7,425,256
NF,22,578,5,Illite/Muscovite,7,425,256
NF,22,587,7,Plagioclase,13,425,256
NF,22,588,7,Plagioclase,13,425,256
NF,22,589,7,Plagioclase,13,425,256
NF,22,590,7,Plagioclase,13,425,256
NF,22,591,7,Plagioclase,13,425,256
NF,22,592,7,Plagioclase,13,425,256
NF,23,26,1,Fe-Olivine,5,425,256
NF,23,27,1,Fe-Olivine,5,425,256
NF,23,28,1,Fe-Olivine,5,425,256
NF,23,29,1,Fe-Olivine,5,425,256
NF,23,30,1,Fe-Olivine,5,425,256
NF,23,31,1,Fe-Olivine,5,425,256
NF,23,32,1,Fe-Olivine,5,425,256
NF,23,33,1,Fe-Olivine,5,425,256
NF,23,34,1,Fe-Olivine,5,425,256
NF,23,35,1,Fe-Olivine,5,425,256
NF,23,36,1,Fe-Olivine,5,425,256
NF,23,37,1,Fe-Olivine,5,425,256
NF,23,38,1,Fe-Olivine,5,425,256
NF,23,39,1,Fe-Olivine,5,425,256
NF,23,40,1,Fe-Olivine,5,425,256
NF,23,41,1,Fe-Olivine,5,425,256
NF,23,42,1,Fe-Olivine,5,425,256
NF,23,43,1,Fe-Olivine,5,425,256
NF,23,44,1,Fe-Olivine,5,425,256
NF,23,45,1,Fe-Olivine,5,425,256
NF,23,46,1,Fe-Olivine,5,425,256
NF,23,47,1,Fe-Olivine,5,425,256
NF,23,48,1,Fe-Olivine,5,425,256
NF,23,49,1,Fe-Olivine,5,425,256
NF,23,50,1,Fe-Olivine,5,425,256
NF,23,51,1,Fe-Olivine,5,425,256
NF,23,52,1,Fe-Olivine,5,425,256
NF,23,53,1,Fe-Olivine,5,425,256
NF,23,54,1,Fe-Olivine,5,425,256
NF,23,55,1,Fe-Olivine,5,425,256
NF,23,56,1,Fe-Olivine,5,425,256
NF,23,57,1,Fe-Olivine,5,425,256
NF,23,58,1,Fe-Olivine,5,425,256
NF,23,59,1,Fe-Olivine,5,425,256
NF,23,60,1,Fe-Olivine,5,425,256
NF,23,61,1,Fe-Olivine,5,425,256
NF,23,62,1,Fe-Olivine,5,425,256
NF,23,63,1,Fe-Olivine,5,425,256
NF,23,85,9,Serpentine,15,425,256
NF,23,86,9,Serpentine,15,425,256
NF,23,87,9,Serpentine,15,425,256
NF,23,88,9,Serpentine,15,425,256
NF,23,89,9,Serpentine,15,425,256
NF,23,90,9,Serpentine,15,425,256
NF,23,91,9,Serpentine,15,425,256
NF,23,92,9,Serpentine,15,425,256
NF,23,156,7,Plagioclase,13,425,256
NF,23,157,7,Plagioclase,13,425,256
NF,23,158,7,Plagioclase,13,425,256
NF,23,159,7,Plagioclase,13,425,256
NF,23,160,7,Plagioclase,13,425,256
NF,23,161,7,Plagioclase,13,425,256
NF,23,162,7,Plagioclase,13,425,256
NF,23,163,7,Plagioclase,13,425,256
NF,23,282,4,Bassanite,2,425,256
NF,23,283,4,Bassanite,2,425,256
NF,23,284,4,Bassanite,2,425,256
NF,23,285,4,Bassanite,2,425,256
NF,23,286,4,Bassanite,2,425,256
NF,23,287,4,Bassanite,2,425,256
NF,23,288,4,Bassanite,2,425,256
NF,23,289,4,Bassanite,2,425,256
NF,23,290,4,Bassanite,2,425,256
NF,23,291,4,Bassanite,2,425,256
NF,23,292,4,Bassanite,2,425,256
NF,23,293,4,Bassanite,2,425,256
NF,23,294,4,Bassanite,2,425,256
NF,23,295,4,Bassanite,2,425,256
NF,23,296,4,Bassanite,2,425,256
NF,23,297,4,Bassanite,2,425,256
NF,23,298,4,Bassanite,2,425,256
NF,23,587,7,Plagioclase,13,425,256
NF,23,588,7,Plagioclase,13,425,256
NF,23,589,7,Plagioclase,13,425,256
NF,23,590,7,Plagioclase,13,425,256
NF,23,591,7,Plagioclase,13,425,256
NF,23,592,7,Plagioclase,13,425,256
NF,24,26,1,Fe-Olivine,5,425,256
NF,24,27,1,Fe-Olivine,5,425,256
NF,24,28,1,Fe-Olivine,5,425,256
NF,24,29,1,Fe-Olivine,5,425,256
NF,24,30,1,Fe-Olivine,5,425,256
NF,24,31,1,Fe-Olivine,5,425,256
NF,24,32,1,Fe-Olivine,5,425,256
NF,24,33,1,Fe-Olivine,5,425,256
NF,24,34,1,Fe-Olivine,5,425,256
NF,24,35,1,Fe-Olivine,5,425,256
NF,24,36,1,Fe-Olivine,5,425,256
NF,24,37,1,Fe-Olivine,5,425,256
NF,24,38,1,Fe-Olivine,5,425,256
NF,24,39,1,Fe-Olivine,5,425,256
NF,24,40,1,Fe-Olivine,5,425,256
NF,24,41,1,Fe-Olivine,5,425,256
NF,24,42,1,Fe-Olivine,5,425,256
NF,24,43,1,Fe-Olivine,5,425,256
NF,24,44,1,Fe-Olivine,5,425,256
NF,24,45,1,Fe-Olivine,5,425,256
NF,24,46,1,Fe-Olivine,5,425,256
NF,24,47,1,Fe-Olivine,5,425,256
NF,24,48,1,Fe-Olivine,5,425,256
NF,24,49,1,Fe-Olivine,5,425,256
NF,24,50,1,Fe-Olivine,5,425,256
NF,24,51,1,Fe-Olivine,5,425,256
NF,24,52,1,Fe-Olivine,5,425,256
NF,24,53,1,Fe-Olivine,5,425,256
NF,24,54,1,Fe-Olivine,5,425,256
NF,24,55,1,Fe-Olivine,5,425,256
NF,24,56,1,Fe-Olivine,5,425,256
NF,24,57,1,Fe-Olivine,5,425,256
NF,24,58,1,Fe-Olivine,5,425,256
NF,24,59,1,Fe-Olivine,5,425,256
NF,24,60,1,Fe-Olivine,5,425,256
NF,24,61,1,Fe-Olivine,5,425,256
NF,24,62,1,Fe-Olivine,5,425,256
NF,24,63,1,Fe-Olivine,5,425,256
NF,24,64,1,Fe-Olivine,5,425,256
NF,24,85,9,Serpentine,15,425,256
NF,24,86,9,Serpentine,15,425,256
NF,24,87,9,Serpentine,15,425,256
NF,24,88,9,Serpentine,15,425,256
NF,24,89,9,Serpentine,15,425,256
NF,24,90,9,Serpentine,15,425,256
NF,24,91,9,Serpentine,15,425,256
NF,24,92,9,Serpentine,15,425,256
NF,24,93,9,Serpentine,15,425,256
NF,24,94,9,Serpentine,15,425,256
NF,24,156,7,Plagioclase,13,425,256
NF,24,157,7,Plagioclase,13,425,256
NF,24,158,7,Plagioclase,13,425,256
NF,24,159,7,Plagioclase,13,425,256
NF,24,160,7,Plagioclase,13,425,256
NF,24,161,7,Plagioclase,13,425,256
NF,24,162,7,Plagioclase,13,425,256
NF,24,163,7,Plagioclase,13,425,256
NF,24,282,4,Bassanite,2,425,256
NF,24,283,4,Bassanite,2,425,256
NF,24,284,4,Bassanite,2,425,256
NF,24,285,4,Bassanite,2,425,256
NF,24,286,4,Bassanite,2,425,256
NF,24,287,4,Bassanite,2,425,256
NF,24,288,4,Bassanite,2,425,256
NF,24,289,4,Bassanite,2,425,256
NF,24,290,4,Bassanite,2,425,256
NF,24,291,4,Bassanite,2,425,256
NF,24,292,4,Bassanite,2,425,256
NF,24,293,4,Bassanite,2,425,256
NF,24,294,4,Bassanite,2,425,256
NF,24,295,4,Bassanite,2,425,256
NF,24,296,4,Bassanite,2,425,256
NF,24,297,4,Bassanite,2,425,256
NF,24,298,4,Bassanite,2,425,256
NF,24,572,7,Plagioclase,13,425,256
NF,24,573,7,Plagioclase,13,425,256
NF,24,574,7,Plagioclase,13,425,256
NF,24,575,7,Plagioclase,13,425,256
NF,24,576,7,Plagioclase,13,425,256
NF,24,588,7,Plagioclase,13,425,256
NF,24,589,7,Plagioclase,13,425,256
NF,24,590,7,Plagioclase,13,425,256
NF,24,591,7,Plagioclase,13,425,256
NF,24,592,7,Plagioclase,13,425,256
NF,25,25,1,Fe-Olivine,5,425,256
NF,25,26,1,Fe-Olivine,5,425,256
NF,25,27,1,Fe-Olivine,5,425,256
NF,25,28,1,Fe-Olivine,5,425,256
NF,25,29,1,Fe-Olivine,5,425,256
NF,25,30,1,Fe-Olivine,5,425,256
NF,25,31,1,Fe-Olivine,5,425,256
NF,25,32,1,Fe-Olivine,5,425,256
NF,25,33,1,Fe-Olivine,5,425,256
NF,25,34,1,Fe-Olivine,5,425,256
NF,25,35,1,Fe-Olivine,5,425,256
NF,25,36,1,Fe-Olivine,5,425,256
NF,25,37,1,Fe-Olivine,5,425,256
NF,25,38,1,Fe-Olivine,5,425,256
NF,25,39,1,Fe-Olivine,5,425,256
NF,25,40,1,Fe-Olivine,5,425,256
NF,25,41,1,Fe-Olivine,5,425,256
NF,25,42,1,Fe-Olivine,5,425,256
NF,25,43,1,Fe-Olivine,5,425,256
NF,25,44,1,Fe-Olivine,5,425,256
NF,25,45,1,Fe-Olivine,5,425,256
NF,25,46,1,Fe-Olivine,5,425,256
NF,25,47,1,Fe-Olivine,5,425,256
NF,25,48,1,Fe-Olivine,5,425,256
NF,25,49,1,Fe-Olivine,5,425,256
NF,25,50,1,Fe-Olivine,5,425,256
NF,25,51,1,Fe-Olivine,5,425,256
NF,25,52,1,Fe-Olivine,5,425,256
NF,25,53,1,Fe-Olivine,5,425,256
NF,25,54,1,Fe-Olivine,5,425,256
NF,25,55,1,Fe-Olivine,5,425,256
NF,25,56,1,Fe-Olivine,5,425,256
NF,25,57,1,Fe-Olivine,5,425,256
NF,25,58,1,Fe-Olivine,5,425,256
NF,25,59,1,Fe-Olivine,5,425,256
NF,25,60,1,Fe-Olivine,5,425,256
NF,25,61,1,Fe-Olivine,5,425,256
NF,25,62,1,Fe-Olivine,5,425,256
NF,25,63,1,Fe-Olivine,5,425,256
NF,25,64,1,Fe-Olivine,5,425,256
NF,25,65,1,Fe-Olivine,5,425,256
NF,25,66,1,Fe-Olivine,5,425,256
NF,25,67,1,Fe-Olivine,5,425,256
NF,25,68,1,Fe-Olivine,5,425,256
NF,25,69,1,Fe-Olivine,5,425,256
NF,25,70,1,Fe-Olivine,5,425,256
NF,25,88,9,Serpentine,15,425,256
NF,25,89,9,Serpentine,15,425,256
NF,25,90,9,Serpentine,15,425,256
NF,25,91,9,Serpentine,15,425,256
NF,25,92,9,Serpentine,15,425,256
NF,25,93,9,Serpentine,15,425,256
NF,25,94,9,Serpentine,15,425,256
NF,25,95,9,Serpentine,15,425,256
NF,25,96,9,Serpentine,15,425,256
NF,25,156,7,Plagioclase,13,425,256
NF,25,157,7,Plagioclase,13,425,256
NF,25,158,7,Plagioclase,13,425,256
NF,25,159,7,Plagioclase,13,425,256
NF,25,160,7,Plagioclase,13,425,256
NF,25,161,7,Plagioclase,13,425,256
NF,25,162,7,Plagioclase,13,425,256
NF,25,163,7,Plagioclase,13,425,256
NF,25,172,7,Plagioclase,13,425,256
NF,25,173,7,Plagioclase,13,425,256
NF,25,174,7,Plagioclase,13,425,256
NF,25,175,7,Plagioclase,13,425,256
NF,25,176,7,Plagioclase,13,425,256
NF,25,283,4,Bassanite,2,425,256
NF,25,284,4,Bassanite,2,425,256
NF,25,285,4,Bassanite,2,425,256
NF,25,286,4,Bassanite,2,425,256
NF,25,287,4,Bassanite,2,425,256
NF,25,288,4,Bassanite,2,425,256
NF,25,289,4,Bassanite,2,425,256
NF,25,290,4,Bassanite,2,425,256
NF,25,291,4,Bassanite,2,425,256
NF,25,292,4,Bassanite,2,425,256
NF,25,293,4,Bassanite,2,425,256
NF,25,294,4,Bassanite,2,425,256
NF,25,295,4,Bassanite,2,425,256
NF,25,296,4,Bassanite,2,425,256
NF,25,297,4,Bassanite,2,425,256
NF,25,572,7,Plagioclase,13,425,256
NF,25,573,7,Plagioclase,13,425,256
NF,25,574,7,Plagioclase,13,425,256
NF,25,575,7,Plagioclase,13,425,256
NF,25,576,7,Plagioclase,13,425,256
NF,25,589,7,Plagioclase,13,425,256
NF,25,590,7,Plagioclase,13,425,256
NF,25,591,7,Plagioclase,13,425,256
NF,25,592,7,Plagioclase,13,425,256
NF,26,25,1,Fe-Olivine,5,425,256
NF,26,26,1,Fe-Olivine,5,425,256
NF,26,27,1,Fe-Olivine,5,425,256
NF,26,28,1,Fe-Olivine,5,425,256
NF,26,29,1,Fe-Olivine,5,425,256
NF,26,30,1,Fe-Olivine,5,425,256
NF,26,31,1,Fe-Olivine,5,425,256
NF,26,32,1,Fe-Olivine,5,425,256
NF,26,33,1,Fe-Olivine,5,425,256
NF,26,34,1,Fe-Olivine,5,425,256
NF,26,35,1,Fe-Olivine,5,425,256
NF,26,36,1,Fe-Olivine,5,425,256
NF,26,37,1,Fe-Olivine,5,425,256
NF,26,38,1,Fe-Olivine,5,425,256
NF,26,39,1,Fe-Olivine,5,425,256
NF,26,40,1,Fe-Olivine,5,425,256
NF,26,41,1,Fe-Olivine,5,425,256
NF,26,42,1,Fe-Olivine,5,425,256
NF,26,43,1,Fe-Olivine,5,425,256
NF,26,44,1,Fe-Olivine,5,425,256
NF,26,45,1,Fe-Olivine,5,425,256
NF,26,46,1,Fe-Olivine,5,425,256
NF,26,47,1,Fe-Olivine,5,425,256
NF,26,48,1,Fe-Olivine,5,425,256
NF,26,49,1,Fe-Olivine,5,425,256
NF,26,50,1,Fe-Olivine,5,425,256
NF,26,51,1,Fe-Olivine,5,425,256
NF,26,52,1,Fe-Olivine,5,425,256
NF,26,53,1,Fe-Olivine,5,425,256
NF,26,54,1,Fe-Olivine,5,425,256
NF,26,55,1,Fe-Olivine,5,425,256
NF,26,56,1,Fe-Olivine,5,425,256
NF,26,57,1,Fe-Olivine,5,425,256
NF,26,58,1,Fe-Olivine,5,425,256
NF,26,59,1,Fe-Olivine,5,425,256
NF,26,60,1,Fe-Olivine,5,425,256
NF,26,61,1,Fe-Olivine,5,425,256
NF,26,62,1,Fe-Olivine,5,425,256
NF,26,63,1,Fe-Olivine,5,425,256
NF,26,64,1,Fe-Olivine,5,425,256
NF,26,65,1,Fe-Olivine,5,425,256
NF,26,66,1,Fe-Olivine,5,425,256
NF,26,67,1,Fe-Olivine,5,425,256
NF,26,68,1,Fe-Olivine,5,425,256
NF,26,69,1,Fe-Olivine,5,425,256
NF,26,70,1,Fe-Olivine,5,425,256
NF,26,71,1,Fe-Olivine,5,425,256
NF,26,72,1,Fe-Olivine,5,425,256
NF,26,91,9,Serpentine,15,425,256
NF,26,92,9,Serpentine,15,425,256
NF,26,93,9,Serpentine,15,425,256
NF,26,94,9,Serpentine,15,425,256
NF,26,95,9,Serpentine,15,425,256
NF,26,96,9,Serpentine,15,425,256
NF,26,171,7,Plagioclase,13,425,256
NF,26,172,7,Plagioclase,13,425,256
NF,26,173,7,Plagioclase,13,425,256
NF,26,174,7,Plagioclase,13,425,256
NF,26,175,7,Plagioclase,13,425,256
NF,26,176,7,Plagioclase,13,425,256
NF,26,177,7,Plagioclase,13,425,256
NF,26,284,4,Bassanite,2,425,256
NF,26,285,4,Bassanite,2,425,256
NF,26,286,4,Bassanite,2,425,256
NF,26,287,4,Bassanite,2,425,256
NF,26,288,4,Bassanite,2,425,256
NF,26,289,4,Bassanite,2,425,256
NF,26,290,4,Bassanite,2,425,256
NF,26,291,4,Bassanite,2,425,256
NF,26,292,4,Bassanite,2,425,256
NF,26,293,4,Bassanite,2,425,256
NF,26,294,4,Bassanite,2,425,256
NF,26,295,4,Bassanite,2,425,256
NF,26,296,4,Bassanite,2,425,256
NF,26,572,7,Plagioclase,13,425,256
NF,26,573,7,Plagioclase,13,425,256
NF,26,574,7,Plagioclase,13,425,256
NF,26,575,7,Plagioclase,13,425,256
NF,26,576,7,Plagioclase,13,425,256
NF,26,581,5,Illite/Muscovite,7,425,256
NF,26,582,5,Illite/Muscovite,7,425,256
NF,26,583,5,Illite/Muscovite,7,425,256
NF,26,590,7,Plagioclase,13,425,256
NF,26,591,7,Plagioclase,13,425,256
NF,26,592,7,Plagioclase,13,425,256
NF,27,25,1,Fe-Olivine,5,425,256
NF,27,26,1,Fe-Olivine,5,425,256
NF,27,27,1,Fe-Olivine,5,425,256
NF,27,28,1,Fe-Olivine,5,425,256
NF,27,29,1,Fe-Olivine,5,425,256
NF,27,30,1,Fe-Olivine,5,425,256
NF,27,31,1,Fe-Olivine,5,425,256
NF,27,32,1,Fe-Olivine,5,425,256
NF,27,33,1,Fe-Olivine,5,425,256
NF,27,34,1,Fe-Olivine,5,425,256
NF,27,35,1,Fe-Olivine,5,425,256
NF,27,36,1,Fe-Olivine,5,425,256
NF,27,37,1,Fe-Olivine,5,425,256
NF,27,38,1,Fe-Olivine,5,425,256
NF,27,39,1,Fe-Olivine,5,425,256
NF,27,40,1,Fe-Olivine,5,425,256
NF,27,41,1,Fe-Olivine,5,425,256
NF,27,42,1,Fe-Olivine,5,425,256
NF,27,43,1,Fe-Olivine,5,425,256
NF,27,44,1,Fe-Olivine,5,425,256
NF,27,45,1,Fe-Olivine,5,425,256
NF,27,46,1,Fe-Olivine,5,425,256
NF,27,47,1,Fe-Olivine,5,425,256
NF,27,48,1,Fe-Olivine,5,425,256
NF,27,49,1,Fe-Olivine,5,425,256
NF,27,50,1,Fe-Olivine,5,425,256
NF,27,51,1,Fe-Olivine,5,425,256
NF,27,52,1,Fe-Olivine,5,425,256
NF,27,53,1,Fe-Olivine,5,425,256
NF,27,54,1,Fe-Olivine,5,425,256
NF,27,55,1,Fe-Olivine,5,425,256
NF,27,56,1,Fe-Olivine,5,425,256
NF,27,57,1,Fe-Olivine,5,425,256
NF,27,58,1,Fe-Olivine,5,425,256
NF,27,59,1,Fe-Olivine,5,425,256
NF,27,60,1,Fe-Olivine,5,425,256
NF,27,61,1,Fe-Olivine,5,425,256
NF,27,62,1,Fe-Olivine,5,425,256
NF,27,63,1,Fe-Olivine,5,425,256
NF,27,64,1,Fe-Olivine,5,425,256
NF,27,65,1,Fe-Olivine,5,425,256
NF,27,66,1,Fe-Olivine,5,425,256
NF,27,67,1,Fe-Olivine,5,425,256
NF,27,68,1,Fe-Olivine,5,425,256
NF,27,69,1,Fe-Olivine,5,425,256
NF,27,70,1,Fe-Olivine,5,425,256
NF,27,71,1,Fe-Olivine,5,425,256
NF,27,72,1,Fe-Olivine,5,425,256
NF,27,73,1,Fe-Olivine,5,425,256
NF,27,171,7,Plagioclase,13,425,256
NF,27,172,7,Plagioclase,13,425,256
NF,27,173,7,Plagioclase,13,425,256
NF,27,174,7,Plagioclase,13,425,256
NF,27,175,7,Plagioclase,13,425,256
NF,27,176,7,Plagioclase,13,425,256
NF,27,177,7,Plagioclase,13,425,256
NF,27,286,4,Bassanite,2,425,256
NF,27,287,4,Bassanite,2,425,256
NF,27,288,4,Bassanite,2,425,256
NF,27,289,4,Bassanite,2,425,256
NF,27,290,4,Bassanite,2,425,256
NF,27,291,4,Bassanite,2,425,256
NF,27,292,4,Bassanite,2,425,256
NF,27,293,4,Bassanite,2,425,256
NF,27,572,7,Plagioclase,13,425,256
NF,27,573,7,Plagioclase,13,425,256
NF,27,574,7,Plagioclase,13,425,256
NF,27,575,7,Plagioclase,13,425,256
NF,27,576,7,Plagioclase,13,425,256
NF,27,581,5,Illite/Muscovite,7,425,256
NF,27,582,5,Illite/Muscovite,7,425,256
NF,27,583,5,Illite/Muscovite,7,425,256
NF,28,25,1,Fe-Olivine,5,425,256
NF,28,26,1,Fe-Olivine,5,425,256
NF,28,27,1,Fe-Olivine,5,425,256
NF,28,28,1,Fe-Olivine,5,425,256
NF,28,29,1,Fe-Olivine,5,425,256
NF,28,30,1,Fe-Olivine,5,425,256
NF,28,31,1,Fe-Olivine,5,425,256
NF,28,32,1,Fe-Olivine,5,425,256
NF,28,33,1,Fe-Olivine,5,425,256
NF,28,34,1,Fe-Olivine,5,425,256
NF,28,35,1,Fe-Olivine,5,425,256
NF,28,36,1,Fe-Olivine,5,425,256
NF,28,37,1,Fe-Olivine,5,425,256
NF,28,38,1,Fe-Olivine,5,425,256
NF,28,39,1,Fe-Olivine,5,425,256
NF,28,40,1,Fe-Olivine,5,425,256
NF,28,41,1,Fe-Olivine,5,425,256
NF,28,42,1,Fe-Olivine,5,425,256
NF,28,43,1,Fe-Olivine,5,425,256
NF,28,44,1,Fe-Olivine,5,425,256
NF,28,45,1,Fe-Olivine,5,425,256
NF,28,46,1,Fe-Olivine,5,425,256
NF,28,47,1,Fe-Olivine,5,425,256
NF,28,48,1,Fe-Olivine,5,425,256
NF,28,49,1,Fe-Olivine,5,425,256
NF,28,50,1,Fe-Olivine,5,425,256
NF,28,51,1,Fe-Olivine,5,425,256
NF,28,52,1,Fe-Olivine,5,425,256
NF,28,53,1,Fe-Olivine,5,425,256
NF,28,54,1,Fe-Olivine,5,425,256
NF,28,55,1,Fe-Olivine,5,425,256
NF,28,56,1,Fe-Olivine,5,425,256
NF,28,57,1,Fe-Olivine,5,425,256
NF,28,58,1,Fe-Olivine,5,425,256
NF,28,59,1,Fe-Olivine,5,425,256
NF,28,60,1,Fe-Olivine,5,425,256
NF,28,61,1,Fe-Olivine,5,425,256
NF,28,62,1,Fe-Olivine,5,425,256
NF,28,63,1,Fe-Olivine,5,425,256
NF,28,64,1,Fe-Olivine,5,425,256
NF,28,65,1,Fe-Olivine,5,425,256
NF,28,66,1,Fe-Olivine,5,425,256
NF,28,67,1,Fe-Olivine,5,425,256
NF,28,68,1,Fe-Olivine,5,425,256
NF,28,69,1,Fe-Olivine,5,425,256
NF,28,70,1,Fe-Olivine,5,425,256
NF,28,71,1,Fe-Olivine,5,425,256
NF,28,72,1,Fe-Olivine,5,425,256
NF,28,73,1,Fe-Olivine,5,425,256
NF,28,171,7,Plagioclase,13,425,256
NF,28,172,7,Plagioclase,13,425,256
NF,28,173,7,Plagioclase,13,425,256
NF,28,174,7,Plagioclase,13,425,256
NF,28,175,7,Plagioclase,13,425,256
NF,28,176,7,Plagioclase,13,425,256
NF,28,177,7,Plagioclase,13,425,256
NF,28,178,7,Plagioclase,13,425,256
NF,28,573,7,Plagioclase,13,425,256
NF,28,574,7,Plagioclase,13,425,256
NF,28,575,7,Plagioclase,13,425,256
NF,28,581,5,Illite/Muscovite,7,425,256
NF,28,582,5,Illite/Muscovite,7,425,256
NF,28,583,5,Illite/Muscovite,7,425,256
NF,29,25,1,Fe-Olivine,5,425,256
NF,29,26,1,Fe-Olivine,5,425,256
NF,29,27,1,Fe-Olivine,5,425,256
NF,29,28,1,Fe-Olivine,5,425,256
NF,29,29,1,Fe-Olivine,5,425,256
NF,29,30,1,Fe-Olivine,5,425,256
NF,29,31,1,Fe-Olivine,5,425,256
NF,29,32,1,Fe-Olivine,5,425,256
NF,29,33,1,Fe-Olivine,5,425,256
NF,29,34,1,Fe-Olivine,5,425,256
NF,29,35,1,Fe-Olivine,5,425,256
NF,29,36,1,Fe-Olivine,5,425,256
NF,29,37,1,Fe-Olivine,5,425,256
NF,29,38,1,Fe-Olivine,5,425,256
NF,29,39,1,Fe-Olivine,5,425,256
NF,29,40,1,Fe-Olivine,5,425,256
NF,29,41,1,Fe-Olivine,5,425,256
NF,29,42,1,Fe-Olivine,5,425,256
NF,29,43,1,Fe-Olivine,5,425,256
NF,29,44,1,Fe-Olivine,5,425,256
NF,29,45,1,Fe-Olivine,5,425,256
NF,29,46,1,Fe-Olivine,5,425,256
NF,29,47,1,Fe-Olivine,5,425,256
NF,29,48,1,Fe-Olivine,5,425,256
NF,29,49,1,Fe-Olivine,5,425,256
NF,29,50,1,Fe-Olivine,5,425,256
NF,29,51,1,Fe-Olivine,5,425,256
NF,29,52,1,Fe-Olivine,5,425,256
NF,29,53,1,Fe-Olivine,5,425,256
NF,29,54,1,Fe-Olivine,5,425,256
NF,29,55,1,Fe-Olivine,5,425,256
NF,29,56,1,Fe-Olivine,5,425,256
NF,29,57,1,Fe-Olivine,5,425,256
NF,29,58,1,Fe-Olivine,5,425,256
NF,29,59,1,Fe-Olivine,5,425,256
NF,29,60,1,Fe-Olivine,5,425,256
NF,29,61,1,Fe-Olivine,5,425,256
NF,29,62,1,Fe-Olivine,5,425,256
NF,29,63,1,Fe-Olivine,5,425,256
NF,29,64,1,Fe-Olivine,5,425,256
NF,29,65,1,Fe-Olivine,5,425,256
NF,29,66,1,Fe-Olivine,5,425,256
NF,29,67,1,Fe-Olivine,5,425,256
NF,29,68,1,Fe-Olivine,5,425,256
NF,29,69,1,Fe-Olivine,5,425,256
NF,29,70,1,Fe-Olivine,5,425,256
NF,29,71,1,Fe-Olivine,5,425,256
NF,29,72,1,Fe-Olivine,5,425,256
NF,29,73,1,Fe-Olivine,5,425,256
NF,29,172,7,Plagioclase,13,425,256
NF,29,173,7,Plagioclase,13,425,256
NF,29,174,7,Plagioclase,13,425,256
NF,29,175,7,Plagioclase,13,425,256
NF,29,176,7,Plagioclase,13,425,256
NF,29,177,7,Plagioclase,13,425,256
NF,29,178,7,Plagioclase,13,425,256
NF,29,179,7,Plagioclase,13,425,256
NF,29,382,2,Epidote,4,425,256
NF,29,383,2,Epidote,4,425,256
NF,29,384,2,Epidote,4,425,256
NF,29,581,5,Illite/Muscovite,7,425,256
NF,29,582,5,Illite/Muscovite,7,425,256
NF,29,583,5,Illite/Muscovite,7,425,256
NF,30,29,1,Fe-Olivine,5,425,256
NF,30,30,1,Fe-Olivine,5,425,256
NF,30,31,1,Fe-Olivine,5,425,256
NF,30,32,1,Fe-Olivine,5,425,256
NF,30,33,1,Fe-Olivine,5,425,256
NF,30,34,1,Fe-Olivine,5,425,256
NF,30,35,1,Fe-Olivine,5,425,256
NF,30,36,1,Fe-Olivine,5,425,256
NF,30,37,1,Fe-Olivine,5,425,256
NF,30,38,1,Fe-Olivine,5,425,256
NF,30,39,1,Fe-Olivine,5,425,256
NF,30,40,1,Fe-Olivine,5,425,256
NF,30,41,1,Fe-Olivine,5,425,256
NF,30,42,1,Fe-Olivine,5,425,256
NF,30,43,1,Fe-Olivine,5,425,256
NF,30,44,1,Fe-Olivine,5,425,256
NF,30,45,1,Fe-Olivine,5,425,256
NF,30,46,1,Fe-Olivine,5,425,256
NF,30,47,1,Fe-Olivine,5,425,256
NF,30,48,1,Fe-Olivine,5,425,256
NF,30,49,1,Fe-Olivine,5,425,256
NF,30,50,1,Fe-Olivine,5,425,256
NF,30,51,1,Fe-Olivine,5,425,256
NF,30,52,1,Fe-Olivine,5,425,256
NF,30,53,1,Fe-Olivine,5,425,256
NF,30,54,1,Fe-Olivine,5,425,256
NF,30,55,1,Fe-Olivine,5,425,256
NF,30,56,1,Fe-Olivine,5,425,256
NF,30,57,1,Fe-Olivine,5,425,256
NF,30,58,1,Fe-Olivine,5,425,256
NF,30,59,1,Fe-Olivine,5,425,256
NF,30,60,1,Fe-Olivine,5,425,256
NF,30,61,1,Fe-Olivine,5,425,256
NF,30,62,1,Fe-Olivine,5,425,256
NF,30,63,1,Fe-Olivine,5,425,256
NF,30,64,1,Fe-Olivine,5,425,256
NF,30,65,1,Fe-Olivine,5,425,256
NF,30,66,1,Fe-Olivine,5,425,256
NF,30,67,1,Fe-Olivine,5,425,256
NF,30,68,1,Fe-Olivine,5,425,256
NF,30,69,1,Fe-Olivine,5,425,256
NF,30,70,1,Fe-Olivine,5,425,256
NF,30,71,1,Fe-Olivine,5,425,256
NF,30,72,1,Fe-Olivine,5,425,256
NF,30,73,1,Fe-Olivine,5,425,256
NF,30,172,7,Plagioclase,13,425,256
NF,30,173,7,Plagioclase,13,425,256
NF,30,174,7,Plagioclase,13,425,256
NF,30,175,7,Plagioclase,13,425,256
NF,30,176,7,Plagioclase,13,425,256
NF,30,177,7,Plagioclase,13,425,256
NF,30,178,7,Plagioclase,13,425,256
NF,30,179,7,Plagioclase,13,425,256
NF,30,180,7,Plagioclase,13,425,256
NF,30,380,2,Epidote,4,425,256
NF,30,381,2,Epidote,4,425,256
NF,30,382,2,Epidote,4,425,256
NF,30,383,2,Epidote,4,425,256
NF,30,384,2,Epidote,4,425,256
NF,30,583,7,Plagioclase,13,425,256
NF,30,584,7,Plagioclase,13,425,256
NF,30,585,7,Plagioclase,13,425,256
NF,30,586,7,Plagioclase,13,425,256
NF,30,587,7,Plagioclase,13,425,256
NF,30,588,7,Plagioclase,13,425,256
NF,30,589,7,Plagioclase,13,425,256
NF,30,590,7,Plagioclase,13,425,256
NF,30,591,7,Plagioclase,13,425,256
NF,30,592,7,Plagioclase,13,425,256
NF,31,34,1,Fe-Olivine,5,425,256
NF,31,35,1,Fe-Olivine,5,425,256
NF,31,36,1,Fe-Olivine,5,425,256
NF,31,37,1,Fe-Olivine,5,425,256
NF,31,38,1,Fe-Olivine,5,425,256
NF,31,39,1,Fe-Olivine,5,425,256
NF,31,40,1,Fe-Olivine,5,425,256
NF,31,41,1,Fe-Olivine,5,425,256
NF,31,42,1,Fe-Olivine,5,425,256
NF,31,43,1,Fe-Olivine,5,425,256
NF,31,44,1,Fe-Olivine,5,425,256
NF,31,45,1,Fe-Olivine,5,425,256
NF,31,46,1,Fe-Olivine,5,425,256
NF,31,47,1,Fe-Olivine,5,425,256
NF,31,48,1,Fe-Olivine,5,425,256
NF,31,49,1,Fe-Olivine,5,425,256
NF,31,50,1,Fe-Olivine,5,425,256
NF,31,51,1,Fe-Olivine,5,425,256
NF,31,52,1,Fe-Olivine,5,425,256
NF,31,53,1,Fe-Olivine,5,425,256
NF,31,54,1,Fe-Olivine,5,425,256
NF,31,55,1,Fe-Olivine,5,425,256
NF,31,56,1,Fe-Olivine,5,425,256
NF,31,57,1,Fe-Olivine,5,425,256
NF,31,58,1,Fe-Olivine,5,425,256
NF,31,59,1,Fe-Olivine,5,425,256
NF,31,60,1,Fe-Olivine,5,425,256
NF,31,61,1,Fe-Olivine,5,425,256
NF,31,62,1,Fe-Olivine,5,425,256
NF,31,63,1,Fe-Olivine,5,425,256
NF,31,64,1,Fe-Olivine,5,425,256
NF,31,65,1,Fe-Olivine,5,425,256
NF,31,66,1,Fe-Olivine,5,425,256
NF,31,67,1,Fe-Olivine,5,425,256
NF,31,68,1,Fe-Olivine,5,425,256
NF,31,69,1,Fe-Olivine,5,425,256
NF,31,70,1,Fe-Olivine,5,425,256
NF,31,71,1,Fe-Olivine,5,425,256
NF,31,72,1,Fe-Olivine,5,425,256
NF,31,73,1,Fe-Olivine,5,425,256
NF,31,174,7,Plagioclase,13,425,256
NF,31,175,7,Plagioclase,13,425,256
NF,31,176,7,Plagioclase,13,425,256
NF,31,177,7,Plagioclase,13,425,256
NF,31,178,7,Plagioclase,13,425,256
NF,31,179,7,Plagioclase,13,425,256
NF,31,180,7,Plagioclase,13,425,256
NF,31,181,7,Plagioclase,13,425,256
NF,31,182,7,Plagioclase,13,425,256
NF,31,379,2,Epidote,4,425,256
NF,31,380,2,Epidote,4,425,256
NF,31,381,2,Epidote,4,425,256
NF,31,382,2,Epidote,4,425,256
NF,31,383,2,Epidote,4,425,256
NF,31,384,2,Epidote,4,425,256
NF,31,582,7,Plagioclase,13,425,256
NF,31,583,7,Plagioclase,13,425,256
NF,31,584,7,Plagioclase,13,425,256
NF,31,585,7,Plagioclase,13,425,256
NF,31,586,7,Plagioclase,13,425,256
NF,31,587,7,Plagioclase,13,425,256
NF,31,588,7,Plagioclase,13,425,256
NF,31,589,7,Plagioclase,13,425,256
NF,31,590,7,Plagioclase,13,425,256
NF,31,591,7,Plagioclase,13,425,256
NF,31,592,7,Plagioclase,13,425,256
NF,32,40,1,Fe-Olivine,5,425,256
NF,32,41,1,Fe-Olivine,5,425,256
NF,32,42,1,Fe-Olivine,5,425,256
NF,32,43,1,Fe-Olivine,5,425,256
NF,32,44,1,Fe-Olivine,5,425,256
NF,32,45,1,Fe-Olivine,5,425,256
NF,32,46,1,Fe-Olivine,5,425,256
NF,32,47,1,Fe-Olivine,5,425,256
NF,32,48,1,Fe-Olivine,5,425,256
NF,32,49,1,Fe-Olivine,5,425,256
NF,32,50,1,Fe-Olivine,5,425,256
NF,32,51,1,Fe-Olivine,5,425,256
NF,32,52,1,Fe-Olivine,5,425,256
NF,32,53,1,Fe-Olivine,5,425,256
NF,32,54,1,Fe-Olivine,5,425,256
NF,32,55,1,Fe-Olivine,5,425,256
NF,32,56,1,Fe-Olivine,5,425,256
NF,32,57,1,Fe-Olivine,5,425,256
NF,32,58,1,Fe-Olivine,5,425,256
NF,32,59,1,Fe-Olivine,5,425,256
NF,32,60,1,Fe-Olivine,5,425,256
NF,32,61,1,Fe-Olivine,5,425,256
NF,32,62,1,Fe-Olivine,5,425,256
NF,32,63,1,Fe-Olivine,5,425,256
NF,32,64,1,Fe-Olivine,5,425,256
NF,32,65,1,Fe-Olivine,5,425,256
NF,32,66,1,Fe-Olivine,5,425,256
NF,32,67,1,Fe-Olivine,5,425,256
NF,32,68,1,Fe-Olivine,5,425,256
NF,32,69,1,Fe-Olivine,5,425,256
NF,32,70,1,Fe-Olivine,5,425,256
NF,32,71,1,Fe-Olivine,5,425,256
NF,32,72,1,Fe-Olivine,5,425,256
NF,32,73,1,Fe-Olivine,5,425,256
NF,32,176,7,Plagioclase,13,425,256
NF,32,177,7,Plagioclase,13,425,256
NF,32,178,7,Plagioclase,13,425,256
NF,32,179,7,Plagioclase,13,425,256
NF,32,180,7,Plagioclase,13,425,256
NF,32,181,7,Plagioclase,13,425,256
NF,32,182,7,Plagioclase,13,425,256
NF,32,183,7,Plagioclase,13,425,256
NF,32,379,2,Epidote,4,425,256
NF,32,380,2,Epidote,4,425,256
NF,32,381,2,Epidote,4,425,256
NF,32,382,2,Epidote,4,425,256
NF,32,383,2,Epidote,4,425,256
NF,32,582,7,Plagioclase,13,425,256
NF,32,583,7,Plagioclase,13,425,256
NF,32,584,7,Plagioclase,13,425,256
NF,32,585,7,Plagioclase,13,425,256
NF,32,586,7,Plagioclase,13,425,256
NF,32,587,7,Plagioclase,13,425,256
NF,32,588,7,Plagioclase,13,425,256
NF,32,589,7,Plagioclase,13,425,256
NF,32,590,7,Plagioclase,13,425,256
NF,32,591,7,Plagioclase,13,425,256
NF,33,46,1,Fe-Olivine,5,425,256
NF,33,47,1,Fe-Olivine,5,425,256
NF,33,48,1,Fe-Olivine,5,425,256
NF,33,49,1,Fe-Olivine,5,425,256
NF,33,50,1,Fe-Olivine,5,425,256
NF,33,51,1,Fe-Olivine,5,425,256
NF,33,52,1,Fe-Olivine,5,425,256
NF,33,53,1,Fe-Olivine,5,425,256
NF,33,54,1,Fe-Olivine,5,425,256
NF,33,55,1,Fe-Olivine,5,425,256
NF,33,56,1,Fe-Olivine,5,425,256
NF,33,57,1,Fe-Olivine,5,425,256
NF,33,58,1,Fe-Olivine,5,425,256
NF,33,59,1,Fe-Olivine,5,425,256
NF,33,60,1,Fe-Olivine,5,425,256
NF,33,61,1,Fe-Olivine,5,425,256
NF,33,62,1,Fe-Olivine,5,425,256
NF,33,63,1,Fe-Olivine,5,425,256
NF,33,64,1,Fe-Olivine,5,425,256
NF,33,65,1,Fe-Olivine,5,425,256
NF,33,66,1,Fe-Olivine,5,425,256
NF,33,67,1,Fe-Olivine,5,425,256
NF,33,68,1,Fe-Olivine,5,425,256
NF,33,69,1,Fe-Olivine,5,425,256
NF,33,177,7,Plagioclase,13,425,256
NF,33,178,7,Plagioclase,13,425,256
NF,33,179,7,Plagioclase,13,425,256
NF,33,180,7,Plagioclase,13,425,256
NF,33,181,7,Plagioclase,13,425,256
NF,33,182,7,Plagioclase,13,425,256
NF,33,183,7,Plagioclase,13,425,256
NF,33,184,7,Plagioclase,13,425,256
NF,33,379,2,Epidote,4,425,256
NF,33,380,2,Epidote,4,425,256
NF,33,381,2,Epidote,4,425,256
NF,33,582,7,Plagioclase,13,425,256
NF,33,583,7,Plagioclase,13,425,256
NF,33,584,7,Plagioclase,13,425,256
NF,33,585,7,Plagioclase,13,425,256
NF,33,586,7,Plagioclase,13,425,256
NF,33,587,7,Plagioclase,13,425,256
NF,33,588,7,Plagioclase,13,425,256
NF,33,589,7,Plagioclase,13,425,256
NF,33,590,7,Plagioclase,13,425,256
NF,34,51,1,Fe-Olivine,5,425,256
NF,34,52,1,Fe-Olivine,5,425,256
NF,34,53,1,Fe-Olivine,5,425,256
NF,34,54,1,Fe-Olivine,5,425,256
NF,34,55,1,Fe-Olivine,5,425,256
NF,34,56,1,Fe-Olivine,5,425,256
NF,34,57,1,Fe-Olivine,5,425,256
NF,34,58,1,Fe-Olivine,5,425,256
NF,34,59,1,Fe-Olivine,5,425,256
NF,34,60,1,Fe-Olivine,5,425,256
NF,34,61,1,Fe-Olivine,5,425,256
NF,34,62,1,Fe-Olivine,5,425,256
NF,34,63,1,Fe-Olivine,5,425,256
NF,34,64,1,Fe-Olivine,5,425,256
NF,34,65,1,Fe-Olivine,5,425,256
NF,34,66,1,Fe-Olivine,5,425,256
NF,34,67,1,Fe-Olivine,5,425,256
NF,34,68,1,Fe-Olivine,5,425,256
NF,34,178,7,Plagioclase,13,425,256
NF,34,179,7,Plagioclase,13,425,256
NF,34,180,7,Plagioclase,13,425,256
NF,34,181,7,Plagioclase,13,425,256
NF,34,182,7,Plagioclase,13,425,256
NF,34,183,7,Plagioclase,13,425,256
NF,34,184,7,Plagioclase,13,425,256
NF,34,185,7,Plagioclase,13,425,256
NF,34,186,7,Plagioclase,13,425,256
NF,34,584,7,Plagioclase,13,425,256
NF,34,585,7,Plagioclase,13,425,256
NF,34,586,7,Plagioclase,13,425,256
NF,34,587,7,Plagioclase,13,425,256
NF,34,588,7,Plagioclase,13,425,256
NF,34,589,7,Plagioclase,13,425,256
NF,35,54,1,Fe-Olivine,5,425,256
NF,35,55,1,Fe-Olivine,5,425,256
NF,35,56,1,Fe-Olivine,5,425,256
NF,35,57,1,Fe-Olivine,5,425,256
NF,35,58,1,Fe-Olivine,5,425,256
NF,35,59,1,Fe-Olivine,5,425,256
NF,35,60,1,Fe-Olivine,5,425,256
NF,35,61,1,Fe-Olivine,5,425,256
NF,35,62,1,Fe-Olivine,5,425,256
NF,35,63,1,Fe-Olivine,5,425,256
NF,35,64,1,Fe-Olivine,5,425,256
NF,35,65,1,Fe-Olivine,5,425,256
NF,35,66,1,Fe-Olivine,5,425,256
NF,35,67,1,Fe-Olivine,5,425,256
NF,35,156,6,Mg-Carbonate,10,425,256
NF,35,157,6,Mg-Carbonate,10,425,256
NF,35,158,6,Mg-Carbonate,10,425,256
NF,35,179,7,Plagioclase,13,425,256
NF,35,180,7,Plagioclase,13,425,256
NF,35,181,7,Plagioclase,13,425,256
NF,35,182,7,Plagioclase,13,425,256
NF,35,183,7,Plagioclase,13,425,256
NF,35,184,7,Plagioclase,13,425,256
NF,35,185,7,Plagioclase,13,425,256
NF,35,186,7,Plagioclase,13,425,256
NF,35,187,7,Plagioclase,13,425,256
NF,36,154,6,Mg-Carbonate,10,425,256
NF,36,155,6,Mg-Carbonate,10,425,256
NF,36,156,6,Mg-Carbonate,10,425,256
NF,36,157,6,Mg-Carbonate,10,425,256
NF,36,158,6,Mg-Carbonate,10,425,256
NF,36,159,6,Mg-Carbonate,10,425,256
NF,36,160,6,Mg-Carbonate,10,425,256
NF,36,161,6,Mg-Carbonate,10,425,256
NF,36,162,6,Mg-Carbonate,10,425,256
NF,36,163,6,Mg-Carbonate,10,425,256
NF,36,164,6,Mg-Carbonate,10,425,256
NF,36,165,6,Mg-Carbonate,10,425,256
NF,36,166,6,Mg-Carbonate,10,425,256
NF,36,167,6,Mg-Carbonate,10,425,256
NF,36,179,7,Plagioclase,13,425,256
NF,36,180,7,Plagioclase,13,425,256
NF,36,181,7,Plagioclase,13,425,256
NF,36,182,7,Plagioclase,13,425,256
NF,36,183,7,Plagioclase,13,425,256
NF,36,184,7,Plagioclase,13,425,256
NF,36,185,7,Plagioclase,13,425,256
NF,36,186,7,Plagioclase,13,425,256
NF,36,187,7,Plagioclase,13,425,256
NF,36,188,7,Plagioclase,13,425,256
NF,37,154,6,Mg-Carbonate,10,425,256
NF,37,155,6,Mg-Carbonate,10,425,256
NF,37,156,6,Mg-Carbonate,10,425,256
NF,37,157,6,Mg-Carbonate,10,425,256
NF,37,158,6,Mg-Carbonate,10,425,256
NF,37,159,6,Mg-Carbonate,10,425,256
NF,37,160,6,Mg-Carbonate,10,425,256
NF,37,161,6,Mg-Carbonate,10,425,256
NF,37,162,6,Mg-Carbonate,10,425,256
NF,37,163,6,Mg-Carbonate,10,425,256
NF,37,164,6,Mg-Carbonate,10,425,256
NF,37,165,6,Mg-Carbonate,10,425,256
NF,37,166,6,Mg-Carbonate,10,425,256
NF,37,167,6,Mg-Carbonate,10,425,256
NF,37,168,6,Mg-Carbonate,10,425,256
NF,37,169,6,Mg-Carbonate,10,425,256
NF,37,170,6,Mg-Carbonate,10,425,256
NF,37,171,6,Mg-Carbonate,10,425,256
NF,37,180,7,Plagioclase,13,425,256
NF,37,181,7,Plagioclase,13,425,256
NF,37,182,7,Plagioclase,13,425,256
NF,37,183,7,Plagioclase,13,425,256
NF,37,184,7,Plagioclase,13,425,256
NF,37,185,7,Plagioclase,13,425,256
NF,37,186,7,Plagioclase,13,425,256
NF,37,187,7,Plagioclase,13,425,256
NF,37,188,7,Plagioclase,13,425,256
NF,37,426,2,Epidote,4,425,256
NF,37,427,2,Epidote,4,425,256
NF,37,428,2,Epidote,4,425,256
NF,37,429,2,Epidote,4,425,256
NF,37,573,5,Illite/Muscovite,7,425,256
NF,37,574,5,Illite/Muscovite,7,425,256
NF,37,575,5,Illite/Muscovite,7,425,256
NF,38,153,6,Mg-Carbonate,10,425,256
NF,38,154,6,Mg-Carbonate,10,425,256
NF,38,155,6,Mg-Carbonate,10,425,256
NF,38,156,6,Mg-Carbonate,10,425,256
NF,38,157,6,Mg-Carbonate,10,425,256
NF,38,158,6,Mg-Carbonate,10,425,256
NF,38,159,6,Mg-Carbonate,10,425,256
NF,38,160,6,Mg-Carbonate,10,425,256
NF,38,161,6,Mg-Carbonate,10,425,256
NF,38,162,6,Mg-Carbonate,10,425,256
NF,38,163,6,Mg-Carbonate,10,425,256
NF,38,164,6,Mg-Carbonate,10,425,256
NF,38,165,6,Mg-Carbonate,10,425,256
NF,38,166,6,Mg-Carbonate,10,425,256
NF,38,167,6,Mg-Carbonate,10,425,256
NF,38,168,6,Mg-Carbonate,10,425,256
NF,38,169,6,Mg-Carbonate,10,425,256
NF,38,170,6,Mg-Carbonate,10,425,256
NF,38,171,6,Mg-Carbonate,10,425,256
NF,38,172,6,Mg-Carbonate,10,425,256
NF,38,181,7,Plagioclase,13,425,256
NF,38,182,7,Plagioclase,13,425,256
NF,38,183,7,Plagioclase,13,425,256
NF,38,184,7,Plagioclase,13,425,256
NF,38,185,7,Plagioclase,13,425,256
NF,38,186,7,Plagioclase,13,425,256
NF,38,187,7,Plagioclase,13,425,256
NF,38,188,7,Plagioclase,13,425,256
NF,38,189,7,Plagioclase,13,425,256
NF,38,423,2,Epidote,4,425,256
NF,38,424,2,Epidote,4,425,256
NF,38,425,2,Epidote,4,425,256
NF,38,426,2,Epidote,4,425,256
NF,38,427,2,Epidote,4,425,256
NF,38,428,2,Epidote,4,425,256
NF,38,429,2,Epidote,4,425,256
NF,38,572,5,Illite/Muscovite,7,425,256
NF,38,573,5,Illite/Muscovite,7,425,256
NF,38,574,5,Illite/Muscovite,7,425,256
NF,38,575,5,Illite/Muscovite,7,425,256
NF,39,150,6,Mg-Carbonate,10,425,256
NF,39,151,6,Mg-Carbonate,10,425,256
NF,39,152,6,Mg-Carbonate,10,425,256
NF,39,153,6,Mg-Carbonate,10,425,256
NF,39,154,6,Mg-Carbonate,10,425,256
NF,39,155,6,Mg-Carbonate,10,425,256
NF,39,156,6,Mg-Carbonate,10,425,256
NF,39,157,6,Mg-Carbonate,10,425,256
NF,39,158,6,Mg-Carbonate,10,425,256
NF,39,159,6,Mg-Carbonate,10,425,256
NF,39,160,6,Mg-Carbonate,10,425,256
NF,39,161,6,Mg-Carbonate,10,425,256
NF,39,162,6,Mg-Carbonate,10,425,256
NF,39,163,6,Mg-Carbonate,10,425,256
NF,39,164,6,Mg-Carbonate,10,425,256
NF,39,165,6,Mg-Carbonate,10,425,256
NF,39,166,6,Mg-Carbonate,10,425,256
NF,39,167,6,Mg-Carbonate,10,425,256
NF,39,168,6,Mg-Carbonate,10,425,256
NF,39,169,6,Mg-Carbonate,10,425,256
NF,39,170,6,Mg-Carbonate,10,425,256
NF,39,171,6,Mg-Carbonate,10,425,256
NF,39,172,6,Mg-Carbonate,10,425,256
NF,39,173,6,Mg-Carbonate,10,425,256
NF,39,182,7,Plagioclase,13,425,256
NF,39,183,7,Plagioclase,13,425,256
NF,39,184,7,Plagioclase,13,425,256
NF,39,185,7,Plagioclase,13,425,256
NF,39,186,7,Plagioclase,13,425,256
NF,39,187,7,Plagioclase,13,425,256
NF,39,188,7,Plagioclase,13,425,256
NF,39,189,7,Plagioclase,13,425,256
NF,39,422,2,Epidote,4,425,256
NF,39,423,2,Epidote,4,425,256
NF,39,424,2,Epidote,4,425,256
NF,39,425,2,Epidote,4,425,256
NF,39,426,2,Epidote,4,425,256
NF,39,427,2,Epidote,4,425,256
NF,39,428,2,Epidote,4,425,256
NF,39,429,2,Epidote,4,425,256
NF,39,571,5,Illite/Muscovite,7,425,256
NF,39,572,5,Illite/Muscovite,7,425,256
NF,39,573,5,Illite/Muscovite,7,425,256
NF,39,574,5,Illite/Muscovite,7,425,256
NF,39,575,5,Illite/Muscovite,7,425,256
NF,39,576,5,Illite/Muscovite,7,425,256
NF,39,588,7,Plagioclase,13,425,256
NF,39,589,7,Plagioclase,13,425,256
NF,39,590,7,Plagioclase,13,425,256
NF,40,150,6,Mg-Carbonate,10,425,256
NF,40,151,6,Mg-Carbonate,10,425,256
NF,40,152,6,Mg-Carbonate,10,425,256
NF,40,153,6,Mg-Carbonate,10,425,256
NF,40,154,6,Mg-Carbonate,10,425,256
NF,40,155,6,Mg-Carbonate,10,425,256
NF,40,156,6,Mg-Carbonate,10,425,256
NF,40,157,6,Mg-Carbonate,10,425,256
NF,40,158,6,Mg-Carbonate,10,425,256
NF,40,159,6,Mg-Carbonate,10,425,256
NF,40,160,6,Mg-Carbonate,10,425,256
NF,40,161,6,Mg-Carbonate,10,425,256
NF,40,162,6,Mg-Carbonate,10,425,256
NF,40,163,6,Mg-Carbonate,10,425,256
NF,40,164,6,Mg-Carbonate,10,425,256
NF,40,165,6,Mg-Carbonate,10,425,256
NF,40,166,6,Mg-Carbonate,10,425,256
NF,40,167,6,Mg-Carbonate,10,425,256
NF,40,168,6,Mg-Carbonate,10,425,256
NF,40,169,6,Mg-Carbonate,10,425,256
NF,40,170,6,Mg-Carbonate,10,425,256
NF,40,171,6,Mg-Carbonate,10,425,256
NF,40,172,6,Mg-Carbonate,10,425,256
NF,40,173,6,Mg-Carbonate,10,425,256
NF,40,174,6,Mg-Carbonate,10,425,256
NF,40,184,7,Plagioclase,13,425,256
NF,40,185,7,Plagioclase,13,425,256
NF,40,186,7,Plagioclase,13,425,256
NF,40,187,7,Plagioclase,13,425,256
NF,40,188,7,Plagioclase,13,425,256
NF,40,189,7,Plagioclase,13,425,256
NF,40,421,2,Epidote,4,425,256
NF,40,422,2,Epidote,4,425,256
NF,40,423,2,Epidote,4,425,256
NF,40,424,2,Epidote,4,425,256
NF,40,425,2,Epidote,4,425,256
NF,40,426,2,Epidote,4,425,256
NF,40,427,2,Epidote,4,425,256
NF,40,428,2,Epidote,4,425,256
NF,40,429,2,Epidote,4,425,256
NF,40,571,5,Illite/Muscovite,7,425,256
NF,40,572,5,Illite/Muscovite,7,425,256
NF,40,573,5,Illite/Muscovite,7,425,256
NF,40,574,5,Illite/Muscovite,7,425,256
NF,40,575,5,Illite/Muscovite,7,425,256
NF,40,576,5,Illite/Muscovite,7,425,256
NF,40,587,7,Plagioclase,13,425,256
NF,40,588,7,Plagioclase,13,425,256
NF,40,589,7,Plagioclase,13,425,256
NF,40,590,7,Plagioclase,13,425,256
NF,40,591,7,Plagioclase,13,425,256
NF,41,150,6,Mg-Carbonate,10,425,256
NF,41,151,6,Mg-Carbonate,10,425,256
NF,41,152,6,Mg-Carbonate,10,425,256
NF,41,153,6,Mg-Carbonate,10,425,256
NF,41,154,6,Mg-Carbonate,10,425,256
NF,41,155,6,Mg-Carbonate,10,425,256
NF,41,156,6,Mg-Carbonate,10,425,256
NF,41,157,6,Mg-Carbonate,10,425,256
NF,41,158,6,Mg-Carbonate,10,425,256
NF,41,159,6,Mg-Carbonate,10,425,256
NF,41,160,6,Mg-Carbonate,10,425,256
NF,41,161,6,Mg-Carbonate,10,425,256
NF,41,162,6,Mg-Carbonate,10,425,256
NF,41,163,6,Mg-Carbonate,10,425,256
NF,41,164,6,Mg-Carbonate,10,425,256
NF,41,165,6,Mg-Carbonate,10,425,256
NF,41,166,6,Mg-Carbonate,10,425,256
NF,41,167,6,Mg-Carbonate,10,425,256
NF,41,168,6,Mg-Carbonate,10,425,256
NF,41,169,6,Mg-Carbonate,10,425,256
NF,41,170,6,Mg-Carbonate,10,425,256
NF,41,171,6,Mg-Carbonate,10,425,256
NF,41,172,6,Mg-Carbonate,10,425,256
NF,41,173,6,Mg-Carbonate,10,425,256
NF,41,174,6,Mg-Carbonate,10,425,256
NF,41,175,6,Mg-Carbonate,10,425,256
NF,41,176,6,Mg-Carbonate,10,425,256
NF,41,185,7,Plagioclase,13,425,256
NF,41,186,7,Plagioclase,13,425,256
NF,41,187,7,Plagioclase,13,425,256
NF,41,188,7,Plagioclase,13,425,256
NF,41,189,7,Plagioclase,13,425,256
NF,41,421,2,Epidote,4,425,256
NF,41,422,2,Epidote,4,425,256
NF,41,423,2,Epidote,4,425,256
NF,41,424,2,Epidote,4,425,256
NF,41,425,2,Epidote,4,425,256
NF,41,426,2,Epidote,4,425,256
NF,41,427,2,Epidote,4,425,256
NF,41,428,2,Epidote,4,425,256
NF,41,429,2,Epidote,4,425,256
NF,41,572,5,Illite/Muscovite,7,425,256
NF,41,573,5,Illite/Muscovite,7,425,256
NF,41,574,5,Illite/Muscovite,7,425,256
NF,41,575,5,Illite/Muscovite,7,425,256
NF,41,586,7,Plagioclase,13,425,256
NF,41,587,7,Plagioclase,13,425,256
NF,41,588,7,Plagioclase,13,425,256
NF,41,589,7,Plagioclase,13,425,256
NF,41,590,7,Plagioclase,13,425,256
NF,41,591,7,Plagioclase,13,425,256
NF,41,592,7,Plagioclase,13,425,256
NF,42,150,6,Mg-Carbonate,10,425,256
NF,42,151,6,Mg-Carbonate,10,425,256
NF,42,152,6,Mg-Carbonate,10,425,256
NF,42,153,6,Mg-Carbonate,10,425,256
NF,42,154,6,Mg-Carbonate,10,425,256
NF,42,155,6,Mg-Carbonate,10,425,256
NF,42,156,6,Mg-Carbonate,10,425,256
NF,42,157,6,Mg-Carbonate,10,425,256
NF,42,158,6,Mg-Carbonate,10,425,256
NF,42,159,6,Mg-Carbonate,10,425,256
NF,42,160,6,Mg-Carbonate,10,425,256
NF,42,161,6,Mg-Carbonate,10,425,256
NF,42,162,6,Mg-Carbonate,10,425,256
NF,42,163,6,Mg-Carbonate,10,425,256
NF,42,164,6,Mg-Carbonate,10,425,256
NF,42,165,6,Mg-Carbonate,10,425,256
NF,42,166,6,Mg-Carbonate,10,425,256
NF,42,167,6,Mg-Carbonate,10,425,256
NF,42,168,6,Mg-Carbonate,10,425,256
NF,42,169,6,Mg-Carbonate,10,425,256
NF,42,170,6,Mg-Carbonate,10,425,256
NF,42,171,6,Mg-Carbonate,10,425,256
NF,42,172,6,Mg-Carbonate,10,425,256
NF,42,173,6,Mg-Carbonate,10,425,256
NF,42,174,6,Mg-Carbonate,10,425,256
NF,42,175,6,Mg-Carbonate,10,425,256
NF,42,176,6,Mg-Carbonate,10,425,256
NF,42,177,6,Mg-Carbonate,10,425,256
NF,42,185,7,Plagioclase,13,425,256
NF,42,186,7,Plagioclase,13,425,256
NF,42,187,7,Plagioclase,13,425,256
NF,42,188,7,Plagioclase,13,425,256
NF,42,189,7,Plagioclase,13,425,256
NF,42,421,2,Epidote,4,425,256
NF,42,422,2,Epidote,4,425,256
NF,42,423,2,Epidote,4,425,256
NF,42,424,2,Epidote,4,425,256
NF,42,425,2,Epidote,4,425,256
NF,42,426,2,Epidote,4,425,256
NF,42,427,2,Epidote,4,425,256
NF,42,428,2,Epidote,4,425,256
NF,42,429,2,Epidote,4,425,256
NF,42,585,7,Plagioclase,13,425,256
NF,42,586,7,Plagioclase,13,425,256
NF,42,587,7,Plagioclase,13,425,256
NF,42,588,7,Plagioclase,13,425,256
NF,42,589,7,Plagioclase,13,425,256
NF,42,590,7,Plagioclase,13,425,256
NF,42,591,7,Plagioclase,13,425,256
NF,42,592,7,Plagioclase,13,425,256
NF,43,150,6,Mg-Carbonate,10,425,256
NF,43,151,6,Mg-Carbonate,10,425,256
NF,43,152,6,Mg-Carbonate,10,425,256
NF,43,153,6,Mg-Carbonate,10,425,256
NF,43,154,6,Mg-Carbonate,10,425,256
NF,43,155,6,Mg-Carbonate,10,425,256
NF,43,156,6,Mg-Carbonate,10,425,256
NF,43,157,6,Mg-Carbonate,10,425,256
NF,43,158,6,Mg-Carbonate,10,425,256
NF,43,159,6,Mg-Carbonate,10,425,256
NF,43,160,6,Mg-Carbonate,10,425,256
NF,43,161,6,Mg-Carbonate,10,425,256
NF,43,162,6,Mg-Carbonate,10,425,256
NF,43,163,6,Mg-Carbonate,10,425,256
NF,43,164,6,Mg-Carbonate,10,425,256
NF,43,165,6,Mg-Carbonate,10,425,256
NF,43,166,6,Mg-Carbonate,10,425,256
NF,43,167,6,Mg-Carbonate,10,425,256
NF,43,168,6,Mg-Carbonate,10,425,256
NF,43,169,6,Mg-Carbonate,10,425,256
NF,43,170,6,Mg-Carbonate,10,425,256
NF,43,171,6,Mg-Carbonate,10,425,256
NF,43,172,6,Mg-Carbonate,10,425,256
NF,43,173,6,Mg-Carbonate,10,425,256
NF,43,174,6,Mg-Carbonate,10,425,256
NF,43,175,6,Mg-Carbonate,10,425,256
NF,43,176,6,Mg-Carbonate,10,425,256
NF,43,177,6,Mg-Carbonate,10,425,256
NF,43,178,6,Mg-Carbonate,10,425,256
NF,43,185,7,Plagioclase,13,425,256
NF,43,186,7,Plagioclase,13,425,256
NF,43,187,7,Plagioclase,13,425,256
NF,43,188,7,Plagioclase,13,425,256
NF,43,189,7,Plagioclase,13,425,256
NF,43,421,2,Epidote,4,425,256
NF,43,422,2,Epidote,4,425,256
NF,43,423,2,Epidote,4,425,256
NF,43,424,2,Epidote,4,425,256
NF,43,425,2,Epidote,4,425,256
NF,43,426,2,Epidote,4,425,256
NF,43,427,2,Epidote,4,425,256
NF,43,428,2,Epidote,4,425,256
NF,43,429,2,Epidote,4,425,256
NF,43,582,5,Illite/Muscovite,7,425,256
NF,43,583,5,Illite/Muscovite,7,425,256
NF,43,585,7,Plagioclase,13,425,256
NF,43,586,7,Plagioclase,13,425,256
NF,43,587,7,Plagioclase,13,425,256
NF,43,588,7,Plagioclase,13,425,256
NF,43,589,7,Plagioclase,13,425,256
NF,43,590,7,Plagioclase,13,425,256
NF,43,591,7,Plagioclase,13,425,256
NF,43,592,7,Plagioclase,13,425,256
NF,44,150,6,Mg-Carbonate,10,425,256
NF,44,151,6,Mg-Carbonate,10,425,256
NF,44,152,6,Mg-Carbonate,10,425,256
NF,44,153,6,Mg-Carbonate,10,425,256
NF,44,154,6,Mg-Carbonate,10,425,256
NF,44,155,6,Mg-Carbonate,10,425,256
NF,44,156,6,Mg-Carbonate,10,425,256
NF,44,157,6,Mg-Carbonate,10,425,256
NF,44,158,6,Mg-Carbonate,10,425,256
NF,44,159,6,Mg-Carbonate,10,425,256
NF,44,160,6,Mg-Carbonate,10,425,256
NF,44,161,6,Mg-Carbonate,10,425,256
NF,44,162,6,Mg-Carbonate,10,425,256
NF,44,163,6,Mg-Carbonate,10,425,256
NF,44,164,6,Mg-Carbonate,10,425,256
NF,44,165,6,Mg-Carbonate,10,425,256
NF,44,166,6,Mg-Carbonate,10,425,256
NF,44,167,6,Mg-Carbonate,10,425,256
NF,44,168,6,Mg-Carbonate,10,425,256
NF,44,169,6,Mg-Carbonate,10,425,256
NF,44,170,6,Mg-Carbonate,10,425,256
NF,44,171,6,Mg-Carbonate,10,425,256
NF,44,172,6,Mg-Carbonate,10,425,256
NF,44,173,6,Mg-Carbonate,10,425,256
NF,44,174,6,Mg-Carbonate,10,425,256
NF,44,175,6,Mg-Carbonate,10,425,256
NF,44,176,6,Mg-Carbonate,10,425,256
NF,44,177,6,Mg-Carbonate,10,425,256
NF,44,178,6,Mg-Carbonate,10,425,256
NF,44,185,7,Plagioclase,13,425,256
NF,44,186,7,Plagioclase,13,425,256
NF,44,187,7,Plagioclase,13,425,256
NF,44,188,7,Plagioclase,13,425,256
NF,44,189,7,Plagioclase,13,425,256
NF,44,190,7,Plagioclase,13,425,256
NF,44,420,2,Epidote,4,425,256
NF,44,421,2,Epidote,4,425,256
NF,44,422,2,Epidote,4,425,256
NF,44,423,2,Epidote,4,425,256
NF,44,424,2,Epidote,4,425,256
NF,44,425,2,Epidote,4,425,256
NF,44,426,2,Epidote,4,425,256
NF,44,427,2,Epidote,4,425,256
NF,44,428,2,Epidote,4,425,256
NF,44,429,2,Epidote,4,425,256
NF,44,582,5,Illite/Muscovite,7,425,256
NF,44,583,5,Illite/Muscovite,7,425,256
NF,44,585,7,Plagioclase,13,425,256
NF,44,586,7,Plagioclase,13,425,256
NF,44,587,7,Plagioclase,13,425,256
NF,44,588,7,Plagioclase,13,425,256
NF,44,589,7,Plagioclase,13,425,256
NF,44,590,7,Plagioclase,13,425,256
NF,44,591,7,Plagioclase,13,425,256
NF,44,592,7,Plagioclase,13,425,256
NF,45,151,6,Mg-Carbonate,10,425,256
NF,45,152,6,Mg-Carbonate,10,425,256
NF,45,153,6,Mg-Carbonate,10,425,256
NF,45,154,6,Mg-Carbonate,10,425,256
NF,45,155,6,Mg-Carbonate,10,425,256
NF,45,156,6,Mg-Carbonate,10,425,256
NF,45,157,6,Mg-Carbonate,10,425,256
NF,45,158,6,Mg-Carbonate,10,425,256
NF,45,159,6,Mg-Carbonate,10,425,256
NF,45,160,6,Mg-Carbonate,10,425,256
NF,45,161,6,Mg-Carbonate,10,425,256
NF,45,162,6,Mg-Carbonate,10,425,256
NF,45,163,6,Mg-Carbonate,10,425,256
NF,45,164,6,Mg-Carbonate,10,425,256
NF,45,165,6,Mg-Carbonate,10,425,256
NF,45,166,6,Mg-Carbonate,10,425,256
NF,45,167,6,Mg-Carbonate,10,425,256
NF,45,168,6,Mg-Carbonate,10,425,256
NF,45,169,6,Mg-Carbonate,10,425,256
NF,45,170,6,Mg-Carbonate,10,425,256
NF,45,171,6,Mg-Carbonate,10,425,256
NF,45,172,6,Mg-Carbonate,10,425,256
NF,45,173,6,Mg-Carbonate,10,425,256
NF,45,174,6,Mg-Carbonate,10,425,256
NF,45,175,6,Mg-Carbonate,10,425,256
NF,45,176,6,Mg-Carbonate,10,425,256
NF,45,177,6,Mg-Carbonate,10,425,256
NF,45,178,6,Mg-Carbonate,10,425,256
NF,45,179,6,Mg-Carbonate,10,425,256
NF,45,185,7,Plagioclase,13,425,256
NF,45,186,7,Plagioclase,13,425,256
NF,45,187,7,Plagioclase,13,425,256
NF,45,188,7,Plagioclase,13,425,256
NF,45,189,7,Plagioclase,13,425,256
NF,45,190,7,Plagioclase,13,425,256
NF,45,420,2,Epidote,4,425,256
NF,45,421,2,Epidote,4,425,256
NF,45,422,2,Epidote,4,425,256
NF,45,423,2,Epidote,4,425,256
NF,45,424,2,Epidote,4,425,256
NF,45,425,2,Epidote,4,425,256
NF,45,426,2,Epidote,4,425,256
NF,45,427,2,Epidote,4,425,256
NF,45,428,2,Epidote,4,425,256
NF,45,581,5,Illite/Muscovite,7,425,256
NF,45,582,5,Illite/Muscovite,7,425,256
NF,45,583,5,Illite/Muscovite,7,425,256
NF,45,585,7,Plagioclase,13,425,256
NF,45,586,7,Plagioclase,13,425,256
NF,45,587,7,Plagioclase,13,425,256
NF,45,588,7,Plagioclase,13,425,256
NF,45,589,7,Plagioclase,13,425,256
NF,45,590,7,Plagioclase,13,425,256
NF,45,591,7,Plagioclase,13,425,256
NF,45,592,7,Plagioclase,13,425,256
NF,46,154,6,Mg-Carbonate,10,425,256
NF,46,155,6,Mg-Carbonate,10,425,256
NF,46,156,6,Mg-Carbonate,10,425,256
NF,46,157,6,Mg-Carbonate,10,425,256
NF,46,158,6,Mg-Carbonate,10,425,256
NF,46,159,6,Mg-Carbonate,10,425,256
NF,46,160,6,Mg-Carbonate,10,425,256
NF,46,161,6,Mg-Carbonate,10,425,256
NF,46,162,6,Mg-Carbonate,10,425,256
NF,46,163,6,Mg-Carbonate,10,425,256
NF,46,164,6,Mg-Carbonate,10,425,256
NF,46,165,6,Mg-Carbonate,10,425,256
NF,46,166,6,Mg-Carbonate,10,425,256
NF,46,167,6,Mg-Carbonate,10,425,256
NF,46,168,6,Mg-Carbonate,10,425,256
NF,46,169,6,Mg-Carbonate,10,425,256
NF,46,170,6,Mg-Carbonate,10,425,256
NF,46,171,6,Mg-Carbonate,10,425,256
NF,46,172,6,Mg-Carbonate,10,425,256
NF,46,173,6,Mg-Carbonate,10,425,256
NF,46,174,6,Mg-Carbonate,10,425,256
NF,46,175,6,Mg-Carbonate,10,425,256
NF,46,176,6,Mg-Carbonate,10,425,256
NF,46,177,6,Mg-Carbonate,10,425,256
NF,46,178,6,Mg-Carbonate,10,425,256
NF,46,179,6,Mg-Carbonate,10,425,256
NF,46,186,7,Plagioclase,13,425,256
NF,46,187,7,Plagioclase,13,425,256
NF,46,188,7,Plagioclase,13,425,256
NF,46,189,7,Plagioclase,13,425,256
NF,46,190,7,Plagioclase,13,425,256
NF,46,419,2,Epidote,4,425,256
NF,46,420,2,Epidote,4,425,256
NF,46,421,2,Epidote,4,425,256
NF,46,422,2,Epidote,4,425,256
NF,46,423,2,Epidote,4,425,256
NF,46,424,2,Epidote,4,425,256
NF,46,425,2,Epidote,4,425,256
NF,46,426,2,Epidote,4,425,256
NF,46,427,2,Epidote,4,425,256
NF,46,428,2,Epidote,4,425,256
NF,46,581,5,Illite/Muscovite,7,425,256
NF,46,582,5,Illite/Muscovite,7,425,256
NF,46,583,5,Illite/Muscovite,7,425,256
NF,46,584,7,Plagioclase,13,425,256
NF,46,585,7,Plagioclase,13,425,256
NF,46,586,7,Plagioclase,13,425,256
NF,46,587,7,Plagioclase,13,425,256
NF,46,588,7,Plagioclase,13,425,256
NF,46,589,7,Plagioclase,13,425,256
NF,46,590,7,Plagioclase,13,425,256
NF,46,591,7,Plagioclase,13,425,256
NF,46,592,7,Plagioclase,13,425,256
NF,47,154,6,Mg-Carbonate,10,425,256
NF,47,155,6,Mg-Carbonate,10,425,256
NF,47,156,6,Mg-Carbonate,10,425,256
NF,47,157,6,Mg-Carbonate,10,425,256
NF,47,158,6,Mg-Carbonate,10,425,256
NF,47,159,6,Mg-Carbonate,10,425,256
NF,47,160,6,Mg-Carbonate,10,425,256
NF,47,161,6,Mg-Carbonate,10,425,256
NF,47,162,6,Mg-Carbonate,10,425,256
NF,47,163,6,Mg-Carbonate,10,425,256
NF,47,164,6,Mg-Carbonate,10,425,256
NF,47,165,6,Mg-Carbonate,10,425,256
NF,47,166,6,Mg-Carbonate,10,425,256
NF,47,167,6,Mg-Carbonate,10,425,256
NF,47,168,6,Mg-Carbonate,10,425,256
NF,47,169,6,Mg-Carbonate,10,425,256
NF,47,170,6,Mg-Carbonate,10,425,256
NF,47,171,6,Mg-Carbonate,10,425,256
NF,47,172,6,Mg-Carbonate,10,425,256
NF,47,173,6,Mg-Carbonate,10,425,256
NF,47,174,6,Mg-Carbonate,10,425,256
NF,47,175,6,Mg-Carbonate,10,425,256
NF,47,176,6,Mg-Carbonate,10,425,256
NF,47,177,6,Mg-Carbonate,10,425,256
NF,47,178,6,Mg-Carbonate,10,425,256
NF,47,179,6,Mg-Carbonate,10,425,256
NF,47,186,7,Plagioclase,13,425,256
NF,47,187,7,Plagioclase,13,425,256
NF,47,188,7,Plagioclase,13,425,256
NF,47,189,7,Plagioclase,13,425,256
NF,47,190,7,Plagioclase,13,425,256
NF,47,191,7,Plagioclase,13,425,256
NF,47,419,2,Epidote,4,425,256
NF,47,420,2,Epidote,4,425,256
NF,47,421,2,Epidote,4,425,256
NF,47,422,2,Epidote,4,425,256
NF,47,423,2,Epidote,4,425,256
NF,47,424,2,Epidote,4,425,256
NF,47,425,2,Epidote,4,425,256
NF,47,426,2,Epidote,4,425,256
NF,47,427,2,Epidote,4,425,256
NF,47,581,5,Illite/Muscovite,7,425,256
NF,47,582,5,Illite/Muscovite,7,425,256
NF,47,584,7,Plagioclase,13,425,256
NF,47,585,7,Plagioclase,13,425,256
NF,47,586,7,Plagioclase,13,425,256
NF,47,587,7,Plagioclase,13,425,256
NF,47,588,7,Plagioclase,13,425,256
NF,47,589,7,Plagioclase,13,425,256
NF,47,590,7,Plagioclase,13,425,256
NF,47,591,7,Plagioclase,13,425,256
NF,48,156,6,Mg-Carbonate,10,425,256
NF,48,157,6,Mg-Carbonate,10,425,256
NF,48,158,6,Mg-Carbonate,10,425,256
NF,48,159,6,Mg-Carbonate,10,425,256
NF,48,160,6,Mg-Carbonate,10,425,256
NF,48,161,6,Mg-Carbonate,10,425,256
NF,48,162,6,Mg-Carbonate,10,425,256
NF,48,163,6,Mg-Carbonate,10,425,256
NF,48,164,6,Mg-Carbonate,10,425,256
NF,48,165,6,Mg-Carbonate,10,425,256
NF,48,166,6,Mg-Carbonate,10,425,256
NF,48,167,6,Mg-Carbonate,10,425,256
NF,48,168,6,Mg-Carbonate,10,425,256
NF,48,169,6,Mg-Carbonate,10,425,256
NF,48,170,6,Mg-Carbonate,10,425,256
NF,48,171,6,Mg-Carbonate,10,425,256
NF,48,172,6,Mg-Carbonate,10,425,256
NF,48,173,6,Mg-Carbonate,10,425,256
NF,48,174,6,Mg-Carbonate,10,425,256
NF,48,175,6,Mg-Carbonate,10,425,256
NF,48,176,6,Mg-Carbonate,10,425,256
NF,48,177,6,Mg-Carbonate,10,425,256
NF,48,178,6,Mg-Carbonate,10,425,256
NF,48,179,6,Mg-Carbonate,10,425,256
NF,48,187,7,Plagioclase,13,425,256
NF,48,188,7,Plagioclase,13,425,256
NF,48,189,7,Plagioclase,13,425,256
NF,48,190,7,Plagioclase,13,425,256
NF,48,191,7,Plagioclase,13,425,256
NF,48,418,2,Epidote,4,425,256
NF,48,419,2,Epidote,4,425,256
NF,48,420,2,Epidote,4,425,256
NF,48,421,2,Epidote,4,425,256
NF,48,422,2,Epidote,4,425,256
NF,48,423,2,Epidote,4,425,256
NF,48,424,2,Epidote,4,425,256
NF,48,425,2,Epidote,4,425,256
NF,48,426,2,Epidote,4,425,256
NF,48,427,2,Epidote,4,425,256
NF,48,438,6,Mg-Carbonate,10,425,256
NF,48,439,6,Mg-Carbonate,10,425,256
NF,48,440,6,Mg-Carbonate,10,425,256
NF,48,441,6,Mg-Carbonate,10,425,256
NF,48,442,6,Mg-Carbonate,10,425,256
NF,48,443,6,Mg-Carbonate,10,425,256
NF,48,444,6,Mg-Carbonate,10,425,256
NF,48,445,6,Mg-Carbonate,10,425,256
NF,48,446,6,Mg-Carbonate,10,425,256
NF,48,447,6,Mg-Carbonate,10,425,256
NF,48,448,6,Mg-Carbonate,10,425,256
NF,48,449,6,Mg-Carbonate,10,425,256
NF,48,584,7,Plagioclase,13,425,256
NF,48,585,7,Plagioclase,13,425,256
NF,48,586,7,Plagioclase,13,425,256
NF,48,587,7,Plagioclase,13,425,256
NF,48,588,7,Plagioclase,13,425,256
NF,48,589,7,Plagioclase,13,425,256
NF,49,158,6,Mg-Carbonate,10,425,256
NF,49,159,6,Mg-Carbonate,10,425,256
NF,49,160,6,Mg-Carbonate,10,425,256
NF,49,161,6,Mg-Carbonate,10,425,256
NF,49,162,6,Mg-Carbonate,10,425,256
NF,49,163,6,Mg-Carbonate,10,425,256
NF,49,164,6,Mg-Carbonate,10,425,256
NF,49,165,6,Mg-Carbonate,10,425,256
NF,49,166,6,Mg-Carbonate,10,425,256
NF,49,167,6,Mg-Carbonate,10,425,256
NF,49,168,6,Mg-Carbonate,10,425,256
NF,49,169,6,Mg-Carbonate,10,425,256
NF,49,170,6,Mg-Carbonate,10,425,256
NF,49,171,6,Mg-Carbonate,10,425,256
NF,49,172,6,Mg-Carbonate,10,425,256
NF,49,173,6,Mg-Carbonate,10,425,256
NF,49,174,6,Mg-Carbonate,10,425,256
NF,49,175,6,Mg-Carbonate,10,425,256
NF,49,176,6,Mg-Carbonate,10,425,256
NF,49,177,6,Mg-Carbonate,10,425,256
NF,49,178,6,Mg-Carbonate,10,425,256
NF,49,179,6,Mg-Carbonate,10,425,256
NF,49,187,7,Plagioclase,13,425,256
NF,49,188,7,Plagioclase,13,425,256
NF,49,189,7,Plagioclase,13,425,256
NF,49,190,7,Plagioclase,13,425,256
NF,49,191,7,Plagioclase,13,425,256
NF,49,418,2,Epidote,4,425,256
NF,49,419,2,Epidote,4,425,256
NF,49,420,2,Epidote,4,425,256
NF,49,421,2,Epidote,4,425,256
NF,49,422,2,Epidote,4,425,256
NF,49,423,2,Epidote,4,425,256
NF,49,424,2,Epidote,4,425,256
NF,49,425,2,Epidote,4,425,256
NF,49,426,2,Epidote,4,425,256
NF,49,435,6,Mg-Carbonate,10,425,256
NF,49,436,6,Mg-Carbonate,10,425,256
NF,49,437,6,Mg-Carbonate,10,425,256
NF,49,438,6,Mg-Carbonate,10,425,256
NF,49,439,6,Mg-Carbonate,10,425,256
NF,49,440,6,Mg-Carbonate,10,425,256
NF,49,441,6,Mg-Carbonate,10,425,256
NF,49,442,6,Mg-Carbonate,10,425,256
NF,49,443,6,Mg-Carbonate,10,425,256
NF,49,444,6,Mg-Carbonate,10,425,256
NF,49,445,6,Mg-Carbonate,10,425,256
NF,49,446,6,Mg-Carbonate,10,425,256
NF,49,447,6,Mg-Carbonate,10,425,256
NF,49,448,6,Mg-Carbonate,10,425,256
NF,49,449,6,Mg-Carbonate,10,425,256
NF,49,584,7,Plagioclase,13,425,256
NF,49,585,7,Plagioclase,13,425,256
NF,49,586,7,Plagioclase,13,425,256
NF,49,587,7,Plagioclase,13,425,256
NF,49,588,7,Plagioclase,13,425,256
NF,50,159,6,Mg-Carbonate,10,425,256
NF,50,160,6,Mg-Carbonate,10,425,256
NF,50,161,6,Mg-Carbonate,10,425,256
NF,50,162,6,Mg-Carbonate,10,425,256
NF,50,163,6,Mg-Carbonate,10,425,256
NF,50,164,6,Mg-Carbonate,10,425,256
NF,50,165,6,Mg-Carbonate,10,425,256
NF,50,166,6,Mg-Carbonate,10,425,256
NF,50,167,6,Mg-Carbonate,10,425,256
NF,50,168,6,Mg-Carbonate,10,425,256
NF,50,169,6,Mg-Carbonate,10,425,256
NF,50,170,6,Mg-Carbonate,10,425,256
NF,50,171,6,Mg-Carbonate,10,425,256
NF,50,172,6,Mg-Carbonate,10,425,256
NF,50,173,6,Mg-Carbonate,10,425,256
NF,50,174,6,Mg-Carbonate,10,425,256
NF,50,175,6,Mg-Carbonate,10,425,256
NF,50,176,6,Mg-Carbonate,10,425,256
NF,50,177,6,Mg-Carbonate,10,425,256
NF,50,178,6,Mg-Carbonate,10,425,256
NF,50,179,6,Mg-Carbonate,10,425,256
NF,50,419,2,Epidote,4,425,256
NF,50,420,2,Epidote,4,425,256
NF,50,421,2,Epidote,4,425,256
NF,50,422,2,Epidote,4,425,256
NF,50,423,2,Epidote,4,425,256
NF,50,424,2,Epidote,4,425,256
NF,50,434,6,Mg-Carbonate,10,425,256
NF,50,435,6,Mg-Carbonate,10,425,256
NF,50,436,6,Mg-Carbonate,10,425,256
NF,50,437,6,Mg-Carbonate,10,425,256
NF,50,438,6,Mg-Carbonate,10,425,256
NF,50,439,6,Mg-Carbonate,10,425,256
NF,50,440,6,Mg-Carbonate,10,425,256
NF,50,441,6,Mg-Carbonate,10,425,256
NF,50,442,6,Mg-Carbonate,10,425,256
NF,50,443,6,Mg-Carbonate,10,425,256
NF,50,444,6,Mg-Carbonate,10,425,256
NF,50,445,6,Mg-Carbonate,10,425,256
NF,50,446,6,Mg-Carbonate,10,425,256
NF,50,447,6,Mg-Carbonate,10,425,256
NF,50,448,6,Mg-Carbonate,10,425,256
NF,50,449,6,Mg-Carbonate,10,425,256
NF,50,450,6,Mg-Carbonate,10,425,256
NF,50,451,6,Mg-Carbonate,10,425,256
NF,50,452,6,Mg-Carbonate,10,425,256
NF,50,584,7,Plagioclase,13,425,256
NF,50,585,7,Plagioclase,13,425,256
NF,50,586,7,Plagioclase,13,425,256
NF,50,587,7,Plagioclase,13,425,256
NF,50,588,7,Plagioclase,13,425,256
NF,51,160,6,Mg-Carbonate,10,425,256
NF,51,161,6,Mg-Carbonate,10,425,256
NF,51,162,6,Mg-Carbonate,10,425,256
NF,51,163,6,Mg-Carbonate,10,425,256
NF,51,164,6,Mg-Carbonate,10,425,256
NF,51,165,6,Mg-Carbonate,10,425,256
NF,51,166,6,Mg-Carbonate,10,425,256
NF,51,167,6,Mg-Carbonate,10,425,256
NF,51,168,6,Mg-Carbonate,10,425,256
NF,51,169,6,Mg-Carbonate,10,425,256
NF,51,170,6,Mg-Carbonate,10,425,256
NF,51,171,6,Mg-Carbonate,10,425,256
NF,51,172,6,Mg-Carbonate,10,425,256
NF,51,173,6,Mg-Carbonate,10,425,256
NF,51,174,6,Mg-Carbonate,10,425,256
NF,51,175,6,Mg-Carbonate,10,425,256
NF,51,176,6,Mg-Carbonate,10,425,256
NF,51,177,6,Mg-Carbonate,10,425,256
NF,51,178,6,Mg-Carbonate,10,425,256
NF,51,179,6,Mg-Carbonate,10,425,256
NF,51,421,2,Epidote,4,425,256
NF,51,422,2,Epidote,4,425,256
NF,51,434,6,Mg-Carbonate,10,425,256
NF,51,435,6,Mg-Carbonate,10,425,256
NF,51,436,6,Mg-Carbonate,10,425,256
NF,51,437,6,Mg-Carbonate,10,425,256
NF,51,438,6,Mg-Carbonate,10,425,256
NF,51,439,6,Mg-Carbonate,10,425,256
NF,51,440,6,Mg-Carbonate,10,425,256
NF,51,441,6,Mg-Carbonate,10,425,256
NF,51,442,6,Mg-Carbonate,10,425,256
NF,51,443,6,Mg-Carbonate,10,425,256
NF,51,444,6,Mg-Carbonate,10,425,256
NF,51,445,6,Mg-Carbonate,10,425,256
NF,51,446,6,Mg-Carbonate,10,425,256
NF,51,447,6,Mg-Carbonate,10,425,256
NF,51,448,6,Mg-Carbonate,10,425,256
NF,51,449,6,Mg-Carbonate,10,425,256
NF,51,450,6,Mg-Carbonate,10,425,256
NF,51,451,6,Mg-Carbonate,10,425,256
NF,51,452,6,Mg-Carbonate,10,425,256
NF,51,453,6,Mg-Carbonate,10,425,256
NF,51,454,6,Mg-Carbonate,10,425,256
NF,51,584,7,Plagioclase,13,425,256
NF,51,585,7,Plagioclase,13,425,256
NF,51,586,7,Plagioclase,13,425,256
NF,51,587,7,Plagioclase,13,425,256
NF,51,588,7,Plagioclase,13,425,256
NF,52,162,6,Mg-Carbonate,10,425,256
NF,52,163,6,Mg-Carbonate,10,425,256
NF,52,164,6,Mg-Carbonate,10,425,256
NF,52,165,6,Mg-Carbonate,10,425,256
NF,52,166,6,Mg-Carbonate,10,425,256
NF,52,167,6,Mg-Carbonate,10,425,256
NF,52,168,6,Mg-Carbonate,10,425,256
NF,52,169,6,Mg-Carbonate,10,425,256
NF,52,170,6,Mg-Carbonate,10,425,256
NF,52,171,6,Mg-Carbonate,10,425,256
NF,52,172,6,Mg-Carbonate,10,425,256
NF,52,173,6,Mg-Carbonate,10,425,256
NF,52,174,6,Mg-Carbonate,10,425,256
NF,52,175,6,Mg-Carbonate,10,425,256
NF,52,176,6,Mg-Carbonate,10,425,256
NF,52,177,6,Mg-Carbonate,10,425,256
NF,52,178,6,Mg-Carbonate,10,425,256
NF,52,179,6,Mg-Carbonate,10,425,256
NF,52,434,6,Mg-Carbonate,10,425,256
NF,52,435,6,Mg-Carbonate,10,425,256
NF,52,436,6,Mg-Carbonate,10,425,256
NF,52,437,6,Mg-Carbonate,10,425,256
NF,52,438,6,Mg-Carbonate,10,425,256
NF,52,439,6,Mg-Carbonate,10,425,256
NF,52,440,6,Mg-Carbonate,10,425,256
NF,52,441,6,Mg-Carbonate,10,425,256
NF,52,442,6,Mg-Carbonate,10,425,256
NF,52,443,6,Mg-Carbonate,10,425,256
NF,52,444,6,Mg-Carbonate,10,425,256
NF,52,445,6,Mg-Carbonate,10,425,256
NF,52,446,6,Mg-Carbonate,10,425,256
NF,52,447,6,Mg-Carbonate,10,425,256
NF,52,448,6,Mg-Carbonate,10,425,256
NF,52,449,6,Mg-Carbonate,10,425,256
NF,52,450,6,Mg-Carbonate,10,425,256
NF,52,451,6,Mg-Carbonate,10,425,256
NF,52,452,6,Mg-Carbonate,10,425,256
NF,52,453,6,Mg-Carbonate,10,425,256
NF,52,454,6,Mg-Carbonate,10,425,256
NF,52,455,6,Mg-Carbonate,10,425,256
NF,52,584,7,Plagioclase,13,425,256
NF,52,585,7,Plagioclase,13,425,256
NF,52,586,7,Plagioclase,13,425,256
NF,52,587,7,Plagioclase,13,425,256
NF,52,588,7,Plagioclase,13,425,256
NF,53,163,6,Mg-Carbonate,10,425,256
NF,53,164,6,Mg-Carbonate,10,425,256
NF,53,165,6,Mg-Carbonate,10,425,256
NF,53,166,6,Mg-Carbonate,10,425,256
NF,53,167,6,Mg-Carbonate,10,425,256
NF,53,168,6,Mg-Carbonate,10,425,256
NF,53,169,6,Mg-Carbonate,10,425,256
NF,53,170,6,Mg-Carbonate,10,425,256
NF,53,171,6,Mg-Carbonate,10,425,256
NF,53,172,6,Mg-Carbonate,10,425,256
NF,53,173,6,Mg-Carbonate,10,425,256
NF,53,174,6,Mg-Carbonate,10,425,256
NF,53,175,6,Mg-Carbonate,10,425,256
NF,53,176,6,Mg-Carbonate,10,425,256
NF,53,177,6,Mg-Carbonate,10,425,256
NF,53,178,6,Mg-Carbonate,10,425,256
NF,53,179,6,Mg-Carbonate,10,425,256
NF,53,434,6,Mg-Carbonate,10,425,256
NF,53,435,6,Mg-Carbonate,10,425,256
NF,53,436,6,Mg-Carbonate,10,425,256
NF,53,437,6,Mg-Carbonate,10,425,256
NF,53,438,6,Mg-Carbonate,10,425,256
NF,53,439,6,Mg-Carbonate,10,425,256
NF,53,440,6,Mg-Carbonate,10,425,256
NF,53,441,6,Mg-Carbonate,10,425,256
NF,53,442,6,Mg-Carbonate,10,425,256
NF,53,443,6,Mg-Carbonate,10,425,256
NF,53,444,6,Mg-Carbonate,10,425,256
NF,53,445,6,Mg-Carbonate,10,425,256
NF,53,446,6,Mg-Carbonate,10,425,256
NF,53,447,6,Mg-Carbonate,10,425,256
NF,53,448,6,Mg-Carbonate,10,425,256
NF,53,449,6,Mg-Carbonate,10,425,256
NF,53,450,6,Mg-Carbonate,10,425,256
NF,53,451,6,Mg-Carbonate,10,425,256
NF,53,452,6,Mg-Carbonate,10,425,256
NF,53,453,6,Mg-Carbonate,10,425,256
NF,53,454,6,Mg-Carbonate,10,425,256
NF,53,455,6,Mg-Carbonate,10,425,256
NF,53,456,6,Mg-Carbonate,10,425,256
NF,53,584,7,Plagioclase,13,425,256
NF,53,585,7,Plagioclase,13,425,256
NF,53,586,7,Plagioclase,13,425,256
NF,53,587,7,Plagioclase,13,425,256
NF,53,588,7,Plagioclase,13,425,256
NF,54,164,6,Mg-Carbonate,10,425,256
NF,54,165,6,Mg-Carbonate,10,425,256
NF,54,166,6,Mg-Carbonate,10,425,256
NF,54,167,6,Mg-Carbonate,10,425,256
NF,54,168,6,Mg-Carbonate,10,425,256
NF,54,169,6,Mg-Carbonate,10,425,256
NF,54,170,6,Mg-Carbonate,10,425,256
NF,54,171,6,Mg-Carbonate,10,425,256
NF,54,172,6,Mg-Carbonate,10,425,256
NF,54,173,6,Mg-Carbonate,10,425,256
NF,54,174,6,Mg-Carbonate,10,425,256
NF,54,175,6,Mg-Carbonate,10,425,256
NF,54,176,6,Mg-Carbonate,10,425,256
NF,54,177,6,Mg-Carbonate,10,425,256
NF,54,178,6,Mg-Carbonate,10,425,256
NF,54,434,6,Mg-Carbonate,10,425,256
NF,54,435,6,Mg-Carbonate,10,425,256
NF,54,436,6,Mg-Carbonate,10,425,256
NF,54,437,6,Mg-Carbonate,10,425,256
NF,54,438,6,Mg-Carbonate,10,425,256
NF,54,439,6,Mg-Carbonate,10,425,256
NF,54,440,6,Mg-Carbonate,10,425,256
NF,54,441,6,Mg-Carbonate,10,425,256
NF,54,442,6,Mg-Carbonate,10,425,256
NF,54,443,6,Mg-Carbonate,10,425,256
NF,54,444,6,Mg-Carbonate,10,425,256
NF,54,445,6,Mg-Carbonate,10,425,256
NF,54,446,6,Mg-Carbonate,10,425,256
NF,54,447,6,Mg-Carbonate,10,425,256
NF,54,448,6,Mg-Carbonate,10,425,256
NF,54,449,6,Mg-Carbonate,10,425,256
NF,54,450,6,Mg-Carbonate,10,425,256
NF,54,451,6,Mg-Carbonate,10,425,256
NF,54,452,6,Mg-Carbonate,10,425,256
NF,54,453,6,Mg-Carbonate,10,425,256
NF,54,454,6,Mg-Carbonate,10,425,256
NF,54,455,6,Mg-Carbonate,10,425,256
NF,54,456,6,Mg-Carbonate,10,425,256
NF,54,457,6,Mg-Carbonate,10,425,256
NF,54,584,7,Plagioclase,13,425,256
NF,54,585,7,Plagioclase,13,425,256
NF,54,586,7,Plagioclase,13,425,256
NF,54,587,7,Plagioclase,13,425,256
NF,54,588,7,Plagioclase,13,425,256
NF,55,166,6,Mg-Carbonate,10,425,256
NF,55,167,6,Mg-Carbonate,10,425,256
NF,55,168,6,Mg-Carbonate,10,425,256
NF,55,169,6,Mg-Carbonate,10,425,256
NF,55,170,6,Mg-Carbonate,10,425,256
NF,55,171,6,Mg-Carbonate,10,425,256
NF,55,172,6,Mg-Carbonate,10,425,256
NF,55,173,6,Mg-Carbonate,10,425,256
NF,55,174,6,Mg-Carbonate,10,425,256
NF,55,175,6,Mg-Carbonate,10,425,256
NF,55,176,6,Mg-Carbonate,10,425,256
NF,55,177,6,Mg-Carbonate,10,425,256
NF,55,178,6,Mg-Carbonate,10,425,256
NF,55,189,7,Plagioclase,13,425,256
NF,55,190,7,Plagioclase,13,425,256
NF,55,191,7,Plagioclase,13,425,256
NF,55,192,7,Plagioclase,13,425,256
NF,55,193,7,Plagioclase,13,425,256
NF,55,194,7,Plagioclase,13,425,256
NF,55,195,7,Plagioclase,13,425,256
NF,55,434,6,Mg-Carbonate,10,425,256
NF,55,435,6,Mg-Carbonate,10,425,256
NF,55,436,6,Mg-Carbonate,10,425,256
NF,55,437,6,Mg-Carbonate,10,425,256
NF,55,438,6,Mg-Carbonate,10,425,256
NF,55,439,6,Mg-Carbonate,10,425,256
NF,55,440,6,Mg-Carbonate,10,425,256
NF,55,441,6,Mg-Carbonate,10,425,256
NF,55,442,6,Mg-Carbonate,10,425,256
NF,55,443,6,Mg-Carbonate,10,425,256
NF,55,444,6,Mg-Carbonate,10,425,256
NF,55,445,6,Mg-Carbonate,10,425,256
NF,55,446,6,Mg-Carbonate,10,425,256
NF,55,447,6,Mg-Carbonate,10,425,256
NF,55,448,6,Mg-Carbonate,10,425,256
NF,55,449,6,Mg-Carbonate,10,425,256
NF,55,450,6,Mg-Carbonate,10,425,256
NF,55,451,6,Mg-Carbonate,10,425,256
NF,55,452,6,Mg-Carbonate,10,425,256
NF,55,453,6,Mg-Carbonate,10,425,256
NF,55,454,6,Mg-Carbonate,10,425,256
NF,55,455,6,Mg-Carbonate,10,425,256
NF,55,456,6,Mg-Carbonate,10,425,256
NF,55,457,6,Mg-Carbonate,10,425,256
NF,55,585,7,Plagioclase,13,425,256
NF,55,586,7,Plagioclase,13,425,256
NF,55,587,7,Plagioclase,13,425,256
NF,55,588,7,Plagioclase,13,425,256
NF,56,168,6,Mg-Carbonate,10,425,256
NF,56,169,6,Mg-Carbonate,10,425,256
NF,56,170,6,Mg-Carbonate,10,425,256
NF,56,171,6,Mg-Carbonate,10,425,256
NF,56,172,6,Mg-Carbonate,10,425,256
NF,56,173,6,Mg-Carbonate,10,425,256
NF,56,174,6,Mg-Carbonate,10,425,256
NF,56,175,6,Mg-Carbonate,10,425,256
NF,56,188,7,Plagioclase,13,425,256
NF,56,189,7,Plagioclase,13,425,256
NF,56,190,7,Plagioclase,13,425,256
NF,56,191,7,Plagioclase,13,425,256
NF,56,192,7,Plagioclase,13,425,256
NF,56,193,7,Plagioclase,13,425,256
NF,56,194,7,Plagioclase,13,425,256
NF,56,195,7,Plagioclase,13,425,256
NF,56,196,7,Plagioclase,13,425,256
NF,56,197,7,Plagioclase,13,425,256
NF,56,435,6,Mg-Carbonate,10,425,256
NF,56,436,6,Mg-Carbonate,10,425,256
NF,56,437,6,Mg-Carbonate,10,425,256
NF,56,438,6,Mg-Carbonate,10,425,256
NF,56,439,6,Mg-Carbonate,10,425,256
NF,56,440,6,Mg-Carbonate,10,425,256
NF,56,441,6,Mg-Carbonate,10,425,256
NF,56,442,6,Mg-Carbonate,10,425,256
NF,56,443,6,Mg-Carbonate,10,425,256
NF,56,444,6,Mg-Carbonate,10,425,256
NF,56,445,6,Mg-Carbonate,10,425,256
NF,56,446,6,Mg-Carbonate,10,425,256
NF,56,447,6,Mg-Carbonate,10,425,256
NF,56,448,6,Mg-Carbonate,10,425,256
NF,56,449,6,Mg-Carbonate,10,425,256
NF,56,450,6,Mg-Carbonate,10,425,256
NF,56,451,6,Mg-Carbonate,10,425,256
NF,56,452,6,Mg-Carbonate,10,425,256
NF,56,453,6,Mg-Carbonate,10,425,256
NF,56,454,6,Mg-Carbonate,10,425,256
NF,56,455,6,Mg-Carbonate,10,425,256
NF,56,456,6,Mg-Carbonate,10,425,256
NF,56,457,6,Mg-Carbonate,10,425,256
NF,56,458,6,Mg-Carbonate,10,425,256
NF,56,585,7,Plagioclase,13,425,256
NF,56,586,7,Plagioclase,13,425,256
NF,56,587,7,Plagioclase,13,425,256
NF,56,588,7,Plagioclase,13,425,256
NF,57,169,6,Mg-Carbonate,10,425,256
NF,57,170,6,Mg-Carbonate,10,425,256
NF,57,171,6,Mg-Carbonate,10,425,256
NF,57,172,6,Mg-Carbonate,10,425,256
NF,57,173,6,Mg-Carbonate,10,425,256
NF,57,188,7,Plagioclase,13,425,256
NF,57,189,7,Plagioclase,13,425,256
NF,57,190,7,Plagioclase,13,425,256
NF,57,191,7,Plagioclase,13,425,256
NF,57,192,7,Plagioclase,13,425,256
NF,57,193,7,Plagioclase,13,425,256
NF,57,194,7,Plagioclase,13,425,256
NF,57,195,7,Plagioclase,13,425,256
NF,57,196,7,Plagioclase,13,425,256
NF,57,197,7,Plagioclase,13,425,256
NF,57,198,7,Plagioclase,13,425,256
NF,57,441,6,Mg-Carbonate,10,425,256
NF,57,442,6,Mg-Carbonate,10,425,256
NF,57,443,6,Mg-Carbonate,10,425,256
NF,57,444,6,Mg-Carbonate,10,425,256
NF,57,445,6,Mg-Carbonate,10,425,256
NF,57,446,6,Mg-Carbonate,10,425,256
NF,57,447,6,Mg-Carbonate,10,425,256
NF,57,448,6,Mg-Carbonate,10,425,256
NF,57,449,6,Mg-Carbonate,10,425,256
NF,57,450,6,Mg-Carbonate,10,425,256
NF,57,451,6,Mg-Carbonate,10,425,256
NF,57,452,6,Mg-Carbonate,10,425,256
NF,57,453,6,Mg-Carbonate,10,425,256
NF,57,454,6,Mg-Carbonate,10,425,256
NF,57,455,6,Mg-Carbonate,10,425,256
NF,57,456,6,Mg-Carbonate,10,425,256
NF,57,457,6,Mg-Carbonate,10,425,256
NF,57,458,6,Mg-Carbonate,10,425,256
NF,57,585,7,Plagioclase,13,425,256
NF,57,586,7,Plagioclase,13,425,256
NF,57,587,7,Plagioclase,13,425,256
NF,57,588,7,Plagioclase,13,425,256
NF,58,188,7,Plagioclase,13,425,256
NF,58,189,7,Plagioclase,13,425,256
NF,58,190,7,Plagioclase,13,425,256
NF,58,191,7,Plagioclase,13,425,256
NF,58,192,7,Plagioclase,13,425,256
NF,58,193,7,Plagioclase,13,425,256
NF,58,194,7,Plagioclase,13,425,256
NF,58,195,7,Plagioclase,13,425,256
NF,58,196,7,Plagioclase,13,425,256
NF,58,197,7,Plagioclase,13,425,256
NF,58,198,7,Plagioclase,13,425,256
NF,58,199,7,Plagioclase,13,425,256
NF,58,395,8,Prehnite,14,425,256
NF,58,396,8,Prehnite,14,425,256
NF,58,397,8,Prehnite,14,425,256
NF,58,398,8,Prehnite,14,425,256
NF,58,442,6,Mg-Carbonate,10,425,256
NF,58,443,6,Mg-Carbonate,10,425,256
NF,58,444,6,Mg-Carbonate,10,425,256
NF,58,445,6,Mg-Carbonate,10,425,256
NF,58,446,6,Mg-Carbonate,10,425,256
NF,58,447,6,Mg-Carbonate,10,425,256
NF,58,448,6,Mg-Carbonate,10,425,256
NF,58,449,6,Mg-Carbonate,10,425,256
NF,58,450,6,Mg-Carbonate,10,425,256
NF,58,451,6,Mg-Carbonate,10,425,256
NF,58,452,6,Mg-Carbonate,10,425,256
NF,58,453,6,Mg-Carbonate,10,425,256
NF,58,454,6,Mg-Carbonate,10,425,256
NF,58,455,6,Mg-Carbonate,10,425,256
NF,58,456,6,Mg-Carbonate,10,425,256
NF,58,457,6,Mg-Carbonate,10,425,256
NF,58,458,6,Mg-Carbonate,10,425,256
NF,58,586,7,Plagioclase,13,425,256
NF,58,587,7,Plagioclase,13,425,256
NF,58,588,7,Plagioclase,13,425,256
NF,59,188,7,Plagioclase,13,425,256
NF,59,189,7,Plagioclase,13,425,256
NF,59,190,7,Plagioclase,13,425,256
NF,59,191,7,Plagioclase,13,425,256
NF,59,192,7,Plagioclase,13,425,256
NF,59,193,7,Plagioclase,13,425,256
NF,59,194,7,Plagioclase,13,425,256
NF,59,195,7,Plagioclase,13,425,256
NF,59,196,7,Plagioclase,13,425,256
NF,59,197,7,Plagioclase,13,425,256
NF,59,198,7,Plagioclase,13,425,256
NF,59,199,7,Plagioclase,13,425,256
NF,59,393,8,Prehnite,14,425,256
NF,59,394,8,Prehnite,14,425,256
NF,59,395,8,Prehnite,14,425,256
NF,59,396,8,Prehnite,14,425,256
NF,59,397,8,Prehnite,14,425,256
NF,59,398,8,Prehnite,14,425,256
NF,59,446,6,Mg-Carbonate,10,425,256
NF,59,447,6,Mg-Carbonate,10,425,256
NF,59,448,6,Mg-Carbonate,10,425,256
NF,59,449,6,Mg-Carbonate,10,425,256
NF,59,450,6,Mg-Carbonate,10,425,256
NF,59,451,6,Mg-Carbonate,10,425,256
NF,59,452,6,Mg-Carbonate,10,425,256
NF,59,453,6,Mg-Carbonate,10,425,256
NF,59,454,6,Mg-Carbonate,10,425,256
NF,59,455,6,Mg-Carbonate,10,425,256
NF,59,456,6,Mg-Carbonate,10,425,256
NF,59,457,6,Mg-Carbonate,10,425,256
NF,59,458,6,Mg-Carbonate,10,425,256
NF,59,459,6,Mg-Carbonate,10,425,256
NF,59,586,7,Plagioclase,13,425,256
NF,59,587,7,Plagioclase,13,425,256
NF,59,588,7,Plagioclase,13,425,256
NF,60,152,1,Fe-Olivine,5,425,256
NF,60,153,1,Fe-Olivine,5,425,256
NF,60,154,1,Fe-Olivine,5,425,256
NF,60,155,1,Fe-Olivine,5,425,256
NF,60,188,7,Plagioclase,13,425,256
NF,60,189,7,Plagioclase,13,425,256
NF,60,190,7,Plagioclase,13,425,256
NF,60,191,7,Plagioclase,13,425,256
NF,60,192,7,Plagioclase,13,425,256
NF,60,193,7,Plagioclase,13,425,256
NF,60,194,7,Plagioclase,13,425,256
NF,60,195,7,Plagioclase,13,425,256
NF,60,196,7,Plagioclase,13,425,256
NF,60,197,7,Plagioclase,13,425,256
NF,60,198,7,Plagioclase,13,425,256
NF,60,199,7,Plagioclase,13,425,256
NF,60,392,8,Prehnite,14,425,256
NF,60,393,8,Prehnite,14,425,256
NF,60,394,8,Prehnite,14,425,256
NF,60,395,8,Prehnite,14,425,256
NF,60,396,8,Prehnite,14,425,256
NF,60,397,8,Prehnite,14,425,256
NF,60,398,8,Prehnite,14,425,256
NF,60,446,6,Mg-Carbonate,10,425,256
NF,60,447,6,Mg-Carbonate,10,425,256
NF,60,448,6,Mg-Carbonate,10,425,256
NF,60,449,6,Mg-Carbonate,10,425,256
NF,60,450,6,Mg-Carbonate,10,425,256
NF,60,451,6,Mg-Carbonate,10,425,256
NF,60,452,6,Mg-Carbonate,10,425,256
NF,60,453,6,Mg-Carbonate,10,425,256
NF,60,454,6,Mg-Carbonate,10,425,256
NF,60,455,6,Mg-Carbonate,10,425,256
NF,60,456,6,Mg-Carbonate,10,425,256
NF,60,457,6,Mg-Carbonate,10,425,256
NF,60,458,6,Mg-Carbonate,10,425,256
NF,60,459,6,Mg-Carbonate,10,425,256
NF,60,586,7,Plagioclase,13,425,256
NF,60,587,7,Plagioclase,13,425,256
NF,60,588,7,Plagioclase,13,425,256
NF,60,589,7,Plagioclase,13,425,256
NF,61,152,1,Fe-Olivine,5,425,256
NF,61,153,1,Fe-Olivine,5,425,256
NF,61,154,1,Fe-Olivine,5,425,256
NF,61,155,1,Fe-Olivine,5,425,256
NF,61,156,1,Fe-Olivine,5,425,256
NF,61,157,1,Fe-Olivine,5,425,256
NF,61,189,7,Plagioclase,13,425,256
NF,61,190,7,Plagioclase,13,425,256
NF,61,191,7,Plagioclase,13,425,256
NF,61,192,7,Plagioclase,13,425,256
NF,61,193,7,Plagioclase,13,425,256
NF,61,194,7,Plagioclase,13,425,256
NF,61,195,7,Plagioclase,13,425,256
NF,61,196,7,Plagioclase,13,425,256
NF,61,197,7,Plagioclase,13,425,256
NF,61,198,7,Plagioclase,13,425,256
NF,61,199,7,Plagioclase,13,425,256
NF,61,392,8,Prehnite,14,425,256
NF,61,393,8,Prehnite,14,425,256
NF,61,394,8,Prehnite,14,425,256
NF,61,395,8,Prehnite,14,425,256
NF,61,396,8,Prehnite,14,425,256
NF,61,397,8,Prehnite,14,425,256
NF,61,398,8,Prehnite,14,425,256
NF,61,447,6,Mg-Carbonate,10,425,256
NF,61,448,6,Mg-Carbonate,10,425,256
NF,61,449,6,Mg-Carbonate,10,425,256
NF,61,450,6,Mg-Carbonate,10,425,256
NF,61,451,6,Mg-Carbonate,10,425,256
NF,61,452,6,Mg-Carbonate,10,425,256
NF,61,453,6,Mg-Carbonate,10,425,256
NF,61,454,6,Mg-Carbonate,10,425,256
NF,61,455,6,Mg-Carbonate,10,425,256
NF,61,456,6,Mg-Carbonate,10,425,256
NF,61,457,6,Mg-Carbonate,10,425,256
NF,61,458,6,Mg-Carbonate,10,425,256
NF,61,459,6,Mg-Carbonate,10,425,256
NF,61,586,7,Plagioclase,13,425,256
NF,61,587,7,Plagioclase,13,425,256
NF,61,588,7,Plagioclase,13,425,256
NF,61,589,7,Plagioclase,13,425,256
NF,61,590,7,Plagioclase,13,425,256
NF,62,151,1,Fe-Olivine,5,425,256
NF,62,152,1,Fe-Olivine,5,425,256
NF,62,153,1,Fe-Olivine,5,425,256
NF,62,154,1,Fe-Olivine,5,425,256
NF,62,155,1,Fe-Olivine,5,425,256
NF,62,156,1,Fe-Olivine,5,425,256
NF,62,157,1,Fe-Olivine,5,425,256
NF,62,158,1,Fe-Olivine,5,425,256
NF,62,189,7,Plagioclase,13,425,256
NF,62,190,7,Plagioclase,13,425,256
NF,62,191,7,Plagioclase,13,425,256
NF,62,192,7,Plagioclase,13,425,256
NF,62,193,7,Plagioclase,13,425,256
NF,62,194,7,Plagioclase,13,425,256
NF,62,195,7,Plagioclase,13,425,256
NF,62,196,7,Plagioclase,13,425,256
NF,62,197,7,Plagioclase,13,425,256
NF,62,198,7,Plagioclase,13,425,256
NF,62,199,7,Plagioclase,13,425,256
NF,62,223,7,Plagioclase,13,425,256
NF,62,224,7,Plagioclase,13,425,256
NF,62,261,7,Plagioclase,13,425,256
NF,62,262,7,Plagioclase,13,425,256
NF,62,263,7,Plagioclase,13,425,256
NF,62,264,7,Plagioclase,13,425,256
NF,62,392,8,Prehnite,14,425,256
NF,62,393,8,Prehnite,14,425,256
NF,62,394,8,Prehnite,14,425,256
NF,62,395,8,Prehnite,14,425,256
NF,62,396,8,Prehnite,14,425,256
NF,62,397,8,Prehnite,14,425,256
NF,62,398,8,Prehnite,14,425,256
NF,62,447,6,Mg-Carbonate,10,425,256
NF,62,448,6,Mg-Carbonate,10,425,256
NF,62,449,6,Mg-Carbonate,10,425,256
NF,62,450,6,Mg-Carbonate,10,425,256
NF,62,451,6,Mg-Carbonate,10,425,256
NF,62,452,6,Mg-Carbonate,10,425,256
NF,62,453,6,Mg-Carbonate,10,425,256
NF,62,454,6,Mg-Carbonate,10,425,256
NF,62,455,6,Mg-Carbonate,10,425,256
NF,62,456,6,Mg-Carbonate,10,425,256
NF,62,457,6,Mg-Carbonate,10,425,256
NF,62,458,6,Mg-Carbonate,10,425,256
NF,62,459,6,Mg-Carbonate,10,425,256
NF,62,586,7,Plagioclase,13,425,256
NF,62,587,7,Plagioclase,13,425,256
NF,62,588,7,Plagioclase,13,425,256
NF,62,589,7,Plagioclase,13,425,256
NF,62,590,7,Plagioclase,13,425,256
NF,63,151,1,Fe-Olivine,5,425,256
NF,63,152,1,Fe-Olivine,5,425,256
NF,63,153,1,Fe-Olivine,5,425,256
NF,63,154,1,Fe-Olivine,5,425,256
NF,63,155,1,Fe-Olivine,5,425,256
NF,63,156,1,Fe-Olivine,5,425,256
NF,63,157,1,Fe-Olivine,5,425,256
NF,63,158,1,Fe-Olivine,5,425,256
NF,63,159,1,Fe-Olivine,5,425,256
NF,63,191,7,Plagioclase,13,425,256
NF,63,192,7,Plagioclase,13,425,256
NF,63,193,7,Plagioclase,13,425,256
NF,63,194,7,Plagioclase,13,425,256
NF,63,195,7,Plagioclase,13,425,256
NF,63,196,7,Plagioclase,13,425,256
NF,63,197,7,Plagioclase,13,425,256
NF,63,198,7,Plagioclase,13,425,256
NF,63,223,7,Plagioclase,13,425,256
NF,63,224,7,Plagioclase,13,425,256
NF,63,258,7,Plagioclase,13,425,256
NF,63,259,7,Plagioclase,13,425,256
NF,63,260,7,Plagioclase,13,425,256
NF,63,261,7,Plagioclase,13,425,256
NF,63,262,7,Plagioclase,13,425,256
NF,63,263,7,Plagioclase,13,425,256
NF,63,264,7,Plagioclase,13,425,256
NF,63,393,8,Prehnite,14,425,256
NF,63,394,8,Prehnite,14,425,256
NF,63,395,8,Prehnite,14,425,256
NF,63,396,8,Prehnite,14,425,256
NF,63,397,8,Prehnite,14,425,256
NF,63,398,8,Prehnite,14,425,256
NF,63,447,6,Mg-Carbonate,10,425,256
NF,63,448,6,Mg-Carbonate,10,425,256
NF,63,449,6,Mg-Carbonate,10,425,256
NF,63,450,6,Mg-Carbonate,10,425,256
NF,63,451,6,Mg-Carbonate,10,425,256
NF,63,452,6,Mg-Carbonate,10,425,256
NF,63,453,6,Mg-Carbonate,10,425,256
NF,63,454,6,Mg-Carbonate,10,425,256
NF,63,455,6,Mg-Carbonate,10,425,256
NF,63,456,6,Mg-Carbonate,10,425,256
NF,63,457,6,Mg-Carbonate,10,425,256
NF,63,458,6,Mg-Carbonate,10,425,256
NF,63,459,6,Mg-Carbonate,10,425,256
NF,63,586,7,Plagioclase,13,425,256
NF,63,587,7,Plagioclase,13,425,256
NF,63,588,7,Plagioclase,13,425,256
NF,63,589,7,Plagioclase,13,425,256
NF,63,590,7,Plagioclase,13,425,256
NF,63,591,7,Plagioclase,13,425,256
NF,64,150,1,Fe-Olivine,5,425,256
NF,64,151,1,Fe-Olivine,5,425,256
NF,64,152,1,Fe-Olivine,5,425,256
NF,64,153,1,Fe-Olivine,5,425,256
NF,64,154,1,Fe-Olivine,5,425,256
NF,64,155,1,Fe-Olivine,5,425,256
NF,64,156,1,Fe-Olivine,5,425,256
NF,64,157,1,Fe-Olivine,5,425,256
NF,64,158,1,Fe-Olivine,5,425,256
NF,64,159,1,Fe-Olivine,5,425,256
NF,64,160,1,Fe-Olivine,5,425,256
NF,64,194,7,Plagioclase,13,425,256
NF,64,195,7,Plagioclase,13,425,256
NF,64,196,7,Plagioclase,13,425,256
NF,64,197,7,Plagioclase,13,425,256
NF,64,228,7,Plagioclase,13,425,256
NF,64,229,7,Plagioclase,13,425,256
NF,64,256,7,Plagioclase,13,425,256
NF,64,257,7,Plagioclase,13,425,256
NF,64,258,7,Plagioclase,13,425,256
NF,64,259,7,Plagioclase,13,425,256
NF,64,260,7,Plagioclase,13,425,256
NF,64,261,7,Plagioclase,13,425,256
NF,64,262,7,Plagioclase,13,425,256
NF,64,263,7,Plagioclase,13,425,256
NF,64,264,7,Plagioclase,13,425,256
NF,64,395,8,Prehnite,14,425,256
NF,64,396,8,Prehnite,14,425,256
NF,64,397,8,Prehnite,14,425,256
NF,64,398,8,Prehnite,14,425,256
NF,64,448,6,Mg-Carbonate,10,425,256
NF,64,449,6,Mg-Carbonate,10,425,256
NF,64,450,6,Mg-Carbonate,10,425,256
NF,64,451,6,Mg-Carbonate,10,425,256
NF,64,452,6,Mg-Carbonate,10,425,256
NF,64,453,6,Mg-Carbonate,10,425,256
NF,64,454,6,Mg-Carbonate,10,425,256
NF,64,455,6,Mg-Carbonate,10,425,256
NF,64,456,6,Mg-Carbonate,10,425,256
NF,64,457,6,Mg-Carbonate,10,425,256
NF,64,458,6,Mg-Carbonate,10,425,256
NF,64,459,6,Mg-Carbonate,10,425,256
NF,64,587,7,Plagioclase,13,425,256
NF,64,588,7,Plagioclase,13,425,256
NF,64,589,7,Plagioclase,13,425,256
NF,64,590,7,Plagioclase,13,425,256
NF,64,591,7,Plagioclase,13,425,256
NF,65,150,1,Fe-Olivine,5,425,256
NF,65,151,1,Fe-Olivine,5,425,256
NF,65,152,1,Fe-Olivine,5,425,256
NF,65,153,1,Fe-Olivine,5,425,256
NF,65,154,1,Fe-Olivine,5,425,256
NF,65,155,1,Fe-Olivine,5,425,256
NF,65,156,1,Fe-Olivine,5,425,256
NF,65,157,1,Fe-Olivine,5,425,256
NF,65,158,1,Fe-Olivine,5,425,256
NF,65,159,1,Fe-Olivine,5,425,256
NF,65,160,1,Fe-Olivine,5,425,256
NF,65,161,1,Fe-Olivine,5,425,256
NF,65,162,1,Fe-Olivine,5,425,256
NF,65,163,1,Fe-Olivine,5,425,256
NF,65,164,1,Fe-Olivine,5,425,256
NF,65,165,1,Fe-Olivine,5,425,256
NF,65,166,1,Fe-Olivine,5,425,256
NF,65,167,1,Fe-Olivine,5,425,256
NF,65,228,7,Plagioclase,13,425,256
NF,65,229,7,Plagioclase,13,425,256
NF,65,255,7,Plagioclase,13,425,256
NF,65,256,7,Plagioclase,13,425,256
NF,65,257,7,Plagioclase,13,425,256
NF,65,258,7,Plagioclase,13,425,256
NF,65,259,7,Plagioclase,13,425,256
NF,65,260,7,Plagioclase,13,425,256
NF,65,261,7,Plagioclase,13,425,256
NF,65,262,7,Plagioclase,13,425,256
NF,65,263,7,Plagioclase,13,425,256
NF,65,373,2,Epidote,4,425,256
NF,65,374,2,Epidote,4,425,256
NF,65,375,2,Epidote,4,425,256
NF,65,376,2,Epidote,4,425,256
NF,65,377,2,Epidote,4,425,256
NF,65,448,6,Mg-Carbonate,10,425,256
NF,65,449,6,Mg-Carbonate,10,425,256
NF,65,450,6,Mg-Carbonate,10,425,256
NF,65,451,6,Mg-Carbonate,10,425,256
NF,65,452,6,Mg-Carbonate,10,425,256
NF,65,453,6,Mg-Carbonate,10,425,256
NF,65,454,6,Mg-Carbonate,10,425,256
NF,65,455,6,Mg-Carbonate,10,425,256
NF,65,456,6,Mg-Carbonate,10,425,256
NF,65,457,6,Mg-Carbonate,10,425,256
NF,65,458,6,Mg-Carbonate,10,425,256
NF,65,459,6,Mg-Carbonate,10,425,256
NF,65,587,7,Plagioclase,13,425,256
NF,65,588,7,Plagioclase,13,425,256
NF,65,589,7,Plagioclase,13,425,256
NF,65,590,7,Plagioclase,13,425,256
NF,65,591,7,Plagioclase,13,425,256
NF,66,150,1,Fe-Olivine,5,425,256
NF,66,151,1,Fe-Olivine,5,425,256
NF,66,152,1,Fe-Olivine,5,425,256
NF,66,153,1,Fe-Olivine,5,425,256
NF,66,154,1,Fe-Olivine,5,425,256
NF,66,155,1,Fe-Olivine,5,425,256
NF,66,156,1,Fe-Olivine,5,425,256
NF,66,157,1,Fe-Olivine,5,425,256
NF,66,158,1,Fe-Olivine,5,425,256
NF,66,159,1,Fe-Olivine,5,425,256
NF,66,160,1,Fe-Olivine,5,425,256
NF,66,161,1,Fe-Olivine,5,425,256
NF,66,162,1,Fe-Olivine,5,425,256
NF,66,163,1,Fe-Olivine,5,425,256
NF,66,164,1,Fe-Olivine,5,425,256
NF,66,165,1,Fe-Olivine,5,425,256
NF,66,166,1,Fe-Olivine,5,425,256
NF,66,167,1,Fe-Olivine,5,425,256
NF,66,168,1,Fe-Olivine,5,425,256
NF,66,169,1,Fe-Olivine,5,425,256
NF,66,255,7,Plagioclase,13,425,256
NF,66,256,7,Plagioclase,13,425,256
NF,66,257,7,Plagioclase,13,425,256
NF,66,258,7,Plagioclase,13,425,256
NF,66,259,7,Plagioclase,13,425,256
NF,66,260,7,Plagioclase,13,425,256
NF,66,261,7,Plagioclase,13,425,256
NF,66,262,7,Plagioclase,13,425,256
NF,66,373,2,Epidote,4,425,256
NF,66,374,2,Epidote,4,425,256
NF,66,375,2,Epidote,4,425,256
NF,66,376,2,Epidote,4,425,256
NF,66,377,2,Epidote,4,425,256
NF,66,448,6,Mg-Carbonate,10,425,256
NF,66,449,6,Mg-Carbonate,10,425,256
NF,66,450,6,Mg-Carbonate,10,425,256
NF,66,451,6,Mg-Carbonate,10,425,256
NF,66,452,6,Mg-Carbonate,10,425,256
NF,66,453,6,Mg-Carbonate,10,425,256
NF,66,454,6,Mg-Carbonate,10,425,256
NF,66,455,6,Mg-Carbonate,10,425,256
NF,66,456,6,Mg-Carbonate,10,425,256
NF,66,457,6,Mg-Carbonate,10,425,256
NF,66,458,6,Mg-Carbonate,10,425,256
NF,66,459,6,Mg-Carbonate,10,425,256
NF,66,588,7,Plagioclase,13,425,256
NF,66,589,7,Plagioclase,13,425,256
NF,66,590,7,Plagioclase,13,425,256
NF,66,591,7,Plagioclase,13,425,256
NF,67,150,1,Fe-Olivine,5,425,256
NF,67,151,1,Fe-Olivine,5,425,256
NF,67,152,1,Fe-Olivine,5,425,256
NF,67,153,1,Fe-Olivine,5,425,256
NF,67,154,1,Fe-Olivine,5,425,256
NF,67,155,1,Fe-Olivine,5,425,256
NF,67,156,1,Fe-Olivine,5,425,256
NF,67,157,1,Fe-Olivine,5,425,256
NF,67,158,1,Fe-Olivine,5,425,256
NF,67,159,1,Fe-Olivine,5,425,256
NF,67,160,1,Fe-Olivine,5,425,256
NF,67,161,1,Fe-Olivine,5,425,256
NF,67,162,1,Fe-Olivine,5,425,256
NF,67,163,1,Fe-Olivine,5,425,256
NF,67,164,1,Fe-Olivine,5,425,256
NF,67,165,1,Fe-Olivine,5,425,256
NF,67,166,1,Fe-Olivine,5,425,256
NF,67,167,1,Fe-Olivine,5,425,256
NF,67,168,1,Fe-Olivine,5,425,256
NF,67,169,1,Fe-Olivine,5,425,256
NF,67,170,1,Fe-Olivine,5,425,256
NF,67,237,7,Plagioclase,13,425,256
NF,67,238,7,Plagioclase,13,425,256
NF,67,255,7,Plagioclase,13,425,256
NF,67,256,7,Plagioclase,13,425,256
NF,67,257,7,Plagioclase,13,425,256
NF,67,258,7,Plagioclase,13,425,256
NF,67,259,7,Plagioclase,13,425,256
NF,67,260,7,Plagioclase,13,425,256
NF,67,306,4,Bassanite,2,425,256
NF,67,307,4,Bassanite,2,425,256
NF,67,308,4,Bassanite,2,425,256
NF,67,309,4,Bassanite,2,425,256
NF,67,310,4,Bassanite,2,425,256
NF,67,311,4,Bassanite,2,425,256
NF,67,312,4,Bassanite,2,425,256
NF,67,326,8,Prehnite,14,425,256
NF,67,327,8,Prehnite,14,425,256
NF,67,328,8,Prehnite,14,425,256
NF,67,329,8,Prehnite,14,425,256
NF,67,394,2,Epidote,4,425,256
NF,67,395,2,Epidote,4,425,256
NF,67,396,2,Epidote,4,425,256
NF,67,397,2,Epidote,4,425,256
NF,67,398,2,Epidote,4,425,256
NF,67,448,6,Mg-Carbonate,10,425,256
NF,67,449,6,Mg-Carbonate,10,425,256
NF,67,450,6,Mg-Carbonate,10,425,256
NF,67,451,6,Mg-Carbonate,10,425,256
NF,67,452,6,Mg-Carbonate,10,425,256
NF,67,453,6,Mg-Carbonate,10,425,256
NF,67,454,6,Mg-Carbonate,10,425,256
NF,67,455,6,Mg-Carbonate,10,425,256
NF,67,456,6,Mg-Carbonate,10,425,256
NF,67,457,6,Mg-Carbonate,10,425,256
NF,67,458,6,Mg-Carbonate,10,425,256
NF,67,459,6,Mg-Carbonate,10,425,256
NF,68,151,1,Fe-Olivine,5,425,256
NF,68,152,1,Fe-Olivine,5,425,256
NF,68,153,1,Fe-Olivine,5,425,256
NF,68,154,1,Fe-Olivine,5,425,256
NF,68,155,1,Fe-Olivine,5,425,256
NF,68,156,1,Fe-Olivine,5,425,256
NF,68,157,1,Fe-Olivine,5,425,256
NF,68,158,1,Fe-Olivine,5,425,256
NF,68,159,1,Fe-Olivine,5,425,256
NF,68,160,1,Fe-Olivine,5,425,256
NF,68,161,1,Fe-Olivine,5,425,256
NF,68,162,1,Fe-Olivine,5,425,256
NF,68,163,1,Fe-Olivine,5,425,256
NF,68,164,1,Fe-Olivine,5,425,256
NF,68,165,1,Fe-Olivine,5,425,256
NF,68,166,1,Fe-Olivine,5,425,256
NF,68,167,1,Fe-Olivine,5,425,256
NF,68,168,1,Fe-Olivine,5,425,256
NF,68,169,1,Fe-Olivine,5,425,256
NF,68,170,1,Fe-Olivine,5,425,256
NF,68,171,1,Fe-Olivine,5,425,256
NF,68,172,1,Fe-Olivine,5,425,256
NF,68,237,7,Plagioclase,13,425,256
NF,68,238,7,Plagioclase,13,425,256
NF,68,297,4,Bassanite,2,425,256
NF,68,298,4,Bassanite,2,425,256
NF,68,299,4,Bassanite,2,425,256
NF,68,300,4,Bassanite,2,425,256
NF,68,301,4,Bassanite,2,425,256
NF,68,302,4,Bassanite,2,425,256
NF,68,303,4,Bassanite,2,425,256
NF,68,304,4,Bassanite,2,425,256
NF,68,305,4,Bassanite,2,425,256
NF,68,306,4,Bassanite,2,425,256
NF,68,307,4,Bassanite,2,425,256
NF,68,308,4,Bassanite,2,425,256
NF,68,309,4,Bassanite,2,425,256
NF,68,310,4,Bassanite,2,425,256
NF,68,311,4,Bassanite,2,425,256
NF,68,312,4,Bassanite,2,425,256
NF,68,313,4,Bassanite,2,425,256
NF,68,325,8,Prehnite,14,425,256
NF,68,326,8,Prehnite,14,425,256
NF,68,327,8,Prehnite,14,425,256
NF,68,328,8,Prehnite,14,425,256
NF,68,329,8,Prehnite,14,425,256
NF,68,330,8,Prehnite,14,425,256
NF,68,375,2,Epidote,4,425,256
NF,68,376,2,Epidote,4,425,256
NF,68,377,2,Epidote,4,425,256
NF,68,378,2,Epidote,4,425,256
NF,68,379,2,Epidote,4,425,256
NF,68,380,2,Epidote,4,425,256
NF,68,394,2,Epidote,4,425,256
NF,68,395,2,Epidote,4,425,256
NF,68,396,2,Epidote,4,425,256
NF,68,397,2,Epidote,4,425,256
NF,68,398,2,Epidote,4,425,256
NF,68,448,6,Mg-Carbonate,10,425,256
NF,68,449,6,Mg-Carbonate,10,425,256
NF,68,450,6,Mg-Carbonate,10,425,256
NF,68,451,6,Mg-Carbonate,10,425,256
NF,68,452,6,Mg-Carbonate,10,425,256
NF,68,453,6,Mg-Carbonate,10,425,256
NF,68,454,6,Mg-Carbonate,10,425,256
NF,68,455,6,Mg-Carbonate,10,425,256
NF,68,456,6,Mg-Carbonate,10,425,256
NF,68,457,6,Mg-Carbonate,10,425,256
NF,68,458,6,Mg-Carbonate,10,425,256
NF,68,459,6,Mg-Carbonate,10,425,256
NF,69,151,1,Fe-Olivine,5,425,256
NF,69,152,1,Fe-Olivine,5,425,256
NF,69,153,1,Fe-Olivine,5,425,256
NF,69,154,1,Fe-Olivine,5,425,256
NF,69,155,1,Fe-Olivine,5,425,256
NF,69,156,1,Fe-Olivine,5,425,256
NF,69,157,1,Fe-Olivine,5,425,256
NF,69,158,1,Fe-Olivine,5,425,256
NF,69,159,1,Fe-Olivine,5,425,256
NF,69,160,1,Fe-Olivine,5,425,256
NF,69,161,1,Fe-Olivine,5,425,256
NF,69,162,1,Fe-Olivine,5,425,256
NF,69,163,1,Fe-Olivine,5,425,256
NF,69,164,1,Fe-Olivine,5,425,256
NF,69,165,1,Fe-Olivine,5,425,256
NF,69,166,1,Fe-Olivine,5,425,256
NF,69,167,1,Fe-Olivine,5,425,256
NF,69,168,1,Fe-Olivine,5,425,256
NF,69,169,1,Fe-Olivine,5,425,256
NF,69,170,1,Fe-Olivine,5,425,256
NF,69,171,1,Fe-Olivine,5,425,256
NF,69,172,1,Fe-Olivine,5,425,256
NF,69,173,1,Fe-Olivine,5,425,256
NF,69,174,1,Fe-Olivine,5,425,256
NF,69,289,4,Bassanite,2,425,256
NF,69,290,4,Bassanite,2,425,256
NF,69,291,4,Bassanite,2,425,256
NF,69,292,4,Bassanite,2,425,256
NF,69,293,4,Bassanite,2,425,256
NF,69,294,4,Bassanite,2,425,256
NF,69,295,4,Bassanite,2,425,256
NF,69,296,4,Bassanite,2,425,256
NF,69,297,4,Bassanite,2,425,256
NF,69,298,4,Bassanite,2,425,256
NF,69,299,4,Bassanite,2,425,256
NF,69,300,4,Bassanite,2,425,256
NF,69,301,4,Bassanite,2,425,256
NF,69,302,4,Bassanite,2,425,256
NF,69,303,4,Bassanite,2,425,256
NF,69,304,4,Bassanite,2,425,256
NF,69,305,4,Bassanite,2,425,256
NF,69,306,4,Bassanite,2,425,256
NF,69,307,4,Bassanite,2,425,256
NF,69,308,4,Bassanite,2,425,256
NF,69,309,4,Bassanite,2,425,256
NF,69,310,4,Bassanite,2,425,256
NF,69,311,4,Bassanite,2,425,256
NF,69,312,4,Bassanite,2,425,256
NF,69,313,4,Bassanite,2,425,256
NF,69,325,8,Prehnite,14,425,256
NF,69,326,8,Prehnite,14,425,256
NF,69,327,8,Prehnite,14,425,256
NF,69,328,8,Prehnite,14,425,256
NF,69,329,8,Prehnite,14,425,256
NF,69,330,8,Prehnite,14,425,256
NF,69,331,8,Prehnite,14,425,256
NF,69,375,2,Epidote,4,425,256
NF,69,376,2,Epidote,4,425,256
NF,69,377,2,Epidote,4,425,256
NF,69,378,2,Epidote,4,425,256
NF,69,379,2,Epidote,4,425,256
NF,69,380,2,Epidote,4,425,256
NF,69,448,6,Mg-Carbonate,10,425,256
NF,69,449,6,Mg-Carbonate,10,425,256
NF,69,450,6,Mg-Carbonate,10,425,256
NF,69,451,6,Mg-Carbonate,10,425,256
NF,69,452,6,Mg-Carbonate,10,425,256
NF,69,453,6,Mg-Carbonate,10,425,256
NF,69,454,6,Mg-Carbonate,10,425,256
NF,69,455,6,Mg-Carbonate,10,425,256
NF,69,456,6,Mg-Carbonate,10,425,256
NF,69,457,6,Mg-Carbonate,10,425,256
NF,69,458,6,Mg-Carbonate,10,425,256
NF,69,459,6,Mg-Carbonate,10,425,256
NF,70,151,1,Fe-Olivine,5,425,256
NF,70,152,1,Fe-Olivine,5,425,256
NF,70,153,1,Fe-Olivine,5,425,256
NF,70,154,1,Fe-Olivine,5,425,256
NF,70,155,1,Fe-Olivine,5,425,256
NF,70,156,1,Fe-Olivine,5,425,256
NF,70,157,1,Fe-Olivine,5,425,256
NF,70,158,1,Fe-Olivine,5,425,256
NF,70,159,1,Fe-Olivine,5,425,256
NF,70,160,1,Fe-Olivine,5,425,256
NF,70,161,1,Fe-Olivine,5,425,256
NF,70,162,1,Fe-Olivine,5,425,256
NF,70,163,1,Fe-Olivine,5,425,256
NF,70,164,1,Fe-Olivine,5,425,256
NF,70,165,1,Fe-Olivine,5,425,256
NF,70,166,1,Fe-Olivine,5,425,256
NF,70,167,1,Fe-Olivine,5,425,256
NF,70,168,1,Fe-Olivine,5,425,256
NF,70,169,1,Fe-Olivine,5,425,256
NF,70,170,1,Fe-Olivine,5,425,256
NF,70,171,1,Fe-Olivine,5,425,256
NF,70,172,1,Fe-Olivine,5,425,256
NF,70,173,1,Fe-Olivine,5,425,256
NF,70,174,1,Fe-Olivine,5,425,256
NF,70,175,1,Fe-Olivine,5,425,256
NF,70,176,1,Fe-Olivine,5,425,256
NF,70,177,1,Fe-Olivine,5,425,256
NF,70,240,7,Plagioclase,13,425,256
NF,70,241,7,Plagioclase,13,425,256
NF,70,242,7,Plagioclase,13,425,256
NF,70,243,7,Plagioclase,13,425,256
NF,70,244,7,Plagioclase,13,425,256
NF,70,245,7,Plagioclase,13,425,256
NF,70,246,7,Plagioclase,13,425,256
NF,70,286,4,Bassanite,2,425,256
NF,70,287,4,Bassanite,2,425,256
NF,70,288,4,Bassanite,2,425,256
NF,70,289,4,Bassanite,2,425,256
NF,70,290,4,Bassanite,2,425,256
NF,70,291,4,Bassanite,2,425,256
NF,70,292,4,Bassanite,2,425,256
NF,70,293,4,Bassanite,2,425,256
NF,70,294,4,Bassanite,2,425,256
NF,70,295,4,Bassanite,2,425,256
NF,70,296,4,Bassanite,2,425,256
NF,70,297,4,Bassanite,2,425,256
NF,70,298,4,Bassanite,2,425,256
NF,70,299,4,Bassanite,2,425,256
NF,70,300,4,Bassanite,2,425,256
NF,70,301,4,Bassanite,2,425,256
NF,70,302,4,Bassanite,2,425,256
NF,70,303,4,Bassanite,2,425,256
NF,70,304,4,Bassanite,2,425,256
NF,70,305,4,Bassanite,2,425,256
NF,70,306,4,Bassanite,2,425,256
NF,70,307,4,Bassanite,2,425,256
NF,70,308,4,Bassanite,2,425,256
NF,70,309,4,Bassanite,2,425,256
NF,70,310,4,Bassanite,2,425,256
NF,70,311,4,Bassanite,2,425,256
NF,70,312,4,Bassanite,2,425,256
NF,70,313,4,Bassanite,2,425,256
NF,70,325,8,Prehnite,14,425,256
NF,70,326,8,Prehnite,14,425,256
NF,70,327,8,Prehnite,14,425,256
NF,70,328,8,Prehnite,14,425,256
NF,70,329,8,Prehnite,14,425,256
NF,70,330,8,Prehnite,14,425,256
NF,70,331,8,Prehnite,14,425,256
NF,70,448,6,Mg-Carbonate,10,425,256
NF,70,449,6,Mg-Carbonate,10,425,256
NF,70,450,6,Mg-Carbonate,10,425,256
NF,70,451,6,Mg-Carbonate,10,425,256
NF,70,452,6,Mg-Carbonate,10,425,256
NF,70,453,6,Mg-Carbonate,10,425,256
NF,70,454,6,Mg-Carbonate,10,425,256
NF,70,455,6,Mg-Carbonate,10,425,256
NF,70,456,6,Mg-Carbonate,10,425,256
NF,70,457,6,Mg-Carbonate,10,425,256
NF,70,458,6,Mg-Carbonate,10,425,256
NF,70,459,6,Mg-Carbonate,10,425,256
NF,71,152,1,Fe-Olivine,5,425,256
NF,71,153,1,Fe-Olivine,5,425,256
NF,71,154,1,Fe-Olivine,5,425,256
NF,71,155,1,Fe-Olivine,5,425,256
NF,71,156,1,Fe-Olivine,5,425,256
NF,71,157,1,Fe-Olivine,5,425,256
NF,71,158,1,Fe-Olivine,5,425,256
NF,71,159,1,Fe-Olivine,5,425,256
NF,71,160,1,Fe-Olivine,5,425,256
NF,71,161,1,Fe-Olivine,5,425,256
NF,71,162,1,Fe-Olivine,5,425,256
NF,71,163,1,Fe-Olivine,5,425,256
NF,71,164,1,Fe-Olivine,5,425,256
NF,71,165,1,Fe-Olivine,5,425,256
NF,71,166,1,Fe-Olivine,5,425,256
NF,71,167,1,Fe-Olivine,5,425,256
NF,71,168,1,Fe-Olivine,5,425,256
NF,71,169,1,Fe-Olivine,5,425,256
NF,71,170,1,Fe-Olivine,5,425,256
NF,71,171,1,Fe-Olivine,5,425,256
NF,71,172,1,Fe-Olivine,5,425,256
NF,71,173,1,Fe-Olivine,5,425,256
NF,71,174,1,Fe-Olivine,5,425,256
NF,71,175,1,Fe-Olivine,5,425,256
NF,71,176,1,Fe-Olivine,5,425,256
NF,71,177,1,Fe-Olivine,5,425,256
NF,71,178,1,Fe-Olivine,5,425,256
NF,71,179,1,Fe-Olivine,5,425,256
NF,71,180,1,Fe-Olivine,5,425,256
NF,71,181,1,Fe-Olivine,5,425,256
NF,71,239,7,Plagioclase,13,425,256
NF,71,240,7,Plagioclase,13,425,256
NF,71,241,7,Plagioclase,13,425,256
NF,71,242,7,Plagioclase,13,425,256
NF,71,243,7,Plagioclase,13,425,256
NF,71,244,7,Plagioclase,13,425,256
NF,71,245,7,Plagioclase,13,425,256
NF,71,246,7,Plagioclase,13,425,256
NF,71,247,7,Plagioclase,13,425,256
NF,71,248,7,Plagioclase,13,425,256
NF,71,249,7,Plagioclase,13,425,256
NF,71,250,7,Plagioclase,13,425,256
NF,71,285,4,Bassanite,2,425,256
NF,71,286,4,Bassanite,2,425,256
NF,71,287,4,Bassanite,2,425,256
NF,71,288,4,Bassanite,2,425,256
NF,71,289,4,Bassanite,2,425,256
NF,71,290,4,Bassanite,2,425,256
NF,71,291,4,Bassanite,2,425,256
NF,71,292,4,Bassanite,2,425,256
NF,71,293,4,Bassanite,2,425,256
NF,71,294,4,Bassanite,2,425,256
NF,71,295,4,Bassanite,2,425,256
NF,71,296,4,Bassanite,2,425,256
NF,71,297,4,Bassanite,2,425,256
NF,71,298,4,Bassanite,2,425,256
NF,71,299,4,Bassanite,2,425,256
NF,71,300,4,Bassanite,2,425,256
NF,71,301,4,Bassanite,2,425,256
NF,71,302,4,Bassanite,2,425,256
NF,71,303,4,Bassanite,2,425,256
NF,71,304,4,Bassanite,2,425,256
NF,71,305,4,Bassanite,2,425,256
NF,71,306,4,Bassanite,2,425,256
NF,71,307,4,Bassanite,2,425,256
NF,71,308,4,Bassanite,2,425,256
NF,71,309,4,Bassanite,2,425,256
NF,71,310,4,Bassanite,2,425,256
NF,71,311,4,Bassanite,2,425,256
NF,71,312,4,Bassanite,2,425,256
NF,71,313,4,Bassanite,2,425,256
NF,71,325,8,Prehnite,14,425,256
NF,71,326,8,Prehnite,14,425,256
NF,71,327,8,Prehnite,14,425,256
NF,71,328,8,Prehnite,14,425,256
NF,71,329,8,Prehnite,14,425,256
NF,71,330,8,Prehnite,14,425,256
NF,71,331,8,Prehnite,14,425,256
NF,71,448,6,Mg-Carbonate,10,425,256
NF,71,449,6,Mg-Carbonate,10,425,256
NF,71,450,6,Mg-Carbonate,10,425,256
NF,71,451,6,Mg-Carbonate,10,425,256
NF,71,452,6,Mg-Carbonate,10,425,256
NF,71,453,6,Mg-Carbonate,10,425,256
NF,71,454,6,Mg-Carbonate,10,425,256
NF,71,455,6,Mg-Carbonate,10,425,256
NF,71,456,6,Mg-Carbonate,10,425,256
NF,71,457,6,Mg-Carbonate,10,425,256
NF,71,458,6,Mg-Carbonate,10,425,256
NF,71,459,6,Mg-Carbonate,10,425,256
NF,72,154,1,Fe-Olivine,5,425,256
NF,72,155,1,Fe-Olivine,5,425,256
NF,72,156,1,Fe-Olivine,5,425,256
NF,72,157,1,Fe-Olivine,5,425,256
NF,72,158,1,Fe-Olivine,5,425,256
NF,72,159,1,Fe-Olivine,5,425,256
NF,72,160,1,Fe-Olivine,5,425,256
NF,72,161,1,Fe-Olivine,5,425,256
NF,72,162,1,Fe-Olivine,5,425,256
NF,72,163,1,Fe-Olivine,5,425,256
NF,72,164,1,Fe-Olivine,5,425,256
NF,72,165,1,Fe-Olivine,5,425,256
NF,72,166,1,Fe-Olivine,5,425,256
NF,72,167,1,Fe-Olivine,5,425,256
NF,72,168,1,Fe-Olivine,5,425,256
NF,72,169,1,Fe-Olivine,5,425,256
NF,72,170,1,Fe-Olivine,5,425,256
NF,72,171,1,Fe-Olivine,5,425,256
NF,72,172,1,Fe-Olivine,5,425,256
NF,72,173,1,Fe-Olivine,5,425,256
NF,72,174,1,Fe-Olivine,5,425,256
NF,72,175,1,Fe-Olivine,5,425,256
NF,72,176,1,Fe-Olivine,5,425,256
NF,72,177,1,Fe-Olivine,5,425,256
NF,72,178,1,Fe-Olivine,5,425,256
NF,72,179,1,Fe-Olivine,5,425,256
NF,72,180,1,Fe-Olivine,5,425,256
NF,72,181,1,Fe-Olivine,5,425,256
NF,72,182,1,Fe-Olivine,5,425,256
NF,72,183,1,Fe-Olivine,5,425,256
NF,72,240,7,Plagioclase,13,425,256
NF,72,241,7,Plagioclase,13,425,256
NF,72,242,7,Plagioclase,13,425,256
NF,72,243,7,Plagioclase,13,425,256
NF,72,244,7,Plagioclase,13,425,256
NF,72,245,7,Plagioclase,13,425,256
NF,72,246,7,Plagioclase,13,425,256
NF,72,247,7,Plagioclase,13,425,256
NF,72,248,7,Plagioclase,13,425,256
NF,72,249,7,Plagioclase,13,425,256
NF,72,250,7,Plagioclase,13,425,256
NF,72,251,7,Plagioclase,13,425,256
NF,72,283,4,Bassanite,2,425,256
NF,72,284,4,Bassanite,2,425,256
NF,72,285,4,Bassanite,2,425,256
NF,72,286,4,Bassanite,2,425,256
NF,72,287,4,Bassanite,2,425,256
NF,72,288,4,Bassanite,2,425,256
NF,72,289,4,Bassanite,2,425,256
NF,72,290,4,Bassanite,2,425,256
NF,72,291,4,Bassanite,2,425,256
NF,72,292,4,Bassanite,2,425,256
NF,72,293,4,Bassanite,2,425,256
NF,72,294,4,Bassanite,2,425,256
NF,72,295,4,Bassanite,2,425,256
NF,72,296,4,Bassanite,2,425,256
NF,72,297,4,Bassanite,2,425,256
NF,72,298,4,Bassanite,2,425,256
NF,72,299,4,Bassanite,2,425,256
NF,72,300,4,Bassanite,2,425,256
NF,72,301,4,Bassanite,2,425,256
NF,72,302,4,Bassanite,2,425,256
NF,72,303,4,Bassanite,2,425,256
NF,72,304,4,Bassanite,2,425,256
NF,72,305,4,Bassanite,2,425,256
NF,72,306,4,Bassanite,2,425,256
NF,72,307,4,Bassanite,2,425,256
NF,72,308,4,Bassanite,2,425,256
NF,72,309,4,Bassanite,2,425,256
NF,72,310,4,Bassanite,2,425,256
NF,72,311,4,Bassanite,2,425,256
NF,72,312,4,Bassanite,2,425,256
NF,72,327,8,Prehnite,14,425,256
NF,72,328,8,Prehnite,14,425,256
NF,72,329,8,Prehnite,14,425,256
NF,72,330,8,Prehnite,14,425,256
NF,72,331,8,Prehnite,14,425,256
NF,72,448,6,Mg-Carbonate,10,425,256
NF,72,449,6,Mg-Carbonate,10,425,256
NF,72,450,6,Mg-Carbonate,10,425,256
NF,72,451,6,Mg-Carbonate,10,425,256
NF,72,452,6,Mg-Carbonate,10,425,256
NF,72,453,6,Mg-Carbonate,10,425,256
NF,72,454,6,Mg-Carbonate,10,425,256
NF,72,455,6,Mg-Carbonate,10,425,256
NF,72,456,6,Mg-Carbonate,10,425,256
NF,72,457,6,Mg-Carbonate,10,425,256
NF,72,458,6,Mg-Carbonate,10,425,256
NF,72,459,6,Mg-Carbonate,10,425,256
NF,73,156,1,Fe-Olivine,5,425,256
NF,73,157,1,Fe-Olivine,5,425,256
NF,73,158,1,Fe-Olivine,5,425,256
NF,73,159,1,Fe-Olivine,5,425,256
NF,73,160,1,Fe-Olivine,5,425,256
NF,73,161,1,Fe-Olivine,5,425,256
NF,73,162,1,Fe-Olivine,5,425,256
NF,73,163,1,Fe-Olivine,5,425,256
NF,73,164,1,Fe-Olivine,5,425,256
NF,73,165,1,Fe-Olivine,5,425,256
NF,73,166,1,Fe-Olivine,5,425,256
NF,73,167,1,Fe-Olivine,5,425,256
NF,73,168,1,Fe-Olivine,5,425,256
NF,73,169,1,Fe-Olivine,5,425,256
NF,73,170,1,Fe-Olivine,5,425,256
NF,73,171,1,Fe-Olivine,5,425,256
NF,73,172,1,Fe-Olivine,5,425,256
NF,73,173,1,Fe-Olivine,5,425,256
NF,73,174,1,Fe-Olivine,5,425,256
NF,73,175,1,Fe-Olivine,5,425,256
NF,73,176,1,Fe-Olivine,5,425,256
NF,73,177,1,Fe-Olivine,5,425,256
NF,73,178,1,Fe-Olivine,5,425,256
NF,73,179,1,Fe-Olivine,5,425,256
NF,73,180,1,Fe-Olivine,5,425,256
NF,73,181,1,Fe-Olivine,5,425,256
NF,73,182,1,Fe-Olivine,5,425,256
NF,73,183,1,Fe-Olivine,5,425,256
NF,73,184,1,Fe-Olivine,5,425,256
NF,73,241,7,Plagioclase,13,425,256
NF,73,242,7,Plagioclase,13,425,256
NF,73,243,7,Plagioclase,13,425,256
NF,73,244,7,Plagioclase,13,425,256
NF,73,245,7,Plagioclase,13,425,256
NF,73,246,7,Plagioclase,13,425,256
NF,73,247,7,Plagioclase,13,425,256
NF,73,248,7,Plagioclase,13,425,256
NF,73,249,7,Plagioclase,13,425,256
NF,73,250,7,Plagioclase,13,425,256
NF,73,251,7,Plagioclase,13,425,256
NF,73,282,4,Bassanite,2,425,256
NF,73,283,4,Bassanite,2,425,256
NF,73,284,4,Bassanite,2,425,256
NF,73,285,4,Bassanite,2,425,256
NF,73,286,4,Bassanite,2,425,256
NF,73,287,4,Bassanite,2,425,256
NF,73,288,4,Bassanite,2,425,256
NF,73,289,4,Bassanite,2,425,256
NF,73,290,4,Bassanite,2,425,256
NF,73,291,4,Bassanite,2,425,256
NF,73,292,4,Bassanite,2,425,256
NF,73,293,4,Bassanite,2,425,256
NF,73,294,4,Bassanite,2,425,256
NF,73,295,4,Bassanite,2,425,256
NF,73,296,4,Bassanite,2,425,256
NF,73,297,4,Bassanite,2,425,256
NF,73,298,4,Bassanite,2,425,256
NF,73,299,4,Bassanite,2,425,256
NF,73,300,4,Bassanite,2,425,256
NF,73,301,4,Bassanite,2,425,256
NF,73,302,4,Bassanite,2,425,256
NF,73,303,4,Bassanite,2,425,256
NF,73,304,4,Bassanite,2,425,256
NF,73,305,4,Bassanite,2,425,256
NF,73,306,4,Bassanite,2,425,256
NF,73,307,4,Bassanite,2,425,256
NF,73,308,4,Bassanite,2,425,256
NF,73,309,4,Bassanite,2,425,256
NF,73,310,4,Bassanite,2,425,256
NF,73,448,6,Mg-Carbonate,10,425,256
NF,73,449,6,Mg-Carbonate,10,425,256
NF,73,450,6,Mg-Carbonate,10,425,256
NF,73,451,6,Mg-Carbonate,10,425,256
NF,73,452,6,Mg-Carbonate,10,425,256
NF,73,453,6,Mg-Carbonate,10,425,256
NF,73,454,6,Mg-Carbonate,10,425,256
NF,73,455,6,Mg-Carbonate,10,425,256
NF,73,456,6,Mg-Carbonate,10,425,256
NF,73,457,6,Mg-Carbonate,10,425,256
NF,73,458,6,Mg-Carbonate,10,425,256
NF,73,459,6,Mg-Carbonate,10,425,256
NF,74,158,1,Fe-Olivine,5,425,256
NF,74,159,1,Fe-Olivine,5,425,256
NF,74,160,1,Fe-Olivine,5,425,256
NF,74,161,1,Fe-Olivine,5,425,256
NF,74,162,1,Fe-Olivine,5,425,256
NF,74,163,1,Fe-Olivine,5,425,256
NF,74,164,1,Fe-Olivine,5,425,256
NF,74,165,1,Fe-Olivine,5,425,256
NF,74,166,1,Fe-Olivine,5,425,256
NF,74,167,1,Fe-Olivine,5,425,256
NF,74,168,1,Fe-Olivine,5,425,256
NF,74,169,1,Fe-Olivine,5,425,256
NF,74,170,1,Fe-Olivine,5,425,256
NF,74,171,1,Fe-Olivine,5,425,256
NF,74,172,1,Fe-Olivine,5,425,256
NF,74,173,1,Fe-Olivine,5,425,256
NF,74,174,1,Fe-Olivine,5,425,256
NF,74,175,1,Fe-Olivine,5,425,256
NF,74,176,1,Fe-Olivine,5,425,256
NF,74,177,1,Fe-Olivine,5,425,256
NF,74,178,1,Fe-Olivine,5,425,256
NF,74,179,1,Fe-Olivine,5,425,256
NF,74,180,1,Fe-Olivine,5,425,256
NF,74,181,1,Fe-Olivine,5,425,256
NF,74,182,1,Fe-Olivine,5,425,256
NF,74,183,1,Fe-Olivine,5,425,256
NF,74,184,1,Fe-Olivine,5,425,256
NF,74,185,1,Fe-Olivine,5,425,256
NF,74,186,1,Fe-Olivine,5,425,256
NF,74,241,7,Plagioclase,13,425,256
NF,74,242,7,Plagioclase,13,425,256
NF,74,243,7,Plagioclase,13,425,256
NF,74,244,7,Plagioclase,13,425,256
NF,74,245,7,Plagioclase,13,425,256
NF,74,246,7,Plagioclase,13,425,256
NF,74,247,7,Plagioclase,13,425,256
NF,74,248,7,Plagioclase,13,425,256
NF,74,249,7,Plagioclase,13,425,256
NF,74,250,7,Plagioclase,13,425,256
NF,74,251,7,Plagioclase,13,425,256
NF,74,276,4,Bassanite,2,425,256
NF,74,277,4,Bassanite,2,425,256
NF,74,278,4,Bassanite,2,425,256
NF,74,281,4,Bassanite,2,425,256
NF,74,282,4,Bassanite,2,425,256
NF,74,283,4,Bassanite,2,425,256
NF,74,284,4,Bassanite,2,425,256
NF,74,285,4,Bassanite,2,425,256
NF,74,286,4,Bassanite,2,425,256
NF,74,287,4,Bassanite,2,425,256
NF,74,288,4,Bassanite,2,425,256
NF,74,289,4,Bassanite,2,425,256
NF,74,290,4,Bassanite,2,425,256
NF,74,291,4,Bassanite,2,425,256
NF,74,292,4,Bassanite,2,425,256
NF,74,293,4,Bassanite,2,425,256
NF,74,294,4,Bassanite,2,425,256
NF,74,295,4,Bassanite,2,425,256
NF,74,296,4,Bassanite,2,425,256
NF,74,297,4,Bassanite,2,425,256
NF,74,298,4,Bassanite,2,425,256
NF,74,299,4,Bassanite,2,425,256
NF,74,300,4,Bassanite,2,425,256
NF,74,301,4,Bassanite,2,425,256
NF,74,302,4,Bassanite,2,425,256
NF,74,303,4,Bassanite,2,425,256
NF,74,304,4,Bassanite,2,425,256
NF,74,305,4,Bassanite,2,425,256
NF,74,306,4,Bassanite,2,425,256
NF,74,307,4,Bassanite,2,425,256
NF,74,308,4,Bassanite,2,425,256
NF,74,448,6,Mg-Carbonate,10,425,256
NF,74,449,6,Mg-Carbonate,10,425,256
NF,74,450,6,Mg-Carbonate,10,425,256
NF,74,451,6,Mg-Carbonate,10,425,256
NF,74,452,6,Mg-Carbonate,10,425,256
NF,74,453,6,Mg-Carbonate,10,425,256
NF,74,454,6,Mg-Carbonate,10,425,256
NF,74,455,6,Mg-Carbonate,10,425,256
NF,74,456,6,Mg-Carbonate,10,425,256
NF,74,457,6,Mg-Carbonate,10,425,256
NF,74,458,6,Mg-Carbonate,10,425,256
NF,75,160,1,Fe-Olivine,5,425,256
NF,75,161,1,Fe-Olivine,5,425,256
NF,75,162,1,Fe-Olivine,5,425,256
NF,75,163,1,Fe-Olivine,5,425,256
NF,75,164,1,Fe-Olivine,5,425,256
NF,75,165,1,Fe-Olivine,5,425,256
NF,75,166,1,Fe-Olivine,5,425,256
NF,75,167,1,Fe-Olivine,5,425,256
NF,75,168,1,Fe-Olivine,5,425,256
NF,75,169,1,Fe-Olivine,5,425,256
NF,75,170,1,Fe-Olivine,5,425,256
NF,75,171,1,Fe-Olivine,5,425,256
NF,75,172,1,Fe-Olivine,5,425,256
NF,75,173,1,Fe-Olivine,5,425,256
NF,75,174,1,Fe-Olivine,5,425,256
NF,75,175,1,Fe-Olivine,5,425,256
NF,75,176,1,Fe-Olivine,5,425,256
NF,75,177,1,Fe-Olivine,5,425,256
NF,75,178,1,Fe-Olivine,5,425,256
NF,75,179,1,Fe-Olivine,5,425,256
NF,75,180,1,Fe-Olivine,5,425,256
NF,75,181,1,Fe-Olivine,5,425,256
NF,75,182,1,Fe-Olivine,5,425,256
NF,75,183,1,Fe-Olivine,5,425,256
NF,75,184,1,Fe-Olivine,5,425,256
NF,75,185,1,Fe-Olivine,5,425,256
NF,75,186,1,Fe-Olivine,5,425,256
NF,75,187,1,Fe-Olivine,5,425,256
NF,75,188,1,Fe-Olivine,5,425,256
NF,75,242,7,Plagioclase,13,425,256
NF,75,243,7,Plagioclase,13,425,256
NF,75,244,7,Plagioclase,13,425,256
NF,75,245,7,Plagioclase,13,425,256
NF,75,246,7,Plagioclase,13,425,256
NF,75,247,7,Plagioclase,13,425,256
NF,75,248,7,Plagioclase,13,425,256
NF,75,249,7,Plagioclase,13,425,256
NF,75,250,7,Plagioclase,13,425,256
NF,75,251,7,Plagioclase,13,425,256
NF,75,274,4,Bassanite,2,425,256
NF,75,275,4,Bassanite,2,425,256
NF,75,276,4,Bassanite,2,425,256
NF,75,277,4,Bassanite,2,425,256
NF,75,278,4,Bassanite,2,425,256
NF,75,279,4,Bassanite,2,425,256
NF,75,280,4,Bassanite,2,425,256
NF,75,281,4,Bassanite,2,425,256
NF,75,282,4,Bassanite,2,425,256
NF,75,283,4,Bassanite,2,425,256
NF,75,284,4,Bassanite,2,425,256
NF,75,285,4,Bassanite,2,425,256
NF,75,286,4,Bassanite,2,425,256
NF,75,287,4,Bassanite,2,425,256
NF,75,288,4,Bassanite,2,425,256
NF,75,289,4,Bassanite,2,425,256
NF,75,290,4,Bassanite,2,425,256
NF,75,291,4,Bassanite,2,425,256
NF,75,292,4,Bassanite,2,425,256
NF,75,293,4,Bassanite,2,425,256
NF,75,294,4,Bassanite,2,425,256
NF,75,295,4,Bassanite,2,425,256
NF,75,296,4,Bassanite,2,425,256
NF,75,297,4,Bassanite,2,425,256
NF,75,298,4,Bassanite,2,425,256
NF,75,299,4,Bassanite,2,425,256
NF,75,300,4,Bassanite,2,425,256
NF,75,301,4,Bassanite,2,425,256
NF,75,302,4,Bassanite,2,425,256
NF,75,303,4,Bassanite,2,425,256
NF,75,304,4,Bassanite,2,425,256
NF,75,305,4,Bassanite,2,425,256
NF,75,383,6,Mg-Carbonate,10,425,256
NF,75,384,6,Mg-Carbonate,10,425,256
NF,75,385,6,Mg-Carbonate,10,425,256
NF,75,386,6,Mg-Carbonate,10,425,256
NF,75,387,6,Mg-Carbonate,10,425,256
NF,75,388,6,Mg-Carbonate,10,425,256
NF,75,389,6,Mg-Carbonate,10,425,256
NF,75,448,6,Mg-Carbonate,10,425,256
NF,75,449,6,Mg-Carbonate,10,425,256
NF,75,450,6,Mg-Carbonate,10,425,256
NF,75,451,6,Mg-Carbonate,10,425,256
NF,75,452,6,Mg-Carbonate,10,425,256
NF,75,453,6,Mg-Carbonate,10,425,256
NF,75,454,6,Mg-Carbonate,10,425,256
NF,75,455,6,Mg-Carbonate,10,425,256
NF,75,456,6,Mg-Carbonate,10,425,256
NF,75,457,6,Mg-Carbonate,10,425,256
NF,76,162,1,Fe-Olivine,5,425,256
NF,76,163,1,Fe-Olivine,5,425,256
NF,76,164,1,Fe-Olivine,5,425,256
NF,76,165,1,Fe-Olivine,5,425,256
NF,76,166,1,Fe-Olivine,5,425,256
NF,76,167,1,Fe-Olivine,5,425,256
NF,76,168,1,Fe-Olivine,5,425,256
NF,76,169,1,Fe-Olivine,5,425,256
NF,76,170,1,Fe-Olivine,5,425,256
NF,76,171,1,Fe-Olivine,5,425,256
NF,76,172,1,Fe-Olivine,5,425,256
NF,76,173,1,Fe-Olivine,5,425,256
NF,76,174,1,Fe-Olivine,5,425,256
NF,76,175,1,Fe-Olivine,5,425,256
NF,76,176,1,Fe-Olivine,5,425,256
NF,76,177,1,Fe-Olivine,5,425,256
NF,76,178,1,Fe-Olivine,5,425,256
NF,76,179,1,Fe-Olivine,5,425,256
NF,76,180,1,Fe-Olivine,5,425,256
NF,76,181,1,Fe-Olivine,5,425,256
NF,76,182,1,Fe-Olivine,5,425,256
NF,76,183,1,Fe-Olivine,5,425,256
NF,76,184,1,Fe-Olivine,5,425,256
NF,76,185,1,Fe-Olivine,5,425,256
NF,76,186,1,Fe-Olivine,5,425,256
NF,76,187,1,Fe-Olivine,5,425,256
NF,76,188,1,Fe-Olivine,5,425,256
NF,76,189,1,Fe-Olivine,5,425,256
NF,76,243,7,Plagioclase,13,425,256
NF,76,244,7,Plagioclase,13,425,256
NF,76,245,7,Plagioclase,13,425,256
NF,76,246,7,Plagioclase,13,425,256
NF,76,247,7,Plagioclase,13,425,256
NF,76,248,7,Plagioclase,13,425,256
NF,76,249,7,Plagioclase,13,425,256
NF,76,250,7,Plagioclase,13,425,256
NF,76,274,4,Bassanite,2,425,256
NF,76,275,4,Bassanite,2,425,256
NF,76,276,4,Bassanite,2,425,256
NF,76,277,4,Bassanite,2,425,256
NF,76,278,4,Bassanite,2,425,256
NF,76,279,4,Bassanite,2,425,256
NF,76,280,4,Bassanite,2,425,256
NF,76,281,4,Bassanite,2,425,256
NF,76,282,4,Bassanite,2,425,256
NF,76,283,4,Bassanite,2,425,256
NF,76,284,4,Bassanite,2,425,256
NF,76,285,4,Bassanite,2,425,256
NF,76,286,4,Bassanite,2,425,256
NF,76,287,4,Bassanite,2,425,256
NF,76,288,4,Bassanite,2,425,256
NF,76,289,4,Bassanite,2,425,256
NF,76,290,4,Bassanite,2,425,256
NF,76,291,4,Bassanite,2,425,256
NF,76,379,6,Mg-Carbonate,10,425,256
NF,76,380,6,Mg-Carbonate,10,425,256
NF,76,381,6,Mg-Carbonate,10,425,256
NF,76,382,6,Mg-Carbonate,10,425,256
NF,76,383,6,Mg-Carbonate,10,425,256
NF,76,384,6,Mg-Carbonate,10,425,256
NF,76,385,6,Mg-Carbonate,10,425,256
NF,76,386,6,Mg-Carbonate,10,425,256
NF,76,387,6,Mg-Carbonate,10,425,256
NF,76,388,6,Mg-Carbonate,10,425,256
NF,76,389,6,Mg-Carbonate,10,425,256
NF,76,390,6,Mg-Carbonate,10,425,256
NF,76,391,6,Mg-Carbonate,10,425,256
NF,76,392,6,Mg-Carbonate,10,425,256
NF,76,393,6,Mg-Carbonate,10,425,256
NF,76,394,6,Mg-Carbonate,10,425,256
NF,76,395,6,Mg-Carbonate,10,425,256
NF,76,396,6,Mg-Carbonate,10,425,256
NF,76,397,6,Mg-Carbonate,10,425,256
NF,76,398,6,Mg-Carbonate,10,425,256
NF,76,399,6,Mg-Carbonate,10,425,256
NF,76,448,6,Mg-Carbonate,10,425,256
NF,76,449,6,Mg-Carbonate,10,425,256
NF,76,450,6,Mg-Carbonate,10,425,256
NF,76,451,6,Mg-Carbonate,10,425,256
NF,76,452,6,Mg-Carbonate,10,425,256
NF,76,453,6,Mg-Carbonate,10,425,256
NF,76,454,6,Mg-Carbonate,10,425,256
NF,76,455,6,Mg-Carbonate,10,425,256
NF,76,456,6,Mg-Carbonate,10,425,256
NF,76,457,6,Mg-Carbonate,10,425,256
NF,77,167,1,Fe-Olivine,5,425,256
NF,77,168,1,Fe-Olivine,5,425,256
NF,77,169,1,Fe-Olivine,5,425,256
NF,77,170,1,Fe-Olivine,5,425,256
NF,77,171,1,Fe-Olivine,5,425,256
NF,77,172,1,Fe-Olivine,5,425,256
NF,77,173,1,Fe-Olivine,5,425,256
NF,77,174,1,Fe-Olivine,5,425,256
NF,77,175,1,Fe-Olivine,5,425,256
NF,77,176,1,Fe-Olivine,5,425,256
NF,77,177,1,Fe-Olivine,5,425,256
NF,77,178,1,Fe-Olivine,5,425,256
NF,77,179,1,Fe-Olivine,5,425,256
NF,77,180,1,Fe-Olivine,5,425,256
NF,77,181,1,Fe-Olivine,5,425,256
NF,77,182,1,Fe-Olivine,5,425,256
NF,77,183,1,Fe-Olivine,5,425,256
NF,77,184,1,Fe-Olivine,5,425,256
NF,77,185,1,Fe-Olivine,5,425,256
NF,77,186,1,Fe-Olivine,5,425,256
NF,77,187,1,Fe-Olivine,5,425,256
NF,77,188,1,Fe-Olivine,5,425,256
NF,77,189,1,Fe-Olivine,5,425,256
NF,77,190,1,Fe-Olivine,5,425,256
NF,77,191,1,Fe-Olivine,5,425,256
NF,77,243,7,Plagioclase,13,425,256
NF,77,244,7,Plagioclase,13,425,256
NF,77,245,7,Plagioclase,13,425,256
NF,77,246,7,Plagioclase,13,425,256
NF,77,247,7,Plagioclase,13,425,256
NF,77,248,7,Plagioclase,13,425,256
NF,77,249,7,Plagioclase,13,425,256
NF,77,250,7,Plagioclase,13,425,256
NF,77,274,4,Bassanite,2,425,256
NF,77,275,4,Bassanite,2,425,256
NF,77,276,4,Bassanite,2,425,256
NF,77,277,4,Bassanite,2,425,256
NF,77,278,4,Bassanite,2,425,256
NF,77,279,4,Bassanite,2,425,256
NF,77,280,4,Bassanite,2,425,256
NF,77,281,4,Bassanite,2,425,256
NF,77,282,4,Bassanite,2,425,256
NF,77,283,4,Bassanite,2,425,256
NF,77,284,4,Bassanite,2,425,256
NF,77,285,4,Bassanite,2,425,256
NF,77,286,4,Bassanite,2,425,256
NF,77,287,4,Bassanite,2,425,256
NF,77,288,4,Bassanite,2,425,256
NF,77,289,4,Bassanite,2,425,256
NF,77,290,4,Bassanite,2,425,256
NF,77,378,6,Mg-Carbonate,10,425,256
NF,77,379,6,Mg-Carbonate,10,425,256
NF,77,380,6,Mg-Carbonate,10,425,256
NF,77,381,6,Mg-Carbonate,10,425,256
NF,77,382,6,Mg-Carbonate,10,425,256
NF,77,383,6,Mg-Carbonate,10,425,256
NF,77,384,6,Mg-Carbonate,10,425,256
NF,77,385,6,Mg-Carbonate,10,425,256
NF,77,386,6,Mg-Carbonate,10,425,256
NF,77,387,6,Mg-Carbonate,10,425,256
NF,77,388,6,Mg-Carbonate,10,425,256
NF,77,389,6,Mg-Carbonate,10,425,256
NF,77,390,6,Mg-Carbonate,10,425,256
NF,77,391,6,Mg-Carbonate,10,425,256
NF,77,392,6,Mg-Carbonate,10,425,256
NF,77,393,6,Mg-Carbonate,10,425,256
NF,77,394,6,Mg-Carbonate,10,425,256
NF,77,395,6,Mg-Carbonate,10,425,256
NF,77,396,6,Mg-Carbonate,10,425,256
NF,77,397,6,Mg-Carbonate,10,425,256
NF,77,398,6,Mg-Carbonate,10,425,256
NF,77,399,6,Mg-Carbonate,10,425,256
NF,77,400,6,Mg-Carbonate,10,425,256
NF,77,401,6,Mg-Carbonate,10,425,256
NF,77,402,6,Mg-Carbonate,10,425,256
NF,77,403,6,Mg-Carbonate,10,425,256
NF,77,404,6,Mg-Carbonate,10,425,256
NF,77,405,6,Mg-Carbonate,10,425,256
NF,77,406,6,Mg-Carbonate,10,425,256
NF,77,407,6,Mg-Carbonate,10,425,256
NF,77,408,6,Mg-Carbonate,10,425,256
NF,77,409,6,Mg-Carbonate,10,425,256
NF,77,448,6,Mg-Carbonate,10,425,256
NF,77,449,6,Mg-Carbonate,10,425,256
NF,77,450,6,Mg-Carbonate,10,425,256
NF,77,451,6,Mg-Carbonate,10,425,256
NF,77,452,6,Mg-Carbonate,10,425,256
NF,77,453,6,Mg-Carbonate,10,425,256
NF,77,454,6,Mg-Carbonate,10,425,256
NF,77,455,6,Mg-Carbonate,10,425,256
NF,77,456,6,Mg-Carbonate,10,425,256
NF,77,457,6,Mg-Carbonate,10,425,256
NF,78,170,1,Fe-Olivine,5,425,256
NF,78,171,1,Fe-Olivine,5,425,256
NF,78,172,1,Fe-Olivine,5,425,256
NF,78,173,1,Fe-Olivine,5,425,256
NF,78,174,1,Fe-Olivine,5,425,256
NF,78,175,1,Fe-Olivine,5,425,256
NF,78,176,1,Fe-Olivine,5,425,256
NF,78,177,1,Fe-Olivine,5,425,256
NF,78,178,1,Fe-Olivine,5,425,256
NF,78,179,1,Fe-Olivine,5,425,256
NF,78,180,1,Fe-Olivine,5,425,256
NF,78,181,1,Fe-Olivine,5,425,256
NF,78,182,1,Fe-Olivine,5,425,256
NF,78,183,1,Fe-Olivine,5,425,256
NF,78,184,1,Fe-Olivine,5,425,256
NF,78,185,1,Fe-Olivine,5,425,256
NF,78,186,1,Fe-Olivine,5,425,256
NF,78,187,1,Fe-Olivine,5,425,256
NF,78,188,1,Fe-Olivine,5,425,256
NF,78,189,1,Fe-Olivine,5,425,256
NF,78,190,1,Fe-Olivine,5,425,256
NF,78,191,1,Fe-Olivine,5,425,256
NF,78,192,1,Fe-Olivine,5,425,256
NF,78,193,1,Fe-Olivine,5,425,256
NF,78,245,7,Plagioclase,13,425,256
NF,78,246,7,Plagioclase,13,425,256
NF,78,247,7,Plagioclase,13,425,256
NF,78,248,7,Plagioclase,13,425,256
NF,78,249,7,Plagioclase,13,425,256
NF,78,274,4,Bassanite,2,425,256
NF,78,275,4,Bassanite,2,425,256
NF,78,276,4,Bassanite,2,425,256
NF,78,277,4,Bassanite,2,425,256
NF,78,278,4,Bassanite,2,425,256
NF,78,279,4,Bassanite,2,425,256
NF,78,280,4,Bassanite,2,425,256
NF,78,281,4,Bassanite,2,425,256
NF,78,282,4,Bassanite,2,425,256
NF,78,283,4,Bassanite,2,425,256
NF,78,284,4,Bassanite,2,425,256
NF,78,285,4,Bassanite,2,425,256
NF,78,286,4,Bassanite,2,425,256
NF,78,287,4,Bassanite,2,425,256
NF,78,378,6,Mg-Carbonate,10,425,256
NF,78,379,6,Mg-Carbonate,10,425,256
NF,78,380,6,Mg-Carbonate,10,425,256
NF,78,381,6,Mg-Carbonate,10,425,256
NF,78,382,6,Mg-Carbonate,10,425,256
NF,78,383,6,Mg-Carbonate,10,425,256
NF,78,384,6,Mg-Carbonate,10,425,256
NF,78,385,6,Mg-Carbonate,10,425,256
NF,78,386,6,Mg-Carbonate,10,425,256
NF,78,387,6,Mg-Carbonate,10,425,256
NF,78,388,6,Mg-Carbonate,10,425,256
NF,78,389,6,Mg-Carbonate,10,425,256
NF,78,390,6,Mg-Carbonate,10,425,256
NF,78,391,6,Mg-Carbonate,10,425,256
NF,78,392,6,Mg-Carbonate,10,425,256
NF,78,393,6,Mg-Carbonate,10,425,256
NF,78,394,6,Mg-Carbonate,10,425,256
NF,78,395,6,Mg-Carbonate,10,425,256
NF,78,396,6,Mg-Carbonate,10,425,256
NF,78,397,6,Mg-Carbonate,10,425,256
NF,78,398,6,Mg-Carbonate,10,425,256
NF,78,399,6,Mg-Carbonate,10,425,256
NF,78,400,6,Mg-Carbonate,10,425,256
NF,78,401,6,Mg-Carbonate,10,425,256
NF,78,402,6,Mg-Carbonate,10,425,256
NF,78,403,6,Mg-Carbonate,10,425,256
NF,78,404,6,Mg-Carbonate,10,425,256
NF,78,405,6,Mg-Carbonate,10,425,256
NF,78,406,6,Mg-Carbonate,10,425,256
NF,78,407,6,Mg-Carbonate,10,425,256
NF,78,408,6,Mg-Carbonate,10,425,256
NF,78,409,6,Mg-Carbonate,10,425,256
NF,78,410,6,Mg-Carbonate,10,425,256
NF,78,411,6,Mg-Carbonate,10,425,256
NF,78,412,6,Mg-Carbonate,10,425,256
NF,78,413,6,Mg-Carbonate,10,425,256
NF,78,448,6,Mg-Carbonate,10,425,256
NF,78,449,6,Mg-Carbonate,10,425,256
NF,78,450,6,Mg-Carbonate,10,425,256
NF,78,451,6,Mg-Carbonate,10,425,256
NF,78,452,6,Mg-Carbonate,10,425,256
NF,78,453,6,Mg-Carbonate,10,425,256
NF,78,454,6,Mg-Carbonate,10,425,256
NF,78,455,6,Mg-Carbonate,10,425,256
NF,78,456,6,Mg-Carbonate,10,425,256
NF,78,457,6,Mg-Carbonate,10,425,256
NF,79,174,1,Fe-Olivine,5,425,256
NF,79,175,1,Fe-Olivine,5,425,256
NF,79,176,1,Fe-Olivine,5,425,256
NF,79,177,1,Fe-Olivine,5,425,256
NF,79,178,1,Fe-Olivine,5,425,256
NF,79,179,1,Fe-Olivine,5,425,256
NF,79,180,1,Fe-Olivine,5,425,256
NF,79,181,1,Fe-Olivine,5,425,256
NF,79,182,1,Fe-Olivine,5,425,256
NF,79,183,1,Fe-Olivine,5,425,256
NF,79,184,1,Fe-Olivine,5,425,256
NF,79,185,1,Fe-Olivine,5,425,256
NF,79,186,1,Fe-Olivine,5,425,256
NF,79,187,1,Fe-Olivine,5,425,256
NF,79,188,1,Fe-Olivine,5,425,256
NF,79,189,1,Fe-Olivine,5,425,256
NF,79,190,1,Fe-Olivine,5,425,256
NF,79,191,1,Fe-Olivine,5,425,256
NF,79,192,1,Fe-Olivine,5,425,256
NF,79,193,1,Fe-Olivine,5,425,256
NF,79,194,1,Fe-Olivine,5,425,256
NF,79,274,4,Bassanite,2,425,256
NF,79,275,4,Bassanite,2,425,256
NF,79,276,4,Bassanite,2,425,256
NF,79,277,4,Bassanite,2,425,256
NF,79,278,4,Bassanite,2,425,256
NF,79,279,4,Bassanite,2,425,256
NF,79,280,4,Bassanite,2,425,256
NF,79,281,4,Bassanite,2,425,256
NF,79,282,4,Bassanite,2,425,256
NF,79,283,4,Bassanite,2,425,256
NF,79,284,4,Bassanite,2,425,256
NF,79,285,4,Bassanite,2,425,256
NF,79,378,6,Mg-Carbonate,10,425,256
NF,79,379,6,Mg-Carbonate,10,425,256
NF,79,380,6,Mg-Carbonate,10,425,256
NF,79,381,6,Mg-Carbonate,10,425,256
NF,79,382,6,Mg-Carbonate,10,425,256
NF,79,383,6,Mg-Carbonate,10,425,256
NF,79,384,6,Mg-Carbonate,10,425,256
NF,79,385,6,Mg-Carbonate,10,425,256
NF,79,386,6,Mg-Carbonate,10,425,256
NF,79,387,6,Mg-Carbonate,10,425,256
NF,79,388,6,Mg-Carbonate,10,425,256
NF,79,389,6,Mg-Carbonate,10,425,256
NF,79,390,6,Mg-Carbonate,10,425,256
NF,79,391,6,Mg-Carbonate,10,425,256
NF,79,392,6,Mg-Carbonate,10,425,256
NF,79,393,6,Mg-Carbonate,10,425,256
NF,79,394,6,Mg-Carbonate,10,425,256
NF,79,395,6,Mg-Carbonate,10,425,256
NF,79,396,6,Mg-Carbonate,10,425,256
NF,79,397,6,Mg-Carbonate,10,425,256
NF,79,398,6,Mg-Carbonate,10,425,256
NF,79,399,6,Mg-Carbonate,10,425,256
NF,79,400,6,Mg-Carbonate,10,425,256
NF,79,401,6,Mg-Carbonate,10,425,256
NF,79,402,6,Mg-Carbonate,10,425,256
NF,79,403,6,Mg-Carbonate,10,425,256
NF,79,404,6,Mg-Carbonate,10,425,256
NF,79,405,6,Mg-Carbonate,10,425,256
NF,79,406,6,Mg-Carbonate,10,425,256
NF,79,407,6,Mg-Carbonate,10,425,256
NF,79,408,6,Mg-Carbonate,10,425,256
NF,79,409,6,Mg-Carbonate,10,425,256
NF,79,410,6,Mg-Carbonate,10,425,256
NF,79,411,6,Mg-Carbonate,10,425,256
NF,79,412,6,Mg-Carbonate,10,425,256
NF,79,413,6,Mg-Carbonate,10,425,256
NF,79,414,6,Mg-Carbonate,10,425,256
NF,79,415,6,Mg-Carbonate,10,425,256
NF,79,448,6,Mg-Carbonate,10,425,256
NF,79,449,6,Mg-Carbonate,10,425,256
NF,79,450,6,Mg-Carbonate,10,425,256
NF,79,451,6,Mg-Carbonate,10,425,256
NF,79,452,6,Mg-Carbonate,10,425,256
NF,79,453,6,Mg-Carbonate,10,425,256
NF,79,454,6,Mg-Carbonate,10,425,256
NF,79,455,6,Mg-Carbonate,10,425,256
NF,79,456,6,Mg-Carbonate,10,425,256
NF,79,457,6,Mg-Carbonate,10,425,256
NF,80,177,1,Fe-Olivine,5,425,256
NF,80,178,1,Fe-Olivine,5,425,256
NF,80,179,1,Fe-Olivine,5,425,256
NF,80,180,1,Fe-Olivine,5,425,256
NF,80,181,1,Fe-Olivine,5,425,256
NF,80,182,1,Fe-Olivine,5,425,256
NF,80,183,1,Fe-Olivine,5,425,256
NF,80,184,1,Fe-Olivine,5,425,256
NF,80,185,1,Fe-Olivine,5,425,256
NF,80,186,1,Fe-Olivine,5,425,256
NF,80,187,1,Fe-Olivine,5,425,256
NF,80,188,1,Fe-Olivine,5,425,256
NF,80,189,1,Fe-Olivine,5,425,256
NF,80,190,1,Fe-Olivine,5,425,256
NF,80,191,1,Fe-Olivine,5,425,256
NF,80,192,1,Fe-Olivine,5,425,256
NF,80,193,1,Fe-Olivine,5,425,256
NF,80,194,1,Fe-Olivine,5,425,256
NF,80,195,1,Fe-Olivine,5,425,256
NF,80,276,4,Bassanite,2,425,256
NF,80,277,4,Bassanite,2,425,256
NF,80,278,4,Bassanite,2,425,256
NF,80,279,4,Bassanite,2,425,256
NF,80,280,4,Bassanite,2,425,256
NF,80,281,4,Bassanite,2,425,256
NF,80,381,6,Mg-Carbonate,10,425,256
NF,80,382,6,Mg-Carbonate,10,425,256
NF,80,383,6,Mg-Carbonate,10,425,256
NF,80,384,6,Mg-Carbonate,10,425,256
NF,80,385,6,Mg-Carbonate,10,425,256
NF,80,386,6,Mg-Carbonate,10,425,256
NF,80,387,6,Mg-Carbonate,10,425,256
NF,80,388,6,Mg-Carbonate,10,425,256
NF,80,389,6,Mg-Carbonate,10,425,256
NF,80,390,6,Mg-Carbonate,10,425,256
NF,80,391,6,Mg-Carbonate,10,425,256
NF,80,392,6,Mg-Carbonate,10,425,256
NF,80,393,6,Mg-Carbonate,10,425,256
NF,80,394,6,Mg-Carbonate,10,425,256
NF,80,395,6,Mg-Carbonate,10,425,256
NF,80,396,6,Mg-Carbonate,10,425,256
NF,80,397,6,Mg-Carbonate,10,425,256
NF,80,398,6,Mg-Carbonate,10,425,256
NF,80,399,6,Mg-Carbonate,10,425,256
NF,80,400,6,Mg-Carbonate,10,425,256
NF,80,401,6,Mg-Carbonate,10,425,256
NF,80,402,6,Mg-Carbonate,10,425,256
NF,80,403,6,Mg-Carbonate,10,425,256
NF,80,404,6,Mg-Carbonate,10,425,256
NF,80,405,6,Mg-Carbonate,10,425,256
NF,80,406,6,Mg-Carbonate,10,425,256
NF,80,407,6,Mg-Carbonate,10,425,256
NF,80,408,6,Mg-Carbonate,10,425,256
NF,80,409,6,Mg-Carbonate,10,425,256
NF,80,410,6,Mg-Carbonate,10,425,256
NF,80,411,6,Mg-Carbonate,10,425,256
NF,80,412,6,Mg-Carbonate,10,425,256
NF,80,413,6,Mg-Carbonate,10,425,256
NF,80,414,6,Mg-Carbonate,10,425,256
NF,80,415,6,Mg-Carbonate,10,425,256
NF,80,448,6,Mg-Carbonate,10,425,256
NF,80,449,6,Mg-Carbonate,10,425,256
NF,80,450,6,Mg-Carbonate,10,425,256
NF,80,451,6,Mg-Carbonate,10,425,256
NF,80,452,6,Mg-Carbonate,10,425,256
NF,80,453,6,Mg-Carbonate,10,425,256
NF,80,454,6,Mg-Carbonate,10,425,256
NF,80,455,6,Mg-Carbonate,10,425,256
NF,81,180,1,Fe-Olivine,5,425,256
NF,81,181,1,Fe-Olivine,5,425,256
NF,81,182,1,Fe-Olivine,5,425,256
NF,81,183,1,Fe-Olivine,5,425,256
NF,81,184,1,Fe-Olivine,5,425,256
NF,81,185,1,Fe-Olivine,5,425,256
NF,81,186,1,Fe-Olivine,5,425,256
NF,81,187,1,Fe-Olivine,5,425,256
NF,81,188,1,Fe-Olivine,5,425,256
NF,81,189,1,Fe-Olivine,5,425,256
NF,81,190,1,Fe-Olivine,5,425,256
NF,81,191,1,Fe-Olivine,5,425,256
NF,81,192,1,Fe-Olivine,5,425,256
NF,81,193,1,Fe-Olivine,5,425,256
NF,81,194,1,Fe-Olivine,5,425,256
NF,81,195,1,Fe-Olivine,5,425,256
NF,81,196,1,Fe-Olivine,5,425,256
NF,81,390,6,Mg-Carbonate,10,425,256
NF,81,391,6,Mg-Carbonate,10,425,256
NF,81,392,6,Mg-Carbonate,10,425,256
NF,81,393,6,Mg-Carbonate,10,425,256
NF,81,394,6,Mg-Carbonate,10,425,256
NF,81,395,6,Mg-Carbonate,10,425,256
NF,81,396,6,Mg-Carbonate,10,425,256
NF,81,397,6,Mg-Carbonate,10,425,256
NF,81,398,6,Mg-Carbonate,10,425,256
NF,81,399,6,Mg-Carbonate,10,425,256
NF,81,400,6,Mg-Carbonate,10,425,256
NF,81,401,6,Mg-Carbonate,10,425,256
NF,81,402,6,Mg-Carbonate,10,425,256
NF,81,403,6,Mg-Carbonate,10,425,256
NF,81,404,6,Mg-Carbonate,10,425,256
NF,81,405,6,Mg-Carbonate,10,425,256
NF,81,406,6,Mg-Carbonate,10,425,256
NF,81,407,6,Mg-Carbonate,10,425,256
NF,81,408,6,Mg-Carbonate,10,425,256
NF,81,409,6,Mg-Carbonate,10,425,256
NF,81,410,6,Mg-Carbonate,10,425,256
NF,81,411,6,Mg-Carbonate,10,425,256
NF,81,412,6,Mg-Carbonate,10,425,256
NF,81,413,6,Mg-Carbonate,10,425,256
NF,81,414,6,Mg-Carbonate,10,425,256
NF,81,415,6,Mg-Carbonate,10,425,256
NF,81,448,6,Mg-Carbonate,10,425,256
NF,81,449,6,Mg-Carbonate,10,425,256
NF,81,450,6,Mg-Carbonate,10,425,256
NF,81,451,6,Mg-Carbonate,10,425,256
NF,81,452,6,Mg-Carbonate,10,425,256
NF,81,453,6,Mg-Carbonate,10,425,256
NF,81,454,6,Mg-Carbonate,10,425,256
NF,81,455,6,Mg-Carbonate,10,425,256
NF,82,181,1,Fe-Olivine,5,425,256
NF,82,182,1,Fe-Olivine,5,425,256
NF,82,183,1,Fe-Olivine,5,425,256
NF,82,184,1,Fe-Olivine,5,425,256
NF,82,185,1,Fe-Olivine,5,425,256
NF,82,186,1,Fe-Olivine,5,425,256
NF,82,187,1,Fe-Olivine,5,425,256
NF,82,188,1,Fe-Olivine,5,425,256
NF,82,189,1,Fe-Olivine,5,425,256
NF,82,190,1,Fe-Olivine,5,425,256
NF,82,191,1,Fe-Olivine,5,425,256
NF,82,192,1,Fe-Olivine,5,425,256
NF,82,193,1,Fe-Olivine,5,425,256
NF,82,194,1,Fe-Olivine,5,425,256
NF,82,195,1,Fe-Olivine,5,425,256
NF,82,196,1,Fe-Olivine,5,425,256
NF,82,197,1,Fe-Olivine,5,425,256
NF,82,231,4,Bassanite,2,425,256
NF,82,232,4,Bassanite,2,425,256
NF,82,233,4,Bassanite,2,425,256
NF,82,234,4,Bassanite,2,425,256
NF,82,235,4,Bassanite,2,425,256
NF,82,236,4,Bassanite,2,425,256
NF,82,237,4,Bassanite,2,425,256
NF,82,449,6,Mg-Carbonate,10,425,256
NF,82,450,6,Mg-Carbonate,10,425,256
NF,82,451,6,Mg-Carbonate,10,425,256
NF,82,452,6,Mg-Carbonate,10,425,256
NF,82,453,6,Mg-Carbonate,10,425,256
NF,82,454,6,Mg-Carbonate,10,425,256
NF,83,182,1,Fe-Olivine,5,425,256
NF,83,183,1,Fe-Olivine,5,425,256
NF,83,184,1,Fe-Olivine,5,425,256
NF,83,185,1,Fe-Olivine,5,425,256
NF,83,186,1,Fe-Olivine,5,425,256
NF,83,187,1,Fe-Olivine,5,425,256
NF,83,188,1,Fe-Olivine,5,425,256
NF,83,189,1,Fe-Olivine,5,425,256
NF,83,190,1,Fe-Olivine,5,425,256
NF,83,191,1,Fe-Olivine,5,425,256
NF,83,192,1,Fe-Olivine,5,425,256
NF,83,193,1,Fe-Olivine,5,425,256
NF,83,194,1,Fe-Olivine,5,425,256
NF,83,195,1,Fe-Olivine,5,425,256
NF,83,196,1,Fe-Olivine,5,425,256
NF,83,197,1,Fe-Olivine,5,425,256
NF,83,198,1,Fe-Olivine,5,425,256
NF,83,230,4,Bassanite,2,425,256
NF,83,231,4,Bassanite,2,425,256
NF,83,232,4,Bassanite,2,425,256
NF,83,233,4,Bassanite,2,425,256
NF,83,234,4,Bassanite,2,425,256
NF,83,235,4,Bassanite,2,425,256
NF,83,236,4,Bassanite,2,425,256
NF,83,237,4,Bassanite,2,425,256
NF,83,238,4,Bassanite,2,425,256
NF,83,239,4,Bassanite,2,425,256
NF,83,450,6,Mg-Carbonate,10,425,256
NF,83,451,6,Mg-Carbonate,10,425,256
NF,83,452,6,Mg-Carbonate,10,425,256
NF,83,453,6,Mg-Carbonate,10,425,256
NF,84,184,1,Fe-Olivine,5,425,256
NF,84,185,1,Fe-Olivine,5,425,256
NF,84,186,1,Fe-Olivine,5,425,256
NF,84,187,1,Fe-Olivine,5,425,256
NF,84,188,1,Fe-Olivine,5,425,256
NF,84,189,1,Fe-Olivine,5,425,256
NF,84,190,1,Fe-Olivine,5,425,256
NF,84,191,1,Fe-Olivine,5,425,256
NF,84,192,1,Fe-Olivine,5,425,256
NF,84,193,1,Fe-Olivine,5,425,256
NF,84,194,1,Fe-Olivine,5,425,256
NF,84,195,1,Fe-Olivine,5,425,256
NF,84,196,1,Fe-Olivine,5,425,256
NF,84,197,1,Fe-Olivine,5,425,256
NF,84,198,1,Fe-Olivine,5,425,256
NF,84,230,4,Bassanite,2,425,256
NF,84,231,4,Bassanite,2,425,256
NF,84,232,4,Bassanite,2,425,256
NF,84,233,4,Bassanite,2,425,256
NF,84,234,4,Bassanite,2,425,256
NF,84,235,4,Bassanite,2,425,256
NF,84,236,4,Bassanite,2,425,256
NF,84,237,4,Bassanite,2,425,256
NF,84,238,4,Bassanite,2,425,256
NF,84,239,4,Bassanite,2,425,256
NF,84,240,4,Bassanite,2,425,256
NF,84,241,4,Bassanite,2,425,256
NF,85,185,1,Fe-Olivine,5,425,256
NF,85,186,1,Fe-Olivine,5,425,256
NF,85,187,1,Fe-Olivine,5,425,256
NF,85,188,1,Fe-Olivine,5,425,256
NF,85,189,1,Fe-Olivine,5,425,256
NF,85,190,1,Fe-Olivine,5,425,256
NF,85,191,1,Fe-Olivine,5,425,256
NF,85,192,1,Fe-Olivine,5,425,256
NF,85,193,1,Fe-Olivine,5,425,256
NF,85,194,1,Fe-Olivine,5,425,256
NF,85,195,1,Fe-Olivine,5,425,256
NF,85,196,1,Fe-Olivine,5,425,256
NF,85,197,1,Fe-Olivine,5,425,256
NF,85,198,1,Fe-Olivine,5,425,256
NF,85,229,4,Bassanite,2,425,256
NF,85,230,4,Bassanite,2,425,256
NF,85,231,4,Bassanite,2,425,256
NF,85,232,4,Bassanite,2,425,256
NF,85,233,4,Bassanite,2,425,256
NF,85,234,4,Bassanite,2,425,256
NF,85,235,4,Bassanite,2,425,256
NF,85,236,4,Bassanite,2,425,256
NF,85,237,4,Bassanite,2,425,256
NF,85,238,4,Bassanite,2,425,256
NF,85,239,4,Bassanite,2,425,256
NF,85,240,4,Bassanite,2,425,256
NF,85,241,4,Bassanite,2,425,256
NF,85,242,4,Bassanite,2,425,256
NF,86,187,1,Fe-Olivine,5,425,256
NF,86,188,1,Fe-Olivine,5,425,256
NF,86,189,1,Fe-Olivine,5,425,256
NF,86,190,1,Fe-Olivine,5,425,256
NF,86,191,1,Fe-Olivine,5,425,256
NF,86,192,1,Fe-Olivine,5,425,256
NF,86,193,1,Fe-Olivine,5,425,256
NF,86,194,1,Fe-Olivine,5,425,256
NF,86,195,1,Fe-Olivine,5,425,256
NF,86,196,1,Fe-Olivine,5,425,256
NF,86,197,1,Fe-Olivine,5,425,256
NF,86,229,4,Bassanite,2,425,256
NF,86,230,4,Bassanite,2,425,256
NF,86,231,4,Bassanite,2,425,256
NF,86,232,4,Bassanite,2,425,256
NF,86,233,4,Bassanite,2,425,256
NF,86,234,4,Bassanite,2,425,256
NF,86,235,4,Bassanite,2,425,256
NF,86,236,4,Bassanite,2,425,256
NF,86,237,4,Bassanite,2,425,256
NF,86,238,4,Bassanite,2,425,256
NF,86,239,4,Bassanite,2,425,256
NF,86,240,4,Bassanite,2,425,256
NF,86,241,4,Bassanite,2,425,256
NF,86,242,4,Bassanite,2,425,256
NF,87,189,1,Fe-Olivine,5,425,256
NF,87,190,1,Fe-Olivine,5,425,256
NF,87,191,1,Fe-Olivine,5,425,256
NF,87,192,1,Fe-Olivine,5,425,256
NF,87,193,1,Fe-Olivine,5,425,256
NF,87,194,1,Fe-Olivine,5,425,256
NF,87,195,1,Fe-Olivine,5,425,256
NF,87,229,4,Bassanite,2,425,256
NF,87,230,4,Bassanite,2,425,256
NF,87,231,4,Bassanite,2,425,256
NF,87,232,4,Bassanite,2,425,256
NF,87,233,4,Bassanite,2,425,256
NF,87,234,4,Bassanite,2,425,256
NF,87,235,4,Bassanite,2,425,256
NF,87,236,4,Bassanite,2,425,256
NF,87,237,4,Bassanite,2,425,256
NF,87,238,4,Bassanite,2,425,256
NF,87,239,4,Bassanite,2,425,256
NF,87,240,4,Bassanite,2,425,256
NF,87,241,4,Bassanite,2,425,256
NF,87,242,4,Bassanite,2,425,256
NF,87,243,4,Bassanite,2,425,256
NF,88,230,4,Bassanite,2,425,256
NF,88,231,4,Bassanite,2,425,256
NF,88,232,4,Bassanite,2,425,256
NF,88,233,4,Bassanite,2,425,256
NF,88,234,4,Bassanite,2,425,256
NF,88,235,4,Bassanite,2,425,256
NF,88,236,4,Bassanite,2,425,256
NF,88,237,4,Bassanite,2,425,256
NF,88,238,4,Bassanite,2,425,256
NF,88,239,4,Bassanite,2,425,256
NF,88,240,4,Bassanite,2,425,256
NF,88,241,4,Bassanite,2,425,256
NF,88,242,4,Bassanite,2,425,256
NF,88,243,4,Bassanite,2,425,256
NF,88,259,4,Bassanite,2,425,256
NF,88,260,4,Bassanite,2,425,256
NF,88,261,4,Bassanite,2,425,256
NF,88,262,4,Bassanite,2,425,256
NF,88,263,4,Bassanite,2,425,256
NF,88,264,4,Bassanite,2,425,256
NF,88,265,4,Bassanite,2,425,256
NF,88,266,4,Bassanite,2,425,256
NF,89,231,4,Bassanite,2,425,256
NF,89,232,4,Bassanite,2,425,256
NF,89,233,4,Bassanite,2,425,256
NF,89,234,4,Bassanite,2,425,256
NF,89,235,4,Bassanite,2,425,256
NF,89,236,4,Bassanite,2,425,256
NF,89,237,4,Bassanite,2,425,256
NF,89,238,4,Bassanite,2,425,256
NF,89,239,4,Bassanite,2,425,256
NF,89,240,4,Bassanite,2,425,256
NF,89,241,4,Bassanite,2,425,256
NF,89,242,4,Bassanite,2,425,256
NF,89,259,4,Bassanite,2,425,256
NF,89,260,4,Bassanite,2,425,256
NF,89,261,4,Bassanite,2,425,256
NF,89,262,4,Bassanite,2,425,256
NF,89,263,4,Bassanite,2,425,256
NF,89,264,4,Bassanite,2,425,256
NF,89,265,4,Bassanite,2,425,256
NF,89,266,4,Bassanite,2,425,256
NF,89,267,4,Bassanite,2,425,256
NF,90,232,4,Bassanite,2,425,256
NF,90,233,4,Bassanite,2,425,256
NF,90,234,4,Bassanite,2,425,256
NF,90,235,4,Bassanite,2,425,256
NF,90,236,4,Bassanite,2,425,256
NF,90,237,4,Bassanite,2,425,256
NF,90,238,4,Bassanite,2,425,256
NF,90,239,4,Bassanite,2,425,256
NF,90,240,4,Bassanite,2,425,256
NF,90,241,4,Bassanite,2,425,256
NF,90,242,4,Bassanite,2,425,256
NF,90,259,4,Bassanite,2,425,256
NF,90,260,4,Bassanite,2,425,256
NF,90,261,4,Bassanite,2,425,256
NF,90,262,4,Bassanite,2,425,256
NF,90,263,4,Bassanite,2,425,256
NF,90,264,4,Bassanite,2,425,256
NF,90,265,4,Bassanite,2,425,256
NF,90,266,4,Bassanite,2,425,256
NF,90,267,4,Bassanite,2,425,256
NF,90,268,4,Bassanite,2,425,256
NF,91,233,4,Bassanite,2,425,256
NF,91,234,4,Bassanite,2,425,256
NF,91,235,4,Bassanite,2,425,256
NF,91,236,4,Bassanite,2,425,256
NF,91,237,4,Bassanite,2,425,256
NF,91,238,4,Bassanite,2,425,256
NF,91,239,4,Bassanite,2,425,256
NF,91,240,4,Bassanite,2,425,256
NF,91,241,4,Bassanite,2,425,256
NF,91,259,4,Bassanite,2,425,256
NF,91,260,4,Bassanite,2,425,256
NF,91,261,4,Bassanite,2,425,256
NF,91,262,4,Bassanite,2,425,256
NF,91,263,4,Bassanite,2,425,256
NF,91,264,4,Bassanite,2,425,256
NF,91,265,4,Bassanite,2,425,256
NF,91,266,4,Bassanite,2,425,256
NF,91,267,4,Bassanite,2,425,256
NF,91,268,4,Bassanite,2,425,256
NF,92,65,9,Serpentine,15,425,256
NF,92,66,9,Serpentine,15,425,256
NF,92,67,9,Serpentine,15,425,256
NF,92,68,9,Serpentine,15,425,256
NF,92,69,9,Serpentine,15,425,256
NF,92,70,9,Serpentine,15,425,256
NF,92,74,9,Serpentine,15,425,256
NF,92,75,9,Serpentine,15,425,256
NF,92,76,9,Serpentine,15,425,256
NF,92,259,4,Bassanite,2,425,256
NF,92,260,4,Bassanite,2,425,256
NF,92,261,4,Bassanite,2,425,256
NF,92,262,4,Bassanite,2,425,256
NF,92,263,4,Bassanite,2,425,256
NF,92,264,4,Bassanite,2,425,256
NF,92,265,4,Bassanite,2,425,256
NF,92,266,4,Bassanite,2,425,256
NF,92,267,4,Bassanite,2,425,256
NF,92,268,4,Bassanite,2,425,256
NF,92,269,4,Bassanite,2,425,256
NF,93,65,9,Serpentine,15,425,256
NF,93,66,9,Serpentine,15,425,256
NF,93,67,9,Serpentine,15,425,256
NF,93,68,9,Serpentine,15,425,256
NF,93,69,9,Serpentine,15,425,256
NF,93,70,9,Serpentine,15,425,256
NF,93,71,9,Serpentine,15,425,256
NF,93,72,9,Serpentine,15,425,256
NF,93,73,9,Serpentine,15,425,256
NF,93,74,9,Serpentine,15,425,256
NF,93,75,9,Serpentine,15,425,256
NF,93,76,9,Serpentine,15,425,256
NF,93,77,9,Serpentine,15,425,256
NF,93,78,9,Serpentine,15,425,256
NF,93,79,9,Serpentine,15,425,256
NF,93,80,9,Serpentine,15,425,256
NF,93,81,9,Serpentine,15,425,256
NF,93,259,4,Bassanite,2,425,256
NF,93,260,4,Bassanite,2,425,256
NF,93,261,4,Bassanite,2,425,256
NF,93,262,4,Bassanite,2,425,256
NF,93,263,4,Bassanite,2,425,256
NF,93,264,4,Bassanite,2,425,256
NF,93,265,4,Bassanite,2,425,256
NF,93,266,4,Bassanite,2,425,256
NF,93,267,4,Bassanite,2,425,256
NF,93,268,4,Bassanite,2,425,256
NF,93,269,4,Bassanite,2,425,256
NF,94,64,9,Serpentine,15,425,256
NF,94,65,9,Serpentine,15,425,256
NF,94,66,9,Serpentine,15,425,256
NF,94,67,9,Serpentine,15,425,256
NF,94,68,9,Serpentine,15,425,256
NF,94,69,9,Serpentine,15,425,256
NF,94,70,9,Serpentine,15,425,256
NF,94,71,9,Serpentine,15,425,256
NF,94,72,9,Serpentine,15,425,256
NF,94,73,9,Serpentine,15,425,256
NF,94,74,9,Serpentine,15,425,256
NF,94,75,9,Serpentine,15,425,256
NF,94,76,9,Serpentine,15,425,256
NF,94,77,9,Serpentine,15,425,256
NF,94,78,9,Serpentine,15,425,256
NF,94,79,9,Serpentine,15,425,256
NF,94,80,9,Serpentine,15,425,256
NF,94,81,9,Serpentine,15,425,256
NF,94,82,9,Serpentine,15,425,256
NF,94,260,4,Bassanite,2,425,256
NF,94,261,4,Bassanite,2,425,256
NF,94,262,4,Bassanite,2,425,256
NF,94,263,4,Bassanite,2,425,256
NF,94,264,4,Bassanite,2,425,256
NF,94,265,4,Bassanite,2,425,256
NF,94,266,4,Bassanite,2,425,256
NF,94,267,4,Bassanite,2,425,256
NF,94,268,4,Bassanite,2,425,256
NF,94,269,4,Bassanite,2,425,256
NF,95,64,9,Serpentine,15,425,256
NF,95,65,9,Serpentine,15,425,256
NF,95,66,9,Serpentine,15,425,256
NF,95,67,9,Serpentine,15,425,256
NF,95,68,9,Serpentine,15,425,256
NF,95,69,9,Serpentine,15,425,256
NF,95,70,9,Serpentine,15,425,256
NF,95,71,9,Serpentine,15,425,256
NF,95,72,9,Serpentine,15,425,256
NF,95,73,9,Serpentine,15,425,256
NF,95,74,9,Serpentine,15,425,256
NF,95,75,9,Serpentine,15,425,256
NF,95,76,9,Serpentine,15,425,256
NF,95,77,9,Serpentine,15,425,256
NF,95,78,9,Serpentine,15,425,256
NF,95,79,9,Serpentine,15,425,256
NF,95,80,9,Serpentine,15,425,256
NF,95,81,9,Serpentine,15,425,256
NF,95,82,9,Serpentine,15,425,256
NF,95,83,9,Serpentine,15,425,256
NF,95,84,9,Serpentine,15,425,256
NF,95,260,4,Bassanite,2,425,256
NF,95,261,4,Bassanite,2,425,256
NF,95,262,4,Bassanite,2,425,256
NF,95,263,4,Bassanite,2,425,256
NF,95,264,4,Bassanite,2,425,256
NF,95,265,4,Bassanite,2,425,256
NF,95,266,4,Bassanite,2,425,256
NF,95,267,4,Bassanite,2,425,256
NF,95,268,4,Bassanite,2,425,256
NF,95,269,4,Bassanite,2,425,256
NF,96,64,9,Serpentine,15,425,256
NF,96,65,9,Serpentine,15,425,256
NF,96,66,9,Serpentine,15,425,256
NF,96,67,9,Serpentine,15,425,256
NF,96,68,9,Serpentine,15,425,256
NF,96,69,9,Serpentine,15,425,256
NF,96,70,9,Serpentine,15,425,256
NF,96,71,9,Serpentine,15,425,256
NF,96,72,9,Serpentine,15,425,256
NF,96,73,9,Serpentine,15,425,256
NF,96,74,9,Serpentine,15,425,256
NF,96,75,9,Serpentine,15,425,256
NF,96,76,9,Serpentine,15,425,256
NF,96,77,9,Serpentine,15,425,256
NF,96,78,9,Serpentine,15,425,256
NF,96,79,9,Serpentine,15,425,256
NF,96,80,9,Serpentine,15,425,256
NF,96,81,9,Serpentine,15,425,256
NF,96,82,9,Serpentine,15,425,256
NF,96,83,9,Serpentine,15,425,256
NF,96,84,9,Serpentine,15,425,256
NF,96,261,4,Bassanite,2,425,256
NF,96,262,4,Bassanite,2,425,256
NF,96,263,4,Bassanite,2,425,256
NF,96,264,4,Bassanite,2,425,256
NF,96,265,4,Bassanite,2,425,256
NF,96,266,4,Bassanite,2,425,256
NF,96,267,4,Bassanite,2,425,256
NF,96,268,4,Bassanite,2,425,256
NF,96,269,4,Bassanite,2,425,256
NF,97,64,9,Serpentine,15,425,256
NF,97,65,9,Serpentine,15,425,256
NF,97,66,9,Serpentine,15,425,256
NF,97,67,9,Serpentine,15,425,256
NF,97,68,9,Serpentine,15,425,256
NF,97,69,9,Serpentine,15,425,256
NF,97,70,9,Serpentine,15,425,256
NF,97,71,9,Serpentine,15,425,256
NF,97,72,9,Serpentine,15,425,256
NF,97,73,9,Serpentine,15,425,256
NF,97,74,9,Serpentine,15,425,256
NF,97,75,9,Serpentine,15,425,256
NF,97,76,9,Serpentine,15,425,256
NF,97,77,9,Serpentine,15,425,256
NF,97,78,9,Serpentine,15,425,256
NF,97,79,9,Serpentine,15,425,256
NF,97,80,9,Serpentine,15,425,256
NF,97,81,9,Serpentine,15,425,256
NF,97,82,9,Serpentine,15,425,256
NF,97,83,9,Serpentine,15,425,256
NF,97,84,9,Serpentine,15,425,256
NF,97,262,4,Bassanite,2,425,256
NF,97,263,4,Bassanite,2,425,256
NF,97,264,4,Bassanite,2,425,256
NF,97,265,4,Bassanite,2,425,256
NF,97,266,4,Bassanite,2,425,256
NF,97,267,4,Bassanite,2,425,256
NF,97,268,4,Bassanite,2,425,256
NF,98,64,9,Serpentine,15,425,256
NF,98,65,9,Serpentine,15,425,256
NF,98,66,9,Serpentine,15,425,256
NF,98,67,9,Serpentine,15,425,256
NF,98,68,9,Serpentine,15,425,256
NF,98,69,9,Serpentine,15,425,256
NF,98,70,9,Serpentine,15,425,256
NF,98,71,9,Serpentine,15,425,256
NF,98,72,9,Serpentine,15,425,256
NF,98,73,9,Serpentine,15,425,256
NF,98,74,9,Serpentine,15,425,256
NF,98,75,9,Serpentine,15,425,256
NF,98,76,9,Serpentine,15,425,256
NF,98,77,9,Serpentine,15,425,256
NF,98,78,9,Serpentine,15,425,256
NF,98,79,9,Serpentine,15,425,256
NF,98,80,9,Serpentine,15,425,256
NF,98,81,9,Serpentine,15,425,256
NF,98,82,9,Serpentine,15,425,256
NF,98,83,9,Serpentine,15,425,256
NF,98,84,9,Serpentine,15,425,256
NF,99,65,9,Serpentine,15,425,256
NF,99,66,9,Serpentine,15,425,256
NF,99,67,9,Serpentine,15,425,256
NF,99,68,9,Serpentine,15,425,256
NF,99,69,9,Serpentine,15,425,256
NF,99,70,9,Serpentine,15,425,256
NF,99,71,9,Serpentine,15,425,256
NF,99,72,9,Serpentine,15,425,256
NF,99,73,9,Serpentine,15,425,256
NF,99,74,9,Serpentine,15,425,256
NF,99,75,9,Serpentine,15,425,256
NF,99,76,9,Serpentine,15,425,256
NF,99,77,9,Serpentine,15,425,256
NF,99,78,9,Serpentine,15,425,256
NF,99,79,9,Serpentine,15,425,256
NF,99,80,9,Serpentine,15,425,256
NF,99,81,9,Serpentine,15,425,256
NF,99,82,9,Serpentine,15,425,256
NF,99,83,9,Serpentine,15,425,256
NF,100,65,9,Serpentine,15,425,256
NF,100,66,9,Serpentine,15,425,256
NF,100,67,9,Serpentine,15,425,256
NF,100,68,9,Serpentine,15,425,256
NF,100,69,9,Serpentine,15,425,256
NF,100,70,9,Serpentine,15,425,256
NF,100,71,9,Serpentine,15,425,256
NF,100,72,9,Serpentine,15,425,256
NF,100,73,9,Serpentine,15,425,256
NF,100,74,9,Serpentine,15,425,256
NF,100,75,9,Serpentine,15,425,256
NF,100,76,9,Serpentine,15,425,256
NF,100,77,9,Serpentine,15,425,256
NF,100,78,9,Serpentine,15,425,256
NF,100,79,9,Serpentine,15,425,256
NF,100,80,9,Serpentine,15,425,256
NF,100,81,9,Serpentine,15,425,256
NF,100,82,9,Serpentine,15,425,256
NF,100,274,4,Bassanite,2,425,256
NF,100,275,4,Bassanite,2,425,256
NF,100,276,4,Bassanite,2,425,256
NF,100,277,4,Bassanite,2,425,256
NF,100,278,4,Bassanite,2,425,256
NF,100,444,1,Fe-Olivine,5,425,256
NF,100,445,1,Fe-Olivine,5,425,256
NF,100,446,1,Fe-Olivine,5,425,256
NF,100,447,1,Fe-Olivine,5,425,256
NF,100,448,1,Fe-Olivine,5,425,256
NF,100,449,1,Fe-Olivine,5,425,256
NF,101,65,9,Serpentine,15,425,256
NF,101,66,9,Serpentine,15,425,256
NF,101,67,9,Serpentine,15,425,256
NF,101,68,9,Serpentine,15,425,256
NF,101,69,9,Serpentine,15,425,256
NF,101,70,9,Serpentine,15,425,256
NF,101,71,9,Serpentine,15,425,256
NF,101,72,9,Serpentine,15,425,256
NF,101,73,9,Serpentine,15,425,256
NF,101,74,9,Serpentine,15,425,256
NF,101,75,9,Serpentine,15,425,256
NF,101,76,9,Serpentine,15,425,256
NF,101,77,9,Serpentine,15,425,256
NF,101,78,9,Serpentine,15,425,256
NF,101,79,9,Serpentine,15,425,256
NF,101,80,9,Serpentine,15,425,256
NF,101,81,9,Serpentine,15,425,256
NF,101,82,9,Serpentine,15,425,256
NF,101,272,4,Bassanite,2,425,256
NF,101,273,4,Bassanite,2,425,256
NF,101,274,4,Bassanite,2,425,256
NF,101,275,4,Bassanite,2,425,256
NF,101,276,4,Bassanite,2,425,256
NF,101,277,4,Bassanite,2,425,256
NF,101,278,4,Bassanite,2,425,256
NF,101,279,4,Bassanite,2,425,256
NF,101,280,4,Bassanite,2,425,256
NF,101,281,4,Bassanite,2,425,256
NF,101,444,1,Fe-Olivine,5,425,256
NF,101,445,1,Fe-Olivine,5,425,256
NF,101,446,1,Fe-Olivine,5,425,256
NF,101,447,1,Fe-Olivine,5,425,256
NF,101,448,1,Fe-Olivine,5,425,256
NF,101,449,1,Fe-Olivine,5,425,256
NF,101,450,1,Fe-Olivine,5,425,256
NF,102,2,1,Fe-Olivine,5,425,256
NF,102,3,1,Fe-Olivine,5,425,256
NF,102,4,1,Fe-Olivine,5,425,256
NF,102,5,1,Fe-Olivine,5,425,256
NF,102,6,1,Fe-Olivine,5,425,256
NF,102,65,9,Serpentine,15,425,256
NF,102,66,9,Serpentine,15,425,256
NF,102,67,9,Serpentine,15,425,256
NF,102,68,9,Serpentine,15,425,256
NF,102,69,9,Serpentine,15,425,256
NF,102,70,9,Serpentine,15,425,256
NF,102,71,9,Serpentine,15,425,256
NF,102,72,9,Serpentine,15,425,256
NF,102,73,9,Serpentine,15,425,256
NF,102,74,9,Serpentine,15,425,256
NF,102,75,9,Serpentine,15,425,256
NF,102,76,9,Serpentine,15,425,256
NF,102,77,9,Serpentine,15,425,256
NF,102,78,9,Serpentine,15,425,256
NF,102,79,9,Serpentine,15,425,256
NF,102,80,9,Serpentine,15,425,256
NF,102,81,9,Serpentine,15,425,256
NF,102,271,4,Bassanite,2,425,256
NF,102,272,4,Bassanite,2,425,256
NF,102,273,4,Bassanite,2,425,256
NF,102,274,4,Bassanite,2,425,256
NF,102,275,4,Bassanite,2,425,256
NF,102,276,4,Bassanite,2,425,256
NF,102,277,4,Bassanite,2,425,256
NF,102,278,4,Bassanite,2,425,256
NF,102,279,4,Bassanite,2,425,256
NF,102,280,4,Bassanite,2,425,256
NF,102,281,4,Bassanite,2,425,256
NF,102,282,4,Bassanite,2,425,256
NF,102,444,1,Fe-Olivine,5,425,256
NF,102,445,1,Fe-Olivine,5,425,256
NF,102,446,1,Fe-Olivine,5,425,256
NF,102,447,1,Fe-Olivine,5,425,256
NF,102,448,1,Fe-Olivine,5,425,256
NF,102,449,1,Fe-Olivine,5,425,256
NF,102,450,1,Fe-Olivine,5,425,256
NF,102,451,1,Fe-Olivine,5,425,256
NF,102,452,1,Fe-Olivine,5,425,256
NF,102,453,1,Fe-Olivine,5,425,256
NF,102,497,2,Epidote,4,425,256
NF,102,498,2,Epidote,4,425,256
NF,102,499,2,Epidote,4,425,256
NF,102,500,2,Epidote,4,425,256
NF,103,1,1,Fe-Olivine,5,425,256
NF,103,2,1,Fe-Olivine,5,425,256
NF,103,3,1,Fe-Olivine,5,425,256
NF,103,4,1,Fe-Olivine,5,425,256
NF,103,5,1,Fe-Olivine,5,425,256
NF,103,6,1,Fe-Olivine,5,425,256
NF,103,7,1,Fe-Olivine,5,425,256
NF,103,8,1,Fe-Olivine,5,425,256
NF,103,9,1,Fe-Olivine,5,425,256
NF,103,10,1,Fe-Olivine,5,425,256
NF,103,65,9,Serpentine,15,425,256
NF,103,66,9,Serpentine,15,425,256
NF,103,67,9,Serpentine,15,425,256
NF,103,68,9,Serpentine,15,425,256
NF,103,69,9,Serpentine,15,425,256
NF,103,70,9,Serpentine,15,425,256
NF,103,71,9,Serpentine,15,425,256
NF,103,72,9,Serpentine,15,425,256
NF,103,73,9,Serpentine,15,425,256
NF,103,74,9,Serpentine,15,425,256
NF,103,75,9,Serpentine,15,425,256
NF,103,76,9,Serpentine,15,425,256
NF,103,77,9,Serpentine,15,425,256
NF,103,78,9,Serpentine,15,425,256
NF,103,79,9,Serpentine,15,425,256
NF,103,80,9,Serpentine,15,425,256
NF,103,271,4,Bassanite,2,425,256
NF,103,272,4,Bassanite,2,425,256
NF,103,273,4,Bassanite,2,425,256
NF,103,274,4,Bassanite,2,425,256
NF,103,275,4,Bassanite,2,425,256
NF,103,276,4,Bassanite,2,425,256
NF,103,277,4,Bassanite,2,425,256
NF,103,278,4,Bassanite,2,425,256
NF,103,279,4,Bassanite,2,425,256
NF,103,280,4,Bassanite,2,425,256
NF,103,281,4,Bassanite,2,425,256
NF,103,282,4,Bassanite,2,425,256
NF,103,445,1,Fe-Olivine,5,425,256
NF,103,446,1,Fe-Olivine,5,425,256
NF,103,447,1,Fe-Olivine,5,425,256
NF,103,448,1,Fe-Olivine,5,425,256
NF,103,449,1,Fe-Olivine,5,425,256
NF,103,450,1,Fe-Olivine,5,425,256
NF,103,451,1,Fe-Olivine,5,425,256
NF,103,452,1,Fe-Olivine,5,425,256
NF,103,453,1,Fe-Olivine,5,425,256
NF,103,454,1,Fe-Olivine,5,425,256
NF,103,455,1,Fe-Olivine,5,425,256
NF,103,497,2,Epidote,4,425,256
NF,103,498,2,Epidote,4,425,256
NF,103,499,2,Epidote,4,425,256
NF,103,500,2,Epidote,4,425,256
NF,104,0,1,Fe-Olivine,5,425,256
NF,104,1,1,Fe-Olivine,5,425,256
NF,104,2,1,Fe-Olivine,5,425,256
NF,104,3,1,Fe-Olivine,5,425,256
NF,104,4,1,Fe-Olivine,5,425,256
NF,104,5,1,Fe-Olivine,5,425,256
NF,104,6,1,Fe-Olivine,5,425,256
NF,104,7,1,Fe-Olivine,5,425,256
NF,104,8,1,Fe-Olivine,5,425,256
NF,104,9,1,Fe-Olivine,5,425,256
NF,104,10,1,Fe-Olivine,5,425,256
NF,104,11,1,Fe-Olivine,5,425,256
NF,104,12,1,Fe-Olivine,5,425,256
NF,104,13,1,Fe-Olivine,5,425,256
NF,104,64,9,Serpentine,15,425,256
NF,104,65,9,Serpentine,15,425,256
NF,104,66,9,Serpentine,15,425,256
NF,104,67,9,Serpentine,15,425,256
NF,104,68,9,Serpentine,15,425,256
NF,104,69,9,Serpentine,15,425,256
NF,104,70,9,Serpentine,15,425,256
NF,104,71,9,Serpentine,15,425,256
NF,104,72,9,Serpentine,15,425,256
NF,104,73,9,Serpentine,15,425,256
NF,104,74,9,Serpentine,15,425,256
NF,104,75,9,Serpentine,15,425,256
NF,104,76,9,Serpentine,15,425,256
NF,104,77,9,Serpentine,15,425,256
NF,104,78,9,Serpentine,15,425,256
NF,104,79,9,Serpentine,15,425,256
NF,104,270,4,Bassanite,2,425,256
NF,104,271,4,Bassanite,2,425,256
NF,104,272,4,Bassanite,2,425,256
NF,104,273,4,Bassanite,2,425,256
NF,104,274,4,Bassanite,2,425,256
NF,104,275,4,Bassanite,2,425,256
NF,104,276,4,Bassanite,2,425,256
NF,104,277,4,Bassanite,2,425,256
NF,104,278,4,Bassanite,2,425,256
NF,104,279,4,Bassanite,2,425,256
NF,104,280,4,Bassanite,2,425,256
NF,104,281,4,Bassanite,2,425,256
NF,104,282,4,Bassanite,2,425,256
NF,104,283,4,Bassanite,2,425,256
NF,104,445,1,Fe-Olivine,5,425,256
NF,104,446,1,Fe-Olivine,5,425,256
NF,104,447,1,Fe-Olivine,5,425,256
NF,104,448,1,Fe-Olivine,5,425,256
NF,104,449,1,Fe-Olivine,5,425,256
NF,104,450,1,Fe-Olivine,5,425,256
NF,104,451,1,Fe-Olivine,5,425,256
NF,104,452,1,Fe-Olivine,5,425,256
NF,104,453,1,Fe-Olivine,5,425,256
NF,104,454,1,Fe-Olivine,5,425,256
NF,104,455,1,Fe-Olivine,5,425,256
NF,104,456,1,Fe-Olivine,5,425,256
NF,104,457,1,Fe-Olivine,5,425,256
NF,104,497,2,Epidote,4,425,256
NF,104,498,2,Epidote,4,425,256
NF,104,499,2,Epidote,4,425,256
NF,104,500,2,Epidote,4,425,256
NF,105,0,1,Fe-Olivine,5,425,256
NF,105,1,1,Fe-Olivine,5,425,256
NF,105,2,1,Fe-Olivine,5,425,256
NF,105,3,1,Fe-Olivine,5,425,256
NF,105,4,1,Fe-Olivine,5,425,256
NF,105,5,1,Fe-Olivine,5,425,256
NF,105,6,1,Fe-Olivine,5,425,256
NF,105,7,1,Fe-Olivine,5,425,256
NF,105,8,1,Fe-Olivine,5,425,256
NF,105,9,1,Fe-Olivine,5,425,256
NF,105,10,1,Fe-Olivine,5,425,256
NF,105,11,1,Fe-Olivine,5,425,256
NF,105,12,1,Fe-Olivine,5,425,256
NF,105,13,1,Fe-Olivine,5,425,256
NF,105,14,1,Fe-Olivine,5,425,256
NF,105,64,9,Serpentine,15,425,256
NF,105,65,9,Serpentine,15,425,256
NF,105,66,9,Serpentine,15,425,256
NF,105,67,9,Serpentine,15,425,256
NF,105,68,9,Serpentine,15,425,256
NF,105,69,9,Serpentine,15,425,256
NF,105,70,9,Serpentine,15,425,256
NF,105,71,9,Serpentine,15,425,256
NF,105,72,9,Serpentine,15,425,256
NF,105,73,9,Serpentine,15,425,256
NF,105,74,9,Serpentine,15,425,256
NF,105,75,9,Serpentine,15,425,256
NF,105,270,4,Bassanite,2,425,256
NF,105,271,4,Bassanite,2,425,256
NF,105,272,4,Bassanite,2,425,256
NF,105,273,4,Bassanite,2,425,256
NF,105,274,4,Bassanite,2,425,256
NF,105,275,4,Bassanite,2,425,256
NF,105,276,4,Bassanite,2,425,256
NF,105,277,4,Bassanite,2,425,256
NF,105,278,4,Bassanite,2,425,256
NF,105,279,4,Bassanite,2,425,256
NF,105,280,4,Bassanite,2,425,256
NF,105,281,4,Bassanite,2,425,256
NF,105,282,4,Bassanite,2,425,256
NF,105,283,4,Bassanite,2,425,256
NF,105,447,1,Fe-Olivine,5,425,256
NF,105,448,1,Fe-Olivine,5,425,256
NF,105,449,1,Fe-Olivine,5,425,256
NF,105,450,1,Fe-Olivine,5,425,256
NF,105,451,1,Fe-Olivine,5,425,256
NF,105,452,1,Fe-Olivine,5,425,256
NF,105,453,1,Fe-Olivine,5,425,256
NF,105,454,1,Fe-Olivine,5,425,256
NF,105,455,1,Fe-Olivine,5,425,256
NF,105,456,1,Fe-Olivine,5,425,256
NF,105,457,1,Fe-Olivine,5,425,256
NF,105,497,2,Epidote,4,425,256
NF,105,498,2,Epidote,4,425,256
NF,105,499,2,Epidote,4,425,256
NF,105,500,2,Epidote,4,425,256
NF,106,0,1,Fe-Olivine,5,425,256
NF,106,1,1,Fe-Olivine,5,425,256
NF,106,2,1,Fe-Olivine,5,425,256
NF,106,3,1,Fe-Olivine,5,425,256
NF,106,4,1,Fe-Olivine,5,425,256
NF,106,5,1,Fe-Olivine,5,425,256
NF,106,6,1,Fe-Olivine,5,425,256
NF,106,7,1,Fe-Olivine,5,425,256
NF,106,8,1,Fe-Olivine,5,425,256
NF,106,9,1,Fe-Olivine,5,425,256
NF,106,10,1,Fe-Olivine,5,425,256
NF,106,11,1,Fe-Olivine,5,425,256
NF,106,12,1,Fe-Olivine,5,425,256
NF,106,13,1,Fe-Olivine,5,425,256
NF,106,14,1,Fe-Olivine,5,425,256
NF,106,15,1,Fe-Olivine,5,425,256
NF,106,16,1,Fe-Olivine,5,425,256
NF,106,17,1,Fe-Olivine,5,425,256
NF,106,65,9,Serpentine,15,425,256
NF,106,66,9,Serpentine,15,425,256
NF,106,67,9,Serpentine,15,425,256
NF,106,68,9,Serpentine,15,425,256
NF,106,69,9,Serpentine,15,425,256
NF,106,70,9,Serpentine,15,425,256
NF,106,71,9,Serpentine,15,425,256
NF,106,72,9,Serpentine,15,425,256
NF,106,73,9,Serpentine,15,425,256
NF,106,269,4,Bassanite,2,425,256
NF,106,270,4,Bassanite,2,425,256
NF,106,271,4,Bassanite,2,425,256
NF,106,272,4,Bassanite,2,425,256
NF,106,273,4,Bassanite,2,425,256
NF,106,274,4,Bassanite,2,425,256
NF,106,275,4,Bassanite,2,425,256
NF,106,276,4,Bassanite,2,425,256
NF,106,277,4,Bassanite,2,425,256
NF,106,278,4,Bassanite,2,425,256
NF,106,279,4,Bassanite,2,425,256
NF,106,280,4,Bassanite,2,425,256
NF,106,281,4,Bassanite,2,425,256
NF,106,282,4,Bassanite,2,425,256
NF,106,283,4,Bassanite,2,425,256
NF,106,298,8,Prehnite,14,425,256
NF,106,299,8,Prehnite,14,425,256
NF,106,451,1,Fe-Olivine,5,425,256
NF,106,452,1,Fe-Olivine,5,425,256
NF,106,453,1,Fe-Olivine,5,425,256
NF,106,454,1,Fe-Olivine,5,425,256
NF,106,455,1,Fe-Olivine,5,425,256
NF,106,456,1,Fe-Olivine,5,425,256
NF,106,457,1,Fe-Olivine,5,425,256
NF,107,0,1,Fe-Olivine,5,425,256
NF,107,1,1,Fe-Olivine,5,425,256
NF,107,2,1,Fe-Olivine,5,425,256
NF,107,3,1,Fe-Olivine,5,425,256
NF,107,4,1,Fe-Olivine,5,425,256
NF,107,5,1,Fe-Olivine,5,425,256
NF,107,6,1,Fe-Olivine,5,425,256
NF,107,7,1,Fe-Olivine,5,425,256
NF,107,8,1,Fe-Olivine,5,425,256
NF,107,9,1,Fe-Olivine,5,425,256
NF,107,10,1,Fe-Olivine,5,425,256
NF,107,11,1,Fe-Olivine,5,425,256
NF,107,12,1,Fe-Olivine,5,425,256
NF,107,13,1,Fe-Olivine,5,425,256
NF,107,14,1,Fe-Olivine,5,425,256
NF,107,15,1,Fe-Olivine,5,425,256
NF,107,16,1,Fe-Olivine,5,425,256
NF,107,17,1,Fe-Olivine,5,425,256
NF,107,18,1,Fe-Olivine,5,425,256
NF,107,19,1,Fe-Olivine,5,425,256
NF,107,20,1,Fe-Olivine,5,425,256
NF,107,21,1,Fe-Olivine,5,425,256
NF,107,22,1,Fe-Olivine,5,425,256
NF,107,65,9,Serpentine,15,425,256
NF,107,66,9,Serpentine,15,425,256
NF,107,67,9,Serpentine,15,425,256
NF,107,68,9,Serpentine,15,425,256
NF,107,69,9,Serpentine,15,425,256
NF,107,269,4,Bassanite,2,425,256
NF,107,270,4,Bassanite,2,425,256
NF,107,271,4,Bassanite,2,425,256
NF,107,272,4,Bassanite,2,425,256
NF,107,273,4,Bassanite,2,425,256
NF,107,274,4,Bassanite,2,425,256
NF,107,275,4,Bassanite,2,425,256
NF,107,276,4,Bassanite,2,425,256
NF,107,277,4,Bassanite,2,425,256
NF,107,278,4,Bassanite,2,425,256
NF,107,279,4,Bassanite,2,425,256
NF,107,280,4,Bassanite,2,425,256
NF,107,281,4,Bassanite,2,425,256
NF,107,282,4,Bassanite,2,425,256
NF,107,283,4,Bassanite,2,425,256
NF,107,297,8,Prehnite,14,425,256
NF,107,298,8,Prehnite,14,425,256
NF,107,299,8,Prehnite,14,425,256
NF,107,452,1,Fe-Olivine,5,425,256
NF,107,453,1,Fe-Olivine,5,425,256
NF,107,454,1,Fe-Olivine,5,425,256
NF,107,455,1,Fe-Olivine,5,425,256
NF,107,456,1,Fe-Olivine,5,425,256
NF,107,457,1,Fe-Olivine,5,425,256
NF,108,0,1,Fe-Olivine,5,425,256
NF,108,1,1,Fe-Olivine,5,425,256
NF,108,2,1,Fe-Olivine,5,425,256
NF,108,3,1,Fe-Olivine,5,425,256
NF,108,4,1,Fe-Olivine,5,425,256
NF,108,5,1,Fe-Olivine,5,425,256
NF,108,6,1,Fe-Olivine,5,425,256
NF,108,7,1,Fe-Olivine,5,425,256
NF,108,8,1,Fe-Olivine,5,425,256
NF,108,9,1,Fe-Olivine,5,425,256
NF,108,10,1,Fe-Olivine,5,425,256
NF,108,11,1,Fe-Olivine,5,425,256
NF,108,12,1,Fe-Olivine,5,425,256
NF,108,13,1,Fe-Olivine,5,425,256
NF,108,14,1,Fe-Olivine,5,425,256
NF,108,15,1,Fe-Olivine,5,425,256
NF,108,16,1,Fe-Olivine,5,425,256
NF,108,17,1,Fe-Olivine,5,425,256
NF,108,18,1,Fe-Olivine,5,425,256
NF,108,19,1,Fe-Olivine,5,425,256
NF,108,20,1,Fe-Olivine,5,425,256
NF,108,21,1,Fe-Olivine,5,425,256
NF,108,22,1,Fe-Olivine,5,425,256
NF,108,23,1,Fe-Olivine,5,425,256
NF,108,24,1,Fe-Olivine,5,425,256
NF,108,25,1,Fe-Olivine,5,425,256
NF,108,26,1,Fe-Olivine,5,425,256
NF,108,269,4,Bassanite,2,425,256
NF,108,270,4,Bassanite,2,425,256
NF,108,271,4,Bassanite,2,425,256
NF,108,272,4,Bassanite,2,425,256
NF,108,273,4,Bassanite,2,425,256
NF,108,274,4,Bassanite,2,425,256
NF,108,275,4,Bassanite,2,425,256
NF,108,276,4,Bassanite,2,425,256
NF,108,277,4,Bassanite,2,425,256
NF,108,278,4,Bassanite,2,425,256
NF,108,279,4,Bassanite,2,425,256
NF,108,280,4,Bassanite,2,425,256
NF,108,281,4,Bassanite,2,425,256
NF,108,282,4,Bassanite,2,425,256
NF,108,283,4,Bassanite,2,425,256
NF,108,297,8,Prehnite,14,425,256
NF,108,298,8,Prehnite,14,425,256
NF,108,299,8,Prehnite,14,425,256
NF,108,300,8,Prehnite,14,425,256
NF,109,0,1,Fe-Olivine,5,425,256
NF,109,1,1,Fe-Olivine,5,425,256
NF,109,2,1,Fe-Olivine,5,425,256
NF,109,3,1,Fe-Olivine,5,425,256
NF,109,4,1,Fe-Olivine,5,425,256
NF,109,5,1,Fe-Olivine,5,425,256
NF,109,6,1,Fe-Olivine,5,425,256
NF,109,7,1,Fe-Olivine,5,425,256
NF,109,8,1,Fe-Olivine,5,425,256
NF,109,9,1,Fe-Olivine,5,425,256
NF,109,10,1,Fe-Olivine,5,425,256
NF,109,11,1,Fe-Olivine,5,425,256
NF,109,12,1,Fe-Olivine,5,425,256
NF,109,13,1,Fe-Olivine,5,425,256
NF,109,14,1,Fe-Olivine,5,425,256
NF,109,15,1,Fe-Olivine,5,425,256
NF,109,16,1,Fe-Olivine,5,425,256
NF,109,17,1,Fe-Olivine,5,425,256
NF,109,18,1,Fe-Olivine,5,425,256
NF,109,19,1,Fe-Olivine,5,425,256
NF,109,20,1,Fe-Olivine,5,425,256
NF,109,21,1,Fe-Olivine,5,425,256
NF,109,22,1,Fe-Olivine,5,425,256
NF,109,23,1,Fe-Olivine,5,425,256
NF,109,24,1,Fe-Olivine,5,425,256
NF,109,25,1,Fe-Olivine,5,425,256
NF,109,26,1,Fe-Olivine,5,425,256
NF,109,27,1,Fe-Olivine,5,425,256
NF,109,28,1,Fe-Olivine,5,425,256
NF,109,29,1,Fe-Olivine,5,425,256
NF,109,270,4,Bassanite,2,425,256
NF,109,271,4,Bassanite,2,425,256
NF,109,272,4,Bassanite,2,425,256
NF,109,273,4,Bassanite,2,425,256
NF,109,274,4,Bassanite,2,425,256
NF,109,275,4,Bassanite,2,425,256
NF,109,276,4,Bassanite,2,425,256
NF,109,277,4,Bassanite,2,425,256
NF,109,278,4,Bassanite,2,425,256
NF,109,279,4,Bassanite,2,425,256
NF,109,280,4,Bassanite,2,425,256
NF,109,281,4,Bassanite,2,425,256
NF,109,282,4,Bassanite,2,425,256
NF,109,283,4,Bassanite,2,425,256
NF,109,298,8,Prehnite,14,425,256
NF,109,299,8,Prehnite,14,425,256
NF,109,300,8,Prehnite,14,425,256
NF,110,0,1,Fe-Olivine,5,425,256
NF,110,1,1,Fe-Olivine,5,425,256
NF,110,2,1,Fe-Olivine,5,425,256
NF,110,3,1,Fe-Olivine,5,425,256
NF,110,4,1,Fe-Olivine,5,425,256
NF,110,5,1,Fe-Olivine,5,425,256
NF,110,6,1,Fe-Olivine,5,425,256
NF,110,7,1,Fe-Olivine,5,425,256
NF,110,8,1,Fe-Olivine,5,425,256
NF,110,9,1,Fe-Olivine,5,425,256
NF,110,10,1,Fe-Olivine,5,425,256
NF,110,11,1,Fe-Olivine,5,425,256
NF,110,12,1,Fe-Olivine,5,425,256
NF,110,13,1,Fe-Olivine,5,425,256
NF,110,14,1,Fe-Olivine,5,425,256
NF,110,15,1,Fe-Olivine,5,425,256
NF,110,16,1,Fe-Olivine,5,425,256
NF,110,17,1,Fe-Olivine,5,425,256
NF,110,18,1,Fe-Olivine,5,425,256
NF,110,19,1,Fe-Olivine,5,425,256
NF,110,20,1,Fe-Olivine,5,425,256
NF,110,21,1,Fe-Olivine,5,425,256
NF,110,22,1,Fe-Olivine,5,425,256
NF,110,23,1,Fe-Olivine,5,425,256
NF,110,24,1,Fe-Olivine,5,425,256
NF,110,25,1,Fe-Olivine,5,425,256
NF,110,26,1,Fe-Olivine,5,425,256
NF,110,27,1,Fe-Olivine,5,425,256
NF,110,28,1,Fe-Olivine,5,425,256
NF,110,29,1,Fe-Olivine,5,425,256
NF,110,30,1,Fe-Olivine,5,425,256
NF,110,31,1,Fe-Olivine,5,425,256
NF,110,270,4,Bassanite,2,425,256
NF,110,271,4,Bassanite,2,425,256
NF,110,272,4,Bassanite,2,425,256
NF,110,273,4,Bassanite,2,425,256
NF,110,274,4,Bassanite,2,425,256
NF,110,275,4,Bassanite,2,425,256
NF,110,276,4,Bassanite,2,425,256
NF,110,277,4,Bassanite,2,425,256
NF,110,278,4,Bassanite,2,425,256
NF,110,279,4,Bassanite,2,425,256
NF,110,280,4,Bassanite,2,425,256
NF,110,281,4,Bassanite,2,425,256
NF,110,282,4,Bassanite,2,425,256
NF,110,283,4,Bassanite,2,425,256
NF,110,284,4,Bassanite,2,425,256
NF,110,298,8,Prehnite,14,425,256
NF,110,299,8,Prehnite,14,425,256
NF,110,300,8,Prehnite,14,425,256
NF,110,301,8,Prehnite,14,425,256
NF,111,0,1,Fe-Olivine,5,425,256
NF,111,1,1,Fe-Olivine,5,425,256
NF,111,2,1,Fe-Olivine,5,425,256
NF,111,3,1,Fe-Olivine,5,425,256
NF,111,4,1,Fe-Olivine,5,425,256
NF,111,5,1,Fe-Olivine,5,425,256
NF,111,6,1,Fe-Olivine,5,425,256
NF,111,7,1,Fe-Olivine,5,425,256
NF,111,8,1,Fe-Olivine,5,425,256
NF,111,9,1,Fe-Olivine,5,425,256
NF,111,10,1,Fe-Olivine,5,425,256
NF,111,11,1,Fe-Olivine,5,425,256
NF,111,12,1,Fe-Olivine,5,425,256
NF,111,13,1,Fe-Olivine,5,425,256
NF,111,14,1,Fe-Olivine,5,425,256
NF,111,15,1,Fe-Olivine,5,425,256
NF,111,16,1,Fe-Olivine,5,425,256
NF,111,17,1,Fe-Olivine,5,425,256
NF,111,18,1,Fe-Olivine,5,425,256
NF,111,19,1,Fe-Olivine,5,425,256
NF,111,20,1,Fe-Olivine,5,425,256
NF,111,21,1,Fe-Olivine,5,425,256
NF,111,22,1,Fe-Olivine,5,425,256
NF,111,23,1,Fe-Olivine,5,425,256
NF,111,24,1,Fe-Olivine,5,425,256
NF,111,25,1,Fe-Olivine,5,425,256
NF,111,26,1,Fe-Olivine,5,425,256
NF,111,27,1,Fe-Olivine,5,425,256
NF,111,28,1,Fe-Olivine,5,425,256
NF,111,29,1,Fe-Olivine,5,425,256
NF,111,30,1,Fe-Olivine,5,425,256
NF,111,31,1,Fe-Olivine,5,425,256
NF,111,270,4,Bassanite,2,425,256
NF,111,271,4,Bassanite,2,425,256
NF,111,272,4,Bassanite,2,425,256
NF,111,273,4,Bassanite,2,425,256
NF,111,274,4,Bassanite,2,425,256
NF,111,275,4,Bassanite,2,425,256
NF,111,276,4,Bassanite,2,425,256
NF,111,277,4,Bassanite,2,425,256
NF,111,278,4,Bassanite,2,425,256
NF,111,279,4,Bassanite,2,425,256
NF,111,280,4,Bassanite,2,425,256
NF,111,281,4,Bassanite,2,425,256
NF,111,282,4,Bassanite,2,425,256
NF,111,283,4,Bassanite,2,425,256
NF,111,284,4,Bassanite,2,425,256
NF,111,298,8,Prehnite,14,425,256
NF,111,299,8,Prehnite,14,425,256
NF,111,300,8,Prehnite,14,425,256
NF,111,301,8,Prehnite,14,425,256
NF,112,0,1,Fe-Olivine,5,425,256
NF,112,1,1,Fe-Olivine,5,425,256
NF,112,2,1,Fe-Olivine,5,425,256
NF,112,3,1,Fe-Olivine,5,425,256
NF,112,4,1,Fe-Olivine,5,425,256
NF,112,5,1,Fe-Olivine,5,425,256
NF,112,6,1,Fe-Olivine,5,425,256
NF,112,7,1,Fe-Olivine,5,425,256
NF,112,8,1,Fe-Olivine,5,425,256
NF,112,9,1,Fe-Olivine,5,425,256
NF,112,10,1,Fe-Olivine,5,425,256
NF,112,11,1,Fe-Olivine,5,425,256
NF,112,12,1,Fe-Olivine,5,425,256
NF,112,13,1,Fe-Olivine,5,425,256
NF,112,14,1,Fe-Olivine,5,425,256
NF,112,15,1,Fe-Olivine,5,425,256
NF,112,16,1,Fe-Olivine,5,425,256
NF,112,17,1,Fe-Olivine,5,425,256
NF,112,18,1,Fe-Olivine,5,425,256
NF,112,19,1,Fe-Olivine,5,425,256
NF,112,20,1,Fe-Olivine,5,425,256
NF,112,21,1,Fe-Olivine,5,425,256
NF,112,22,1,Fe-Olivine,5,425,256
NF,112,23,1,Fe-Olivine,5,425,256
NF,112,24,1,Fe-Olivine,5,425,256
NF,112,25,1,Fe-Olivine,5,425,256
NF,112,26,1,Fe-Olivine,5,425,256
NF,112,27,1,Fe-Olivine,5,425,256
NF,112,28,1,Fe-Olivine,5,425,256
NF,112,29,1,Fe-Olivine,5,425,256
NF,112,30,1,Fe-Olivine,5,425,256
NF,112,31,1,Fe-Olivine,5,425,256
NF,112,32,1,Fe-Olivine,5,425,256
NF,112,270,4,Bassanite,2,425,256
NF,112,271,4,Bassanite,2,425,256
NF,112,272,4,Bassanite,2,425,256
NF,112,273,4,Bassanite,2,425,256
NF,112,274,4,Bassanite,2,425,256
NF,112,275,4,Bassanite,2,425,256
NF,112,276,4,Bassanite,2,425,256
NF,112,277,4,Bassanite,2,425,256
NF,112,278,4,Bassanite,2,425,256
NF,112,279,4,Bassanite,2,425,256
NF,112,280,4,Bassanite,2,425,256
NF,112,281,4,Bassanite,2,425,256
NF,112,282,4,Bassanite,2,425,256
NF,112,283,4,Bassanite,2,425,256
NF,112,284,4,Bassanite,2,425,256
NF,112,298,8,Prehnite,14,425,256
NF,112,299,8,Prehnite,14,425,256
NF,112,300,8,Prehnite,14,425,256
NF,112,301,8,Prehnite,14,425,256
NF,113,1,1,Fe-Olivine,5,425,256
NF,113,2,1,Fe-Olivine,5,425,256
NF,113,3,1,Fe-Olivine,5,425,256
NF,113,4,1,Fe-Olivine,5,425,256
NF,113,5,1,Fe-Olivine,5,425,256
NF,113,6,1,Fe-Olivine,5,425,256
NF,113,7,1,Fe-Olivine,5,425,256
NF,113,8,1,Fe-Olivine,5,425,256
NF,113,9,1,Fe-Olivine,5,425,256
NF,113,10,1,Fe-Olivine,5,425,256
NF,113,11,1,Fe-Olivine,5,425,256
NF,113,12,1,Fe-Olivine,5,425,256
NF,113,13,1,Fe-Olivine,5,425,256
NF,113,14,1,Fe-Olivine,5,425,256
NF,113,15,1,Fe-Olivine,5,425,256
NF,113,16,1,Fe-Olivine,5,425,256
NF,113,17,1,Fe-Olivine,5,425,256
NF,113,18,1,Fe-Olivine,5,425,256
NF,113,19,1,Fe-Olivine,5,425,256
NF,113,20,1,Fe-Olivine,5,425,256
NF,113,21,1,Fe-Olivine,5,425,256
NF,113,22,1,Fe-Olivine,5,425,256
NF,113,23,1,Fe-Olivine,5,425,256
NF,113,24,1,Fe-Olivine,5,425,256
NF,113,25,1,Fe-Olivine,5,425,256
NF,113,26,1,Fe-Olivine,5,425,256
NF,113,27,1,Fe-Olivine,5,425,256
NF,113,28,1,Fe-Olivine,5,425,256
NF,113,29,1,Fe-Olivine,5,425,256
NF,113,30,1,Fe-Olivine,5,425,256
NF,113,31,1,Fe-Olivine,5,425,256
NF,113,32,1,Fe-Olivine,5,425,256
NF,113,33,1,Fe-Olivine,5,425,256
NF,113,271,4,Bassanite,2,425,256
NF,113,272,4,Bassanite,2,425,256
NF,113,273,4,Bassanite,2,425,256
NF,113,274,4,Bassanite,2,425,256
NF,113,275,4,Bassanite,2,425,256
NF,113,276,4,Bassanite,2,425,256
NF,113,277,4,Bassanite,2,425,256
NF,113,278,4,Bassanite,2,425,256
NF,113,279,4,Bassanite,2,425,256
NF,113,280,4,Bassanite,2,425,256
NF,113,281,4,Bassanite,2,425,256
NF,113,282,4,Bassanite,2,425,256
NF,113,283,4,Bassanite,2,425,256
NF,113,284,4,Bassanite,2,425,256
NF,113,285,4,Bassanite,2,425,256
NF,113,298,8,Prehnite,14,425,256
NF,113,299,8,Prehnite,14,425,256
NF,113,300,8,Prehnite,14,425,256
NF,113,301,8,Prehnite,14,425,256
NF,114,1,1,Fe-Olivine,5,425,256
NF,114,2,1,Fe-Olivine,5,425,256
NF,114,3,1,Fe-Olivine,5,425,256
NF,114,4,1,Fe-Olivine,5,425,256
NF,114,5,1,Fe-Olivine,5,425,256
NF,114,6,1,Fe-Olivine,5,425,256
NF,114,7,1,Fe-Olivine,5,425,256
NF,114,8,1,Fe-Olivine,5,425,256
NF,114,9,1,Fe-Olivine,5,425,256
NF,114,10,1,Fe-Olivine,5,425,256
NF,114,11,1,Fe-Olivine,5,425,256
NF,114,12,1,Fe-Olivine,5,425,256
NF,114,13,1,Fe-Olivine,5,425,256
NF,114,14,1,Fe-Olivine,5,425,256
NF,114,15,1,Fe-Olivine,5,425,256
NF,114,16,1,Fe-Olivine,5,425,256
NF,114,17,1,Fe-Olivine,5,425,256
NF,114,18,1,Fe-Olivine,5,425,256
NF,114,19,1,Fe-Olivine,5,425,256
NF,114,20,1,Fe-Olivine,5,425,256
NF,114,21,1,Fe-Olivine,5,425,256
NF,114,22,1,Fe-Olivine,5,425,256
NF,114,23,1,Fe-Olivine,5,425,256
NF,114,24,1,Fe-Olivine,5,425,256
NF,114,25,1,Fe-Olivine,5,425,256
NF,114,26,1,Fe-Olivine,5,425,256
NF,114,27,1,Fe-Olivine,5,425,256
NF,114,28,1,Fe-Olivine,5,425,256
NF,114,29,1,Fe-Olivine,5,425,256
NF,114,30,1,Fe-Olivine,5,425,256
NF,114,31,1,Fe-Olivine,5,425,256
NF,114,32,1,Fe-Olivine,5,425,256
NF,114,33,1,Fe-Olivine,5,425,256
NF,114,34,1,Fe-Olivine,5,425,256
NF,114,272,4,Bassanite,2,425,256
NF,114,273,4,Bassanite,2,425,256
NF,114,274,4,Bassanite,2,425,256
NF,114,275,4,Bassanite,2,425,256
NF,114,276,4,Bassanite,2,425,256
NF,114,277,4,Bassanite,2,425,256
NF,114,278,4,Bassanite,2,425,256
NF,114,279,4,Bassanite,2,425,256
NF,114,280,4,Bassanite,2,425,256
NF,114,281,4,Bassanite,2,425,256
NF,114,282,4,Bassanite,2,425,256
NF,114,283,4,Bassanite,2,425,256
NF,114,284,4,Bassanite,2,425,256
NF,114,285,4,Bassanite,2,425,256
NF,114,298,8,Prehnite,14,425,256
NF,114,299,8,Prehnite,14,425,256
NF,114,300,8,Prehnite,14,425,256
NF,114,301,8,Prehnite,14,425,256
NF,115,2,1,Fe-Olivine,5,425,256
NF,115,3,1,Fe-Olivine,5,425,256
NF,115,4,1,Fe-Olivine,5,425,256
NF,115,5,1,Fe-Olivine,5,425,256
NF,115,6,1,Fe-Olivine,5,425,256
NF,115,7,1,Fe-Olivine,5,425,256
NF,115,8,1,Fe-Olivine,5,425,256
NF,115,9,1,Fe-Olivine,5,425,256
NF,115,10,1,Fe-Olivine,5,425,256
NF,115,11,1,Fe-Olivine,5,425,256
NF,115,12,1,Fe-Olivine,5,425,256
NF,115,13,1,Fe-Olivine,5,425,256
NF,115,14,1,Fe-Olivine,5,425,256
NF,115,15,1,Fe-Olivine,5,425,256
NF,115,16,1,Fe-Olivine,5,425,256
NF,115,17,1,Fe-Olivine,5,425,256
NF,115,18,1,Fe-Olivine,5,425,256
NF,115,19,1,Fe-Olivine,5,425,256
NF,115,20,1,Fe-Olivine,5,425,256
NF,115,21,1,Fe-Olivine,5,425,256
NF,115,22,1,Fe-Olivine,5,425,256
NF,115,23,1,Fe-Olivine,5,425,256
NF,115,24,1,Fe-Olivine,5,425,256
NF,115,25,1,Fe-Olivine,5,425,256
NF,115,26,1,Fe-Olivine,5,425,256
NF,115,27,1,Fe-Olivine,5,425,256
NF,115,28,1,Fe-Olivine,5,425,256
NF,115,29,1,Fe-Olivine,5,425,256
NF,115,30,1,Fe-Olivine,5,425,256
NF,115,31,1,Fe-Olivine,5,425,256
NF,115,32,1,Fe-Olivine,5,425,256
NF,115,33,1,Fe-Olivine,5,425,256
NF,115,34,1,Fe-Olivine,5,425,256
NF,115,272,4,Bassanite,2,425,256
NF,115,273,4,Bassanite,2,425,256
NF,115,274,4,Bassanite,2,425,256
NF,115,275,4,Bassanite,2,425,256
NF,115,276,4,Bassanite,2,425,256
NF,115,277,4,Bassanite,2,425,256
NF,115,278,4,Bassanite,2,425,256
NF,115,279,4,Bassanite,2,425,256
NF,115,280,4,Bassanite,2,425,256
NF,115,281,4,Bassanite,2,425,256
NF,115,282,4,Bassanite,2,425,256
NF,115,283,4,Bassanite,2,425,256
NF,115,284,4,Bassanite,2,425,256
NF,115,285,4,Bassanite,2,425,256
NF,115,298,8,Prehnite,14,425,256
NF,115,299,8,Prehnite,14,425,256
NF,115,300,8,Prehnite,14,425,256
NF,115,301,8,Prehnite,14,425,256
NF,115,476,9,Serpentine,15,425,256
NF,115,477,9,Serpentine,15,425,256
NF,115,478,9,Serpentine,15,425,256
NF,115,479,9,Serpentine,15,425,256
NF,115,480,9,Serpentine,15,425,256
NF,116,5,1,Fe-Olivine,5,425,256
NF,116,6,1,Fe-Olivine,5,425,256
NF,116,7,1,Fe-Olivine,5,425,256
NF,116,8,1,Fe-Olivine,5,425,256
NF,116,9,1,Fe-Olivine,5,425,256
NF,116,10,1,Fe-Olivine,5,425,256
NF,116,11,1,Fe-Olivine,5,425,256
NF,116,12,1,Fe-Olivine,5,425,256
NF,116,13,1,Fe-Olivine,5,425,256
NF,116,14,1,Fe-Olivine,5,425,256
NF,116,15,1,Fe-Olivine,5,425,256
NF,116,16,1,Fe-Olivine,5,425,256
NF,116,17,1,Fe-Olivine,5,425,256
NF,116,18,1,Fe-Olivine,5,425,256
NF,116,19,1,Fe-Olivine,5,425,256
NF,116,20,1,Fe-Olivine,5,425,256
NF,116,21,1,Fe-Olivine,5,425,256
NF,116,22,1,Fe-Olivine,5,425,256
NF,116,23,1,Fe-Olivine,5,425,256
NF,116,24,1,Fe-Olivine,5,425,256
NF,116,25,1,Fe-Olivine,5,425,256
NF,116,26,1,Fe-Olivine,5,425,256
NF,116,27,1,Fe-Olivine,5,425,256
NF,116,28,1,Fe-Olivine,5,425,256
NF,116,29,1,Fe-Olivine,5,425,256
NF,116,30,1,Fe-Olivine,5,425,256
NF,116,31,1,Fe-Olivine,5,425,256
NF,116,32,1,Fe-Olivine,5,425,256
NF,116,33,1,Fe-Olivine,5,425,256
NF,116,34,1,Fe-Olivine,5,425,256
NF,116,273,4,Bassanite,2,425,256
NF,116,274,4,Bassanite,2,425,256
NF,116,275,4,Bassanite,2,425,256
NF,116,276,4,Bassanite,2,425,256
NF,116,277,4,Bassanite,2,425,256
NF,116,278,4,Bassanite,2,425,256
NF,116,279,4,Bassanite,2,425,256
NF,116,280,4,Bassanite,2,425,256
NF,116,281,4,Bassanite,2,425,256
NF,116,282,4,Bassanite,2,425,256
NF,116,283,4,Bassanite,2,425,256
NF,116,284,4,Bassanite,2,425,256
NF,116,285,4,Bassanite,2,425,256
NF,116,298,8,Prehnite,14,425,256
NF,116,299,8,Prehnite,14,425,256
NF,116,300,8,Prehnite,14,425,256
NF,116,301,8,Prehnite,14,425,256
NF,116,474,9,Serpentine,15,425,256
NF,116,475,9,Serpentine,15,425,256
NF,116,476,9,Serpentine,15,425,256
NF,116,477,9,Serpentine,15,425,256
NF,116,478,9,Serpentine,15,425,256
NF,116,479,9,Serpentine,15,425,256
NF,116,480,9,Serpentine,15,425,256
NF,116,481,9,Serpentine,15,425,256
NF,116,482,9,Serpentine,15,425,256
NF,117,6,1,Fe-Olivine,5,425,256
NF,117,7,1,Fe-Olivine,5,425,256
NF,117,8,1,Fe-Olivine,5,425,256
NF,117,9,1,Fe-Olivine,5,425,256
NF,117,10,1,Fe-Olivine,5,425,256
NF,117,11,1,Fe-Olivine,5,425,256
NF,117,12,1,Fe-Olivine,5,425,256
NF,117,13,1,Fe-Olivine,5,425,256
NF,117,14,1,Fe-Olivine,5,425,256
NF,117,15,1,Fe-Olivine,5,425,256
NF,117,16,1,Fe-Olivine,5,425,256
NF,117,17,1,Fe-Olivine,5,425,256
NF,117,18,1,Fe-Olivine,5,425,256
NF,117,19,1,Fe-Olivine,5,425,256
NF,117,20,1,Fe-Olivine,5,425,256
NF,117,21,1,Fe-Olivine,5,425,256
NF,117,22,1,Fe-Olivine,5,425,256
NF,117,23,1,Fe-Olivine,5,425,256
NF,117,24,1,Fe-Olivine,5,425,256
NF,117,25,1,Fe-Olivine,5,425,256
NF,117,26,1,Fe-Olivine,5,425,256
NF,117,27,1,Fe-Olivine,5,425,256
NF,117,28,1,Fe-Olivine,5,425,256
NF,117,29,1,Fe-Olivine,5,425,256
NF,117,30,1,Fe-Olivine,5,425,256
NF,117,31,1,Fe-Olivine,5,425,256
NF,117,32,1,Fe-Olivine,5,425,256
NF,117,33,1,Fe-Olivine,5,425,256
NF,117,34,1,Fe-Olivine,5,425,256
NF,117,275,4,Bassanite,2,425,256
NF,117,276,4,Bassanite,2,425,256
NF,117,277,4,Bassanite,2,425,256
NF,117,278,4,Bassanite,2,425,256
NF,117,279,4,Bassanite,2,425,256
NF,117,280,4,Bassanite,2,425,256
NF,117,281,4,Bassanite,2,425,256
NF,117,282,4,Bassanite,2,425,256
NF,117,283,4,Bassanite,2,425,256
NF,117,284,4,Bassanite,2,425,256
NF,117,285,4,Bassanite,2,425,256
NF,117,298,8,Prehnite,14,425,256
NF,117,299,8,Prehnite,14,425,256
NF,117,300,8,Prehnite,14,425,256
NF,117,474,9,Serpentine,15,425,256
NF,117,475,9,Serpentine,15,425,256
NF,117,476,9,Serpentine,15,425,256
NF,117,477,9,Serpentine,15,425,256
NF,117,478,9,Serpentine,15,425,256
NF,117,479,9,Serpentine,15,425,256
NF,117,480,9,Serpentine,15,425,256
NF,117,481,9,Serpentine,15,425,256
NF,117,482,9,Serpentine,15,425,256
NF,117,483,9,Serpentine,15,425,256
NF,117,484,9,Serpentine,15,425,256
NF,118,8,1,Fe-Olivine,5,425,256
NF,118,9,1,Fe-Olivine,5,425,256
NF,118,10,1,Fe-Olivine,5,425,256
NF,118,11,1,Fe-Olivine,5,425,256
NF,118,12,1,Fe-Olivine,5,425,256
NF,118,13,1,Fe-Olivine,5,425,256
NF,118,14,1,Fe-Olivine,5,425,256
NF,118,15,1,Fe-Olivine,5,425,256
NF,118,16,1,Fe-Olivine,5,425,256
NF,118,17,1,Fe-Olivine,5,425,256
NF,118,18,1,Fe-Olivine,5,425,256
NF,118,19,1,Fe-Olivine,5,425,256
NF,118,20,1,Fe-Olivine,5,425,256
NF,118,21,1,Fe-Olivine,5,425,256
NF,118,22,1,Fe-Olivine,5,425,256
NF,118,23,1,Fe-Olivine,5,425,256
NF,118,24,1,Fe-Olivine,5,425,256
NF,118,25,1,Fe-Olivine,5,425,256
NF,118,26,1,Fe-Olivine,5,425,256
NF,118,27,1,Fe-Olivine,5,425,256
NF,118,28,1,Fe-Olivine,5,425,256
NF,118,29,1,Fe-Olivine,5,425,256
NF,118,30,1,Fe-Olivine,5,425,256
NF,118,31,1,Fe-Olivine,5,425,256
NF,118,32,1,Fe-Olivine,5,425,256
NF,118,33,1,Fe-Olivine,5,425,256
NF,118,34,1,Fe-Olivine,5,425,256
NF,118,275,4,Bassanite,2,425,256
NF,118,276,4,Bassanite,2,425,256
NF,118,277,4,Bassanite,2,425,256
NF,118,278,4,Bassanite,2,425,256
NF,118,279,4,Bassanite,2,425,256
NF,118,280,4,Bassanite,2,425,256
NF,118,281,4,Bassanite,2,425,256
NF,118,282,4,Bassanite,2,425,256
NF,118,283,4,Bassanite,2,425,256
NF,118,284,4,Bassanite,2,425,256
NF,118,285,4,Bassanite,2,425,256
NF,118,474,9,Serpentine,15,425,256
NF,118,475,9,Serpentine,15,425,256
NF,118,476,9,Serpentine,15,425,256
NF,118,477,9,Serpentine,15,425,256
NF,118,478,9,Serpentine,15,425,256
NF,118,479,9,Serpentine,15,425,256
NF,118,480,9,Serpentine,15,425,256
NF,118,481,9,Serpentine,15,425,256
NF,118,482,9,Serpentine,15,425,256
NF,118,483,9,Serpentine,15,425,256
NF,118,484,9,Serpentine,15,425,256
NF,118,485,9,Serpentine,15,425,256
NF,118,503,8,Prehnite,14,425,256
NF,118,504,8,Prehnite,14,425,256
NF,118,505,8,Prehnite,14,425,256
NF,119,9,1,Fe-Olivine,5,425,256
NF,119,10,1,Fe-Olivine,5,425,256
NF,119,11,1,Fe-Olivine,5,425,256
NF,119,12,1,Fe-Olivine,5,425,256
NF,119,13,1,Fe-Olivine,5,425,256
NF,119,14,1,Fe-Olivine,5,425,256
NF,119,15,1,Fe-Olivine,5,425,256
NF,119,16,1,Fe-Olivine,5,425,256
NF,119,17,1,Fe-Olivine,5,425,256
NF,119,18,1,Fe-Olivine,5,425,256
NF,119,19,1,Fe-Olivine,5,425,256
NF,119,20,1,Fe-Olivine,5,425,256
NF,119,21,1,Fe-Olivine,5,425,256
NF,119,22,1,Fe-Olivine,5,425,256
NF,119,23,1,Fe-Olivine,5,425,256
NF,119,24,1,Fe-Olivine,5,425,256
NF,119,25,1,Fe-Olivine,5,425,256
NF,119,26,1,Fe-Olivine,5,425,256
NF,119,27,1,Fe-Olivine,5,425,256
NF,119,28,1,Fe-Olivine,5,425,256
NF,119,29,1,Fe-Olivine,5,425,256
NF,119,30,1,Fe-Olivine,5,425,256
NF,119,31,1,Fe-Olivine,5,425,256
NF,119,32,1,Fe-Olivine,5,425,256
NF,119,33,1,Fe-Olivine,5,425,256
NF,119,34,1,Fe-Olivine,5,425,256
NF,119,276,4,Bassanite,2,425,256
NF,119,277,4,Bassanite,2,425,256
NF,119,278,4,Bassanite,2,425,256
NF,119,279,4,Bassanite,2,425,256
NF,119,280,4,Bassanite,2,425,256
NF,119,281,4,Bassanite,2,425,256
NF,119,282,4,Bassanite,2,425,256
NF,119,283,4,Bassanite,2,425,256
NF,119,284,4,Bassanite,2,425,256
NF,119,285,4,Bassanite,2,425,256
NF,119,286,4,Bassanite,2,425,256
NF,119,474,9,Serpentine,15,425,256
NF,119,475,9,Serpentine,15,425,256
NF,119,476,9,Serpentine,15,425,256
NF,119,477,9,Serpentine,15,425,256
NF,119,478,9,Serpentine,15,425,256
NF,119,479,9,Serpentine,15,425,256
NF,119,480,9,Serpentine,15,425,256
NF,119,481,9,Serpentine,15,425,256
NF,119,482,9,Serpentine,15,425,256
NF,119,483,9,Serpentine,15,425,256
NF,119,484,9,Serpentine,15,425,256
NF,119,485,9,Serpentine,15,425,256
NF,119,486,9,Serpentine,15,425,256
NF,119,487,9,Serpentine,15,425,256
NF,119,502,8,Prehnite,14,425,256
NF,119,503,8,Prehnite,14,425,256
NF,119,504,8,Prehnite,14,425,256
NF,119,505,8,Prehnite,14,425,256
NF,119,506,8,Prehnite,14,425,256
NF,120,10,1,Fe-Olivine,5,425,256
NF,120,11,1,Fe-Olivine,5,425,256
NF,120,12,1,Fe-Olivine,5,425,256
NF,120,13,1,Fe-Olivine,5,425,256
NF,120,14,1,Fe-Olivine,5,425,256
NF,120,15,1,Fe-Olivine,5,425,256
NF,120,16,1,Fe-Olivine,5,425,256
NF,120,17,1,Fe-Olivine,5,425,256
NF,120,18,1,Fe-Olivine,5,425,256
NF,120,19,1,Fe-Olivine,5,425,256
NF,120,20,1,Fe-Olivine,5,425,256
NF,120,21,1,Fe-Olivine,5,425,256
NF,120,22,1,Fe-Olivine,5,425,256
NF,120,23,1,Fe-Olivine,5,425,256
NF,120,24,1,Fe-Olivine,5,425,256
NF,120,25,1,Fe-Olivine,5,425,256
NF,120,26,1,Fe-Olivine,5,425,256
NF,120,27,1,Fe-Olivine,5,425,256
NF,120,28,1,Fe-Olivine,5,425,256
NF,120,29,1,Fe-Olivine,5,425,256
NF,120,30,1,Fe-Olivine,5,425,256
NF,120,31,1,Fe-Olivine,5,425,256
NF,120,32,1,Fe-Olivine,5,425,256
NF,120,33,1,Fe-Olivine,5,425,256
NF,120,34,1,Fe-Olivine,5,425,256
NF,120,277,4,Bassanite,2,425,256
NF,120,278,4,Bassanite,2,425,256
NF,120,279,4,Bassanite,2,425,256
NF,120,280,4,Bassanite,2,425,256
NF,120,281,4,Bassanite,2,425,256
NF,120,282,4,Bassanite,2,425,256
NF,120,283,4,Bassanite,2,425,256
NF,120,284,4,Bassanite,2,425,256
NF,120,285,4,Bassanite,2,425,256
NF,120,286,4,Bassanite,2,425,256
NF,120,474,9,Serpentine,15,425,256
NF,120,475,9,Serpentine,15,425,256
NF,120,476,9,Serpentine,15,425,256
NF,120,477,9,Serpentine,15,425,256
NF,120,478,9,Serpentine,15,425,256
NF,120,479,9,Serpentine,15,425,256
NF,120,480,9,Serpentine,15,425,256
NF,120,481,9,Serpentine,15,425,256
NF,120,482,9,Serpentine,15,425,256
NF,120,483,9,Serpentine,15,425,256
NF,120,484,9,Serpentine,15,425,256
NF,120,485,9,Serpentine,15,425,256
NF,120,486,9,Serpentine,15,425,256
NF,120,487,9,Serpentine,15,425,256
NF,120,488,9,Serpentine,15,425,256
NF,120,502,8,Prehnite,14,425,256
NF,120,503,8,Prehnite,14,425,256
NF,120,504,8,Prehnite,14,425,256
NF,120,505,8,Prehnite,14,425,256
NF,120,506,8,Prehnite,14,425,256
NF,120,507,8,Prehnite,14,425,256
NF,120,508,8,Prehnite,14,425,256
NF,121,11,1,Fe-Olivine,5,425,256
NF,121,12,1,Fe-Olivine,5,425,256
NF,121,13,1,Fe-Olivine,5,425,256
NF,121,14,1,Fe-Olivine,5,425,256
NF,121,15,1,Fe-Olivine,5,425,256
NF,121,16,1,Fe-Olivine,5,425,256
NF,121,17,1,Fe-Olivine,5,425,256
NF,121,18,1,Fe-Olivine,5,425,256
NF,121,19,1,Fe-Olivine,5,425,256
NF,121,20,1,Fe-Olivine,5,425,256
NF,121,21,1,Fe-Olivine,5,425,256
NF,121,22,1,Fe-Olivine,5,425,256
NF,121,23,1,Fe-Olivine,5,425,256
NF,121,24,1,Fe-Olivine,5,425,256
NF,121,25,1,Fe-Olivine,5,425,256
NF,121,26,1,Fe-Olivine,5,425,256
NF,121,27,1,Fe-Olivine,5,425,256
NF,121,28,1,Fe-Olivine,5,425,256
NF,121,29,1,Fe-Olivine,5,425,256
NF,121,30,1,Fe-Olivine,5,425,256
NF,121,31,1,Fe-Olivine,5,425,256
NF,121,32,1,Fe-Olivine,5,425,256
NF,121,33,1,Fe-Olivine,5,425,256
NF,121,34,1,Fe-Olivine,5,425,256
NF,121,277,4,Bassanite,2,425,256
NF,121,278,4,Bassanite,2,425,256
NF,121,279,4,Bassanite,2,425,256
NF,121,280,4,Bassanite,2,425,256
NF,121,281,4,Bassanite,2,425,256
NF,121,282,4,Bassanite,2,425,256
NF,121,283,4,Bassanite,2,425,256
NF,121,284,4,Bassanite,2,425,256
NF,121,285,4,Bassanite,2,425,256
NF,121,286,4,Bassanite,2,425,256
NF,121,287,4,Bassanite,2,425,256
NF,121,474,9,Serpentine,15,425,256
NF,121,475,9,Serpentine,15,425,256
NF,121,476,9,Serpentine,15,425,256
NF,121,477,9,Serpentine,15,425,256
NF,121,478,9,Serpentine,15,425,256
NF,121,479,9,Serpentine,15,425,256
NF,121,480,9,Serpentine,15,425,256
NF,121,481,9,Serpentine,15,425,256
NF,121,482,9,Serpentine,15,425,256
NF,121,483,9,Serpentine,15,425,256
NF,121,484,9,Serpentine,15,425,256
NF,121,485,9,Serpentine,15,425,256
NF,121,486,9,Serpentine,15,425,256
NF,121,487,9,Serpentine,15,425,256
NF,121,488,9,Serpentine,15,425,256
NF,121,489,9,Serpentine,15,425,256
NF,121,499,4,Bassanite,2,425,256
NF,121,500,4,Bassanite,2,425,256
NF,121,501,4,Bassanite,2,425,256
NF,121,503,8,Prehnite,14,425,256
NF,121,504,8,Prehnite,14,425,256
NF,121,505,8,Prehnite,14,425,256
NF,121,506,8,Prehnite,14,425,256
NF,121,507,8,Prehnite,14,425,256
NF,121,508,8,Prehnite,14,425,256
NF,122,12,1,Fe-Olivine,5,425,256
NF,122,13,1,Fe-Olivine,5,425,256
NF,122,14,1,Fe-Olivine,5,425,256
NF,122,15,1,Fe-Olivine,5,425,256
NF,122,16,1,Fe-Olivine,5,425,256
NF,122,17,1,Fe-Olivine,5,425,256
NF,122,18,1,Fe-Olivine,5,425,256
NF,122,19,1,Fe-Olivine,5,425,256
NF,122,20,1,Fe-Olivine,5,425,256
NF,122,21,1,Fe-Olivine,5,425,256
NF,122,22,1,Fe-Olivine,5,425,256
NF,122,23,1,Fe-Olivine,5,425,256
NF,122,24,1,Fe-Olivine,5,425,256
NF,122,25,1,Fe-Olivine,5,425,256
NF,122,26,1,Fe-Olivine,5,425,256
NF,122,27,1,Fe-Olivine,5,425,256
NF,122,28,1,Fe-Olivine,5,425,256
NF,122,29,1,Fe-Olivine,5,425,256
NF,122,30,1,Fe-Olivine,5,425,256
NF,122,31,1,Fe-Olivine,5,425,256
NF,122,32,1,Fe-Olivine,5,425,256
NF,122,33,1,Fe-Olivine,5,425,256
NF,122,34,1,Fe-Olivine,5,425,256
NF,122,278,4,Bassanite,2,425,256
NF,122,279,4,Bassanite,2,425,256
NF,122,280,4,Bassanite,2,425,256
NF,122,281,4,Bassanite,2,425,256
NF,122,282,4,Bassanite,2,425,256
NF,122,283,4,Bassanite,2,425,256
NF,122,284,4,Bassanite,2,425,256
NF,122,285,4,Bassanite,2,425,256
NF,122,286,4,Bassanite,2,425,256
NF,122,287,4,Bassanite,2,425,256
NF,122,474,9,Serpentine,15,425,256
NF,122,475,9,Serpentine,15,425,256
NF,122,476,9,Serpentine,15,425,256
NF,122,477,9,Serpentine,15,425,256
NF,122,478,9,Serpentine,15,425,256
NF,122,479,9,Serpentine,15,425,256
NF,122,480,9,Serpentine,15,425,256
NF,122,481,9,Serpentine,15,425,256
NF,122,482,9,Serpentine,15,425,256
NF,122,483,9,Serpentine,15,425,256
NF,122,484,9,Serpentine,15,425,256
NF,122,485,9,Serpentine,15,425,256
NF,122,486,9,Serpentine,15,425,256
NF,122,487,9,Serpentine,15,425,256
NF,122,488,9,Serpentine,15,425,256
NF,122,489,9,Serpentine,15,425,256
NF,122,490,9,Serpentine,15,425,256
NF,122,491,9,Serpentine,15,425,256
NF,122,499,4,Bassanite,2,425,256
NF,122,500,4,Bassanite,2,425,256
NF,122,501,4,Bassanite,2,425,256
NF,122,502,4,Bassanite,2,425,256
NF,122,504,8,Prehnite,14,425,256
NF,122,505,8,Prehnite,14,425,256
NF,122,506,8,Prehnite,14,425,256
NF,122,507,8,Prehnite,14,425,256
NF,122,508,8,Prehnite,14,425,256
NF,122,509,8,Prehnite,14,425,256
NF,123,14,1,Fe-Olivine,5,425,256
NF,123,15,1,Fe-Olivine,5,425,256
NF,123,16,1,Fe-Olivine,5,425,256
NF,123,17,1,Fe-Olivine,5,425,256
NF,123,18,1,Fe-Olivine,5,425,256
NF,123,19,1,Fe-Olivine,5,425,256
NF,123,20,1,Fe-Olivine,5,425,256
NF,123,21,1,Fe-Olivine,5,425,256
NF,123,22,1,Fe-Olivine,5,425,256
NF,123,23,1,Fe-Olivine,5,425,256
NF,123,24,1,Fe-Olivine,5,425,256
NF,123,25,1,Fe-Olivine,5,425,256
NF,123,26,1,Fe-Olivine,5,425,256
NF,123,27,1,Fe-Olivine,5,425,256
NF,123,28,1,Fe-Olivine,5,425,256
NF,123,29,1,Fe-Olivine,5,425,256
NF,123,30,1,Fe-Olivine,5,425,256
NF,123,31,1,Fe-Olivine,5,425,256
NF,123,32,1,Fe-Olivine,5,425,256
NF,123,33,1,Fe-Olivine,5,425,256
NF,123,34,1,Fe-Olivine,5,425,256
NF,123,279,4,Bassanite,2,425,256
NF,123,280,4,Bassanite,2,425,256
NF,123,281,4,Bassanite,2,425,256
NF,123,282,4,Bassanite,2,425,256
NF,123,283,4,Bassanite,2,425,256
NF,123,284,4,Bassanite,2,425,256
NF,123,285,4,Bassanite,2,425,256
NF,123,286,4,Bassanite,2,425,256
NF,123,287,4,Bassanite,2,425,256
NF,123,474,9,Serpentine,15,425,256
NF,123,475,9,Serpentine,15,425,256
NF,123,476,9,Serpentine,15,425,256
NF,123,477,9,Serpentine,15,425,256
NF,123,478,9,Serpentine,15,425,256
NF,123,479,9,Serpentine,15,425,256
NF,123,480,9,Serpentine,15,425,256
NF,123,481,9,Serpentine,15,425,256
NF,123,482,9,Serpentine,15,425,256
NF,123,483,9,Serpentine,15,425,256
NF,123,484,9,Serpentine,15,425,256
NF,123,485,9,Serpentine,15,425,256
NF,123,486,9,Serpentine,15,425,256
NF,123,487,9,Serpentine,15,425,256
NF,123,488,9,Serpentine,15,425,256
NF,123,489,9,Serpentine,15,425,256
NF,123,490,9,Serpentine,15,425,256
NF,123,491,9,Serpentine,15,425,256
NF,123,499,4,Bassanite,2,425,256
NF,123,500,4,Bassanite,2,425,256
NF,123,501,4,Bassanite,2,425,256
NF,123,502,4,Bassanite,2,425,256
NF,123,505,8,Prehnite,14,425,256
NF,123,506,8,Prehnite,14,425,256
NF,123,507,8,Prehnite,14,425,256
NF,123,508,8,Prehnite,14,425,256
NF,123,509,8,Prehnite,14,425,256
NF,124,16,1,Fe-Olivine,5,425,256
NF,124,17,1,Fe-Olivine,5,425,256
NF,124,18,1,Fe-Olivine,5,425,256
NF,124,19,1,Fe-Olivine,5,425,256
NF,124,20,1,Fe-Olivine,5,425,256
NF,124,21,1,Fe-Olivine,5,425,256
NF,124,22,1,Fe-Olivine,5,425,256
NF,124,23,1,Fe-Olivine,5,425,256
NF,124,24,1,Fe-Olivine,5,425,256
NF,124,25,1,Fe-Olivine,5,425,256
NF,124,26,1,Fe-Olivine,5,425,256
NF,124,27,1,Fe-Olivine,5,425,256
NF,124,28,1,Fe-Olivine,5,425,256
NF,124,29,1,Fe-Olivine,5,425,256
NF,124,30,1,Fe-Olivine,5,425,256
NF,124,31,1,Fe-Olivine,5,425,256
NF,124,32,1,Fe-Olivine,5,425,256
NF,124,33,1,Fe-Olivine,5,425,256
NF,124,34,1,Fe-Olivine,5,425,256
NF,124,280,4,Bassanite,2,425,256
NF,124,281,4,Bassanite,2,425,256
NF,124,282,4,Bassanite,2,425,256
NF,124,283,4,Bassanite,2,425,256
NF,124,284,4,Bassanite,2,425,256
NF,124,285,4,Bassanite,2,425,256
NF,124,286,4,Bassanite,2,425,256
NF,124,287,4,Bassanite,2,425,256
NF,124,475,9,Serpentine,15,425,256
NF,124,476,9,Serpentine,15,425,256
NF,124,477,9,Serpentine,15,425,256
NF,124,478,9,Serpentine,15,425,256
NF,124,479,9,Serpentine,15,425,256
NF,124,480,9,Serpentine,15,425,256
NF,124,481,9,Serpentine,15,425,256
NF,124,482,9,Serpentine,15,425,256
NF,124,483,9,Serpentine,15,425,256
NF,124,484,9,Serpentine,15,425,256
NF,124,485,9,Serpentine,15,425,256
NF,124,486,9,Serpentine,15,425,256
NF,124,487,9,Serpentine,15,425,256
NF,124,488,9,Serpentine,15,425,256
NF,124,489,9,Serpentine,15,425,256
NF,124,490,9,Serpentine,15,425,256
NF,124,491,9,Serpentine,15,425,256
NF,124,492,9,Serpentine,15,425,256
NF,124,493,9,Serpentine,15,425,256
NF,124,500,4,Bassanite,2,425,256
NF,124,501,4,Bassanite,2,425,256
NF,124,502,4,Bassanite,2,425,256
NF,124,503,4,Bassanite,2,425,256
NF,124,506,8,Prehnite,14,425,256
NF,124,507,8,Prehnite,14,425,256
NF,124,508,8,Prehnite,14,425,256
NF,124,513,8,Prehnite,14,425,256
NF,124,514,8,Prehnite,14,425,256
NF,125,22,1,Fe-Olivine,5,425,256
NF,125,23,1,Fe-Olivine,5,425,256
NF,125,24,1,Fe-Olivine,5,425,256
NF,125,25,1,Fe-Olivine,5,425,256
NF,125,26,1,Fe-Olivine,5,425,256
NF,125,27,1,Fe-Olivine,5,425,256
NF,125,28,1,Fe-Olivine,5,425,256
NF,125,29,1,Fe-Olivine,5,425,256
NF,125,30,1,Fe-Olivine,5,425,256
NF,125,31,1,Fe-Olivine,5,425,256
NF,125,285,4,Bassanite,2,425,256
NF,125,286,4,Bassanite,2,425,256
NF,125,287,4,Bassanite,2,425,256
NF,125,288,4,Bassanite,2,425,256
NF,125,475,9,Serpentine,15,425,256
NF,125,476,9,Serpentine,15,425,256
NF,125,477,9,Serpentine,15,425,256
NF,125,478,9,Serpentine,15,425,256
NF,125,479,9,Serpentine,15,425,256
NF,125,480,9,Serpentine,15,425,256
NF,125,481,9,Serpentine,15,425,256
NF,125,482,9,Serpentine,15,425,256
NF,125,483,9,Serpentine,15,425,256
NF,125,484,9,Serpentine,15,425,256
NF,125,485,9,Serpentine,15,425,256
NF,125,486,9,Serpentine,15,425,256
NF,125,487,9,Serpentine,15,425,256
NF,125,488,9,Serpentine,15,425,256
NF,125,489,9,Serpentine,15,425,256
NF,125,490,9,Serpentine,15,425,256
NF,125,491,9,Serpentine,15,425,256
NF,125,492,9,Serpentine,15,425,256
NF,125,493,9,Serpentine,15,425,256
NF,125,494,9,Serpentine,15,425,256
NF,125,500,4,Bassanite,2,425,256
NF,125,501,4,Bassanite,2,425,256
NF,125,502,4,Bassanite,2,425,256
NF,125,503,4,Bassanite,2,425,256
NF,125,512,8,Prehnite,14,425,256
NF,125,513,8,Prehnite,14,425,256
NF,125,514,8,Prehnite,14,425,256
NF,125,515,8,Prehnite,14,425,256
NF,126,25,1,Fe-Olivine,5,425,256
NF,126,26,1,Fe-Olivine,5,425,256
NF,126,27,1,Fe-Olivine,5,425,256
NF,126,28,1,Fe-Olivine,5,425,256
NF,126,29,1,Fe-Olivine,5,425,256
NF,126,30,1,Fe-Olivine,5,425,256
NF,126,285,4,Bassanite,2,425,256
NF,126,286,4,Bassanite,2,425,256
NF,126,287,4,Bassanite,2,425,256
NF,126,288,4,Bassanite,2,425,256
NF,126,374,4,Bassanite,2,425,256
NF,126,375,4,Bassanite,2,425,256
NF,126,376,4,Bassanite,2,425,256
NF,126,377,4,Bassanite,2,425,256
NF,126,378,4,Bassanite,2,425,256
NF,126,476,9,Serpentine,15,425,256
NF,126,477,9,Serpentine,15,425,256
NF,126,478,9,Serpentine,15,425,256
NF,126,479,9,Serpentine,15,425,256
NF,126,480,9,Serpentine,15,425,256
NF,126,481,9,Serpentine,15,425,256
NF,126,482,9,Serpentine,15,425,256
NF,126,483,9,Serpentine,15,425,256
NF,126,484,9,Serpentine,15,425,256
NF,126,485,9,Serpentine,15,425,256
NF,126,486,9,Serpentine,15,425,256
NF,126,487,9,Serpentine,15,425,256
NF,126,488,9,Serpentine,15,425,256
NF,126,489,9,Serpentine,15,425,256
NF,126,490,9,Serpentine,15,425,256
NF,126,491,9,Serpentine,15,425,256
NF,126,492,9,Serpentine,15,425,256
NF,126,493,9,Serpentine,15,425,256
NF,126,494,9,Serpentine,15,425,256
NF,126,495,9,Serpentine,15,425,256
NF,126,501,4,Bassanite,2,425,256
NF,126,502,4,Bassanite,2,425,256
NF,126,503,4,Bassanite,2,425,256
NF,126,504,4,Bassanite,2,425,256
NF,126,511,8,Prehnite,14,425,256
NF,126,512,8,Prehnite,14,425,256
NF,126,513,8,Prehnite,14,425,256
NF,126,514,8,Prehnite,14,425,256
NF,126,515,8,Prehnite,14,425,256
NF,127,228,1,Fe-Olivine,5,425,256
NF,127,229,1,Fe-Olivine,5,425,256
NF,127,230,1,Fe-Olivine,5,425,256
NF,127,231,1,Fe-Olivine,5,425,256
NF,127,232,1,Fe-Olivine,5,425,256
NF,127,233,1,Fe-Olivine,5,425,256
NF,127,286,4,Bassanite,2,425,256
NF,127,287,4,Bassanite,2,425,256
NF,127,288,4,Bassanite,2,425,256
NF,127,289,4,Bassanite,2,425,256
NF,127,299,8,Prehnite,14,425,256
NF,127,300,8,Prehnite,14,425,256
NF,127,301,8,Prehnite,14,425,256
NF,127,302,8,Prehnite,14,425,256
NF,127,303,8,Prehnite,14,425,256
NF,127,304,8,Prehnite,14,425,256
NF,127,373,4,Bassanite,2,425,256
NF,127,374,4,Bassanite,2,425,256
NF,127,375,4,Bassanite,2,425,256
NF,127,376,4,Bassanite,2,425,256
NF,127,377,4,Bassanite,2,425,256
NF,127,378,4,Bassanite,2,425,256
NF,127,379,4,Bassanite,2,425,256
NF,127,380,4,Bassanite,2,425,256
NF,127,381,4,Bassanite,2,425,256
NF,127,382,4,Bassanite,2,425,256
NF,127,477,9,Serpentine,15,425,256
NF,127,478,9,Serpentine,15,425,256
NF,127,479,9,Serpentine,15,425,256
NF,127,480,9,Serpentine,15,425,256
NF,127,481,9,Serpentine,15,425,256
NF,127,482,9,Serpentine,15,425,256
NF,127,483,9,Serpentine,15,425,256
NF,127,484,9,Serpentine,15,425,256
NF,127,485,9,Serpentine,15,425,256
NF,127,486,9,Serpentine,15,425,256
NF,127,487,9,Serpentine,15,425,256
NF,127,488,9,Serpentine,15,425,256
NF,127,489,9,Serpentine,15,425,256
NF,127,490,9,Serpentine,15,425,256
NF,127,491,9,Serpentine,15,425,256
NF,127,492,9,Serpentine,15,425,256
NF,127,493,9,Serpentine,15,425,256
NF,127,494,9,Serpentine,15,425,256
NF,127,495,9,Serpentine,15,425,256
NF,127,501,4,Bassanite,2,425,256
NF,127,502,4,Bassanite,2,425,256
NF,127,503,4,Bassanite,2,425,256
NF,127,504,4,Bassanite,2,425,256
NF,127,510,8,Prehnite,14,425,256
NF,127,511,8,Prehnite,14,425,256
NF,127,512,8,Prehnite,14,425,256
NF,127,513,8,Prehnite,14,425,256
NF,127,514,8,Prehnite,14,425,256
NF,128,225,1,Fe-Olivine,5,425,256
NF,128,226,1,Fe-Olivine,5,425,256
NF,128,227,1,Fe-Olivine,5,425,256
NF,128,228,1,Fe-Olivine,5,425,256
NF,128,229,1,Fe-Olivine,5,425,256
NF,128,230,1,Fe-Olivine,5,425,256
NF,128,231,1,Fe-Olivine,5,425,256
NF,128,232,1,Fe-Olivine,5,425,256
NF,128,233,1,Fe-Olivine,5,425,256
NF,128,234,1,Fe-Olivine,5,425,256
NF,128,235,1,Fe-Olivine,5,425,256
NF,128,236,1,Fe-Olivine,5,425,256
NF,128,237,1,Fe-Olivine,5,425,256
NF,128,238,1,Fe-Olivine,5,425,256
NF,128,239,1,Fe-Olivine,5,425,256
NF,128,240,1,Fe-Olivine,5,425,256
NF,128,286,4,Bassanite,2,425,256
NF,128,287,4,Bassanite,2,425,256
NF,128,288,4,Bassanite,2,425,256
NF,128,289,4,Bassanite,2,425,256
NF,128,290,4,Bassanite,2,425,256
NF,128,299,8,Prehnite,14,425,256
NF,128,300,8,Prehnite,14,425,256
NF,128,301,8,Prehnite,14,425,256
NF,128,302,8,Prehnite,14,425,256
NF,128,303,8,Prehnite,14,425,256
NF,128,304,8,Prehnite,14,425,256
NF,128,305,8,Prehnite,14,425,256
NF,128,374,4,Bassanite,2,425,256
NF,128,375,4,Bassanite,2,425,256
NF,128,376,4,Bassanite,2,425,256
NF,128,377,4,Bassanite,2,425,256
NF,128,378,4,Bassanite,2,425,256
NF,128,379,4,Bassanite,2,425,256
NF,128,380,4,Bassanite,2,425,256
NF,128,381,4,Bassanite,2,425,256
NF,128,382,4,Bassanite,2,425,256
NF,128,383,4,Bassanite,2,425,256
NF,128,384,4,Bassanite,2,425,256
NF,128,477,9,Serpentine,15,425,256
NF,128,478,9,Serpentine,15,425,256
NF,128,479,9,Serpentine,15,425,256
NF,128,480,9,Serpentine,15,425,256
NF,128,481,9,Serpentine,15,425,256
NF,128,482,9,Serpentine,15,425,256
NF,128,483,9,Serpentine,15,425,256
NF,128,484,9,Serpentine,15,425,256
NF,128,485,9,Serpentine,15,425,256
NF,128,486,9,Serpentine,15,425,256
NF,128,487,9,Serpentine,15,425,256
NF,128,488,9,Serpentine,15,425,256
NF,128,489,9,Serpentine,15,425,256
NF,128,490,9,Serpentine,15,425,256
NF,128,491,9,Serpentine,15,425,256
NF,128,492,9,Serpentine,15,425,256
NF,128,493,9,Serpentine,15,425,256
NF,128,494,9,Serpentine,15,425,256
NF,128,495,9,Serpentine,15,425,256
NF,128,496,9,Serpentine,15,425,256
NF,128,502,4,Bassanite,2,425,256
NF,128,503,4,Bassanite,2,425,256
NF,128,504,4,Bassanite,2,425,256
NF,128,505,4,Bassanite,2,425,256
NF,128,510,8,Prehnite,14,425,256
NF,128,511,8,Prehnite,14,425,256
NF,128,512,8,Prehnite,14,425,256
NF,128,513,8,Prehnite,14,425,256
NF,128,514,8,Prehnite,14,425,256
NF,129,224,1,Fe-Olivine,5,425,256
NF,129,225,1,Fe-Olivine,5,425,256
NF,129,226,1,Fe-Olivine,5,425,256
NF,129,227,1,Fe-Olivine,5,425,256
NF,129,228,1,Fe-Olivine,5,425,256
NF,129,229,1,Fe-Olivine,5,425,256
NF,129,230,1,Fe-Olivine,5,425,256
NF,129,231,1,Fe-Olivine,5,425,256
NF,129,232,1,Fe-Olivine,5,425,256
NF,129,233,1,Fe-Olivine,5,425,256
NF,129,234,1,Fe-Olivine,5,425,256
NF,129,235,1,Fe-Olivine,5,425,256
NF,129,236,1,Fe-Olivine,5,425,256
NF,129,237,1,Fe-Olivine,5,425,256
NF,129,238,1,Fe-Olivine,5,425,256
NF,129,239,1,Fe-Olivine,5,425,256
NF,129,240,1,Fe-Olivine,5,425,256
NF,129,241,1,Fe-Olivine,5,425,256
NF,129,242,1,Fe-Olivine,5,425,256
NF,129,287,4,Bassanite,2,425,256
NF,129,288,4,Bassanite,2,425,256
NF,129,289,4,Bassanite,2,425,256
NF,129,290,4,Bassanite,2,425,256
NF,129,291,4,Bassanite,2,425,256
NF,129,299,8,Prehnite,14,425,256
NF,129,300,8,Prehnite,14,425,256
NF,129,301,8,Prehnite,14,425,256
NF,129,302,8,Prehnite,14,425,256
NF,129,303,8,Prehnite,14,425,256
NF,129,304,8,Prehnite,14,425,256
NF,129,305,8,Prehnite,14,425,256
NF,129,306,8,Prehnite,14,425,256
NF,129,374,4,Bassanite,2,425,256
NF,129,375,4,Bassanite,2,425,256
NF,129,376,4,Bassanite,2,425,256
NF,129,377,4,Bassanite,2,425,256
NF,129,378,4,Bassanite,2,425,256
NF,129,379,4,Bassanite,2,425,256
NF,129,380,4,Bassanite,2,425,256
NF,129,381,4,Bassanite,2,425,256
NF,129,382,4,Bassanite,2,425,256
NF,129,383,4,Bassanite,2,425,256
NF,129,384,4,Bassanite,2,425,256
NF,129,385,4,Bassanite,2,425,256
NF,129,478,9,Serpentine,15,425,256
NF,129,479,9,Serpentine,15,425,256
NF,129,480,9,Serpentine,15,425,256
NF,129,481,9,Serpentine,15,425,256
NF,129,482,9,Serpentine,15,425,256
NF,129,483,9,Serpentine,15,425,256
NF,129,484,9,Serpentine,15,425,256
NF,129,485,9,Serpentine,15,425,256
NF,129,486,9,Serpentine,15,425,256
NF,129,487,9,Serpentine,15,425,256
NF,129,488,9,Serpentine,15,425,256
NF,129,489,9,Serpentine,15,425,256
NF,129,490,9,Serpentine,15,425,256
NF,129,491,9,Serpentine,15,425,256
NF,129,492,9,Serpentine,15,425,256
NF,129,493,9,Serpentine,15,425,256
NF,129,494,9,Serpentine,15,425,256
NF,129,495,9,Serpentine,15,425,256
NF,129,496,9,Serpentine,15,425,256
NF,129,497,9,Serpentine,15,425,256
NF,129,502,4,Bassanite,2,425,256
NF,129,503,4,Bassanite,2,425,256
NF,129,504,4,Bassanite,2,425,256
NF,129,505,4,Bassanite,2,425,256
NF,129,510,8,Prehnite,14,425,256
NF,129,511,8,Prehnite,14,425,256
NF,129,512,8,Prehnite,14,425,256
NF,129,513,8,Prehnite,14,425,256
NF,130,224,1,Fe-Olivine,5,425,256
NF,130,225,1,Fe-Olivine,5,425,256
NF,130,226,1,Fe-Olivine,5,425,256
NF,130,227,1,Fe-Olivine,5,425,256
NF,130,228,1,Fe-Olivine,5,425,256
NF,130,229,1,Fe-Olivine,5,425,256
NF,130,230,1,Fe-Olivine,5,425,256
NF,130,231,1,Fe-Olivine,5,425,256
NF,130,232,1,Fe-Olivine,5,425,256
NF,130,233,1,Fe-Olivine,5,425,256
NF,130,234,1,Fe-Olivine,5,425,256
NF,130,235,1,Fe-Olivine,5,425,256
NF,130,236,1,Fe-Olivine,5,425,256
NF,130,237,1,Fe-Olivine,5,425,256
NF,130,238,1,Fe-Olivine,5,425,256
NF,130,239,1,Fe-Olivine,5,425,256
NF,130,240,1,Fe-Olivine,5,425,256
NF,130,241,1,Fe-Olivine,5,425,256
NF,130,242,1,Fe-Olivine,5,425,256
NF,130,243,1,Fe-Olivine,5,425,256
NF,130,244,1,Fe-Olivine,5,425,256
NF,130,245,1,Fe-Olivine,5,425,256
NF,130,246,1,Fe-Olivine,5,425,256
NF,130,287,4,Bassanite,2,425,256
NF,130,288,4,Bassanite,2,425,256
NF,130,289,4,Bassanite,2,425,256
NF,130,290,4,Bassanite,2,425,256
NF,130,291,4,Bassanite,2,425,256
NF,130,292,4,Bassanite,2,425,256
NF,130,293,4,Bassanite,2,425,256
NF,130,294,4,Bassanite,2,425,256
NF,130,300,8,Prehnite,14,425,256
NF,130,301,8,Prehnite,14,425,256
NF,130,302,8,Prehnite,14,425,256
NF,130,303,8,Prehnite,14,425,256
NF,130,304,8,Prehnite,14,425,256
NF,130,305,8,Prehnite,14,425,256
NF,130,306,8,Prehnite,14,425,256
NF,130,380,4,Bassanite,2,425,256
NF,130,381,4,Bassanite,2,425,256
NF,130,382,4,Bassanite,2,425,256
NF,130,383,4,Bassanite,2,425,256
NF,130,384,4,Bassanite,2,425,256
NF,130,385,4,Bassanite,2,425,256
NF,130,386,4,Bassanite,2,425,256
NF,130,479,9,Serpentine,15,425,256
NF,130,480,9,Serpentine,15,425,256
NF,130,481,9,Serpentine,15,425,256
NF,130,482,9,Serpentine,15,425,256
NF,130,483,9,Serpentine,15,425,256
NF,130,484,9,Serpentine,15,425,256
NF,130,485,9,Serpentine,15,425,256
NF,130,486,9,Serpentine,15,425,256
NF,130,487,9,Serpentine,15,425,256
NF,130,488,9,Serpentine,15,425,256
NF,130,489,9,Serpentine,15,425,256
NF,130,490,9,Serpentine,15,425,256
NF,130,491,9,Serpentine,15,425,256
NF,130,492,9,Serpentine,15,425,256
NF,130,493,9,Serpentine,15,425,256
NF,130,494,9,Serpentine,15,425,256
NF,130,495,9,Serpentine,15,425,256
NF,130,496,9,Serpentine,15,425,256
NF,130,497,9,Serpentine,15,425,256
NF,130,498,9,Serpentine,15,425,256
NF,130,503,4,Bassanite,2,425,256
NF,130,504,4,Bassanite,2,425,256
NF,130,505,4,Bassanite,2,425,256
NF,130,506,4,Bassanite,2,425,256
NF,130,510,8,Prehnite,14,425,256
NF,130,511,8,Prehnite,14,425,256
NF,130,512,8,Prehnite,14,425,256
NF,130,513,8,Prehnite,14,425,256
NF,131,224,1,Fe-Olivine,5,425,256
NF,131,225,1,Fe-Olivine,5,425,256
NF,131,226,1,Fe-Olivine,5,425,256
NF,131,227,1,Fe-Olivine,5,425,256
NF,131,228,1,Fe-Olivine,5,425,256
NF,131,229,1,Fe-Olivine,5,425,256
NF,131,230,1,Fe-Olivine,5,425,256
NF,131,231,1,Fe-Olivine,5,425,256
NF,131,232,1,Fe-Olivine,5,425,256
NF,131,233,1,Fe-Olivine,5,425,256
NF,131,234,1,Fe-Olivine,5,425,256
NF,131,235,1,Fe-Olivine,5,425,256
NF,131,236,1,Fe-Olivine,5,425,256
NF,131,237,1,Fe-Olivine,5,425,256
NF,131,238,1,Fe-Olivine,5,425,256
NF,131,239,1,Fe-Olivine,5,425,256
NF,131,240,1,Fe-Olivine,5,425,256
NF,131,241,1,Fe-Olivine,5,425,256
NF,131,242,1,Fe-Olivine,5,425,256
NF,131,243,1,Fe-Olivine,5,425,256
NF,131,244,1,Fe-Olivine,5,425,256
NF,131,245,1,Fe-Olivine,5,425,256
NF,131,246,1,Fe-Olivine,5,425,256
NF,131,247,1,Fe-Olivine,5,425,256
NF,131,288,4,Bassanite,2,425,256
NF,131,289,4,Bassanite,2,425,256
NF,131,290,4,Bassanite,2,425,256
NF,131,291,4,Bassanite,2,425,256
NF,131,292,4,Bassanite,2,425,256
NF,131,293,4,Bassanite,2,425,256
NF,131,294,4,Bassanite,2,425,256
NF,131,295,4,Bassanite,2,425,256
NF,131,301,8,Prehnite,14,425,256
NF,131,302,8,Prehnite,14,425,256
NF,131,303,8,Prehnite,14,425,256
NF,131,304,8,Prehnite,14,425,256
NF,131,305,8,Prehnite,14,425,256
NF,131,306,8,Prehnite,14,425,256
NF,131,382,4,Bassanite,2,425,256
NF,131,383,4,Bassanite,2,425,256
NF,131,384,4,Bassanite,2,425,256
NF,131,385,4,Bassanite,2,425,256
NF,131,386,4,Bassanite,2,425,256
NF,131,387,4,Bassanite,2,425,256
NF,131,481,9,Serpentine,15,425,256
NF,131,482,9,Serpentine,15,425,256
NF,131,483,9,Serpentine,15,425,256
NF,131,484,9,Serpentine,15,425,256
NF,131,485,9,Serpentine,15,425,256
NF,131,486,9,Serpentine,15,425,256
NF,131,487,9,Serpentine,15,425,256
NF,131,488,9,Serpentine,15,425,256
NF,131,489,9,Serpentine,15,425,256
NF,131,490,9,Serpentine,15,425,256
NF,131,491,9,Serpentine,15,425,256
NF,131,492,9,Serpentine,15,425,256
NF,131,493,9,Serpentine,15,425,256
NF,131,494,9,Serpentine,15,425,256
NF,131,495,9,Serpentine,15,425,256
NF,131,496,9,Serpentine,15,425,256
NF,131,497,9,Serpentine,15,425,256
NF,131,498,9,Serpentine,15,425,256
NF,131,503,4,Bassanite,2,425,256
NF,131,504,4,Bassanite,2,425,256
NF,131,505,4,Bassanite,2,425,256
NF,131,506,4,Bassanite,2,425,256
NF,131,507,4,Bassanite,2,425,256
NF,131,519,2,Epidote,4,425,256
NF,131,520,2,Epidote,4,425,256
NF,131,521,2,Epidote,4,425,256
NF,132,224,1,Fe-Olivine,5,425,256
NF,132,225,1,Fe-Olivine,5,425,256
NF,132,226,1,Fe-Olivine,5,425,256
NF,132,227,1,Fe-Olivine,5,425,256
NF,132,228,1,Fe-Olivine,5,425,256
NF,132,229,1,Fe-Olivine,5,425,256
NF,132,230,1,Fe-Olivine,5,425,256
NF,132,231,1,Fe-Olivine,5,425,256
NF,132,232,1,Fe-Olivine,5,425,256
NF,132,233,1,Fe-Olivine,5,425,256
NF,132,234,1,Fe-Olivine,5,425,256
NF,132,235,1,Fe-Olivine,5,425,256
NF,132,236,1,Fe-Olivine,5,425,256
NF,132,237,1,Fe-Olivine,5,425,256
NF,132,238,1,Fe-Olivine,5,425,256
NF,132,239,1,Fe-Olivine,5,425,256
NF,132,240,1,Fe-Olivine,5,425,256
NF,132,241,1,Fe-Olivine,5,425,256
NF,132,242,1,Fe-Olivine,5,425,256
NF,132,243,1,Fe-Olivine,5,425,256
NF,132,244,1,Fe-Olivine,5,425,256
NF,132,245,1,Fe-Olivine,5,425,256
NF,132,246,1,Fe-Olivine,5,425,256
NF,132,247,1,Fe-Olivine,5,425,256
NF,132,248,1,Fe-Olivine,5,425,256
NF,132,249,1,Fe-Olivine,5,425,256
NF,132,250,1,Fe-Olivine,5,425,256
NF,132,251,1,Fe-Olivine,5,425,256
NF,132,252,1,Fe-Olivine,5,425,256
NF,132,288,4,Bassanite,2,425,256
NF,132,289,4,Bassanite,2,425,256
NF,132,290,4,Bassanite,2,425,256
NF,132,291,4,Bassanite,2,425,256
NF,132,292,4,Bassanite,2,425,256
NF,132,293,4,Bassanite,2,425,256
NF,132,294,4,Bassanite,2,425,256
NF,132,295,4,Bassanite,2,425,256
NF,132,296,4,Bassanite,2,425,256
NF,132,382,4,Bassanite,2,425,256
NF,132,383,4,Bassanite,2,425,256
NF,132,384,4,Bassanite,2,425,256
NF,132,385,4,Bassanite,2,425,256
NF,132,386,4,Bassanite,2,425,256
NF,132,387,4,Bassanite,2,425,256
NF,132,481,9,Serpentine,15,425,256
NF,132,482,9,Serpentine,15,425,256
NF,132,483,9,Serpentine,15,425,256
NF,132,484,9,Serpentine,15,425,256
NF,132,485,9,Serpentine,15,425,256
NF,132,486,9,Serpentine,15,425,256
NF,132,487,9,Serpentine,15,425,256
NF,132,488,9,Serpentine,15,425,256
NF,132,489,9,Serpentine,15,425,256
NF,132,490,9,Serpentine,15,425,256
NF,132,491,9,Serpentine,15,425,256
NF,132,492,9,Serpentine,15,425,256
NF,132,493,9,Serpentine,15,425,256
NF,132,494,9,Serpentine,15,425,256
NF,132,495,9,Serpentine,15,425,256
NF,132,496,9,Serpentine,15,425,256
NF,132,497,9,Serpentine,15,425,256
NF,132,498,9,Serpentine,15,425,256
NF,132,499,9,Serpentine,15,425,256
NF,132,504,4,Bassanite,2,425,256
NF,132,505,4,Bassanite,2,425,256
NF,132,506,4,Bassanite,2,425,256
NF,132,507,4,Bassanite,2,425,256
NF,132,508,4,Bassanite,2,425,256
NF,132,519,2,Epidote,4,425,256
NF,132,520,2,Epidote,4,425,256
NF,132,521,2,Epidote,4,425,256
NF,133,224,1,Fe-Olivine,5,425,256
NF,133,225,1,Fe-Olivine,5,425,256
NF,133,226,1,Fe-Olivine,5,425,256
NF,133,227,1,Fe-Olivine,5,425,256
NF,133,228,1,Fe-Olivine,5,425,256
NF,133,229,1,Fe-Olivine,5,425,256
NF,133,230,1,Fe-Olivine,5,425,256
NF,133,231,1,Fe-Olivine,5,425,256
NF,133,232,1,Fe-Olivine,5,425,256
NF,133,233,1,Fe-Olivine,5,425,256
NF,133,234,1,Fe-Olivine,5,425,256
NF,133,235,1,Fe-Olivine,5,425,256
NF,133,236,1,Fe-Olivine,5,425,256
NF,133,237,1,Fe-Olivine,5,425,256
NF,133,238,1,Fe-Olivine,5,425,256
NF,133,239,1,Fe-Olivine,5,425,256
NF,133,240,1,Fe-Olivine,5,425,256
NF,133,241,1,Fe-Olivine,5,425,256
NF,133,242,1,Fe-Olivine,5,425,256
NF,133,243,1,Fe-Olivine,5,425,256
NF,133,244,1,Fe-Olivine,5,425,256
NF,133,245,1,Fe-Olivine,5,425,256
NF,133,246,1,Fe-Olivine,5,425,256
NF,133,247,1,Fe-Olivine,5,425,256
NF,133,248,1,Fe-Olivine,5,425,256
NF,133,249,1,Fe-Olivine,5,425,256
NF,133,250,1,Fe-Olivine,5,425,256
NF,133,251,1,Fe-Olivine,5,425,256
NF,133,252,1,Fe-Olivine,5,425,256
NF,133,253,1,Fe-Olivine,5,425,256
NF,133,254,1,Fe-Olivine,5,425,256
NF,133,289,4,Bassanite,2,425,256
NF,133,290,4,Bassanite,2,425,256
NF,133,291,4,Bassanite,2,425,256
NF,133,292,4,Bassanite,2,425,256
NF,133,293,4,Bassanite,2,425,256
NF,133,294,4,Bassanite,2,425,256
NF,133,295,4,Bassanite,2,425,256
NF,133,296,4,Bassanite,2,425,256
NF,133,297,4,Bassanite,2,425,256
NF,133,298,4,Bassanite,2,425,256
NF,133,299,4,Bassanite,2,425,256
NF,133,300,4,Bassanite,2,425,256
NF,133,383,4,Bassanite,2,425,256
NF,133,384,4,Bassanite,2,425,256
NF,133,385,4,Bassanite,2,425,256
NF,133,386,4,Bassanite,2,425,256
NF,133,387,4,Bassanite,2,425,256
NF,133,482,9,Serpentine,15,425,256
NF,133,483,9,Serpentine,15,425,256
NF,133,484,9,Serpentine,15,425,256
NF,133,485,9,Serpentine,15,425,256
NF,133,486,9,Serpentine,15,425,256
NF,133,487,9,Serpentine,15,425,256
NF,133,488,9,Serpentine,15,425,256
NF,133,489,9,Serpentine,15,425,256
NF,133,490,9,Serpentine,15,425,256
NF,133,491,9,Serpentine,15,425,256
NF,133,492,9,Serpentine,15,425,256
NF,133,493,9,Serpentine,15,425,256
NF,133,494,9,Serpentine,15,425,256
NF,133,495,9,Serpentine,15,425,256
NF,133,496,9,Serpentine,15,425,256
NF,133,497,9,Serpentine,15,425,256
NF,133,498,9,Serpentine,15,425,256
NF,133,499,9,Serpentine,15,425,256
NF,133,500,9,Serpentine,15,425,256
NF,133,504,4,Bassanite,2,425,256
NF,133,505,4,Bassanite,2,425,256
NF,133,506,4,Bassanite,2,425,256
NF,133,507,4,Bassanite,2,425,256
NF,133,508,4,Bassanite,2,425,256
NF,133,509,4,Bassanite,2,425,256
NF,133,519,2,Epidote,4,425,256
NF,133,520,2,Epidote,4,425,256
NF,133,521,2,Epidote,4,425,256
NF,134,226,1,Fe-Olivine,5,425,256
NF,134,227,1,Fe-Olivine,5,425,256
NF,134,228,1,Fe-Olivine,5,425,256
NF,134,229,1,Fe-Olivine,5,425,256
NF,134,230,1,Fe-Olivine,5,425,256
NF,134,231,1,Fe-Olivine,5,425,256
NF,134,232,1,Fe-Olivine,5,425,256
NF,134,233,1,Fe-Olivine,5,425,256
NF,134,234,1,Fe-Olivine,5,425,256
NF,134,235,1,Fe-Olivine,5,425,256
NF,134,236,1,Fe-Olivine,5,425,256
NF,134,237,1,Fe-Olivine,5,425,256
NF,134,238,1,Fe-Olivine,5,425,256
NF,134,239,1,Fe-Olivine,5,425,256
NF,134,240,1,Fe-Olivine,5,425,256
NF,134,241,1,Fe-Olivine,5,425,256
NF,134,242,1,Fe-Olivine,5,425,256
NF,134,243,1,Fe-Olivine,5,425,256
NF,134,244,1,Fe-Olivine,5,425,256
NF,134,245,1,Fe-Olivine,5,425,256
NF,134,246,1,Fe-Olivine,5,425,256
NF,134,247,1,Fe-Olivine,5,425,256
NF,134,248,1,Fe-Olivine,5,425,256
NF,134,249,1,Fe-Olivine,5,425,256
NF,134,250,1,Fe-Olivine,5,425,256
NF,134,251,1,Fe-Olivine,5,425,256
NF,134,252,1,Fe-Olivine,5,425,256
NF,134,253,1,Fe-Olivine,5,425,256
NF,134,254,1,Fe-Olivine,5,425,256
NF,134,255,1,Fe-Olivine,5,425,256
NF,134,290,4,Bassanite,2,425,256
NF,134,291,4,Bassanite,2,425,256
NF,134,292,4,Bassanite,2,425,256
NF,134,293,4,Bassanite,2,425,256
NF,134,294,4,Bassanite,2,425,256
NF,134,295,4,Bassanite,2,425,256
NF,134,296,4,Bassanite,2,425,256
NF,134,297,4,Bassanite,2,425,256
NF,134,298,4,Bassanite,2,425,256
NF,134,299,4,Bassanite,2,425,256
NF,134,300,4,Bassanite,2,425,256
NF,134,301,4,Bassanite,2,425,256
NF,134,302,4,Bassanite,2,425,256
NF,134,303,4,Bassanite,2,425,256
NF,134,304,4,Bassanite,2,425,256
NF,134,305,4,Bassanite,2,425,256
NF,134,315,4,Bassanite,2,425,256
NF,134,316,4,Bassanite,2,425,256
NF,134,317,4,Bassanite,2,425,256
NF,134,318,4,Bassanite,2,425,256
NF,134,319,4,Bassanite,2,425,256
NF,134,320,4,Bassanite,2,425,256
NF,134,484,9,Serpentine,15,425,256
NF,134,485,9,Serpentine,15,425,256
NF,134,486,9,Serpentine,15,425,256
NF,134,487,9,Serpentine,15,425,256
NF,134,488,9,Serpentine,15,425,256
NF,134,489,9,Serpentine,15,425,256
NF,134,490,9,Serpentine,15,425,256
NF,134,491,9,Serpentine,15,425,256
NF,134,492,9,Serpentine,15,425,256
NF,134,493,9,Serpentine,15,425,256
NF,134,494,9,Serpentine,15,425,256
NF,134,495,9,Serpentine,15,425,256
NF,134,496,9,Serpentine,15,425,256
NF,134,497,9,Serpentine,15,425,256
NF,134,498,9,Serpentine,15,425,256
NF,134,499,9,Serpentine,15,425,256
NF,134,500,9,Serpentine,15,425,256
NF,134,505,4,Bassanite,2,425,256
NF,134,506,4,Bassanite,2,425,256
NF,134,507,4,Bassanite,2,425,256
NF,134,508,4,Bassanite,2,425,256
NF,134,509,4,Bassanite,2,425,256
NF,134,510,4,Bassanite,2,425,256
NF,134,511,4,Bassanite,2,425,256
NF,134,519,2,Epidote,4,425,256
NF,134,520,2,Epidote,4,425,256
NF,134,521,2,Epidote,4,425,256
NF,135,229,1,Fe-Olivine,5,425,256
NF,135,230,1,Fe-Olivine,5,425,256
NF,135,231,1,Fe-Olivine,5,425,256
NF,135,232,1,Fe-Olivine,5,425,256
NF,135,233,1,Fe-Olivine,5,425,256
NF,135,234,1,Fe-Olivine,5,425,256
NF,135,235,1,Fe-Olivine,5,425,256
NF,135,236,1,Fe-Olivine,5,425,256
NF,135,237,1,Fe-Olivine,5,425,256
NF,135,238,1,Fe-Olivine,5,425,256
NF,135,239,1,Fe-Olivine,5,425,256
NF,135,240,1,Fe-Olivine,5,425,256
NF,135,241,1,Fe-Olivine,5,425,256
NF,135,242,1,Fe-Olivine,5,425,256
NF,135,243,1,Fe-Olivine,5,425,256
NF,135,244,1,Fe-Olivine,5,425,256
NF,135,245,1,Fe-Olivine,5,425,256
NF,135,246,1,Fe-Olivine,5,425,256
NF,135,247,1,Fe-Olivine,5,425,256
NF,135,248,1,Fe-Olivine,5,425,256
NF,135,249,1,Fe-Olivine,5,425,256
NF,135,250,1,Fe-Olivine,5,425,256
NF,135,251,1,Fe-Olivine,5,425,256
NF,135,252,1,Fe-Olivine,5,425,256
NF,135,253,1,Fe-Olivine,5,425,256
NF,135,254,1,Fe-Olivine,5,425,256
NF,135,255,1,Fe-Olivine,5,425,256
NF,135,256,1,Fe-Olivine,5,425,256
NF,135,291,4,Bassanite,2,425,256
NF,135,292,4,Bassanite,2,425,256
NF,135,293,4,Bassanite,2,425,256
NF,135,294,4,Bassanite,2,425,256
NF,135,295,4,Bassanite,2,425,256
NF,135,296,4,Bassanite,2,425,256
NF,135,297,4,Bassanite,2,425,256
NF,135,298,4,Bassanite,2,425,256
NF,135,299,4,Bassanite,2,425,256
NF,135,300,4,Bassanite,2,425,256
NF,135,301,4,Bassanite,2,425,256
NF,135,302,4,Bassanite,2,425,256
NF,135,303,4,Bassanite,2,425,256
NF,135,304,4,Bassanite,2,425,256
NF,135,305,4,Bassanite,2,425,256
NF,135,306,4,Bassanite,2,425,256
NF,135,307,4,Bassanite,2,425,256
NF,135,308,4,Bassanite,2,425,256
NF,135,309,4,Bassanite,2,425,256
NF,135,310,4,Bassanite,2,425,256
NF,135,311,4,Bassanite,2,425,256
NF,135,312,4,Bassanite,2,425,256
NF,135,313,4,Bassanite,2,425,256
NF,135,314,4,Bassanite,2,425,256
NF,135,315,4,Bassanite,2,425,256
NF,135,316,4,Bassanite,2,425,256
NF,135,317,4,Bassanite,2,425,256
NF,135,318,4,Bassanite,2,425,256
NF,135,319,4,Bassanite,2,425,256
NF,135,320,4,Bassanite,2,425,256
NF,135,321,4,Bassanite,2,425,256
NF,135,485,9,Serpentine,15,425,256
NF,135,486,9,Serpentine,15,425,256
NF,135,487,9,Serpentine,15,425,256
NF,135,488,9,Serpentine,15,425,256
NF,135,489,9,Serpentine,15,425,256
NF,135,490,9,Serpentine,15,425,256
NF,135,491,9,Serpentine,15,425,256
NF,135,492,9,Serpentine,15,425,256
NF,135,493,9,Serpentine,15,425,256
NF,135,494,9,Serpentine,15,425,256
NF,135,495,9,Serpentine,15,425,256
NF,135,496,9,Serpentine,15,425,256
NF,135,497,9,Serpentine,15,425,256
NF,135,498,9,Serpentine,15,425,256
NF,135,499,9,Serpentine,15,425,256
NF,135,500,9,Serpentine,15,425,256
NF,135,506,4,Bassanite,2,425,256
NF,135,507,4,Bassanite,2,425,256
NF,135,508,4,Bassanite,2,425,256
NF,135,509,4,Bassanite,2,425,256
NF,135,510,4,Bassanite,2,425,256
NF,135,511,4,Bassanite,2,425,256
NF,135,512,4,Bassanite,2,425,256
NF,135,513,4,Bassanite,2,425,256
NF,136,231,1,Fe-Olivine,5,425,256
NF,136,232,1,Fe-Olivine,5,425,256
NF,136,233,1,Fe-Olivine,5,425,256
NF,136,234,1,Fe-Olivine,5,425,256
NF,136,235,1,Fe-Olivine,5,425,256
NF,136,236,1,Fe-Olivine,5,425,256
NF,136,238,1,Fe-Olivine,5,425,256
NF,136,239,1,Fe-Olivine,5,425,256
NF,136,240,1,Fe-Olivine,5,425,256
NF,136,241,1,Fe-Olivine,5,425,256
NF,136,242,1,Fe-Olivine,5,425,256
NF,136,243,1,Fe-Olivine,5,425,256
NF,136,244,1,Fe-Olivine,5,425,256
NF,136,245,1,Fe-Olivine,5,425,256
NF,136,246,1,Fe-Olivine,5,425,256
NF,136,247,1,Fe-Olivine,5,425,256
NF,136,248,1,Fe-Olivine,5,425,256
NF,136,249,1,Fe-Olivine,5,425,256
NF,136,250,1,Fe-Olivine,5,425,256
NF,136,251,1,Fe-Olivine,5,425,256
NF,136,252,1,Fe-Olivine,5,425,256
NF,136,253,1,Fe-Olivine,5,425,256
NF,136,254,1,Fe-Olivine,5,425,256
NF,136,255,1,Fe-Olivine,5,425,256
NF,136,256,1,Fe-Olivine,5,425,256
NF,136,294,4,Bassanite,2,425,256
NF,136,295,4,Bassanite,2,425,256
NF,136,296,4,Bassanite,2,425,256
NF,136,297,4,Bassanite,2,425,256
NF,136,298,4,Bassanite,2,425,256
NF,136,299,4,Bassanite,2,425,256
NF,136,300,4,Bassanite,2,425,256
NF,136,301,4,Bassanite,2,425,256
NF,136,302,4,Bassanite,2,425,256
NF,136,303,4,Bassanite,2,425,256
NF,136,304,4,Bassanite,2,425,256
NF,136,305,4,Bassanite,2,425,256
NF,136,306,4,Bassanite,2,425,256
NF,136,307,4,Bassanite,2,425,256
NF,136,308,4,Bassanite,2,425,256
NF,136,309,4,Bassanite,2,425,256
NF,136,310,4,Bassanite,2,425,256
NF,136,311,4,Bassanite,2,425,256
NF,136,312,4,Bassanite,2,425,256
NF,136,313,4,Bassanite,2,425,256
NF,136,314,4,Bassanite,2,425,256
NF,136,315,4,Bassanite,2,425,256
NF,136,316,4,Bassanite,2,425,256
NF,136,317,4,Bassanite,2,425,256
NF,136,318,4,Bassanite,2,425,256
NF,136,319,4,Bassanite,2,425,256
NF,136,320,4,Bassanite,2,425,256
NF,136,321,4,Bassanite,2,425,256
NF,136,487,9,Serpentine,15,425,256
NF,136,488,9,Serpentine,15,425,256
NF,136,489,9,Serpentine,15,425,256
NF,136,490,9,Serpentine,15,425,256
NF,136,491,9,Serpentine,15,425,256
NF,136,492,9,Serpentine,15,425,256
NF,136,493,9,Serpentine,15,425,256
NF,136,494,9,Serpentine,15,425,256
NF,136,495,9,Serpentine,15,425,256
NF,136,496,9,Serpentine,15,425,256
NF,136,497,9,Serpentine,15,425,256
NF,136,498,9,Serpentine,15,425,256
NF,136,499,9,Serpentine,15,425,256
NF,136,500,9,Serpentine,15,425,256
NF,136,501,9,Serpentine,15,425,256
NF,136,507,4,Bassanite,2,425,256
NF,136,508,4,Bassanite,2,425,256
NF,136,509,4,Bassanite,2,425,256
NF,136,510,4,Bassanite,2,425,256
NF,136,511,4,Bassanite,2,425,256
NF,136,512,4,Bassanite,2,425,256
NF,136,513,4,Bassanite,2,425,256
NF,136,514,4,Bassanite,2,425,256
NF,136,515,4,Bassanite,2,425,256
NF,137,244,1,Fe-Olivine,5,425,256
NF,137,245,1,Fe-Olivine,5,425,256
NF,137,246,1,Fe-Olivine,5,425,256
NF,137,247,1,Fe-Olivine,5,425,256
NF,137,248,1,Fe-Olivine,5,425,256
NF,137,249,1,Fe-Olivine,5,425,256
NF,137,250,1,Fe-Olivine,5,425,256
NF,137,251,1,Fe-Olivine,5,425,256
NF,137,252,1,Fe-Olivine,5,425,256
NF,137,253,1,Fe-Olivine,5,425,256
NF,137,254,1,Fe-Olivine,5,425,256
NF,137,255,1,Fe-Olivine,5,425,256
NF,137,256,1,Fe-Olivine,5,425,256
NF,137,298,4,Bassanite,2,425,256
NF,137,299,4,Bassanite,2,425,256
NF,137,300,4,Bassanite,2,425,256
NF,137,301,4,Bassanite,2,425,256
NF,137,302,4,Bassanite,2,425,256
NF,137,303,4,Bassanite,2,425,256
NF,137,304,4,Bassanite,2,425,256
NF,137,305,4,Bassanite,2,425,256
NF,137,306,4,Bassanite,2,425,256
NF,137,307,4,Bassanite,2,425,256
NF,137,308,4,Bassanite,2,425,256
NF,137,309,4,Bassanite,2,425,256
NF,137,310,4,Bassanite,2,425,256
NF,137,311,4,Bassanite,2,425,256
NF,137,312,4,Bassanite,2,425,256
NF,137,313,4,Bassanite,2,425,256
NF,137,314,4,Bassanite,2,425,256
NF,137,315,4,Bassanite,2,425,256
NF,137,316,4,Bassanite,2,425,256
NF,137,317,4,Bassanite,2,425,256
NF,137,318,4,Bassanite,2,425,256
NF,137,319,4,Bassanite,2,425,256
NF,137,320,4,Bassanite,2,425,256
NF,137,321,4,Bassanite,2,425,256
NF,137,488,9,Serpentine,15,425,256
NF,137,489,9,Serpentine,15,425,256
NF,137,490,9,Serpentine,15,425,256
NF,137,491,9,Serpentine,15,425,256
NF,137,492,9,Serpentine,15,425,256
NF,137,493,9,Serpentine,15,425,256
NF,137,494,9,Serpentine,15,425,256
NF,137,495,9,Serpentine,15,425,256
NF,137,496,9,Serpentine,15,425,256
NF,137,497,9,Serpentine,15,425,256
NF,137,498,9,Serpentine,15,425,256
NF,137,499,9,Serpentine,15,425,256
NF,137,500,9,Serpentine,15,425,256
NF,137,501,9,Serpentine,15,425,256
NF,137,508,4,Bassanite,2,425,256
NF,137,509,4,Bassanite,2,425,256
NF,137,510,4,Bassanite,2,425,256
NF,137,511,4,Bassanite,2,425,256
NF,137,512,4,Bassanite,2,425,256
NF,137,513,4,Bassanite,2,425,256
NF,137,514,4,Bassanite,2,425,256
NF,137,515,4,Bassanite,2,425,256
NF,138,246,1,Fe-Olivine,5,425,256
NF,138,247,1,Fe-Olivine,5,425,256
NF,138,248,1,Fe-Olivine,5,425,256
NF,138,249,1,Fe-Olivine,5,425,256
NF,138,250,1,Fe-Olivine,5,425,256
NF,138,251,1,Fe-Olivine,5,425,256
NF,138,252,1,Fe-Olivine,5,425,256
NF,138,253,1,Fe-Olivine,5,425,256
NF,138,254,1,Fe-Olivine,5,425,256
NF,138,255,1,Fe-Olivine,5,425,256
NF,138,256,1,Fe-Olivine,5,425,256
NF,138,301,4,Bassanite,2,425,256
NF,138,302,4,Bassanite,2,425,256
NF,138,303,4,Bassanite,2,425,256
NF,138,304,4,Bassanite,2,425,256
NF,138,305,4,Bassanite,2,425,256
NF,138,306,4,Bassanite,2,425,256
NF,138,307,4,Bassanite,2,425,256
NF,138,308,4,Bassanite,2,425,256
NF,138,309,4,Bassanite,2,425,256
NF,138,310,4,Bassanite,2,425,256
NF,138,311,4,Bassanite,2,425,256
NF,138,312,4,Bassanite,2,425,256
NF,138,313,4,Bassanite,2,425,256
NF,138,314,4,Bassanite,2,425,256
NF,138,315,4,Bassanite,2,425,256
NF,138,316,4,Bassanite,2,425,256
NF,138,317,4,Bassanite,2,425,256
NF,138,318,4,Bassanite,2,425,256
NF,138,489,9,Serpentine,15,425,256
NF,138,490,9,Serpentine,15,425,256
NF,138,491,9,Serpentine,15,425,256
NF,138,492,9,Serpentine,15,425,256
NF,138,493,9,Serpentine,15,425,256
NF,138,494,9,Serpentine,15,425,256
NF,138,495,9,Serpentine,15,425,256
NF,138,496,9,Serpentine,15,425,256
NF,138,497,9,Serpentine,15,425,256
NF,138,498,9,Serpentine,15,425,256
NF,138,499,9,Serpentine,15,425,256
NF,138,500,9,Serpentine,15,425,256
NF,138,501,9,Serpentine,15,425,256
NF,138,502,9,Serpentine,15,425,256
NF,138,510,4,Bassanite,2,425,256
NF,138,511,4,Bassanite,2,425,256
NF,138,512,4,Bassanite,2,425,256
NF,138,513,4,Bassanite,2,425,256
NF,138,514,4,Bassanite,2,425,256
NF,138,515,4,Bassanite,2,425,256
NF,138,528,2,Epidote,4,425,256
NF,139,251,1,Fe-Olivine,5,425,256
NF,139,252,1,Fe-Olivine,5,425,256
NF,139,253,1,Fe-Olivine,5,425,256
NF,139,254,1,Fe-Olivine,5,425,256
NF,139,255,1,Fe-Olivine,5,425,256
NF,139,489,9,Serpentine,15,425,256
NF,139,490,9,Serpentine,15,425,256
NF,139,491,9,Serpentine,15,425,256
NF,139,492,9,Serpentine,15,425,256
NF,139,493,9,Serpentine,15,425,256
NF,139,494,9,Serpentine,15,425,256
NF,139,495,9,Serpentine,15,425,256
NF,139,496,9,Serpentine,15,425,256
NF,139,497,9,Serpentine,15,425,256
NF,139,498,9,Serpentine,15,425,256
NF,139,499,9,Serpentine,15,425,256
NF,139,500,9,Serpentine,15,425,256
NF,139,501,9,Serpentine,15,425,256
NF,139,502,9,Serpentine,15,425,256
NF,139,503,9,Serpentine,15,425,256
NF,139,510,4,Bassanite,2,425,256
NF,139,511,4,Bassanite,2,425,256
NF,139,512,4,Bassanite,2,425,256
NF,139,513,4,Bassanite,2,425,256
NF,139,514,4,Bassanite,2,425,256
NF,139,515,4,Bassanite,2,425,256
NF,139,528,2,Epidote,4,425,256
NF,140,490,9,Serpentine,15,425,256
NF,140,491,9,Serpentine,15,425,256
NF,140,492,9,Serpentine,15,425,256
NF,140,493,9,Serpentine,15,425,256
NF,140,494,9,Serpentine,15,425,256
NF,140,495,9,Serpentine,15,425,256
NF,140,496,9,Serpentine,15,425,256
NF,140,497,9,Serpentine,15,425,256
NF,140,498,9,Serpentine,15,425,256
NF,140,499,9,Serpentine,15,425,256
NF,140,500,9,Serpentine,15,425,256
NF,140,501,9,Serpentine,15,425,256
NF,140,502,9,Serpentine,15,425,256
NF,140,503,9,Serpentine,15,425,256
NF,140,511,4,Bassanite,2,425,256
NF,140,512,4,Bassanite,2,425,256
NF,140,513,4,Bassanite,2,425,256
NF,140,514,4,Bassanite,2,425,256
NF,140,515,4,Bassanite,2,425,256
NF,140,516,4,Bassanite,2,425,256
NF,141,271,9,Serpentine,15,425,256
NF,141,272,9,Serpentine,15,425,256
NF,141,273,9,Serpentine,15,425,256
NF,141,491,9,Serpentine,15,425,256
NF,141,492,9,Serpentine,15,425,256
NF,141,493,9,Serpentine,15,425,256
NF,141,494,9,Serpentine,15,425,256
NF,141,495,9,Serpentine,15,425,256
NF,141,496,9,Serpentine,15,425,256
NF,141,497,9,Serpentine,15,425,256
NF,141,498,9,Serpentine,15,425,256
NF,141,499,9,Serpentine,15,425,256
NF,141,500,9,Serpentine,15,425,256
NF,141,501,9,Serpentine,15,425,256
NF,141,502,9,Serpentine,15,425,256
NF,141,503,9,Serpentine,15,425,256
NF,141,512,4,Bassanite,2,425,256
NF,141,513,4,Bassanite,2,425,256
NF,141,514,4,Bassanite,2,425,256
NF,141,515,4,Bassanite,2,425,256
NF,141,516,4,Bassanite,2,425,256
NF,142,271,9,Serpentine,15,425,256
NF,142,272,9,Serpentine,15,425,256
NF,142,273,9,Serpentine,15,425,256
NF,142,274,9,Serpentine,15,425,256
NF,142,491,9,Serpentine,15,425,256
NF,142,492,9,Serpentine,15,425,256
NF,142,493,9,Serpentine,15,425,256
NF,142,494,9,Serpentine,15,425,256
NF,142,495,9,Serpentine,15,425,256
NF,142,496,9,Serpentine,15,425,256
NF,142,497,9,Serpentine,15,425,256
NF,142,498,9,Serpentine,15,425,256
NF,142,499,9,Serpentine,15,425,256
NF,142,500,9,Serpentine,15,425,256
NF,142,501,9,Serpentine,15,425,256
NF,142,502,9,Serpentine,15,425,256
NF,142,503,9,Serpentine,15,425,256
NF,142,514,4,Bassanite,2,425,256
NF,142,515,4,Bassanite,2,425,256
NF,142,516,4,Bassanite,2,425,256
NF,143,271,9,Serpentine,15,425,256
NF,143,272,9,Serpentine,15,425,256
NF,143,273,9,Serpentine,15,425,256
NF,143,274,9,Serpentine,15,425,256
NF,143,275,9,Serpentine,15,425,256
NF,143,496,9,Serpentine,15,425,256
NF,143,497,9,Serpentine,15,425,256
NF,143,498,9,Serpentine,15,425,256
NF,143,499,9,Serpentine,15,425,256
NF,143,500,9,Serpentine,15,425,256
NF,143,501,9,Serpentine,15,425,256
NF,143,502,9,Serpentine,15,425,256
NF,144,272,9,Serpentine,15,425,256
NF,144,273,9,Serpentine,15,425,256
NF,144,274,9,Serpentine,15,425,256
NF,144,275,9,Serpentine,15,425,256
NF,144,276,9,Serpentine,15,425,256
NF,144,496,9,Serpentine,15,425,256
NF,144,497,9,Serpentine,15,425,256
NF,144,498,9,Serpentine,15,425,256
NF,144,499,9,Serpentine,15,425,256
NF,144,500,9,Serpentine,15,425,256
NF,145,272,9,Serpentine,15,425,256
NF,145,273,9,Serpentine,15,425,256
NF,145,274,9,Serpentine,15,425,256
NF,145,275,9,Serpentine,15,425,256
NF,145,276,9,Serpentine,15,425,256
NF,145,277,9,Serpentine,15,425,256
NF,145,278,9,Serpentine,15,425,256
NF,146,274,9,Serpentine,15,425,256
NF,146,275,9,Serpentine,15,425,256
NF,146,276,9,Serpentine,15,425,256
NF,146,277,9,Serpentine,15,425,256
NF,146,278,9,Serpentine,15,425,256
NF,146,279,9,Serpentine,15,425,256
NF,146,280,9,Serpentine,15,425,256
NF,146,281,9,Serpentine,15,425,256
NF,147,274,9,Serpentine,15,425,256
NF,147,275,9,Serpentine,15,425,256
NF,147,276,9,Serpentine,15,425,256
NF,147,277,9,Serpentine,15,425,256
NF,147,278,9,Serpentine,15,425,256
NF,147,279,9,Serpentine,15,425,256
NF,147,280,9,Serpentine,15,425,256
NF,147,281,9,Serpentine,15,425,256
NF,147,282,9,Serpentine,15,425,256
NF,148,275,9,Serpentine,15,425,256
NF,148,276,9,Serpentine,15,425,256
NF,148,277,9,Serpentine,15,425,256
NF,148,278,9,Serpentine,15,425,256
NF,148,279,9,Serpentine,15,425,256
NF,148,280,9,Serpentine,15,425,256
NF,148,281,9,Serpentine,15,425,256
NF,148,282,9,Serpentine,15,425,256
NF,148,283,9,Serpentine,15,425,256
NF,148,284,9,Serpentine,15,425,256
NF,148,285,9,Serpentine,15,425,256
NF,149,275,9,Serpentine,15,425,256
NF,149,276,9,Serpentine,15,425,256
NF,149,277,9,Serpentine,15,425,256
NF,149,278,9,Serpentine,15,425,256
NF,149,279,9,Serpentine,15,425,256
NF,149,280,9,Serpentine,15,425,256
NF,149,281,9,Serpentine,15,425,256
NF,149,282,9,Serpentine,15,425,256
NF,149,283,9,Serpentine,15,425,256
NF,149,284,9,Serpentine,15,425,256
NF,149,285,9,Serpentine,15,425,256
NF,149,286,9,Serpentine,15,425,256
NF,149,287,9,Serpentine,15,425,256
NF,149,288,9,Serpentine,15,425,256
NF,149,289,9,Serpentine,15,425,256
NF,149,290,9,Serpentine,15,425,256
NF,149,291,9,Serpentine,15,425,256
NF,149,292,9,Serpentine,15,425,256
NF,150,278,9,Serpentine,15,425,256
NF,150,279,9,Serpentine,15,425,256
NF,150,280,9,Serpentine,15,425,256
NF,150,281,9,Serpentine,15,425,256
NF,150,282,9,Serpentine,15,425,256
NF,150,283,9,Serpentine,15,425,256
NF,150,284,9,Serpentine,15,425,256
NF,150,285,9,Serpentine,15,425,256
NF,150,286,9,Serpentine,15,425,256
NF,150,287,9,Serpentine,15,425,256
NF,150,288,9,Serpentine,15,425,256
NF,150,289,9,Serpentine,15,425,256
NF,150,290,9,Serpentine,15,425,256
NF,150,291,9,Serpentine,15,425,256
NF,150,292,9,Serpentine,15,425,256
NF,151,284,9,Serpentine,15,425,256
NF,151,285,9,Serpentine,15,425,256
NF,151,286,9,Serpentine,15,425,256
NF,151,287,9,Serpentine,15,425,256
NF,151,288,9,Serpentine,15,425,256
NF,151,289,9,Serpentine,15,425,256
NF,151,290,9,Serpentine,15,425,256
NF,151,291,9,Serpentine,15,425,256
NF,151,292,9,Serpentine,15,425,256
NF,151,293,9,Serpentine,15,425,256
NF,151,294,9,Serpentine,15,425,256
NF,151,295,9,Serpentine,15,425,256
NF,151,296,9,Serpentine,15,425,256
NF,151,578,3,Chlorite,3,425,256
NF,151,579,3,Chlorite,3,425,256
NF,151,580,3,Chlorite,3,425,256
NF,151,581,3,Chlorite,3,425,256
NF,152,286,9,Serpentine,15,425,256
NF,152,287,9,Serpentine,15,425,256
NF,152,288,9,Serpentine,15,425,256
NF,152,289,9,Serpentine,15,425,256
NF,152,290,9,Serpentine,15,425,256
NF,152,291,9,Serpentine,15,425,256
NF,152,292,9,Serpentine,15,425,256
NF,152,293,9,Serpentine,15,425,256
NF,152,294,9,Serpentine,15,425,256
NF,152,295,9,Serpentine,15,425,256
NF,152,296,9,Serpentine,15,425,256
NF,152,297,9,Serpentine,15,425,256
NF,152,298,9,Serpentine,15,425,256
NF,152,299,9,Serpentine,15,425,256
NF,152,300,9,Serpentine,15,425,256
NF,152,568,3,Chlorite,3,425,256
NF,152,569,3,Chlorite,3,425,256
NF,152,576,3,Chlorite,3,425,256
NF,152,577,3,Chlorite,3,425,256
NF,152,578,3,Chlorite,3,425,256
NF,152,579,3,Chlorite,3,425,256
NF,152,580,3,Chlorite,3,425,256
NF,152,581,3,Chlorite,3,425,256
NF,153,290,9,Serpentine,15,425,256
NF,153,291,9,Serpentine,15,425,256
NF,153,292,9,Serpentine,15,425,256
NF,153,293,9,Serpentine,15,425,256
NF,153,294,9,Serpentine,15,425,256
NF,153,295,9,Serpentine,15,425,256
NF,153,296,9,Serpentine,15,425,256
NF,153,297,9,Serpentine,15,425,256
NF,153,298,9,Serpentine,15,425,256
NF,153,299,9,Serpentine,15,425,256
NF,153,300,9,Serpentine,15,425,256
NF,153,301,9,Serpentine,15,425,256
NF,153,302,9,Serpentine,15,425,256
NF,153,568,3,Chlorite,3,425,256
NF,153,569,3,Chlorite,3,425,256
NF,153,570,3,Chlorite,3,425,256
NF,153,571,3,Chlorite,3,425,256
NF,153,572,3,Chlorite,3,425,256
NF,153,573,3,Chlorite,3,425,256
NF,153,574,3,Chlorite,3,425,256
NF,153,575,3,Chlorite,3,425,256
NF,153,576,3,Chlorite,3,425,256
NF,153,577,3,Chlorite,3,425,256
NF,153,578,3,Chlorite,3,425,256
NF,153,579,3,Chlorite,3,425,256
NF,153,580,3,Chlorite,3,425,256
NF,153,581,3,Chlorite,3,425,256
NF,154,291,9,Serpentine,15,425,256
NF,154,292,9,Serpentine,15,425,256
NF,154,293,9,Serpentine,15,425,256
NF,154,294,9,Serpentine,15,425,256
NF,154,295,9,Serpentine,15,425,256
NF,154,296,9,Serpentine,15,425,256
NF,154,297,9,Serpentine,15,425,256
NF,154,298,9,Serpentine,15,425,256
NF,154,299,9,Serpentine,15,425,256
NF,154,300,9,Serpentine,15,425,256
NF,154,301,9,Serpentine,15,425,256
NF,154,302,9,Serpentine,15,425,256
NF,154,303,9,Serpentine,15,425,256
NF,154,569,3,Chlorite,3,425,256
NF,154,570,3,Chlorite,3,425,256
NF,154,571,3,Chlorite,3,425,256
NF,154,572,3,Chlorite,3,425,256
NF,154,573,3,Chlorite,3,425,256
NF,154,574,3,Chlorite,3,425,256
NF,154,575,3,Chlorite,3,425,256
NF,154,576,3,Chlorite,3,425,256
NF,154,577,3,Chlorite,3,425,256
NF,154,578,3,Chlorite,3,425,256
NF,154,579,3,Chlorite,3,425,256
NF,154,580,3,Chlorite,3,425,256
NF,154,581,3,Chlorite,3,425,256
NF,155,293,9,Serpentine,15,425,256
NF,155,294,9,Serpentine,15,425,256
NF,155,295,9,Serpentine,15,425,256
NF,155,296,9,Serpentine,15,425,256
NF,155,297,9,Serpentine,15,425,256
NF,155,298,9,Serpentine,15,425,256
NF,155,299,9,Serpentine,15,425,256
NF,155,300,9,Serpentine,15,425,256
NF,155,301,9,Serpentine,15,425,256
NF,155,302,9,Serpentine,15,425,256
NF,155,303,9,Serpentine,15,425,256
NF,155,304,9,Serpentine,15,425,256
NF,155,305,9,Serpentine,15,425,256
NF,155,306,9,Serpentine,15,425,256
NF,155,307,9,Serpentine,15,425,256
NF,155,559,3,Chlorite,3,425,256
NF,155,560,3,Chlorite,3,425,256
NF,155,561,3,Chlorite,3,425,256
NF,155,562,3,Chlorite,3,425,256
NF,155,569,3,Chlorite,3,425,256
NF,155,570,3,Chlorite,3,425,256
NF,155,571,3,Chlorite,3,425,256
NF,155,572,3,Chlorite,3,425,256
NF,155,573,3,Chlorite,3,425,256
NF,155,574,3,Chlorite,3,425,256
NF,155,575,3,Chlorite,3,425,256
NF,155,576,3,Chlorite,3,425,256
NF,155,577,3,Chlorite,3,425,256
NF,155,578,3,Chlorite,3,425,256
NF,155,579,3,Chlorite,3,425,256
NF,155,580,3,Chlorite,3,425,256
NF,156,295,9,Serpentine,15,425,256
NF,156,296,9,Serpentine,15,425,256
NF,156,297,9,Serpentine,15,425,256
NF,156,298,9,Serpentine,15,425,256
NF,156,299,9,Serpentine,15,425,256
NF,156,300,9,Serpentine,15,425,256
NF,156,301,9,Serpentine,15,425,256
NF,156,302,9,Serpentine,15,425,256
NF,156,303,9,Serpentine,15,425,256
NF,156,304,9,Serpentine,15,425,256
NF,156,305,9,Serpentine,15,425,256
NF,156,306,9,Serpentine,15,425,256
NF,156,307,9,Serpentine,15,425,256
NF,156,308,9,Serpentine,15,425,256
NF,156,559,3,Chlorite,3,425,256
NF,156,560,3,Chlorite,3,425,256
NF,156,561,3,Chlorite,3,425,256
NF,156,562,3,Chlorite,3,425,256
NF,156,570,3,Chlorite,3,425,256
NF,156,571,3,Chlorite,3,425,256
NF,156,572,3,Chlorite,3,425,256
NF,156,573,3,Chlorite,3,425,256
NF,156,574,3,Chlorite,3,425,256
NF,156,575,3,Chlorite,3,425,256
NF,156,576,3,Chlorite,3,425,256
NF,156,577,3,Chlorite,3,425,256
NF,156,578,3,Chlorite,3,425,256
NF,156,579,3,Chlorite,3,425,256
NF,156,580,3,Chlorite,3,425,256
NF,157,296,9,Serpentine,15,425,256
NF,157,297,9,Serpentine,15,425,256
NF,157,298,9,Serpentine,15,425,256
NF,157,299,9,Serpentine,15,425,256
NF,157,300,9,Serpentine,15,425,256
NF,157,301,9,Serpentine,15,425,256
NF,157,302,9,Serpentine,15,425,256
NF,157,303,9,Serpentine,15,425,256
NF,157,304,9,Serpentine,15,425,256
NF,157,305,9,Serpentine,15,425,256
NF,157,306,9,Serpentine,15,425,256
NF,157,307,9,Serpentine,15,425,256
NF,157,308,9,Serpentine,15,425,256
NF,157,309,9,Serpentine,15,425,256
NF,157,547,3,Chlorite,3,425,256
NF,157,548,3,Chlorite,3,425,256
NF,157,549,3,Chlorite,3,425,256
NF,157,550,3,Chlorite,3,425,256
NF,157,551,3,Chlorite,3,425,256
NF,157,552,3,Chlorite,3,425,256
NF,157,553,3,Chlorite,3,425,256
NF,157,559,3,Chlorite,3,425,256
NF,157,560,3,Chlorite,3,425,256
NF,157,561,3,Chlorite,3,425,256
NF,157,562,3,Chlorite,3,425,256
NF,157,570,3,Chlorite,3,425,256
NF,157,571,3,Chlorite,3,425,256
NF,157,572,3,Chlorite,3,425,256
NF,157,573,3,Chlorite,3,425,256
NF,157,574,3,Chlorite,3,425,256
NF,157,575,3,Chlorite,3,425,256
NF,157,576,3,Chlorite,3,425,256
NF,157,577,3,Chlorite,3,425,256
NF,157,578,3,Chlorite,3,425,256
NF,157,579,3,Chlorite,3,425,256
NF,157,580,3,Chlorite,3,425,256
NF,158,298,9,Serpentine,15,425,256
NF,158,299,9,Serpentine,15,425,256
NF,158,300,9,Serpentine,15,425,256
NF,158,301,9,Serpentine,15,425,256
NF,158,302,9,Serpentine,15,425,256
NF,158,303,9,Serpentine,15,425,256
NF,158,304,9,Serpentine,15,425,256
NF,158,305,9,Serpentine,15,425,256
NF,158,306,9,Serpentine,15,425,256
NF,158,307,9,Serpentine,15,425,256
NF,158,308,9,Serpentine,15,425,256
NF,158,309,9,Serpentine,15,425,256
NF,158,547,3,Chlorite,3,425,256
NF,158,548,3,Chlorite,3,425,256
NF,158,549,3,Chlorite,3,425,256
NF,158,550,3,Chlorite,3,425,256
NF,158,551,3,Chlorite,3,425,256
NF,158,552,3,Chlorite,3,425,256
NF,158,553,3,Chlorite,3,425,256
NF,158,554,3,Chlorite,3,425,256
NF,158,559,3,Chlorite,3,425,256
NF,158,560,3,Chlorite,3,425,256
NF,158,561,3,Chlorite,3,425,256
NF,158,562,3,Chlorite,3,425,256
NF,158,570,3,Chlorite,3,425,256
NF,158,571,3,Chlorite,3,425,256
NF,158,572,3,Chlorite,3,425,256
NF,158,573,3,Chlorite,3,425,256
NF,158,574,3,Chlorite,3,425,256
NF,158,575,3,Chlorite,3,425,256
NF,158,576,3,Chlorite,3,425,256
NF,158,577,3,Chlorite,3,425,256
NF,158,578,3,Chlorite,3,425,256
NF,158,579,3,Chlorite,3,425,256
NF,159,300,9,Serpentine,15,425,256
NF,159,301,9,Serpentine,15,425,256
NF,159,302,9,Serpentine,15,425,256
NF,159,303,9,Serpentine,15,425,256
NF,159,304,9,Serpentine,15,425,256
NF,159,305,9,Serpentine,15,425,256
NF,159,306,9,Serpentine,15,425,256
NF,159,307,9,Serpentine,15,425,256
NF,159,308,9,Serpentine,15,425,256
NF,159,309,9,Serpentine,15,425,256
NF,159,551,3,Chlorite,3,425,256
NF,159,552,3,Chlorite,3,425,256
NF,159,553,3,Chlorite,3,425,256
NF,159,554,3,Chlorite,3,425,256
NF,159,555,3,Chlorite,3,425,256
NF,159,556,3,Chlorite,3,425,256
NF,159,559,3,Chlorite,3,425,256
NF,159,560,3,Chlorite,3,425,256
NF,159,561,3,Chlorite,3,425,256
NF,159,562,3,Chlorite,3,425,256
NF,159,570,3,Chlorite,3,425,256
NF,159,571,3,Chlorite,3,425,256
NF,159,572,3,Chlorite,3,425,256
NF,159,573,3,Chlorite,3,425,256
NF,159,574,3,Chlorite,3,425,256
NF,159,575,3,Chlorite,3,425,256
NF,159,576,3,Chlorite,3,425,256
NF,159,577,3,Chlorite,3,425,256
NF,159,578,3,Chlorite,3,425,256
NF,159,579,3,Chlorite,3,425,256
NF,160,167,1,Fe-Olivine,5,425,256
NF,160,168,1,Fe-Olivine,5,425,256
NF,160,169,1,Fe-Olivine,5,425,256
NF,160,170,1,Fe-Olivine,5,425,256
NF,160,171,1,Fe-Olivine,5,425,256
NF,160,172,1,Fe-Olivine,5,425,256
NF,160,173,1,Fe-Olivine,5,425,256
NF,160,174,1,Fe-Olivine,5,425,256
NF,160,303,9,Serpentine,15,425,256
NF,160,304,9,Serpentine,15,425,256
NF,160,305,9,Serpentine,15,425,256
NF,160,306,9,Serpentine,15,425,256
NF,160,307,9,Serpentine,15,425,256
NF,160,308,9,Serpentine,15,425,256
NF,160,309,9,Serpentine,15,425,256
NF,160,551,3,Chlorite,3,425,256
NF,160,552,3,Chlorite,3,425,256
NF,160,553,3,Chlorite,3,425,256
NF,160,554,3,Chlorite,3,425,256
NF,160,555,3,Chlorite,3,425,256
NF,160,556,3,Chlorite,3,425,256
NF,160,557,3,Chlorite,3,425,256
NF,160,558,3,Chlorite,3,425,256
NF,160,559,3,Chlorite,3,425,256
NF,160,560,3,Chlorite,3,425,256
NF,160,561,3,Chlorite,3,425,256
NF,160,562,3,Chlorite,3,425,256
NF,160,570,3,Chlorite,3,425,256
NF,160,571,3,Chlorite,3,425,256
NF,160,572,3,Chlorite,3,425,256
NF,160,573,3,Chlorite,3,425,256
NF,160,574,3,Chlorite,3,425,256
NF,160,575,3,Chlorite,3,425,256
NF,160,576,3,Chlorite,3,425,256
NF,161,166,1,Fe-Olivine,5,425,256
NF,161,167,1,Fe-Olivine,5,425,256
NF,161,168,1,Fe-Olivine,5,425,256
NF,161,169,1,Fe-Olivine,5,425,256
NF,161,170,1,Fe-Olivine,5,425,256
NF,161,171,1,Fe-Olivine,5,425,256
NF,161,172,1,Fe-Olivine,5,425,256
NF,161,173,1,Fe-Olivine,5,425,256
NF,161,174,1,Fe-Olivine,5,425,256
NF,161,175,1,Fe-Olivine,5,425,256
NF,161,307,9,Serpentine,15,425,256
NF,161,308,9,Serpentine,15,425,256
NF,161,548,5,Illite/Muscovite,7,425,256
NF,161,549,5,Illite/Muscovite,7,425,256
NF,161,551,3,Chlorite,3,425,256
NF,161,552,3,Chlorite,3,425,256
NF,161,553,3,Chlorite,3,425,256
NF,161,554,3,Chlorite,3,425,256
NF,161,555,3,Chlorite,3,425,256
NF,161,556,3,Chlorite,3,425,256
NF,161,557,3,Chlorite,3,425,256
NF,161,558,3,Chlorite,3,425,256
NF,161,559,3,Chlorite,3,425,256
NF,161,560,3,Chlorite,3,425,256
NF,161,561,3,Chlorite,3,425,256
NF,161,562,3,Chlorite,3,425,256
NF,161,563,3,Chlorite,3,425,256
NF,162,164,1,Fe-Olivine,5,425,256
NF,162,165,1,Fe-Olivine,5,425,256
NF,162,166,1,Fe-Olivine,5,425,256
NF,162,167,1,Fe-Olivine,5,425,256
NF,162,168,1,Fe-Olivine,5,425,256
NF,162,169,1,Fe-Olivine,5,425,256
NF,162,170,1,Fe-Olivine,5,425,256
NF,162,171,1,Fe-Olivine,5,425,256
NF,162,172,1,Fe-Olivine,5,425,256
NF,162,173,1,Fe-Olivine,5,425,256
NF,162,174,1,Fe-Olivine,5,425,256
NF,162,175,1,Fe-Olivine,5,425,256
NF,162,298,1,Fe-Olivine,5,425,256
NF,162,299,1,Fe-Olivine,5,425,256
NF,162,300,1,Fe-Olivine,5,425,256
NF,162,548,5,Illite/Muscovite,7,425,256
NF,162,549,5,Illite/Muscovite,7,425,256
NF,162,553,3,Chlorite,3,425,256
NF,162,554,3,Chlorite,3,425,256
NF,162,555,3,Chlorite,3,425,256
NF,162,556,3,Chlorite,3,425,256
NF,162,557,3,Chlorite,3,425,256
NF,162,558,3,Chlorite,3,425,256
NF,162,559,3,Chlorite,3,425,256
NF,162,560,3,Chlorite,3,425,256
NF,162,561,3,Chlorite,3,425,256
NF,162,562,3,Chlorite,3,425,256
NF,162,563,3,Chlorite,3,425,256
NF,162,564,3,Chlorite,3,425,256
NF,163,163,1,Fe-Olivine,5,425,256
NF,163,164,1,Fe-Olivine,5,425,256
NF,163,165,1,Fe-Olivine,5,425,256
NF,163,166,1,Fe-Olivine,5,425,256
NF,163,167,1,Fe-Olivine,5,425,256
NF,163,168,1,Fe-Olivine,5,425,256
NF,163,169,1,Fe-Olivine,5,425,256
NF,163,170,1,Fe-Olivine,5,425,256
NF,163,171,1,Fe-Olivine,5,425,256
NF,163,172,1,Fe-Olivine,5,425,256
NF,163,173,1,Fe-Olivine,5,425,256
NF,163,174,1,Fe-Olivine,5,425,256
NF,163,175,1,Fe-Olivine,5,425,256
NF,163,295,1,Fe-Olivine,5,425,256
NF,163,296,1,Fe-Olivine,5,425,256
NF,163,297,1,Fe-Olivine,5,425,256
NF,163,298,1,Fe-Olivine,5,425,256
NF,163,299,1,Fe-Olivine,5,425,256
NF,163,300,1,Fe-Olivine,5,425,256
NF,163,301,1,Fe-Olivine,5,425,256
NF,163,302,1,Fe-Olivine,5,425,256
NF,163,303,1,Fe-Olivine,5,425,256
NF,163,548,5,Illite/Muscovite,7,425,256
NF,163,549,5,Illite/Muscovite,7,425,256
NF,163,550,5,Illite/Muscovite,7,425,256
NF,163,553,3,Chlorite,3,425,256
NF,163,554,3,Chlorite,3,425,256
NF,163,555,3,Chlorite,3,425,256
NF,163,556,3,Chlorite,3,425,256
NF,163,557,3,Chlorite,3,425,256
NF,163,558,3,Chlorite,3,425,256
NF,163,559,3,Chlorite,3,425,256
NF,163,560,3,Chlorite,3,425,256
NF,163,561,3,Chlorite,3,425,256
NF,163,562,3,Chlorite,3,425,256
NF,163,563,3,Chlorite,3,425,256
NF,163,564,3,Chlorite,3,425,256
NF,164,163,1,Fe-Olivine,5,425,256
NF,164,164,1,Fe-Olivine,5,425,256
NF,164,165,1,Fe-Olivine,5,425,256
NF,164,166,1,Fe-Olivine,5,425,256
NF,164,167,1,Fe-Olivine,5,425,256
NF,164,168,1,Fe-Olivine,5,425,256
NF,164,169,1,Fe-Olivine,5,425,256
NF,164,170,1,Fe-Olivine,5,425,256
NF,164,171,1,Fe-Olivine,5,425,256
NF,164,172,1,Fe-Olivine,5,425,256
NF,164,173,1,Fe-Olivine,5,425,256
NF,164,174,1,Fe-Olivine,5,425,256
NF,164,175,1,Fe-Olivine,5,425,256
NF,164,295,1,Fe-Olivine,5,425,256
NF,164,296,1,Fe-Olivine,5,425,256
NF,164,297,1,Fe-Olivine,5,425,256
NF,164,298,1,Fe-Olivine,5,425,256
NF,164,299,1,Fe-Olivine,5,425,256
NF,164,300,1,Fe-Olivine,5,425,256
NF,164,301,1,Fe-Olivine,5,425,256
NF,164,302,1,Fe-Olivine,5,425,256
NF,164,303,1,Fe-Olivine,5,425,256
NF,164,304,1,Fe-Olivine,5,425,256
NF,164,548,5,Illite/Muscovite,7,425,256
NF,164,549,5,Illite/Muscovite,7,425,256
NF,164,550,5,Illite/Muscovite,7,425,256
NF,164,551,5,Illite/Muscovite,7,425,256
NF,164,554,3,Chlorite,3,425,256
NF,164,555,3,Chlorite,3,425,256
NF,164,556,3,Chlorite,3,425,256
NF,164,557,3,Chlorite,3,425,256
NF,164,558,3,Chlorite,3,425,256
NF,164,559,3,Chlorite,3,425,256
NF,164,560,3,Chlorite,3,425,256
NF,164,561,3,Chlorite,3,425,256
NF,164,562,3,Chlorite,3,425,256
NF,164,563,3,Chlorite,3,425,256
NF,164,564,3,Chlorite,3,425,256
NF,164,565,3,Chlorite,3,425,256
NF,165,162,1,Fe-Olivine,5,425,256
NF,165,163,1,Fe-Olivine,5,425,256
NF,165,164,1,Fe-Olivine,5,425,256
NF,165,165,1,Fe-Olivine,5,425,256
NF,165,166,1,Fe-Olivine,5,425,256
NF,165,167,1,Fe-Olivine,5,425,256
NF,165,168,1,Fe-Olivine,5,425,256
NF,165,169,1,Fe-Olivine,5,425,256
NF,165,170,1,Fe-Olivine,5,425,256
NF,165,171,1,Fe-Olivine,5,425,256
NF,165,172,1,Fe-Olivine,5,425,256
NF,165,173,1,Fe-Olivine,5,425,256
NF,165,174,1,Fe-Olivine,5,425,256
NF,165,175,1,Fe-Olivine,5,425,256
NF,165,294,1,Fe-Olivine,5,425,256
NF,165,295,1,Fe-Olivine,5,425,256
NF,165,296,1,Fe-Olivine,5,425,256
NF,165,297,1,Fe-Olivine,5,425,256
NF,165,298,1,Fe-Olivine,5,425,256
NF,165,299,1,Fe-Olivine,5,425,256
NF,165,300,1,Fe-Olivine,5,425,256
NF,165,301,1,Fe-Olivine,5,425,256
NF,165,302,1,Fe-Olivine,5,425,256
NF,165,303,1,Fe-Olivine,5,425,256
NF,165,304,1,Fe-Olivine,5,425,256
NF,165,305,1,Fe-Olivine,5,425,256
NF,165,549,5,Illite/Muscovite,7,425,256
NF,165,550,5,Illite/Muscovite,7,425,256
NF,165,551,5,Illite/Muscovite,7,425,256
NF,165,554,3,Chlorite,3,425,256
NF,165,555,3,Chlorite,3,425,256
NF,165,556,3,Chlorite,3,425,256
NF,165,557,3,Chlorite,3,425,256
NF,165,558,3,Chlorite,3,425,256
NF,165,559,3,Chlorite,3,425,256
NF,165,560,3,Chlorite,3,425,256
NF,165,561,3,Chlorite,3,425,256
NF,165,562,3,Chlorite,3,425,256
NF,165,563,3,Chlorite,3,425,256
NF,165,564,3,Chlorite,3,425,256
NF,165,565,3,Chlorite,3,425,256
NF,166,161,1,Fe-Olivine,5,425,256
NF,166,162,1,Fe-Olivine,5,425,256
NF,166,163,1,Fe-Olivine,5,425,256
NF,166,164,1,Fe-Olivine,5,425,256
NF,166,165,1,Fe-Olivine,5,425,256
NF,166,166,1,Fe-Olivine,5,425,256
NF,166,167,1,Fe-Olivine,5,425,256
NF,166,168,1,Fe-Olivine,5,425,256
NF,166,169,1,Fe-Olivine,5,425,256
NF,166,170,1,Fe-Olivine,5,425,256
NF,166,171,1,Fe-Olivine,5,425,256
NF,166,172,1,Fe-Olivine,5,425,256
NF,166,173,1,Fe-Olivine,5,425,256
NF,166,174,1,Fe-Olivine,5,425,256
NF,166,175,1,Fe-Olivine,5,425,256
NF,166,294,1,Fe-Olivine,5,425,256
NF,166,295,1,Fe-Olivine,5,425,256
NF,166,296,1,Fe-Olivine,5,425,256
NF,166,297,1,Fe-Olivine,5,425,256
NF,166,298,1,Fe-Olivine,5,425,256
NF,166,299,1,Fe-Olivine,5,425,256
NF,166,300,1,Fe-Olivine,5,425,256
NF,166,301,1,Fe-Olivine,5,425,256
NF,166,302,1,Fe-Olivine,5,425,256
NF,166,303,1,Fe-Olivine,5,425,256
NF,166,304,1,Fe-Olivine,5,425,256
NF,166,305,1,Fe-Olivine,5,425,256
NF,166,306,1,Fe-Olivine,5,425,256
NF,166,550,5,Illite/Muscovite,7,425,256
NF,166,551,5,Illite/Muscovite,7,425,256
NF,166,556,3,Chlorite,3,425,256
NF,166,557,3,Chlorite,3,425,256
NF,166,558,3,Chlorite,3,425,256
NF,166,559,3,Chlorite,3,425,256
NF,166,560,3,Chlorite,3,425,256
NF,166,561,3,Chlorite,3,425,256
NF,166,562,3,Chlorite,3,425,256
NF,166,563,3,Chlorite,3,425,256
NF,166,564,3,Chlorite,3,425,256
NF,166,565,3,Chlorite,3,425,256
NF,167,160,1,Fe-Olivine,5,425,256
NF,167,161,1,Fe-Olivine,5,425,256
NF,167,162,1,Fe-Olivine,5,425,256
NF,167,163,1,Fe-Olivine,5,425,256
NF,167,164,1,Fe-Olivine,5,425,256
NF,167,165,1,Fe-Olivine,5,425,256
NF,167,166,1,Fe-Olivine,5,425,256
NF,167,167,1,Fe-Olivine,5,425,256
NF,167,168,1,Fe-Olivine,5,425,256
NF,167,169,1,Fe-Olivine,5,425,256
NF,167,170,1,Fe-Olivine,5,425,256
NF,167,171,1,Fe-Olivine,5,425,256
NF,167,172,1,Fe-Olivine,5,425,256
NF,167,173,1,Fe-Olivine,5,425,256
NF,167,174,1,Fe-Olivine,5,425,256
NF,167,175,1,Fe-Olivine,5,425,256
NF,167,294,1,Fe-Olivine,5,425,256
NF,167,295,1,Fe-Olivine,5,425,256
NF,167,296,1,Fe-Olivine,5,425,256
NF,167,297,1,Fe-Olivine,5,425,256
NF,167,298,1,Fe-Olivine,5,425,256
NF,167,299,1,Fe-Olivine,5,425,256
NF,167,300,1,Fe-Olivine,5,425,256
NF,167,301,1,Fe-Olivine,5,425,256
NF,167,302,1,Fe-Olivine,5,425,256
NF,167,303,1,Fe-Olivine,5,425,256
NF,167,304,1,Fe-Olivine,5,425,256
NF,167,305,1,Fe-Olivine,5,425,256
NF,167,306,1,Fe-Olivine,5,425,256
NF,167,558,3,Chlorite,3,425,256
NF,167,559,3,Chlorite,3,425,256
NF,167,560,3,Chlorite,3,425,256
NF,167,563,3,Chlorite,3,425,256
NF,167,564,3,Chlorite,3,425,256
NF,167,565,3,Chlorite,3,425,256
NF,168,159,1,Fe-Olivine,5,425,256
NF,168,160,1,Fe-Olivine,5,425,256
NF,168,161,1,Fe-Olivine,5,425,256
NF,168,162,1,Fe-Olivine,5,425,256
NF,168,163,1,Fe-Olivine,5,425,256
NF,168,164,1,Fe-Olivine,5,425,256
NF,168,165,1,Fe-Olivine,5,425,256
NF,168,166,1,Fe-Olivine,5,425,256
NF,168,167,1,Fe-Olivine,5,425,256
NF,168,168,1,Fe-Olivine,5,425,256
NF,168,169,1,Fe-Olivine,5,425,256
NF,168,170,1,Fe-Olivine,5,425,256
NF,168,171,1,Fe-Olivine,5,425,256
NF,168,172,1,Fe-Olivine,5,425,256
NF,168,173,1,Fe-Olivine,5,425,256
NF,168,174,1,Fe-Olivine,5,425,256
NF,168,175,1,Fe-Olivine,5,425,256
NF,168,294,1,Fe-Olivine,5,425,256
NF,168,295,1,Fe-Olivine,5,425,256
NF,168,296,1,Fe-Olivine,5,425,256
NF,168,297,1,Fe-Olivine,5,425,256
NF,168,298,1,Fe-Olivine,5,425,256
NF,168,299,1,Fe-Olivine,5,425,256
NF,168,300,1,Fe-Olivine,5,425,256
NF,168,301,1,Fe-Olivine,5,425,256
NF,168,302,1,Fe-Olivine,5,425,256
NF,168,303,1,Fe-Olivine,5,425,256
NF,168,304,1,Fe-Olivine,5,425,256
NF,168,305,1,Fe-Olivine,5,425,256
NF,168,306,1,Fe-Olivine,5,425,256
NF,168,307,1,Fe-Olivine,5,425,256
NF,169,159,1,Fe-Olivine,5,425,256
NF,169,160,1,Fe-Olivine,5,425,256
NF,169,161,1,Fe-Olivine,5,425,256
NF,169,162,1,Fe-Olivine,5,425,256
NF,169,163,1,Fe-Olivine,5,425,256
NF,169,164,1,Fe-Olivine,5,425,256
NF,169,165,1,Fe-Olivine,5,425,256
NF,169,166,1,Fe-Olivine,5,425,256
NF,169,167,1,Fe-Olivine,5,425,256
NF,169,168,1,Fe-Olivine,5,425,256
NF,169,169,1,Fe-Olivine,5,425,256
NF,169,170,1,Fe-Olivine,5,425,256
NF,169,171,1,Fe-Olivine,5,425,256
NF,169,172,1,Fe-Olivine,5,425,256
NF,169,173,1,Fe-Olivine,5,425,256
NF,169,174,1,Fe-Olivine,5,425,256
NF,169,200,9,Serpentine,15,425,256
NF,169,201,9,Serpentine,15,425,256
NF,169,294,1,Fe-Olivine,5,425,256
NF,169,295,1,Fe-Olivine,5,425,256
NF,169,296,1,Fe-Olivine,5,425,256
NF,169,297,1,Fe-Olivine,5,425,256
NF,169,298,1,Fe-Olivine,5,425,256
NF,169,299,1,Fe-Olivine,5,425,256
NF,169,300,1,Fe-Olivine,5,425,256
NF,169,301,1,Fe-Olivine,5,425,256
NF,169,302,1,Fe-Olivine,5,425,256
NF,169,303,1,Fe-Olivine,5,425,256
NF,169,304,1,Fe-Olivine,5,425,256
NF,169,305,1,Fe-Olivine,5,425,256
NF,169,306,1,Fe-Olivine,5,425,256
NF,169,307,1,Fe-Olivine,5,425,256
NF,169,308,1,Fe-Olivine,5,425,256
NF,170,158,1,Fe-Olivine,5,425,256
NF,170,159,1,Fe-Olivine,5,425,256
NF,170,160,1,Fe-Olivine,5,425,256
NF,170,161,1,Fe-Olivine,5,425,256
NF,170,162,1,Fe-Olivine,5,425,256
NF,170,163,1,Fe-Olivine,5,425,256
NF,170,164,1,Fe-Olivine,5,425,256
NF,170,165,1,Fe-Olivine,5,425,256
NF,170,166,1,Fe-Olivine,5,425,256
NF,170,167,1,Fe-Olivine,5,425,256
NF,170,168,1,Fe-Olivine,5,425,256
NF,170,169,1,Fe-Olivine,5,425,256
NF,170,170,1,Fe-Olivine,5,425,256
NF,170,171,1,Fe-Olivine,5,425,256
NF,170,172,1,Fe-Olivine,5,425,256
NF,170,173,1,Fe-Olivine,5,425,256
NF,170,174,1,Fe-Olivine,5,425,256
NF,170,198,9,Serpentine,15,425,256
NF,170,199,9,Serpentine,15,425,256
NF,170,200,9,Serpentine,15,425,256
NF,170,201,9,Serpentine,15,425,256
NF,170,202,9,Serpentine,15,425,256
NF,170,294,1,Fe-Olivine,5,425,256
NF,170,295,1,Fe-Olivine,5,425,256
NF,170,296,1,Fe-Olivine,5,425,256
NF,170,297,1,Fe-Olivine,5,425,256
NF,170,298,1,Fe-Olivine,5,425,256
NF,170,299,1,Fe-Olivine,5,425,256
NF,170,300,1,Fe-Olivine,5,425,256
NF,170,301,1,Fe-Olivine,5,425,256
NF,170,302,1,Fe-Olivine,5,425,256
NF,170,303,1,Fe-Olivine,5,425,256
NF,170,304,1,Fe-Olivine,5,425,256
NF,170,305,1,Fe-Olivine,5,425,256
NF,170,306,1,Fe-Olivine,5,425,256
NF,170,307,1,Fe-Olivine,5,425,256
NF,170,308,1,Fe-Olivine,5,425,256
NF,170,309,1,Fe-Olivine,5,425,256
NF,170,346,4,Bassanite,2,425,256
NF,170,347,4,Bassanite,2,425,256
NF,170,348,4,Bassanite,2,425,256
NF,170,349,4,Bassanite,2,425,256
NF,170,350,4,Bassanite,2,425,256
NF,170,562,3,Chlorite,3,425,256
NF,170,563,3,Chlorite,3,425,256
NF,170,564,3,Chlorite,3,425,256
NF,171,158,1,Fe-Olivine,5,425,256
NF,171,159,1,Fe-Olivine,5,425,256
NF,171,160,1,Fe-Olivine,5,425,256
NF,171,161,1,Fe-Olivine,5,425,256
NF,171,162,1,Fe-Olivine,5,425,256
NF,171,163,1,Fe-Olivine,5,425,256
NF,171,164,1,Fe-Olivine,5,425,256
NF,171,165,1,Fe-Olivine,5,425,256
NF,171,166,1,Fe-Olivine,5,425,256
NF,171,167,1,Fe-Olivine,5,425,256
NF,171,168,1,Fe-Olivine,5,425,256
NF,171,169,1,Fe-Olivine,5,425,256
NF,171,170,1,Fe-Olivine,5,425,256
NF,171,171,1,Fe-Olivine,5,425,256
NF,171,172,1,Fe-Olivine,5,425,256
NF,171,173,1,Fe-Olivine,5,425,256
NF,171,197,9,Serpentine,15,425,256
NF,171,198,9,Serpentine,15,425,256
NF,171,199,9,Serpentine,15,425,256
NF,171,200,9,Serpentine,15,425,256
NF,171,201,9,Serpentine,15,425,256
NF,171,202,9,Serpentine,15,425,256
NF,171,295,1,Fe-Olivine,5,425,256
NF,171,296,1,Fe-Olivine,5,425,256
NF,171,297,1,Fe-Olivine,5,425,256
NF,171,298,1,Fe-Olivine,5,425,256
NF,171,299,1,Fe-Olivine,5,425,256
NF,171,300,1,Fe-Olivine,5,425,256
NF,171,301,1,Fe-Olivine,5,425,256
NF,171,302,1,Fe-Olivine,5,425,256
NF,171,303,1,Fe-Olivine,5,425,256
NF,171,304,1,Fe-Olivine,5,425,256
NF,171,305,1,Fe-Olivine,5,425,256
NF,171,306,1,Fe-Olivine,5,425,256
NF,171,307,1,Fe-Olivine,5,425,256
NF,171,308,1,Fe-Olivine,5,425,256
NF,171,309,1,Fe-Olivine,5,425,256
NF,171,310,1,Fe-Olivine,5,425,256
NF,171,346,4,Bassanite,2,425,256
NF,171,347,4,Bassanite,2,425,256
NF,171,348,4,Bassanite,2,425,256
NF,171,349,4,Bassanite,2,425,256
NF,171,350,4,Bassanite,2,425,256
NF,171,351,4,Bassanite,2,425,256
NF,171,352,4,Bassanite,2,425,256
NF,171,353,4,Bassanite,2,425,256
NF,171,354,4,Bassanite,2,425,256
NF,171,355,4,Bassanite,2,425,256
NF,171,548,2,Epidote,4,425,256
NF,171,549,2,Epidote,4,425,256
NF,171,550,2,Epidote,4,425,256
NF,171,551,2,Epidote,4,425,256
NF,171,552,2,Epidote,4,425,256
NF,171,558,5,Illite/Muscovite,7,425,256
NF,171,562,3,Chlorite,3,425,256
NF,171,563,3,Chlorite,3,425,256
NF,171,564,3,Chlorite,3,425,256
NF,172,157,1,Fe-Olivine,5,425,256
NF,172,158,1,Fe-Olivine,5,425,256
NF,172,159,1,Fe-Olivine,5,425,256
NF,172,160,1,Fe-Olivine,5,425,256
NF,172,161,1,Fe-Olivine,5,425,256
NF,172,162,1,Fe-Olivine,5,425,256
NF,172,163,1,Fe-Olivine,5,425,256
NF,172,164,1,Fe-Olivine,5,425,256
NF,172,165,1,Fe-Olivine,5,425,256
NF,172,166,1,Fe-Olivine,5,425,256
NF,172,167,1,Fe-Olivine,5,425,256
NF,172,168,1,Fe-Olivine,5,425,256
NF,172,169,1,Fe-Olivine,5,425,256
NF,172,170,1,Fe-Olivine,5,425,256
NF,172,171,1,Fe-Olivine,5,425,256
NF,172,172,1,Fe-Olivine,5,425,256
NF,172,173,1,Fe-Olivine,5,425,256
NF,172,196,9,Serpentine,15,425,256
NF,172,197,9,Serpentine,15,425,256
NF,172,198,9,Serpentine,15,425,256
NF,172,199,9,Serpentine,15,425,256
NF,172,200,9,Serpentine,15,425,256
NF,172,201,9,Serpentine,15,425,256
NF,172,202,9,Serpentine,15,425,256
NF,172,296,1,Fe-Olivine,5,425,256
NF,172,297,1,Fe-Olivine,5,425,256
NF,172,298,1,Fe-Olivine,5,425,256
NF,172,299,1,Fe-Olivine,5,425,256
NF,172,300,1,Fe-Olivine,5,425,256
NF,172,301,1,Fe-Olivine,5,425,256
NF,172,302,1,Fe-Olivine,5,425,256
NF,172,303,1,Fe-Olivine,5,425,256
NF,172,304,1,Fe-Olivine,5,425,256
NF,172,305,1,Fe-Olivine,5,425,256
NF,172,306,1,Fe-Olivine,5,425,256
NF,172,307,1,Fe-Olivine,5,425,256
NF,172,308,1,Fe-Olivine,5,425,256
NF,172,309,1,Fe-Olivine,5,425,256
NF,172,310,1,Fe-Olivine,5,425,256
NF,172,346,4,Bassanite,2,425,256
NF,172,347,4,Bassanite,2,425,256
NF,172,348,4,Bassanite,2,425,256
NF,172,349,4,Bassanite,2,425,256
NF,172,350,4,Bassanite,2,425,256
NF,172,351,4,Bassanite,2,425,256
NF,172,352,4,Bassanite,2,425,256
NF,172,353,4,Bassanite,2,425,256
NF,172,354,4,Bassanite,2,425,256
NF,172,355,4,Bassanite,2,425,256
NF,172,356,4,Bassanite,2,425,256
NF,172,357,4,Bassanite,2,425,256
NF,172,548,2,Epidote,4,425,256
NF,172,549,2,Epidote,4,425,256
NF,172,550,2,Epidote,4,425,256
NF,172,551,2,Epidote,4,425,256
NF,172,552,2,Epidote,4,425,256
NF,172,557,5,Illite/Muscovite,7,425,256
NF,172,558,5,Illite/Muscovite,7,425,256
NF,172,562,3,Chlorite,3,425,256
NF,172,563,3,Chlorite,3,425,256
NF,172,564,3,Chlorite,3,425,256
NF,173,157,1,Fe-Olivine,5,425,256
NF,173,158,1,Fe-Olivine,5,425,256
NF,173,159,1,Fe-Olivine,5,425,256
NF,173,160,1,Fe-Olivine,5,425,256
NF,173,161,1,Fe-Olivine,5,425,256
NF,173,162,1,Fe-Olivine,5,425,256
NF,173,163,1,Fe-Olivine,5,425,256
NF,173,164,1,Fe-Olivine,5,425,256
NF,173,165,1,Fe-Olivine,5,425,256
NF,173,166,1,Fe-Olivine,5,425,256
NF,173,167,1,Fe-Olivine,5,425,256
NF,173,168,1,Fe-Olivine,5,425,256
NF,173,169,1,Fe-Olivine,5,425,256
NF,173,170,1,Fe-Olivine,5,425,256
NF,173,171,1,Fe-Olivine,5,425,256
NF,173,172,1,Fe-Olivine,5,425,256
NF,173,173,1,Fe-Olivine,5,425,256
NF,173,196,9,Serpentine,15,425,256
NF,173,197,9,Serpentine,15,425,256
NF,173,198,9,Serpentine,15,425,256
NF,173,199,9,Serpentine,15,425,256
NF,173,200,9,Serpentine,15,425,256
NF,173,201,9,Serpentine,15,425,256
NF,173,202,9,Serpentine,15,425,256
NF,173,296,1,Fe-Olivine,5,425,256
NF,173,297,1,Fe-Olivine,5,425,256
NF,173,298,1,Fe-Olivine,5,425,256
NF,173,299,1,Fe-Olivine,5,425,256
NF,173,300,1,Fe-Olivine,5,425,256
NF,173,301,1,Fe-Olivine,5,425,256
NF,173,302,1,Fe-Olivine,5,425,256
NF,173,303,1,Fe-Olivine,5,425,256
NF,173,304,1,Fe-Olivine,5,425,256
NF,173,305,1,Fe-Olivine,5,425,256
NF,173,306,1,Fe-Olivine,5,425,256
NF,173,307,1,Fe-Olivine,5,425,256
NF,173,308,1,Fe-Olivine,5,425,256
NF,173,309,1,Fe-Olivine,5,425,256
NF,173,310,1,Fe-Olivine,5,425,256
NF,173,311,1,Fe-Olivine,5,425,256
NF,173,346,4,Bassanite,2,425,256
NF,173,347,4,Bassanite,2,425,256
NF,173,348,4,Bassanite,2,425,256
NF,173,349,4,Bassanite,2,425,256
NF,173,350,4,Bassanite,2,425,256
NF,173,351,4,Bassanite,2,425,256
NF,173,352,4,Bassanite,2,425,256
NF,173,353,4,Bassanite,2,425,256
NF,173,354,4,Bassanite,2,425,256
NF,173,355,4,Bassanite,2,425,256
NF,173,356,4,Bassanite,2,425,256
NF,173,357,4,Bassanite,2,425,256
NF,173,358,4,Bassanite,2,425,256
NF,173,548,2,Epidote,4,425,256
NF,173,549,2,Epidote,4,425,256
NF,173,550,2,Epidote,4,425,256
NF,173,551,2,Epidote,4,425,256
NF,173,552,2,Epidote,4,425,256
NF,173,556,5,Illite/Muscovite,7,425,256
NF,173,557,5,Illite/Muscovite,7,425,256
NF,173,558,5,Illite/Muscovite,7,425,256
NF,173,566,3,Chlorite,3,425,256
NF,173,567,3,Chlorite,3,425,256
NF,173,568,3,Chlorite,3,425,256
NF,173,569,3,Chlorite,3,425,256
NF,174,156,1,Fe-Olivine,5,425,256
NF,174,157,1,Fe-Olivine,5,425,256
NF,174,158,1,Fe-Olivine,5,425,256
NF,174,159,1,Fe-Olivine,5,425,256
NF,174,160,1,Fe-Olivine,5,425,256
NF,174,161,1,Fe-Olivine,5,425,256
NF,174,162,1,Fe-Olivine,5,425,256
NF,174,163,1,Fe-Olivine,5,425,256
NF,174,164,1,Fe-Olivine,5,425,256
NF,174,165,1,Fe-Olivine,5,425,256
NF,174,166,1,Fe-Olivine,5,425,256
NF,174,167,1,Fe-Olivine,5,425,256
NF,174,168,1,Fe-Olivine,5,425,256
NF,174,169,1,Fe-Olivine,5,425,256
NF,174,170,1,Fe-Olivine,5,425,256
NF,174,171,1,Fe-Olivine,5,425,256
NF,174,172,1,Fe-Olivine,5,425,256
NF,174,195,9,Serpentine,15,425,256
NF,174,196,9,Serpentine,15,425,256
NF,174,197,9,Serpentine,15,425,256
NF,174,198,9,Serpentine,15,425,256
NF,174,199,9,Serpentine,15,425,256
NF,174,200,9,Serpentine,15,425,256
NF,174,201,9,Serpentine,15,425,256
NF,174,202,9,Serpentine,15,425,256
NF,174,297,1,Fe-Olivine,5,425,256
NF,174,298,1,Fe-Olivine,5,425,256
NF,174,299,1,Fe-Olivine,5,425,256
NF,174,300,1,Fe-Olivine,5,425,256
NF,174,301,1,Fe-Olivine,5,425,256
NF,174,302,1,Fe-Olivine,5,425,256
NF,174,303,1,Fe-Olivine,5,425,256
NF,174,304,1,Fe-Olivine,5,425,256
NF,174,305,1,Fe-Olivine,5,425,256
NF,174,306,1,Fe-Olivine,5,425,256
NF,174,307,1,Fe-Olivine,5,425,256
NF,174,308,1,Fe-Olivine,5,425,256
NF,174,309,1,Fe-Olivine,5,425,256
NF,174,310,1,Fe-Olivine,5,425,256
NF,174,311,1,Fe-Olivine,5,425,256
NF,174,347,4,Bassanite,2,425,256
NF,174,348,4,Bassanite,2,425,256
NF,174,349,4,Bassanite,2,425,256
NF,174,350,4,Bassanite,2,425,256
NF,174,351,4,Bassanite,2,425,256
NF,174,352,4,Bassanite,2,425,256
NF,174,353,4,Bassanite,2,425,256
NF,174,354,4,Bassanite,2,425,256
NF,174,355,4,Bassanite,2,425,256
NF,174,356,4,Bassanite,2,425,256
NF,174,357,4,Bassanite,2,425,256
NF,174,358,4,Bassanite,2,425,256
NF,174,359,4,Bassanite,2,425,256
NF,174,360,4,Bassanite,2,425,256
NF,174,548,2,Epidote,4,425,256
NF,174,549,2,Epidote,4,425,256
NF,174,550,2,Epidote,4,425,256
NF,174,551,2,Epidote,4,425,256
NF,174,552,2,Epidote,4,425,256
NF,174,556,5,Illite/Muscovite,7,425,256
NF,174,557,5,Illite/Muscovite,7,425,256
NF,174,558,5,Illite/Muscovite,7,425,256
NF,174,566,3,Chlorite,3,425,256
NF,174,567,3,Chlorite,3,425,256
NF,174,568,3,Chlorite,3,425,256
NF,174,569,3,Chlorite,3,425,256
NF,174,570,3,Chlorite,3,425,256
NF,174,571,3,Chlorite,3,425,256
NF,174,572,3,Chlorite,3,425,256
NF,174,573,3,Chlorite,3,425,256
NF,174,574,3,Chlorite,3,425,256
NF,174,575,3,Chlorite,3,425,256
NF,174,576,3,Chlorite,3,425,256
NF,175,156,1,Fe-Olivine,5,425,256
NF,175,157,1,Fe-Olivine,5,425,256
NF,175,158,1,Fe-Olivine,5,425,256
NF,175,159,1,Fe-Olivine,5,425,256
NF,175,160,1,Fe-Olivine,5,425,256
NF,175,161,1,Fe-Olivine,5,425,256
NF,175,162,1,Fe-Olivine,5,425,256
NF,175,163,1,Fe-Olivine,5,425,256
NF,175,164,1,Fe-Olivine,5,425,256
NF,175,165,1,Fe-Olivine,5,425,256
NF,175,166,1,Fe-Olivine,5,425,256
NF,175,167,1,Fe-Olivine,5,425,256
NF,175,168,1,Fe-Olivine,5,425,256
NF,175,169,1,Fe-Olivine,5,425,256
NF,175,170,1,Fe-Olivine,5,425,256
NF,175,171,1,Fe-Olivine,5,425,256
NF,175,172,1,Fe-Olivine,5,425,256
NF,175,194,9,Serpentine,15,425,256
NF,175,195,9,Serpentine,15,425,256
NF,175,196,9,Serpentine,15,425,256
NF,175,197,9,Serpentine,15,425,256
NF,175,198,9,Serpentine,15,425,256
NF,175,199,9,Serpentine,15,425,256
NF,175,200,9,Serpentine,15,425,256
NF,175,201,9,Serpentine,15,425,256
NF,175,298,1,Fe-Olivine,5,425,256
NF,175,299,1,Fe-Olivine,5,425,256
NF,175,300,1,Fe-Olivine,5,425,256
NF,175,301,1,Fe-Olivine,5,425,256
NF,175,302,1,Fe-Olivine,5,425,256
NF,175,303,1,Fe-Olivine,5,425,256
NF,175,304,1,Fe-Olivine,5,425,256
NF,175,305,1,Fe-Olivine,5,425,256
NF,175,306,1,Fe-Olivine,5,425,256
NF,175,307,1,Fe-Olivine,5,425,256
NF,175,308,1,Fe-Olivine,5,425,256
NF,175,309,1,Fe-Olivine,5,425,256
NF,175,310,1,Fe-Olivine,5,425,256
NF,175,311,1,Fe-Olivine,5,425,256
NF,175,312,1,Fe-Olivine,5,425,256
NF,175,332,8,Prehnite,14,425,256
NF,175,333,8,Prehnite,14,425,256
NF,175,334,8,Prehnite,14,425,256
NF,175,348,4,Bassanite,2,425,256
NF,175,349,4,Bassanite,2,425,256
NF,175,350,4,Bassanite,2,425,256
NF,175,351,4,Bassanite,2,425,256
NF,175,352,4,Bassanite,2,425,256
NF,175,353,4,Bassanite,2,425,256
NF,175,354,4,Bassanite,2,425,256
NF,175,355,4,Bassanite,2,425,256
NF,175,356,4,Bassanite,2,425,256
NF,175,357,4,Bassanite,2,425,256
NF,175,358,4,Bassanite,2,425,256
NF,175,359,4,Bassanite,2,425,256
NF,175,360,4,Bassanite,2,425,256
NF,175,361,4,Bassanite,2,425,256
NF,175,548,2,Epidote,4,425,256
NF,175,549,2,Epidote,4,425,256
NF,175,550,2,Epidote,4,425,256
NF,175,551,2,Epidote,4,425,256
NF,175,552,2,Epidote,4,425,256
NF,175,556,5,Illite/Muscovite,7,425,256
NF,175,557,5,Illite/Muscovite,7,425,256
NF,175,558,5,Illite/Muscovite,7,425,256
NF,175,559,3,Chlorite,3,425,256
NF,175,560,3,Chlorite,3,425,256
NF,175,561,3,Chlorite,3,425,256
NF,175,562,3,Chlorite,3,425,256
NF,175,566,3,Chlorite,3,425,256
NF,175,567,3,Chlorite,3,425,256
NF,175,568,3,Chlorite,3,425,256
NF,175,569,3,Chlorite,3,425,256
NF,175,570,3,Chlorite,3,425,256
NF,175,571,3,Chlorite,3,425,256
NF,175,572,3,Chlorite,3,425,256
NF,175,573,3,Chlorite,3,425,256
NF,175,574,3,Chlorite,3,425,256
NF,175,575,3,Chlorite,3,425,256
NF,175,576,3,Chlorite,3,425,256
NF,175,577,3,Chlorite,3,425,256
NF,176,155,1,Fe-Olivine,5,425,256
NF,176,156,1,Fe-Olivine,5,425,256
NF,176,157,1,Fe-Olivine,5,425,256
NF,176,158,1,Fe-Olivine,5,425,256
NF,176,159,1,Fe-Olivine,5,425,256
NF,176,160,1,Fe-Olivine,5,425,256
NF,176,161,1,Fe-Olivine,5,425,256
NF,176,162,1,Fe-Olivine,5,425,256
NF,176,163,1,Fe-Olivine,5,425,256
NF,176,164,1,Fe-Olivine,5,425,256
NF,176,165,1,Fe-Olivine,5,425,256
NF,176,166,1,Fe-Olivine,5,425,256
NF,176,167,1,Fe-Olivine,5,425,256
NF,176,168,1,Fe-Olivine,5,425,256
NF,176,169,1,Fe-Olivine,5,425,256
NF,176,170,1,Fe-Olivine,5,425,256
NF,176,171,1,Fe-Olivine,5,425,256
NF,176,172,1,Fe-Olivine,5,425,256
NF,176,194,9,Serpentine,15,425,256
NF,176,195,9,Serpentine,15,425,256
NF,176,196,9,Serpentine,15,425,256
NF,176,197,9,Serpentine,15,425,256
NF,176,198,9,Serpentine,15,425,256
NF,176,199,9,Serpentine,15,425,256
NF,176,200,9,Serpentine,15,425,256
NF,176,201,9,Serpentine,15,425,256
NF,176,298,1,Fe-Olivine,5,425,256
NF,176,299,1,Fe-Olivine,5,425,256
NF,176,300,1,Fe-Olivine,5,425,256
NF,176,301,1,Fe-Olivine,5,425,256
NF,176,302,1,Fe-Olivine,5,425,256
NF,176,303,1,Fe-Olivine,5,425,256
NF,176,304,1,Fe-Olivine,5,425,256
NF,176,305,1,Fe-Olivine,5,425,256
NF,176,306,1,Fe-Olivine,5,425,256
NF,176,307,1,Fe-Olivine,5,425,256
NF,176,308,1,Fe-Olivine,5,425,256
NF,176,309,1,Fe-Olivine,5,425,256
NF,176,310,1,Fe-Olivine,5,425,256
NF,176,311,1,Fe-Olivine,5,425,256
NF,176,312,1,Fe-Olivine,5,425,256
NF,176,313,1,Fe-Olivine,5,425,256
NF,176,332,8,Prehnite,14,425,256
NF,176,333,8,Prehnite,14,425,256
NF,176,334,8,Prehnite,14,425,256
NF,176,335,8,Prehnite,14,425,256
NF,176,336,8,Prehnite,14,425,256
NF,176,337,8,Prehnite,14,425,256
NF,176,350,4,Bassanite,2,425,256
NF,176,351,4,Bassanite,2,425,256
NF,176,352,4,Bassanite,2,425,256
NF,176,353,4,Bassanite,2,425,256
NF,176,354,4,Bassanite,2,425,256
NF,176,355,4,Bassanite,2,425,256
NF,176,356,4,Bassanite,2,425,256
NF,176,357,4,Bassanite,2,425,256
NF,176,358,4,Bassanite,2,425,256
NF,176,359,4,Bassanite,2,425,256
NF,176,360,4,Bassanite,2,425,256
NF,176,361,4,Bassanite,2,425,256
NF,176,362,4,Bassanite,2,425,256
NF,176,363,4,Bassanite,2,425,256
NF,176,548,2,Epidote,4,425,256
NF,176,549,2,Epidote,4,425,256
NF,176,550,2,Epidote,4,425,256
NF,176,551,2,Epidote,4,425,256
NF,176,552,2,Epidote,4,425,256
NF,176,555,5,Illite/Muscovite,7,425,256
NF,176,556,5,Illite/Muscovite,7,425,256
NF,176,557,5,Illite/Muscovite,7,425,256
NF,176,558,5,Illite/Muscovite,7,425,256
NF,176,559,3,Chlorite,3,425,256
NF,176,560,3,Chlorite,3,425,256
NF,176,561,3,Chlorite,3,425,256
NF,176,562,3,Chlorite,3,425,256
NF,176,566,3,Chlorite,3,425,256
NF,176,567,3,Chlorite,3,425,256
NF,176,568,3,Chlorite,3,425,256
NF,176,569,3,Chlorite,3,425,256
NF,176,570,3,Chlorite,3,425,256
NF,176,571,3,Chlorite,3,425,256
NF,176,572,3,Chlorite,3,425,256
NF,176,573,3,Chlorite,3,425,256
NF,176,574,3,Chlorite,3,425,256
NF,176,575,3,Chlorite,3,425,256
NF,176,576,3,Chlorite,3,425,256
NF,176,577,3,Chlorite,3,425,256
NF,177,155,1,Fe-Olivine,5,425,256
NF,177,156,1,Fe-Olivine,5,425,256
NF,177,157,1,Fe-Olivine,5,425,256
NF,177,158,1,Fe-Olivine,5,425,256
NF,177,159,1,Fe-Olivine,5,425,256
NF,177,160,1,Fe-Olivine,5,425,256
NF,177,161,1,Fe-Olivine,5,425,256
NF,177,162,1,Fe-Olivine,5,425,256
NF,177,163,1,Fe-Olivine,5,425,256
NF,177,164,1,Fe-Olivine,5,425,256
NF,177,165,1,Fe-Olivine,5,425,256
NF,177,166,1,Fe-Olivine,5,425,256
NF,177,167,1,Fe-Olivine,5,425,256
NF,177,168,1,Fe-Olivine,5,425,256
NF,177,169,1,Fe-Olivine,5,425,256
NF,177,170,1,Fe-Olivine,5,425,256
NF,177,171,1,Fe-Olivine,5,425,256
NF,177,194,9,Serpentine,15,425,256
NF,177,195,9,Serpentine,15,425,256
NF,177,196,9,Serpentine,15,425,256
NF,177,197,9,Serpentine,15,425,256
NF,177,198,9,Serpentine,15,425,256
NF,177,199,9,Serpentine,15,425,256
NF,177,200,9,Serpentine,15,425,256
NF,177,299,1,Fe-Olivine,5,425,256
NF,177,300,1,Fe-Olivine,5,425,256
NF,177,301,1,Fe-Olivine,5,425,256
NF,177,302,1,Fe-Olivine,5,425,256
NF,177,303,1,Fe-Olivine,5,425,256
NF,177,304,1,Fe-Olivine,5,425,256
NF,177,305,1,Fe-Olivine,5,425,256
NF,177,306,1,Fe-Olivine,5,425,256
NF,177,307,1,Fe-Olivine,5,425,256
NF,177,308,1,Fe-Olivine,5,425,256
NF,177,309,1,Fe-Olivine,5,425,256
NF,177,310,1,Fe-Olivine,5,425,256
NF,177,311,1,Fe-Olivine,5,425,256
NF,177,312,1,Fe-Olivine,5,425,256
NF,177,313,1,Fe-Olivine,5,425,256
NF,177,332,8,Prehnite,14,425,256
NF,177,333,8,Prehnite,14,425,256
NF,177,334,8,Prehnite,14,425,256
NF,177,335,8,Prehnite,14,425,256
NF,177,336,8,Prehnite,14,425,256
NF,177,337,8,Prehnite,14,425,256
NF,177,338,8,Prehnite,14,425,256
NF,177,352,4,Bassanite,2,425,256
NF,177,353,4,Bassanite,2,425,256
NF,177,354,4,Bassanite,2,425,256
NF,177,355,4,Bassanite,2,425,256
NF,177,356,4,Bassanite,2,425,256
NF,177,357,4,Bassanite,2,425,256
NF,177,358,4,Bassanite,2,425,256
NF,177,359,4,Bassanite,2,425,256
NF,177,360,4,Bassanite,2,425,256
NF,177,361,4,Bassanite,2,425,256
NF,177,362,4,Bassanite,2,425,256
NF,177,363,4,Bassanite,2,425,256
NF,177,548,2,Epidote,4,425,256
NF,177,549,2,Epidote,4,425,256
NF,177,550,2,Epidote,4,425,256
NF,177,551,2,Epidote,4,425,256
NF,177,552,2,Epidote,4,425,256
NF,177,553,2,Epidote,4,425,256
NF,177,555,5,Illite/Muscovite,7,425,256
NF,177,556,5,Illite/Muscovite,7,425,256
NF,177,557,5,Illite/Muscovite,7,425,256
NF,177,558,5,Illite/Muscovite,7,425,256
NF,177,559,3,Chlorite,3,425,256
NF,177,560,3,Chlorite,3,425,256
NF,177,561,3,Chlorite,3,425,256
NF,177,562,3,Chlorite,3,425,256
NF,177,567,3,Chlorite,3,425,256
NF,177,568,3,Chlorite,3,425,256
NF,177,569,3,Chlorite,3,425,256
NF,177,570,3,Chlorite,3,425,256
NF,177,571,3,Chlorite,3,425,256
NF,177,572,3,Chlorite,3,425,256
NF,177,573,3,Chlorite,3,425,256
NF,177,574,3,Chlorite,3,425,256
NF,177,575,3,Chlorite,3,425,256
NF,178,155,1,Fe-Olivine,5,425,256
NF,178,156,1,Fe-Olivine,5,425,256
NF,178,157,1,Fe-Olivine,5,425,256
NF,178,158,1,Fe-Olivine,5,425,256
NF,178,159,1,Fe-Olivine,5,425,256
NF,178,160,1,Fe-Olivine,5,425,256
NF,178,161,1,Fe-Olivine,5,425,256
NF,178,162,1,Fe-Olivine,5,425,256
NF,178,163,1,Fe-Olivine,5,425,256
NF,178,164,1,Fe-Olivine,5,425,256
NF,178,165,1,Fe-Olivine,5,425,256
NF,178,166,1,Fe-Olivine,5,425,256
NF,178,167,1,Fe-Olivine,5,425,256
NF,178,168,1,Fe-Olivine,5,425,256
NF,178,169,1,Fe-Olivine,5,425,256
NF,178,170,1,Fe-Olivine,5,425,256
NF,178,171,1,Fe-Olivine,5,425,256
NF,178,194,9,Serpentine,15,425,256
NF,178,195,9,Serpentine,15,425,256
NF,178,196,9,Serpentine,15,425,256
NF,178,197,9,Serpentine,15,425,256
NF,178,198,9,Serpentine,15,425,256
NF,178,199,9,Serpentine,15,425,256
NF,178,200,9,Serpentine,15,425,256
NF,178,300,1,Fe-Olivine,5,425,256
NF,178,301,1,Fe-Olivine,5,425,256
NF,178,302,1,Fe-Olivine,5,425,256
NF,178,303,1,Fe-Olivine,5,425,256
NF,178,304,1,Fe-Olivine,5,425,256
NF,178,305,1,Fe-Olivine,5,425,256
NF,178,306,1,Fe-Olivine,5,425,256
NF,178,307,1,Fe-Olivine,5,425,256
NF,178,308,1,Fe-Olivine,5,425,256
NF,178,309,1,Fe-Olivine,5,425,256
NF,178,310,1,Fe-Olivine,5,425,256
NF,178,311,1,Fe-Olivine,5,425,256
NF,178,312,1,Fe-Olivine,5,425,256
NF,178,313,1,Fe-Olivine,5,425,256
NF,178,314,1,Fe-Olivine,5,425,256
NF,178,333,8,Prehnite,14,425,256
NF,178,334,8,Prehnite,14,425,256
NF,178,335,8,Prehnite,14,425,256
NF,178,336,8,Prehnite,14,425,256
NF,178,337,8,Prehnite,14,425,256
NF,178,338,8,Prehnite,14,425,256
NF,178,339,8,Prehnite,14,425,256
NF,178,340,8,Prehnite,14,425,256
NF,178,354,4,Bassanite,2,425,256
NF,178,355,4,Bassanite,2,425,256
NF,178,356,4,Bassanite,2,425,256
NF,178,357,4,Bassanite,2,425,256
NF,178,358,4,Bassanite,2,425,256
NF,178,359,4,Bassanite,2,425,256
NF,178,360,4,Bassanite,2,425,256
NF,178,361,4,Bassanite,2,425,256
NF,178,362,4,Bassanite,2,425,256
NF,178,363,4,Bassanite,2,425,256
NF,178,543,5,Illite/Muscovite,7,425,256
NF,178,544,5,Illite/Muscovite,7,425,256
NF,178,549,2,Epidote,4,425,256
NF,178,550,2,Epidote,4,425,256
NF,178,551,2,Epidote,4,425,256
NF,178,552,2,Epidote,4,425,256
NF,178,553,2,Epidote,4,425,256
NF,178,555,5,Illite/Muscovite,7,425,256
NF,178,556,5,Illite/Muscovite,7,425,256
NF,178,557,5,Illite/Muscovite,7,425,256
NF,178,558,5,Illite/Muscovite,7,425,256
NF,178,559,3,Chlorite,3,425,256
NF,178,560,3,Chlorite,3,425,256
NF,178,561,3,Chlorite,3,425,256
NF,178,562,3,Chlorite,3,425,256
NF,178,570,3,Chlorite,3,425,256
NF,178,571,3,Chlorite,3,425,256
NF,178,572,3,Chlorite,3,425,256
NF,179,155,1,Fe-Olivine,5,425,256
NF,179,156,1,Fe-Olivine,5,425,256
NF,179,157,1,Fe-Olivine,5,425,256
NF,179,158,1,Fe-Olivine,5,425,256
NF,179,159,1,Fe-Olivine,5,425,256
NF,179,160,1,Fe-Olivine,5,425,256
NF,179,161,1,Fe-Olivine,5,425,256
NF,179,162,1,Fe-Olivine,5,425,256
NF,179,163,1,Fe-Olivine,5,425,256
NF,179,164,1,Fe-Olivine,5,425,256
NF,179,165,1,Fe-Olivine,5,425,256
NF,179,166,1,Fe-Olivine,5,425,256
NF,179,167,1,Fe-Olivine,5,425,256
NF,179,168,1,Fe-Olivine,5,425,256
NF,179,169,1,Fe-Olivine,5,425,256
NF,179,170,1,Fe-Olivine,5,425,256
NF,179,193,9,Serpentine,15,425,256
NF,179,194,9,Serpentine,15,425,256
NF,179,195,9,Serpentine,15,425,256
NF,179,196,9,Serpentine,15,425,256
NF,179,197,9,Serpentine,15,425,256
NF,179,198,9,Serpentine,15,425,256
NF,179,199,9,Serpentine,15,425,256
NF,179,200,9,Serpentine,15,425,256
NF,179,301,1,Fe-Olivine,5,425,256
NF,179,302,1,Fe-Olivine,5,425,256
NF,179,303,1,Fe-Olivine,5,425,256
NF,179,304,1,Fe-Olivine,5,425,256
NF,179,305,1,Fe-Olivine,5,425,256
NF,179,306,1,Fe-Olivine,5,425,256
NF,179,307,1,Fe-Olivine,5,425,256
NF,179,308,1,Fe-Olivine,5,425,256
NF,179,309,1,Fe-Olivine,5,425,256
NF,179,310,1,Fe-Olivine,5,425,256
NF,179,311,1,Fe-Olivine,5,425,256
NF,179,312,1,Fe-Olivine,5,425,256
NF,179,313,1,Fe-Olivine,5,425,256
NF,179,314,1,Fe-Olivine,5,425,256
NF,179,334,8,Prehnite,14,425,256
NF,179,335,8,Prehnite,14,425,256
NF,179,336,8,Prehnite,14,425,256
NF,179,337,8,Prehnite,14,425,256
NF,179,338,8,Prehnite,14,425,256
NF,179,339,8,Prehnite,14,425,256
NF,179,340,8,Prehnite,14,425,256
NF,179,341,8,Prehnite,14,425,256
NF,179,342,8,Prehnite,14,425,256
NF,179,358,4,Bassanite,2,425,256
NF,179,359,4,Bassanite,2,425,256
NF,179,360,4,Bassanite,2,425,256
NF,179,361,4,Bassanite,2,425,256
NF,179,362,4,Bassanite,2,425,256
NF,179,363,4,Bassanite,2,425,256
NF,179,543,5,Illite/Muscovite,7,425,256
NF,179,544,5,Illite/Muscovite,7,425,256
NF,179,549,2,Epidote,4,425,256
NF,179,550,2,Epidote,4,425,256
NF,179,551,2,Epidote,4,425,256
NF,179,552,2,Epidote,4,425,256
NF,179,553,2,Epidote,4,425,256
NF,179,554,2,Epidote,4,425,256
NF,179,556,5,Illite/Muscovite,7,425,256
NF,179,557,5,Illite/Muscovite,7,425,256
NF,179,558,5,Illite/Muscovite,7,425,256
NF,179,559,3,Chlorite,3,425,256
NF,179,560,3,Chlorite,3,425,256
NF,179,561,3,Chlorite,3,425,256
NF,179,562,3,Chlorite,3,425,256
NF,180,154,1,Fe-Olivine,5,425,256
NF,180,155,1,Fe-Olivine,5,425,256
NF,180,156,1,Fe-Olivine,5,425,256
NF,180,157,1,Fe-Olivine,5,425,256
NF,180,158,1,Fe-Olivine,5,425,256
NF,180,159,1,Fe-Olivine,5,425,256
NF,180,160,1,Fe-Olivine,5,425,256
NF,180,161,1,Fe-Olivine,5,425,256
NF,180,162,1,Fe-Olivine,5,425,256
NF,180,163,1,Fe-Olivine,5,425,256
NF,180,164,1,Fe-Olivine,5,425,256
NF,180,165,1,Fe-Olivine,5,425,256
NF,180,166,1,Fe-Olivine,5,425,256
NF,180,167,1,Fe-Olivine,5,425,256
NF,180,168,1,Fe-Olivine,5,425,256
NF,180,169,1,Fe-Olivine,5,425,256
NF,180,170,1,Fe-Olivine,5,425,256
NF,180,193,9,Serpentine,15,425,256
NF,180,194,9,Serpentine,15,425,256
NF,180,195,9,Serpentine,15,425,256
NF,180,196,9,Serpentine,15,425,256
NF,180,197,9,Serpentine,15,425,256
NF,180,198,9,Serpentine,15,425,256
NF,180,199,9,Serpentine,15,425,256
NF,180,200,9,Serpentine,15,425,256
NF,180,301,1,Fe-Olivine,5,425,256
NF,180,302,1,Fe-Olivine,5,425,256
NF,180,303,1,Fe-Olivine,5,425,256
NF,180,304,1,Fe-Olivine,5,425,256
NF,180,305,1,Fe-Olivine,5,425,256
NF,180,306,1,Fe-Olivine,5,425,256
NF,180,307,1,Fe-Olivine,5,425,256
NF,180,308,1,Fe-Olivine,5,425,256
NF,180,309,1,Fe-Olivine,5,425,256
NF,180,310,1,Fe-Olivine,5,425,256
NF,180,311,1,Fe-Olivine,5,425,256
NF,180,312,1,Fe-Olivine,5,425,256
NF,180,313,1,Fe-Olivine,5,425,256
NF,180,314,1,Fe-Olivine,5,425,256
NF,180,335,8,Prehnite,14,425,256
NF,180,336,8,Prehnite,14,425,256
NF,180,337,8,Prehnite,14,425,256
NF,180,338,8,Prehnite,14,425,256
NF,180,339,8,Prehnite,14,425,256
NF,180,340,8,Prehnite,14,425,256
NF,180,341,8,Prehnite,14,425,256
NF,180,342,8,Prehnite,14,425,256
NF,180,343,8,Prehnite,14,425,256
NF,180,344,8,Prehnite,14,425,256
NF,180,543,5,Illite/Muscovite,7,425,256
NF,180,544,5,Illite/Muscovite,7,425,256
NF,180,550,2,Epidote,4,425,256
NF,180,551,2,Epidote,4,425,256
NF,180,552,2,Epidote,4,425,256
NF,180,553,2,Epidote,4,425,256
NF,180,554,2,Epidote,4,425,256
NF,180,555,2,Epidote,4,425,256
NF,180,556,5,Illite/Muscovite,7,425,256
NF,180,557,5,Illite/Muscovite,7,425,256
NF,180,558,5,Illite/Muscovite,7,425,256
NF,181,154,1,Fe-Olivine,5,425,256
NF,181,155,1,Fe-Olivine,5,425,256
NF,181,156,1,Fe-Olivine,5,425,256
NF,181,157,1,Fe-Olivine,5,425,256
NF,181,158,1,Fe-Olivine,5,425,256
NF,181,159,1,Fe-Olivine,5,425,256
NF,181,160,1,Fe-Olivine,5,425,256
NF,181,161,1,Fe-Olivine,5,425,256
NF,181,162,1,Fe-Olivine,5,425,256
NF,181,163,1,Fe-Olivine,5,425,256
NF,181,164,1,Fe-Olivine,5,425,256
NF,181,165,1,Fe-Olivine,5,425,256
NF,181,166,1,Fe-Olivine,5,425,256
NF,181,167,1,Fe-Olivine,5,425,256
NF,181,168,1,Fe-Olivine,5,425,256
NF,181,169,1,Fe-Olivine,5,425,256
NF,181,170,1,Fe-Olivine,5,425,256
NF,181,193,9,Serpentine,15,425,256
NF,181,194,9,Serpentine,15,425,256
NF,181,195,9,Serpentine,15,425,256
NF,181,196,9,Serpentine,15,425,256
NF,181,197,9,Serpentine,15,425,256
NF,181,198,9,Serpentine,15,425,256
NF,181,199,9,Serpentine,15,425,256
NF,181,200,9,Serpentine,15,425,256
NF,181,302,1,Fe-Olivine,5,425,256
NF,181,303,1,Fe-Olivine,5,425,256
NF,181,304,1,Fe-Olivine,5,425,256
NF,181,305,1,Fe-Olivine,5,425,256
NF,181,306,1,Fe-Olivine,5,425,256
NF,181,307,1,Fe-Olivine,5,425,256
NF,181,308,1,Fe-Olivine,5,425,256
NF,181,309,1,Fe-Olivine,5,425,256
NF,181,310,1,Fe-Olivine,5,425,256
NF,181,311,1,Fe-Olivine,5,425,256
NF,181,312,1,Fe-Olivine,5,425,256
NF,181,313,1,Fe-Olivine,5,425,256
NF,181,314,1,Fe-Olivine,5,425,256
NF,181,335,8,Prehnite,14,425,256
NF,181,336,8,Prehnite,14,425,256
NF,181,337,8,Prehnite,14,425,256
NF,181,338,8,Prehnite,14,425,256
NF,181,339,8,Prehnite,14,425,256
NF,181,340,8,Prehnite,14,425,256
NF,181,341,8,Prehnite,14,425,256
NF,181,342,8,Prehnite,14,425,256
NF,181,343,8,Prehnite,14,425,256
NF,181,344,8,Prehnite,14,425,256
NF,181,345,8,Prehnite,14,425,256
NF,181,346,8,Prehnite,14,425,256
NF,181,347,8,Prehnite,14,425,256
NF,181,348,8,Prehnite,14,425,256
NF,181,349,8,Prehnite,14,425,256
NF,181,350,8,Prehnite,14,425,256
NF,181,351,8,Prehnite,14,425,256
NF,181,543,5,Illite/Muscovite,7,425,256
NF,181,544,5,Illite/Muscovite,7,425,256
NF,181,550,2,Epidote,4,425,256
NF,181,551,2,Epidote,4,425,256
NF,181,552,2,Epidote,4,425,256
NF,181,553,2,Epidote,4,425,256
NF,181,554,2,Epidote,4,425,256
NF,181,555,2,Epidote,4,425,256
NF,181,556,5,Illite/Muscovite,7,425,256
NF,181,557,5,Illite/Muscovite,7,425,256
NF,181,558,5,Illite/Muscovite,7,425,256
NF,182,154,1,Fe-Olivine,5,425,256
NF,182,155,1,Fe-Olivine,5,425,256
NF,182,156,1,Fe-Olivine,5,425,256
NF,182,157,1,Fe-Olivine,5,425,256
NF,182,158,1,Fe-Olivine,5,425,256
NF,182,159,1,Fe-Olivine,5,425,256
NF,182,160,1,Fe-Olivine,5,425,256
NF,182,161,1,Fe-Olivine,5,425,256
NF,182,162,1,Fe-Olivine,5,425,256
NF,182,163,1,Fe-Olivine,5,425,256
NF,182,164,1,Fe-Olivine,5,425,256
NF,182,165,1,Fe-Olivine,5,425,256
NF,182,166,1,Fe-Olivine,5,425,256
NF,182,167,1,Fe-Olivine,5,425,256
NF,182,168,1,Fe-Olivine,5,425,256
NF,182,169,1,Fe-Olivine,5,425,256
NF,182,170,1,Fe-Olivine,5,425,256
NF,182,192,9,Serpentine,15,425,256
NF,182,193,9,Serpentine,15,425,256
NF,182,194,9,Serpentine,15,425,256
NF,182,195,9,Serpentine,15,425,256
NF,182,196,9,Serpentine,15,425,256
NF,182,197,9,Serpentine,15,425,256
NF,182,198,9,Serpentine,15,425,256
NF,182,199,9,Serpentine,15,425,256
NF,182,200,9,Serpentine,15,425,256
NF,182,303,1,Fe-Olivine,5,425,256
NF,182,304,1,Fe-Olivine,5,425,256
NF,182,305,1,Fe-Olivine,5,425,256
NF,182,306,1,Fe-Olivine,5,425,256
NF,182,307,1,Fe-Olivine,5,425,256
NF,182,308,1,Fe-Olivine,5,425,256
NF,182,309,1,Fe-Olivine,5,425,256
NF,182,310,1,Fe-Olivine,5,425,256
NF,182,311,1,Fe-Olivine,5,425,256
NF,182,312,1,Fe-Olivine,5,425,256
NF,182,313,1,Fe-Olivine,5,425,256
NF,182,314,1,Fe-Olivine,5,425,256
NF,182,336,8,Prehnite,14,425,256
NF,182,337,8,Prehnite,14,425,256
NF,182,338,8,Prehnite,14,425,256
NF,182,339,8,Prehnite,14,425,256
NF,182,340,8,Prehnite,14,425,256
NF,182,341,8,Prehnite,14,425,256
NF,182,342,8,Prehnite,14,425,256
NF,182,343,8,Prehnite,14,425,256
NF,182,344,8,Prehnite,14,425,256
NF,182,345,8,Prehnite,14,425,256
NF,182,346,8,Prehnite,14,425,256
NF,182,347,8,Prehnite,14,425,256
NF,182,348,8,Prehnite,14,425,256
NF,182,349,8,Prehnite,14,425,256
NF,182,350,8,Prehnite,14,425,256
NF,182,351,8,Prehnite,14,425,256
NF,182,352,8,Prehnite,14,425,256
NF,182,353,8,Prehnite,14,425,256
NF,182,354,8,Prehnite,14,425,256
NF,182,355,8,Prehnite,14,425,256
NF,182,356,8,Prehnite,14,425,256
NF,182,357,8,Prehnite,14,425,256
NF,182,385,9,Serpentine,15,425,256
NF,182,386,9,Serpentine,15,425,256
NF,182,387,9,Serpentine,15,425,256
NF,182,388,9,Serpentine,15,425,256
NF,182,389,9,Serpentine,15,425,256
NF,182,543,5,Illite/Muscovite,7,425,256
NF,182,544,5,Illite/Muscovite,7,425,256
NF,182,545,5,Illite/Muscovite,7,425,256
NF,182,550,2,Epidote,4,425,256
NF,182,551,2,Epidote,4,425,256
NF,182,552,2,Epidote,4,425,256
NF,182,553,2,Epidote,4,425,256
NF,182,554,2,Epidote,4,425,256
NF,182,555,2,Epidote,4,425,256
NF,182,557,5,Illite/Muscovite,7,425,256
NF,182,558,5,Illite/Muscovite,7,425,256
NF,183,153,1,Fe-Olivine,5,425,256
NF,183,154,1,Fe-Olivine,5,425,256
NF,183,155,1,Fe-Olivine,5,425,256
NF,183,156,1,Fe-Olivine,5,425,256
NF,183,157,1,Fe-Olivine,5,425,256
NF,183,158,1,Fe-Olivine,5,425,256
NF,183,159,1,Fe-Olivine,5,425,256
NF,183,160,1,Fe-Olivine,5,425,256
NF,183,161,1,Fe-Olivine,5,425,256
NF,183,162,1,Fe-Olivine,5,425,256
NF,183,163,1,Fe-Olivine,5,425,256
NF,183,164,1,Fe-Olivine,5,425,256
NF,183,165,1,Fe-Olivine,5,425,256
NF,183,166,1,Fe-Olivine,5,425,256
NF,183,167,1,Fe-Olivine,5,425,256
NF,183,168,1,Fe-Olivine,5,425,256
NF,183,169,1,Fe-Olivine,5,425,256
NF,183,170,1,Fe-Olivine,5,425,256
NF,183,192,9,Serpentine,15,425,256
NF,183,193,9,Serpentine,15,425,256
NF,183,194,9,Serpentine,15,425,256
NF,183,195,9,Serpentine,15,425,256
NF,183,196,9,Serpentine,15,425,256
NF,183,197,9,Serpentine,15,425,256
NF,183,198,9,Serpentine,15,425,256
NF,183,199,9,Serpentine,15,425,256
NF,183,303,1,Fe-Olivine,5,425,256
NF,183,304,1,Fe-Olivine,5,425,256
NF,183,305,1,Fe-Olivine,5,425,256
NF,183,306,1,Fe-Olivine,5,425,256
NF,183,307,1,Fe-Olivine,5,425,256
NF,183,308,1,Fe-Olivine,5,425,256
NF,183,309,1,Fe-Olivine,5,425,256
NF,183,310,1,Fe-Olivine,5,425,256
NF,183,311,1,Fe-Olivine,5,425,256
NF,183,312,1,Fe-Olivine,5,425,256
NF,183,313,1,Fe-Olivine,5,425,256
NF,183,330,4,Bassanite,2,425,256
NF,183,331,4,Bassanite,2,425,256
NF,183,332,4,Bassanite,2,425,256
NF,183,337,8,Prehnite,14,425,256
NF,183,338,8,Prehnite,14,425,256
NF,183,339,8,Prehnite,14,425,256
NF,183,340,8,Prehnite,14,425,256
NF,183,341,8,Prehnite,14,425,256
NF,183,342,8,Prehnite,14,425,256
NF,183,343,8,Prehnite,14,425,256
NF,183,344,8,Prehnite,14,425,256
NF,183,345,8,Prehnite,14,425,256
NF,183,346,8,Prehnite,14,425,256
NF,183,347,8,Prehnite,14,425,256
NF,183,348,8,Prehnite,14,425,256
NF,183,349,8,Prehnite,14,425,256
NF,183,350,8,Prehnite,14,425,256
NF,183,351,8,Prehnite,14,425,256
NF,183,352,8,Prehnite,14,425,256
NF,183,353,8,Prehnite,14,425,256
NF,183,354,8,Prehnite,14,425,256
NF,183,355,8,Prehnite,14,425,256
NF,183,356,8,Prehnite,14,425,256
NF,183,357,8,Prehnite,14,425,256
NF,183,358,8,Prehnite,14,425,256
NF,183,359,8,Prehnite,14,425,256
NF,183,383,9,Serpentine,15,425,256
NF,183,384,9,Serpentine,15,425,256
NF,183,385,9,Serpentine,15,425,256
NF,183,386,9,Serpentine,15,425,256
NF,183,387,9,Serpentine,15,425,256
NF,183,388,9,Serpentine,15,425,256
NF,183,389,9,Serpentine,15,425,256
NF,183,390,9,Serpentine,15,425,256
NF,183,391,9,Serpentine,15,425,256
NF,183,544,5,Illite/Muscovite,7,425,256
NF,183,545,5,Illite/Muscovite,7,425,256
NF,183,550,2,Epidote,4,425,256
NF,183,551,2,Epidote,4,425,256
NF,183,552,2,Epidote,4,425,256
NF,183,553,2,Epidote,4,425,256
NF,183,554,2,Epidote,4,425,256
NF,183,555,2,Epidote,4,425,256
NF,183,556,2,Epidote,4,425,256
NF,183,557,5,Illite/Muscovite,7,425,256
NF,183,558,5,Illite/Muscovite,7,425,256
NF,183,562,3,Chlorite,3,425,256
NF,183,563,3,Chlorite,3,425,256
NF,183,564,3,Chlorite,3,425,256
NF,184,153,1,Fe-Olivine,5,425,256
NF,184,154,1,Fe-Olivine,5,425,256
NF,184,155,1,Fe-Olivine,5,425,256
NF,184,156,1,Fe-Olivine,5,425,256
NF,184,157,1,Fe-Olivine,5,425,256
NF,184,158,1,Fe-Olivine,5,425,256
NF,184,159,1,Fe-Olivine,5,425,256
NF,184,160,1,Fe-Olivine,5,425,256
NF,184,161,1,Fe-Olivine,5,425,256
NF,184,162,1,Fe-Olivine,5,425,256
NF,184,163,1,Fe-Olivine,5,425,256
NF,184,164,1,Fe-Olivine,5,425,256
NF,184,165,1,Fe-Olivine,5,425,256
NF,184,166,1,Fe-Olivine,5,425,256
NF,184,167,1,Fe-Olivine,5,425,256
NF,184,168,1,Fe-Olivine,5,425,256
NF,184,169,1,Fe-Olivine,5,425,256
NF,184,192,9,Serpentine,15,425,256
NF,184,193,9,Serpentine,15,425,256
NF,184,194,9,Serpentine,15,425,256
NF,184,195,9,Serpentine,15,425,256
NF,184,196,9,Serpentine,15,425,256
NF,184,197,9,Serpentine,15,425,256
NF,184,198,9,Serpentine,15,425,256
NF,184,199,9,Serpentine,15,425,256
NF,184,303,1,Fe-Olivine,5,425,256
NF,184,304,1,Fe-Olivine,5,425,256
NF,184,305,1,Fe-Olivine,5,425,256
NF,184,306,1,Fe-Olivine,5,425,256
NF,184,307,1,Fe-Olivine,5,425,256
NF,184,308,1,Fe-Olivine,5,425,256
NF,184,309,1,Fe-Olivine,5,425,256
NF,184,310,1,Fe-Olivine,5,425,256
NF,184,311,1,Fe-Olivine,5,425,256
NF,184,312,1,Fe-Olivine,5,425,256
NF,184,330,4,Bassanite,2,425,256
NF,184,331,4,Bassanite,2,425,256
NF,184,332,4,Bassanite,2,425,256
NF,184,333,4,Bassanite,2,425,256
NF,184,338,8,Prehnite,14,425,256
NF,184,339,8,Prehnite,14,425,256
NF,184,340,8,Prehnite,14,425,256
NF,184,341,8,Prehnite,14,425,256
NF,184,342,8,Prehnite,14,425,256
NF,184,343,8,Prehnite,14,425,256
NF,184,344,8,Prehnite,14,425,256
NF,184,345,8,Prehnite,14,425,256
NF,184,346,8,Prehnite,14,425,256
NF,184,347,8,Prehnite,14,425,256
NF,184,348,8,Prehnite,14,425,256
NF,184,349,8,Prehnite,14,425,256
NF,184,350,8,Prehnite,14,425,256
NF,184,351,8,Prehnite,14,425,256
NF,184,352,8,Prehnite,14,425,256
NF,184,353,8,Prehnite,14,425,256
NF,184,354,8,Prehnite,14,425,256
NF,184,355,8,Prehnite,14,425,256
NF,184,356,8,Prehnite,14,425,256
NF,184,357,8,Prehnite,14,425,256
NF,184,358,8,Prehnite,14,425,256
NF,184,359,8,Prehnite,14,425,256
NF,184,360,8,Prehnite,14,425,256
NF,184,382,9,Serpentine,15,425,256
NF,184,383,9,Serpentine,15,425,256
NF,184,384,9,Serpentine,15,425,256
NF,184,385,9,Serpentine,15,425,256
NF,184,386,9,Serpentine,15,425,256
NF,184,387,9,Serpentine,15,425,256
NF,184,388,9,Serpentine,15,425,256
NF,184,389,9,Serpentine,15,425,256
NF,184,390,9,Serpentine,15,425,256
NF,184,391,9,Serpentine,15,425,256
NF,184,392,9,Serpentine,15,425,256
NF,184,393,9,Serpentine,15,425,256
NF,184,544,5,Illite/Muscovite,7,425,256
NF,184,545,5,Illite/Muscovite,7,425,256
NF,184,550,2,Epidote,4,425,256
NF,184,551,2,Epidote,4,425,256
NF,184,552,2,Epidote,4,425,256
NF,184,553,2,Epidote,4,425,256
NF,184,554,2,Epidote,4,425,256
NF,184,555,2,Epidote,4,425,256
NF,184,556,2,Epidote,4,425,256
NF,184,557,5,Illite/Muscovite,7,425,256
NF,184,558,5,Illite/Muscovite,7,425,256
NF,184,562,3,Chlorite,3,425,256
NF,184,563,3,Chlorite,3,425,256
NF,184,564,3,Chlorite,3,425,256
NF,185,153,1,Fe-Olivine,5,425,256
NF,185,154,1,Fe-Olivine,5,425,256
NF,185,155,1,Fe-Olivine,5,425,256
NF,185,156,1,Fe-Olivine,5,425,256
NF,185,157,1,Fe-Olivine,5,425,256
NF,185,158,1,Fe-Olivine,5,425,256
NF,185,159,1,Fe-Olivine,5,425,256
NF,185,160,1,Fe-Olivine,5,425,256
NF,185,161,1,Fe-Olivine,5,425,256
NF,185,162,1,Fe-Olivine,5,425,256
NF,185,163,1,Fe-Olivine,5,425,256
NF,185,164,1,Fe-Olivine,5,425,256
NF,185,165,1,Fe-Olivine,5,425,256
NF,185,166,1,Fe-Olivine,5,425,256
NF,185,167,1,Fe-Olivine,5,425,256
NF,185,168,1,Fe-Olivine,5,425,256
NF,185,169,1,Fe-Olivine,5,425,256
NF,185,192,9,Serpentine,15,425,256
NF,185,193,9,Serpentine,15,425,256
NF,185,194,9,Serpentine,15,425,256
NF,185,195,9,Serpentine,15,425,256
NF,185,196,9,Serpentine,15,425,256
NF,185,197,9,Serpentine,15,425,256
NF,185,198,9,Serpentine,15,425,256
NF,185,199,9,Serpentine,15,425,256
NF,185,304,1,Fe-Olivine,5,425,256
NF,185,305,1,Fe-Olivine,5,425,256
NF,185,306,1,Fe-Olivine,5,425,256
NF,185,307,1,Fe-Olivine,5,425,256
NF,185,308,1,Fe-Olivine,5,425,256
NF,185,309,1,Fe-Olivine,5,425,256
NF,185,310,1,Fe-Olivine,5,425,256
NF,185,311,1,Fe-Olivine,5,425,256
NF,185,330,4,Bassanite,2,425,256
NF,185,331,4,Bassanite,2,425,256
NF,185,332,4,Bassanite,2,425,256
NF,185,333,4,Bassanite,2,425,256
NF,185,334,4,Bassanite,2,425,256
NF,185,338,8,Prehnite,14,425,256
NF,185,339,8,Prehnite,14,425,256
NF,185,340,8,Prehnite,14,425,256
NF,185,341,8,Prehnite,14,425,256
NF,185,342,8,Prehnite,14,425,256
NF,185,343,8,Prehnite,14,425,256
NF,185,344,8,Prehnite,14,425,256
NF,185,345,8,Prehnite,14,425,256
NF,185,346,8,Prehnite,14,425,256
NF,185,347,8,Prehnite,14,425,256
NF,185,348,8,Prehnite,14,425,256
NF,185,349,8,Prehnite,14,425,256
NF,185,350,8,Prehnite,14,425,256
NF,185,351,8,Prehnite,14,425,256
NF,185,352,8,Prehnite,14,425,256
NF,185,353,8,Prehnite,14,425,256
NF,185,354,8,Prehnite,14,425,256
NF,185,355,8,Prehnite,14,425,256
NF,185,356,8,Prehnite,14,425,256
NF,185,357,8,Prehnite,14,425,256
NF,185,358,8,Prehnite,14,425,256
NF,185,359,8,Prehnite,14,425,256
NF,185,360,8,Prehnite,14,425,256
NF,185,361,8,Prehnite,14,425,256
NF,185,382,9,Serpentine,15,425,256
NF,185,383,9,Serpentine,15,425,256
NF,185,384,9,Serpentine,15,425,256
NF,185,385,9,Serpentine,15,425,256
NF,185,386,9,Serpentine,15,425,256
NF,185,387,9,Serpentine,15,425,256
NF,185,388,9,Serpentine,15,425,256
NF,185,389,9,Serpentine,15,425,256
NF,185,390,9,Serpentine,15,425,256
NF,185,391,9,Serpentine,15,425,256
NF,185,392,9,Serpentine,15,425,256
NF,185,393,9,Serpentine,15,425,256
NF,185,394,9,Serpentine,15,425,256
NF,185,395,9,Serpentine,15,425,256
NF,185,550,2,Epidote,4,425,256
NF,185,551,2,Epidote,4,425,256
NF,185,552,2,Epidote,4,425,256
NF,185,553,2,Epidote,4,425,256
NF,185,554,2,Epidote,4,425,256
NF,185,555,2,Epidote,4,425,256
NF,185,556,2,Epidote,4,425,256
NF,185,557,2,Epidote,4,425,256
NF,185,562,3,Chlorite,3,425,256
NF,185,563,3,Chlorite,3,425,256
NF,185,564,3,Chlorite,3,425,256
NF,186,152,1,Fe-Olivine,5,425,256
NF,186,153,1,Fe-Olivine,5,425,256
NF,186,154,1,Fe-Olivine,5,425,256
NF,186,155,1,Fe-Olivine,5,425,256
NF,186,156,1,Fe-Olivine,5,425,256
NF,186,157,1,Fe-Olivine,5,425,256
NF,186,158,1,Fe-Olivine,5,425,256
NF,186,159,1,Fe-Olivine,5,425,256
NF,186,160,1,Fe-Olivine,5,425,256
NF,186,161,1,Fe-Olivine,5,425,256
NF,186,162,1,Fe-Olivine,5,425,256
NF,186,163,1,Fe-Olivine,5,425,256
NF,186,164,1,Fe-Olivine,5,425,256
NF,186,165,1,Fe-Olivine,5,425,256
NF,186,166,1,Fe-Olivine,5,425,256
NF,186,167,1,Fe-Olivine,5,425,256
NF,186,168,1,Fe-Olivine,5,425,256
NF,186,191,9,Serpentine,15,425,256
NF,186,192,9,Serpentine,15,425,256
NF,186,193,9,Serpentine,15,425,256
NF,186,194,9,Serpentine,15,425,256
NF,186,195,9,Serpentine,15,425,256
NF,186,196,9,Serpentine,15,425,256
NF,186,197,9,Serpentine,15,425,256
NF,186,198,9,Serpentine,15,425,256
NF,186,304,1,Fe-Olivine,5,425,256
NF,186,305,1,Fe-Olivine,5,425,256
NF,186,306,1,Fe-Olivine,5,425,256
NF,186,330,4,Bassanite,2,425,256
NF,186,331,4,Bassanite,2,425,256
NF,186,332,4,Bassanite,2,425,256
NF,186,333,4,Bassanite,2,425,256
NF,186,334,4,Bassanite,2,425,256
NF,186,335,4,Bassanite,2,425,256
NF,186,339,8,Prehnite,14,425,256
NF,186,340,8,Prehnite,14,425,256
NF,186,341,8,Prehnite,14,425,256
NF,186,342,8,Prehnite,14,425,256
NF,186,343,8,Prehnite,14,425,256
NF,186,344,8,Prehnite,14,425,256
NF,186,345,8,Prehnite,14,425,256
NF,186,346,8,Prehnite,14,425,256
NF,186,347,8,Prehnite,14,425,256
NF,186,348,8,Prehnite,14,425,256
NF,186,349,8,Prehnite,14,425,256
NF,186,350,8,Prehnite,14,425,256
NF,186,351,8,Prehnite,14,425,256
NF,186,352,8,Prehnite,14,425,256
NF,186,353,8,Prehnite,14,425,256
NF,186,354,8,Prehnite,14,425,256
NF,186,355,8,Prehnite,14,425,256
NF,186,356,8,Prehnite,14,425,256
NF,186,357,8,Prehnite,14,425,256
NF,186,358,8,Prehnite,14,425,256
NF,186,359,8,Prehnite,14,425,256
NF,186,360,8,Prehnite,14,425,256
NF,186,361,8,Prehnite,14,425,256
NF,186,382,9,Serpentine,15,425,256
NF,186,383,9,Serpentine,15,425,256
NF,186,384,9,Serpentine,15,425,256
NF,186,385,9,Serpentine,15,425,256
NF,186,386,9,Serpentine,15,425,256
NF,186,387,9,Serpentine,15,425,256
NF,186,388,9,Serpentine,15,425,256
NF,186,389,9,Serpentine,15,425,256
NF,186,390,9,Serpentine,15,425,256
NF,186,391,9,Serpentine,15,425,256
NF,186,392,9,Serpentine,15,425,256
NF,186,393,9,Serpentine,15,425,256
NF,186,394,9,Serpentine,15,425,256
NF,186,395,9,Serpentine,15,425,256
NF,186,396,9,Serpentine,15,425,256
NF,186,550,2,Epidote,4,425,256
NF,186,551,2,Epidote,4,425,256
NF,186,552,2,Epidote,4,425,256
NF,186,553,2,Epidote,4,425,256
NF,186,554,2,Epidote,4,425,256
NF,186,555,2,Epidote,4,425,256
NF,186,556,2,Epidote,4,425,256
NF,186,557,2,Epidote,4,425,256
NF,186,562,3,Chlorite,3,425,256
NF,186,563,3,Chlorite,3,425,256
NF,186,564,3,Chlorite,3,425,256
NF,187,152,1,Fe-Olivine,5,425,256
NF,187,153,1,Fe-Olivine,5,425,256
NF,187,154,1,Fe-Olivine,5,425,256
NF,187,155,1,Fe-Olivine,5,425,256
NF,187,156,1,Fe-Olivine,5,425,256
NF,187,157,1,Fe-Olivine,5,425,256
NF,187,158,1,Fe-Olivine,5,425,256
NF,187,159,1,Fe-Olivine,5,425,256
NF,187,160,1,Fe-Olivine,5,425,256
NF,187,161,1,Fe-Olivine,5,425,256
NF,187,162,1,Fe-Olivine,5,425,256
NF,187,163,1,Fe-Olivine,5,425,256
NF,187,164,1,Fe-Olivine,5,425,256
NF,187,165,1,Fe-Olivine,5,425,256
NF,187,166,1,Fe-Olivine,5,425,256
NF,187,167,1,Fe-Olivine,5,425,256
NF,187,168,1,Fe-Olivine,5,425,256
NF,187,191,9,Serpentine,15,425,256
NF,187,192,9,Serpentine,15,425,256
NF,187,193,9,Serpentine,15,425,256
NF,187,194,9,Serpentine,15,425,256
NF,187,195,9,Serpentine,15,425,256
NF,187,196,9,Serpentine,15,425,256
NF,187,197,9,Serpentine,15,425,256
NF,187,198,9,Serpentine,15,425,256
NF,187,330,4,Bassanite,2,425,256
NF,187,331,4,Bassanite,2,425,256
NF,187,332,4,Bassanite,2,425,256
NF,187,333,4,Bassanite,2,425,256
NF,187,334,4,Bassanite,2,425,256
NF,187,335,4,Bassanite,2,425,256
NF,187,336,4,Bassanite,2,425,256
NF,187,340,8,Prehnite,14,425,256
NF,187,341,8,Prehnite,14,425,256
NF,187,342,8,Prehnite,14,425,256
NF,187,343,8,Prehnite,14,425,256
NF,187,344,8,Prehnite,14,425,256
NF,187,345,8,Prehnite,14,425,256
NF,187,346,8,Prehnite,14,425,256
NF,187,347,8,Prehnite,14,425,256
NF,187,348,8,Prehnite,14,425,256
NF,187,349,8,Prehnite,14,425,256
NF,187,350,8,Prehnite,14,425,256
NF,187,351,8,Prehnite,14,425,256
NF,187,352,8,Prehnite,14,425,256
NF,187,353,8,Prehnite,14,425,256
NF,187,354,8,Prehnite,14,425,256
NF,187,355,8,Prehnite,14,425,256
NF,187,356,8,Prehnite,14,425,256
NF,187,357,8,Prehnite,14,425,256
NF,187,358,8,Prehnite,14,425,256
NF,187,359,8,Prehnite,14,425,256
NF,187,360,8,Prehnite,14,425,256
NF,187,361,8,Prehnite,14,425,256
NF,187,362,8,Prehnite,14,425,256
NF,187,382,9,Serpentine,15,425,256
NF,187,383,9,Serpentine,15,425,256
NF,187,384,9,Serpentine,15,425,256
NF,187,385,9,Serpentine,15,425,256
NF,187,386,9,Serpentine,15,425,256
NF,187,387,9,Serpentine,15,425,256
NF,187,388,9,Serpentine,15,425,256
NF,187,389,9,Serpentine,15,425,256
NF,187,390,9,Serpentine,15,425,256
NF,187,391,9,Serpentine,15,425,256
NF,187,392,9,Serpentine,15,425,256
NF,187,393,9,Serpentine,15,425,256
NF,187,394,9,Serpentine,15,425,256
NF,187,395,9,Serpentine,15,425,256
NF,187,396,9,Serpentine,15,425,256
NF,187,397,9,Serpentine,15,425,256
NF,187,398,9,Serpentine,15,425,256
NF,187,551,2,Epidote,4,425,256
NF,187,552,2,Epidote,4,425,256
NF,187,553,2,Epidote,4,425,256
NF,187,554,2,Epidote,4,425,256
NF,187,555,2,Epidote,4,425,256
NF,187,556,2,Epidote,4,425,256
NF,187,557,2,Epidote,4,425,256
NF,187,562,3,Chlorite,3,425,256
NF,187,563,3,Chlorite,3,425,256
NF,187,564,3,Chlorite,3,425,256
NF,187,570,3,Chlorite,3,425,256
NF,187,571,3,Chlorite,3,425,256
NF,187,572,3,Chlorite,3,425,256
NF,188,152,1,Fe-Olivine,5,425,256
NF,188,153,1,Fe-Olivine,5,425,256
NF,188,154,1,Fe-Olivine,5,425,256
NF,188,155,1,Fe-Olivine,5,425,256
NF,188,156,1,Fe-Olivine,5,425,256
NF,188,157,1,Fe-Olivine,5,425,256
NF,188,158,1,Fe-Olivine,5,425,256
NF,188,159,1,Fe-Olivine,5,425,256
NF,188,160,1,Fe-Olivine,5,425,256
NF,188,161,1,Fe-Olivine,5,425,256
NF,188,162,1,Fe-Olivine,5,425,256
NF,188,163,1,Fe-Olivine,5,425,256
NF,188,164,1,Fe-Olivine,5,425,256
NF,188,165,1,Fe-Olivine,5,425,256
NF,188,166,1,Fe-Olivine,5,425,256
NF,188,167,1,Fe-Olivine,5,425,256
NF,188,168,1,Fe-Olivine,5,425,256
NF,188,191,9,Serpentine,15,425,256
NF,188,192,9,Serpentine,15,425,256
NF,188,193,9,Serpentine,15,425,256
NF,188,194,9,Serpentine,15,425,256
NF,188,195,9,Serpentine,15,425,256
NF,188,196,9,Serpentine,15,425,256
NF,188,197,9,Serpentine,15,425,256
NF,188,198,9,Serpentine,15,425,256
NF,188,330,4,Bassanite,2,425,256
NF,188,331,4,Bassanite,2,425,256
NF,188,332,4,Bassanite,2,425,256
NF,188,333,4,Bassanite,2,425,256
NF,188,334,4,Bassanite,2,425,256
NF,188,335,4,Bassanite,2,425,256
NF,188,336,4,Bassanite,2,425,256
NF,188,337,4,Bassanite,2,425,256
NF,188,341,8,Prehnite,14,425,256
NF,188,342,8,Prehnite,14,425,256
NF,188,343,8,Prehnite,14,425,256
NF,188,344,8,Prehnite,14,425,256
NF,188,345,8,Prehnite,14,425,256
NF,188,346,8,Prehnite,14,425,256
NF,188,347,8,Prehnite,14,425,256
NF,188,348,8,Prehnite,14,425,256
NF,188,349,8,Prehnite,14,425,256
NF,188,350,8,Prehnite,14,425,256
NF,188,351,8,Prehnite,14,425,256
NF,188,352,8,Prehnite,14,425,256
NF,188,353,8,Prehnite,14,425,256
NF,188,354,8,Prehnite,14,425,256
NF,188,355,8,Prehnite,14,425,256
NF,188,356,8,Prehnite,14,425,256
NF,188,357,8,Prehnite,14,425,256
NF,188,358,8,Prehnite,14,425,256
NF,188,359,8,Prehnite,14,425,256
NF,188,360,8,Prehnite,14,425,256
NF,188,361,8,Prehnite,14,425,256
NF,188,362,8,Prehnite,14,425,256
NF,188,382,9,Serpentine,15,425,256
NF,188,383,9,Serpentine,15,425,256
NF,188,384,9,Serpentine,15,425,256
NF,188,385,9,Serpentine,15,425,256
NF,188,386,9,Serpentine,15,425,256
NF,188,387,9,Serpentine,15,425,256
NF,188,388,9,Serpentine,15,425,256
NF,188,389,9,Serpentine,15,425,256
NF,188,390,9,Serpentine,15,425,256
NF,188,391,9,Serpentine,15,425,256
NF,188,392,9,Serpentine,15,425,256
NF,188,393,9,Serpentine,15,425,256
NF,188,394,9,Serpentine,15,425,256
NF,188,395,9,Serpentine,15,425,256
NF,188,396,9,Serpentine,15,425,256
NF,188,397,9,Serpentine,15,425,256
NF,188,398,9,Serpentine,15,425,256
NF,188,551,2,Epidote,4,425,256
NF,188,552,2,Epidote,4,425,256
NF,188,553,2,Epidote,4,425,256
NF,188,554,2,Epidote,4,425,256
NF,188,555,2,Epidote,4,425,256
NF,188,556,2,Epidote,4,425,256
NF,188,557,2,Epidote,4,425,256
NF,188,562,3,Chlorite,3,425,256
NF,188,563,3,Chlorite,3,425,256
NF,188,564,3,Chlorite,3,425,256
NF,188,570,3,Chlorite,3,425,256
NF,188,571,3,Chlorite,3,425,256
NF,188,572,3,Chlorite,3,425,256
NF,189,152,1,Fe-Olivine,5,425,256
NF,189,153,1,Fe-Olivine,5,425,256
NF,189,154,1,Fe-Olivine,5,425,256
NF,189,155,1,Fe-Olivine,5,425,256
NF,189,156,1,Fe-Olivine,5,425,256
NF,189,157,1,Fe-Olivine,5,425,256
NF,189,158,1,Fe-Olivine,5,425,256
NF,189,159,1,Fe-Olivine,5,425,256
NF,189,160,1,Fe-Olivine,5,425,256
NF,189,161,1,Fe-Olivine,5,425,256
NF,189,162,1,Fe-Olivine,5,425,256
NF,189,163,1,Fe-Olivine,5,425,256
NF,189,164,1,Fe-Olivine,5,425,256
NF,189,165,1,Fe-Olivine,5,425,256
NF,189,166,1,Fe-Olivine,5,425,256
NF,189,167,1,Fe-Olivine,5,425,256
NF,189,191,9,Serpentine,15,425,256
NF,189,192,9,Serpentine,15,425,256
NF,189,193,9,Serpentine,15,425,256
NF,189,194,9,Serpentine,15,425,256
NF,189,195,9,Serpentine,15,425,256
NF,189,196,9,Serpentine,15,425,256
NF,189,197,9,Serpentine,15,425,256
NF,189,198,9,Serpentine,15,425,256
NF,189,331,4,Bassanite,2,425,256
NF,189,332,4,Bassanite,2,425,256
NF,189,333,4,Bassanite,2,425,256
NF,189,334,4,Bassanite,2,425,256
NF,189,335,4,Bassanite,2,425,256
NF,189,336,4,Bassanite,2,425,256
NF,189,337,4,Bassanite,2,425,256
NF,189,338,4,Bassanite,2,425,256
NF,189,343,8,Prehnite,14,425,256
NF,189,344,8,Prehnite,14,425,256
NF,189,345,8,Prehnite,14,425,256
NF,189,346,8,Prehnite,14,425,256
NF,189,347,8,Prehnite,14,425,256
NF,189,348,8,Prehnite,14,425,256
NF,189,349,8,Prehnite,14,425,256
NF,189,350,8,Prehnite,14,425,256
NF,189,351,8,Prehnite,14,425,256
NF,189,352,8,Prehnite,14,425,256
NF,189,353,8,Prehnite,14,425,256
NF,189,354,8,Prehnite,14,425,256
NF,189,355,8,Prehnite,14,425,256
NF,189,356,8,Prehnite,14,425,256
NF,189,357,8,Prehnite,14,425,256
NF,189,358,8,Prehnite,14,425,256
NF,189,359,8,Prehnite,14,425,256
NF,189,360,8,Prehnite,14,425,256
NF,189,361,8,Prehnite,14,425,256
NF,189,362,8,Prehnite,14,425,256
NF,189,382,9,Serpentine,15,425,256
NF,189,383,9,Serpentine,15,425,256
NF,189,384,9,Serpentine,15,425,256
NF,189,385,9,Serpentine,15,425,256
NF,189,386,9,Serpentine,15,425,256
NF,189,387,9,Serpentine,15,425,256
NF,189,388,9,Serpentine,15,425,256
NF,189,389,9,Serpentine,15,425,256
NF,189,390,9,Serpentine,15,425,256
NF,189,391,9,Serpentine,15,425,256
NF,189,392,9,Serpentine,15,425,256
NF,189,393,9,Serpentine,15,425,256
NF,189,394,9,Serpentine,15,425,256
NF,189,395,9,Serpentine,15,425,256
NF,189,396,9,Serpentine,15,425,256
NF,189,397,9,Serpentine,15,425,256
NF,189,398,9,Serpentine,15,425,256
NF,189,399,9,Serpentine,15,425,256
NF,189,400,9,Serpentine,15,425,256
NF,189,552,2,Epidote,4,425,256
NF,189,553,2,Epidote,4,425,256
NF,189,554,2,Epidote,4,425,256
NF,189,555,2,Epidote,4,425,256
NF,189,556,2,Epidote,4,425,256
NF,189,557,2,Epidote,4,425,256
NF,189,570,3,Chlorite,3,425,256
NF,189,571,3,Chlorite,3,425,256
NF,189,572,3,Chlorite,3,425,256
NF,190,152,1,Fe-Olivine,5,425,256
NF,190,153,1,Fe-Olivine,5,425,256
NF,190,154,1,Fe-Olivine,5,425,256
NF,190,155,1,Fe-Olivine,5,425,256
NF,190,156,1,Fe-Olivine,5,425,256
NF,190,157,1,Fe-Olivine,5,425,256
NF,190,158,1,Fe-Olivine,5,425,256
NF,190,159,1,Fe-Olivine,5,425,256
NF,190,160,1,Fe-Olivine,5,425,256
NF,190,161,1,Fe-Olivine,5,425,256
NF,190,162,1,Fe-Olivine,5,425,256
NF,190,163,1,Fe-Olivine,5,425,256
NF,190,164,1,Fe-Olivine,5,425,256
NF,190,165,1,Fe-Olivine,5,425,256
NF,190,166,1,Fe-Olivine,5,425,256
NF,190,167,1,Fe-Olivine,5,425,256
NF,190,192,9,Serpentine,15,425,256
NF,190,193,9,Serpentine,15,425,256
NF,190,194,9,Serpentine,15,425,256
NF,190,195,9,Serpentine,15,425,256
NF,190,196,9,Serpentine,15,425,256
NF,190,197,9,Serpentine,15,425,256
NF,190,198,9,Serpentine,15,425,256
NF,190,332,4,Bassanite,2,425,256
NF,190,333,4,Bassanite,2,425,256
NF,190,334,4,Bassanite,2,425,256
NF,190,335,4,Bassanite,2,425,256
NF,190,336,4,Bassanite,2,425,256
NF,190,337,4,Bassanite,2,425,256
NF,190,338,4,Bassanite,2,425,256
NF,190,339,4,Bassanite,2,425,256
NF,190,347,8,Prehnite,14,425,256
NF,190,348,8,Prehnite,14,425,256
NF,190,349,8,Prehnite,14,425,256
NF,190,350,8,Prehnite,14,425,256
NF,190,351,8,Prehnite,14,425,256
NF,190,352,8,Prehnite,14,425,256
NF,190,353,8,Prehnite,14,425,256
NF,190,354,8,Prehnite,14,425,256
NF,190,355,8,Prehnite,14,425,256
NF,190,356,8,Prehnite,14,425,256
NF,190,357,8,Prehnite,14,425,256
NF,190,358,8,Prehnite,14,425,256
NF,190,359,8,Prehnite,14,425,256
NF,190,360,8,Prehnite,14,425,256
NF,190,361,8,Prehnite,14,425,256
NF,190,362,8,Prehnite,14,425,256
NF,190,383,9,Serpentine,15,425,256
NF,190,384,9,Serpentine,15,425,256
NF,190,385,9,Serpentine,15,425,256
NF,190,386,9,Serpentine,15,425,256
NF,190,387,9,Serpentine,15,425,256
NF,190,388,9,Serpentine,15,425,256
NF,190,389,9,Serpentine,15,425,256
NF,190,390,9,Serpentine,15,425,256
NF,190,391,9,Serpentine,15,425,256
NF,190,392,9,Serpentine,15,425,256
NF,190,393,9,Serpentine,15,425,256
NF,190,394,9,Serpentine,15,425,256
NF,190,395,9,Serpentine,15,425,256
NF,190,396,9,Serpentine,15,425,256
NF,190,397,9,Serpentine,15,425,256
NF,190,398,9,Serpentine,15,425,256
NF,190,399,9,Serpentine,15,425,256
NF,190,400,9,Serpentine,15,425,256
NF,190,504,6,Mg-Carbonate,10,425,256
NF,190,505,6,Mg-Carbonate,10,425,256
NF,190,506,6,Mg-Carbonate,10,425,256
NF,190,552,2,Epidote,4,425,256
NF,190,553,2,Epidote,4,425,256
NF,190,554,2,Epidote,4,425,256
NF,190,555,2,Epidote,4,425,256
NF,190,556,2,Epidote,4,425,256
NF,190,557,2,Epidote,4,425,256
NF,191,152,1,Fe-Olivine,5,425,256
NF,191,153,1,Fe-Olivine,5,425,256
NF,191,154,1,Fe-Olivine,5,425,256
NF,191,155,1,Fe-Olivine,5,425,256
NF,191,156,1,Fe-Olivine,5,425,256
NF,191,157,1,Fe-Olivine,5,425,256
NF,191,158,1,Fe-Olivine,5,425,256
NF,191,159,1,Fe-Olivine,5,425,256
NF,191,160,1,Fe-Olivine,5,425,256
NF,191,161,1,Fe-Olivine,5,425,256
NF,191,162,1,Fe-Olivine,5,425,256
NF,191,163,1,Fe-Olivine,5,425,256
NF,191,164,1,Fe-Olivine,5,425,256
NF,191,165,1,Fe-Olivine,5,425,256
NF,191,166,1,Fe-Olivine,5,425,256
NF,191,167,1,Fe-Olivine,5,425,256
NF,191,192,9,Serpentine,15,425,256
NF,191,193,9,Serpentine,15,425,256
NF,191,194,9,Serpentine,15,425,256
NF,191,195,9,Serpentine,15,425,256
NF,191,196,9,Serpentine,15,425,256
NF,191,197,9,Serpentine,15,425,256
NF,191,198,9,Serpentine,15,425,256
NF,191,333,4,Bassanite,2,425,256
NF,191,334,4,Bassanite,2,425,256
NF,191,335,4,Bassanite,2,425,256
NF,191,336,4,Bassanite,2,425,256
NF,191,337,4,Bassanite,2,425,256
NF,191,338,4,Bassanite,2,425,256
NF,191,339,4,Bassanite,2,425,256
NF,191,340,4,Bassanite,2,425,256
NF,191,349,8,Prehnite,14,425,256
NF,191,350,8,Prehnite,14,425,256
NF,191,351,8,Prehnite,14,425,256
NF,191,352,8,Prehnite,14,425,256
NF,191,353,8,Prehnite,14,425,256
NF,191,354,8,Prehnite,14,425,256
NF,191,355,8,Prehnite,14,425,256
NF,191,356,8,Prehnite,14,425,256
NF,191,357,8,Prehnite,14,425,256
NF,191,358,8,Prehnite,14,425,256
NF,191,359,8,Prehnite,14,425,256
NF,191,360,8,Prehnite,14,425,256
NF,191,361,8,Prehnite,14,425,256
NF,191,362,8,Prehnite,14,425,256
NF,191,363,8,Prehnite,14,425,256
NF,191,384,9,Serpentine,15,425,256
NF,191,385,9,Serpentine,15,425,256
NF,191,386,9,Serpentine,15,425,256
NF,191,387,9,Serpentine,15,425,256
NF,191,388,9,Serpentine,15,425,256
NF,191,389,9,Serpentine,15,425,256
NF,191,390,9,Serpentine,15,425,256
NF,191,391,9,Serpentine,15,425,256
NF,191,392,9,Serpentine,15,425,256
NF,191,393,9,Serpentine,15,425,256
NF,191,394,9,Serpentine,15,425,256
NF,191,395,9,Serpentine,15,425,256
NF,191,396,9,Serpentine,15,425,256
NF,191,397,9,Serpentine,15,425,256
NF,191,398,9,Serpentine,15,425,256
NF,191,399,9,Serpentine,15,425,256
NF,191,400,9,Serpentine,15,425,256
NF,191,401,9,Serpentine,15,425,256
NF,191,503,6,Mg-Carbonate,10,425,256
NF,191,504,6,Mg-Carbonate,10,425,256
NF,191,505,6,Mg-Carbonate,10,425,256
NF,191,506,6,Mg-Carbonate,10,425,256
NF,191,507,6,Mg-Carbonate,10,425,256
NF,191,553,2,Epidote,4,425,256
NF,191,554,2,Epidote,4,425,256
NF,191,555,2,Epidote,4,425,256
NF,191,556,2,Epidote,4,425,256
NF,191,557,2,Epidote,4,425,256
NF,192,152,1,Fe-Olivine,5,425,256
NF,192,153,1,Fe-Olivine,5,425,256
NF,192,154,1,Fe-Olivine,5,425,256
NF,192,155,1,Fe-Olivine,5,425,256
NF,192,156,1,Fe-Olivine,5,425,256
NF,192,157,1,Fe-Olivine,5,425,256
NF,192,158,1,Fe-Olivine,5,425,256
NF,192,159,1,Fe-Olivine,5,425,256
NF,192,160,1,Fe-Olivine,5,425,256
NF,192,161,1,Fe-Olivine,5,425,256
NF,192,162,1,Fe-Olivine,5,425,256
NF,192,163,1,Fe-Olivine,5,425,256
NF,192,164,1,Fe-Olivine,5,425,256
NF,192,165,1,Fe-Olivine,5,425,256
NF,192,166,1,Fe-Olivine,5,425,256
NF,192,167,1,Fe-Olivine,5,425,256
NF,192,193,9,Serpentine,15,425,256
NF,192,194,9,Serpentine,15,425,256
NF,192,195,9,Serpentine,15,425,256
NF,192,196,9,Serpentine,15,425,256
NF,192,197,9,Serpentine,15,425,256
NF,192,333,4,Bassanite,2,425,256
NF,192,334,4,Bassanite,2,425,256
NF,192,335,4,Bassanite,2,425,256
NF,192,336,4,Bassanite,2,425,256
NF,192,337,4,Bassanite,2,425,256
NF,192,338,4,Bassanite,2,425,256
NF,192,339,4,Bassanite,2,425,256
NF,192,340,4,Bassanite,2,425,256
NF,192,341,4,Bassanite,2,425,256
NF,192,342,4,Bassanite,2,425,256
NF,192,352,8,Prehnite,14,425,256
NF,192,353,8,Prehnite,14,425,256
NF,192,354,8,Prehnite,14,425,256
NF,192,355,8,Prehnite,14,425,256
NF,192,356,8,Prehnite,14,425,256
NF,192,357,8,Prehnite,14,425,256
NF,192,358,8,Prehnite,14,425,256
NF,192,359,8,Prehnite,14,425,256
NF,192,360,8,Prehnite,14,425,256
NF,192,361,8,Prehnite,14,425,256
NF,192,362,8,Prehnite,14,425,256
NF,192,363,8,Prehnite,14,425,256
NF,192,386,9,Serpentine,15,425,256
NF,192,387,9,Serpentine,15,425,256
NF,192,388,9,Serpentine,15,425,256
NF,192,389,9,Serpentine,15,425,256
NF,192,390,9,Serpentine,15,425,256
NF,192,391,9,Serpentine,15,425,256
NF,192,392,9,Serpentine,15,425,256
NF,192,393,9,Serpentine,15,425,256
NF,192,394,9,Serpentine,15,425,256
NF,192,395,9,Serpentine,15,425,256
NF,192,396,9,Serpentine,15,425,256
NF,192,397,9,Serpentine,15,425,256
NF,192,398,9,Serpentine,15,425,256
NF,192,399,9,Serpentine,15,425,256
NF,192,400,9,Serpentine,15,425,256
NF,192,401,9,Serpentine,15,425,256
NF,192,402,9,Serpentine,15,425,256
NF,192,503,6,Mg-Carbonate,10,425,256
NF,192,504,6,Mg-Carbonate,10,425,256
NF,192,505,6,Mg-Carbonate,10,425,256
NF,192,506,6,Mg-Carbonate,10,425,256
NF,192,507,6,Mg-Carbonate,10,425,256
NF,192,508,6,Mg-Carbonate,10,425,256
NF,192,554,2,Epidote,4,425,256
NF,192,555,2,Epidote,4,425,256
NF,192,556,2,Epidote,4,425,256
NF,192,557,2,Epidote,4,425,256
NF,193,152,1,Fe-Olivine,5,425,256
NF,193,153,1,Fe-Olivine,5,425,256
NF,193,154,1,Fe-Olivine,5,425,256
NF,193,155,1,Fe-Olivine,5,425,256
NF,193,156,1,Fe-Olivine,5,425,256
NF,193,157,1,Fe-Olivine,5,425,256
NF,193,158,1,Fe-Olivine,5,425,256
NF,193,159,1,Fe-Olivine,5,425,256
NF,193,160,1,Fe-Olivine,5,425,256
NF,193,161,1,Fe-Olivine,5,425,256
NF,193,162,1,Fe-Olivine,5,425,256
NF,193,163,1,Fe-Olivine,5,425,256
NF,193,164,1,Fe-Olivine,5,425,256
NF,193,165,1,Fe-Olivine,5,425,256
NF,193,166,1,Fe-Olivine,5,425,256
NF,193,334,4,Bassanite,2,425,256
NF,193,335,4,Bassanite,2,425,256
NF,193,336,4,Bassanite,2,425,256
NF,193,337,4,Bassanite,2,425,256
NF,193,338,4,Bassanite,2,425,256
NF,193,339,4,Bassanite,2,425,256
NF,193,340,4,Bassanite,2,425,256
NF,193,341,4,Bassanite,2,425,256
NF,193,342,4,Bassanite,2,425,256
NF,193,343,4,Bassanite,2,425,256
NF,193,344,4,Bassanite,2,425,256
NF,193,354,8,Prehnite,14,425,256
NF,193,355,8,Prehnite,14,425,256
NF,193,356,8,Prehnite,14,425,256
NF,193,357,8,Prehnite,14,425,256
NF,193,358,8,Prehnite,14,425,256
NF,193,359,8,Prehnite,14,425,256
NF,193,360,8,Prehnite,14,425,256
NF,193,361,8,Prehnite,14,425,256
NF,193,362,8,Prehnite,14,425,256
NF,193,387,9,Serpentine,15,425,256
NF,193,388,9,Serpentine,15,425,256
NF,193,389,9,Serpentine,15,425,256
NF,193,390,9,Serpentine,15,425,256
NF,193,391,9,Serpentine,15,425,256
NF,193,392,9,Serpentine,15,425,256
NF,193,393,9,Serpentine,15,425,256
NF,193,394,9,Serpentine,15,425,256
NF,193,395,9,Serpentine,15,425,256
NF,193,396,9,Serpentine,15,425,256
NF,193,397,9,Serpentine,15,425,256
NF,193,398,9,Serpentine,15,425,256
NF,193,399,9,Serpentine,15,425,256
NF,193,400,9,Serpentine,15,425,256
NF,193,401,9,Serpentine,15,425,256
NF,193,402,9,Serpentine,15,425,256
NF,193,403,9,Serpentine,15,425,256
NF,193,404,9,Serpentine,15,425,256
NF,193,502,6,Mg-Carbonate,10,425,256
NF,193,503,6,Mg-Carbonate,10,425,256
NF,193,504,6,Mg-Carbonate,10,425,256
NF,193,505,6,Mg-Carbonate,10,425,256
NF,193,506,6,Mg-Carbonate,10,425,256
NF,193,507,6,Mg-Carbonate,10,425,256
NF,193,508,6,Mg-Carbonate,10,425,256
NF,194,151,1,Fe-Olivine,5,425,256
NF,194,152,1,Fe-Olivine,5,425,256
NF,194,153,1,Fe-Olivine,5,425,256
NF,194,154,1,Fe-Olivine,5,425,256
NF,194,155,1,Fe-Olivine,5,425,256
NF,194,156,1,Fe-Olivine,5,425,256
NF,194,157,1,Fe-Olivine,5,425,256
NF,194,158,1,Fe-Olivine,5,425,256
NF,194,159,1,Fe-Olivine,5,425,256
NF,194,160,1,Fe-Olivine,5,425,256
NF,194,161,1,Fe-Olivine,5,425,256
NF,194,162,1,Fe-Olivine,5,425,256
NF,194,163,1,Fe-Olivine,5,425,256
NF,194,164,1,Fe-Olivine,5,425,256
NF,194,165,1,Fe-Olivine,5,425,256
NF,194,166,1,Fe-Olivine,5,425,256
NF,194,334,4,Bassanite,2,425,256
NF,194,335,4,Bassanite,2,425,256
NF,194,336,4,Bassanite,2,425,256
NF,194,337,4,Bassanite,2,425,256
NF,194,338,4,Bassanite,2,425,256
NF,194,339,4,Bassanite,2,425,256
NF,194,340,4,Bassanite,2,425,256
NF,194,341,4,Bassanite,2,425,256
NF,194,342,4,Bassanite,2,425,256
NF,194,343,4,Bassanite,2,425,256
NF,194,344,4,Bassanite,2,425,256
NF,194,345,4,Bassanite,2,425,256
NF,194,346,4,Bassanite,2,425,256
NF,194,356,8,Prehnite,14,425,256
NF,194,357,8,Prehnite,14,425,256
NF,194,358,8,Prehnite,14,425,256
NF,194,359,8,Prehnite,14,425,256
NF,194,360,8,Prehnite,14,425,256
NF,194,361,8,Prehnite,14,425,256
NF,194,362,8,Prehnite,14,425,256
NF,194,389,9,Serpentine,15,425,256
NF,194,390,9,Serpentine,15,425,256
NF,194,391,9,Serpentine,15,425,256
NF,194,392,9,Serpentine,15,425,256
NF,194,393,9,Serpentine,15,425,256
NF,194,394,9,Serpentine,15,425,256
NF,194,395,9,Serpentine,15,425,256
NF,194,396,9,Serpentine,15,425,256
NF,194,397,9,Serpentine,15,425,256
NF,194,398,9,Serpentine,15,425,256
NF,194,399,9,Serpentine,15,425,256
NF,194,400,9,Serpentine,15,425,256
NF,194,401,9,Serpentine,15,425,256
NF,194,402,9,Serpentine,15,425,256
NF,194,403,9,Serpentine,15,425,256
NF,194,404,9,Serpentine,15,425,256
NF,194,405,9,Serpentine,15,425,256
NF,194,502,6,Mg-Carbonate,10,425,256
NF,194,503,6,Mg-Carbonate,10,425,256
NF,194,504,6,Mg-Carbonate,10,425,256
NF,194,505,6,Mg-Carbonate,10,425,256
NF,194,506,6,Mg-Carbonate,10,425,256
NF,194,507,6,Mg-Carbonate,10,425,256
NF,194,508,6,Mg-Carbonate,10,425,256
NF,194,509,6,Mg-Carbonate,10,425,256
NF,195,150,1,Fe-Olivine,5,425,256
NF,195,151,1,Fe-Olivine,5,425,256
NF,195,152,1,Fe-Olivine,5,425,256
NF,195,153,1,Fe-Olivine,5,425,256
NF,195,154,1,Fe-Olivine,5,425,256
NF,195,155,1,Fe-Olivine,5,425,256
NF,195,156,1,Fe-Olivine,5,425,256
NF,195,157,1,Fe-Olivine,5,425,256
NF,195,158,1,Fe-Olivine,5,425,256
NF,195,159,1,Fe-Olivine,5,425,256
NF,195,160,1,Fe-Olivine,5,425,256
NF,195,161,1,Fe-Olivine,5,425,256
NF,195,162,1,Fe-Olivine,5,425,256
NF,195,163,1,Fe-Olivine,5,425,256
NF,195,164,1,Fe-Olivine,5,425,256
NF,195,165,1,Fe-Olivine,5,425,256
NF,195,166,1,Fe-Olivine,5,425,256
NF,195,336,4,Bassanite,2,425,256
NF,195,337,4,Bassanite,2,425,256
NF,195,338,4,Bassanite,2,425,256
NF,195,339,4,Bassanite,2,425,256
NF,195,340,4,Bassanite,2,425,256
NF,195,341,4,Bassanite,2,425,256
NF,195,342,4,Bassanite,2,425,256
NF,195,343,4,Bassanite,2,425,256
NF,195,344,4,Bassanite,2,425,256
NF,195,345,4,Bassanite,2,425,256
NF,195,346,4,Bassanite,2,425,256
NF,195,347,4,Bassanite,2,425,256
NF,195,348,4,Bassanite,2,425,256
NF,195,357,8,Prehnite,14,425,256
NF,195,358,8,Prehnite,14,425,256
NF,195,359,8,Prehnite,14,425,256
NF,195,360,8,Prehnite,14,425,256
NF,195,361,8,Prehnite,14,425,256
NF,195,391,9,Serpentine,15,425,256
NF,195,392,9,Serpentine,15,425,256
NF,195,393,9,Serpentine,15,425,256
NF,195,394,9,Serpentine,15,425,256
NF,195,395,9,Serpentine,15,425,256
NF,195,396,9,Serpentine,15,425,256
NF,195,397,9,Serpentine,15,425,256
NF,195,398,9,Serpentine,15,425,256
NF,195,399,9,Serpentine,15,425,256
NF,195,400,9,Serpentine,15,425,256
NF,195,401,9,Serpentine,15,425,256
NF,195,402,9,Serpentine,15,425,256
NF,195,403,9,Serpentine,15,425,256
NF,195,404,9,Serpentine,15,425,256
NF,195,405,9,Serpentine,15,425,256
NF,195,406,9,Serpentine,15,425,256
NF,195,503,6,Mg-Carbonate,10,425,256
NF,195,504,6,Mg-Carbonate,10,425,256
NF,195,505,6,Mg-Carbonate,10,425,256
NF,195,506,6,Mg-Carbonate,10,425,256
NF,195,507,6,Mg-Carbonate,10,425,256
NF,195,508,6,Mg-Carbonate,10,425,256
NF,195,509,6,Mg-Carbonate,10,425,256
NF,196,149,1,Fe-Olivine,5,425,256
NF,196,150,1,Fe-Olivine,5,425,256
NF,196,151,1,Fe-Olivine,5,425,256
NF,196,152,1,Fe-Olivine,5,425,256
NF,196,153,1,Fe-Olivine,5,425,256
NF,196,154,1,Fe-Olivine,5,425,256
NF,196,155,1,Fe-Olivine,5,425,256
NF,196,156,1,Fe-Olivine,5,425,256
NF,196,157,1,Fe-Olivine,5,425,256
NF,196,158,1,Fe-Olivine,5,425,256
NF,196,159,1,Fe-Olivine,5,425,256
NF,196,160,1,Fe-Olivine,5,425,256
NF,196,161,1,Fe-Olivine,5,425,256
NF,196,162,1,Fe-Olivine,5,425,256
NF,196,163,1,Fe-Olivine,5,425,256
NF,196,164,1,Fe-Olivine,5,425,256
NF,196,165,1,Fe-Olivine,5,425,256
NF,196,338,4,Bassanite,2,425,256
NF,196,339,4,Bassanite,2,425,256
NF,196,340,4,Bassanite,2,425,256
NF,196,341,4,Bassanite,2,425,256
NF,196,342,4,Bassanite,2,425,256
NF,196,343,4,Bassanite,2,425,256
NF,196,344,4,Bassanite,2,425,256
NF,196,345,4,Bassanite,2,425,256
NF,196,346,4,Bassanite,2,425,256
NF,196,347,4,Bassanite,2,425,256
NF,196,348,4,Bassanite,2,425,256
NF,196,349,4,Bassanite,2,425,256
NF,196,350,4,Bassanite,2,425,256
NF,196,351,4,Bassanite,2,425,256
NF,196,358,8,Prehnite,14,425,256
NF,196,359,8,Prehnite,14,425,256
NF,196,360,8,Prehnite,14,425,256
NF,196,361,8,Prehnite,14,425,256
NF,196,393,9,Serpentine,15,425,256
NF,196,394,9,Serpentine,15,425,256
NF,196,395,9,Serpentine,15,425,256
NF,196,396,9,Serpentine,15,425,256
NF,196,397,9,Serpentine,15,425,256
NF,196,398,9,Serpentine,15,425,256
NF,196,399,9,Serpentine,15,425,256
NF,196,400,9,Serpentine,15,425,256
NF,196,401,9,Serpentine,15,425,256
NF,196,402,9,Serpentine,15,425,256
NF,196,403,9,Serpentine,15,425,256
NF,196,404,9,Serpentine,15,425,256
NF,196,405,9,Serpentine,15,425,256
NF,196,406,9,Serpentine,15,425,256
NF,196,407,9,Serpentine,15,425,256
NF,196,504,6,Mg-Carbonate,10,425,256
NF,196,505,6,Mg-Carbonate,10,425,256
NF,196,506,6,Mg-Carbonate,10,425,256
NF,196,507,6,Mg-Carbonate,10,425,256
NF,196,508,6,Mg-Carbonate,10,425,256
NF,196,509,6,Mg-Carbonate,10,425,256
NF,196,510,6,Mg-Carbonate,10,425,256
NF,197,148,1,Fe-Olivine,5,425,256
NF,197,149,1,Fe-Olivine,5,425,256
NF,197,150,1,Fe-Olivine,5,425,256
NF,197,151,1,Fe-Olivine,5,425,256
NF,197,152,1,Fe-Olivine,5,425,256
NF,197,153,1,Fe-Olivine,5,425,256
NF,197,154,1,Fe-Olivine,5,425,256
NF,197,155,1,Fe-Olivine,5,425,256
NF,197,156,1,Fe-Olivine,5,425,256
NF,197,157,1,Fe-Olivine,5,425,256
NF,197,158,1,Fe-Olivine,5,425,256
NF,197,159,1,Fe-Olivine,5,425,256
NF,197,160,1,Fe-Olivine,5,425,256
NF,197,161,1,Fe-Olivine,5,425,256
NF,197,162,1,Fe-Olivine,5,425,256
NF,197,163,1,Fe-Olivine,5,425,256
NF,197,164,1,Fe-Olivine,5,425,256
NF,197,165,1,Fe-Olivine,5,425,256
NF,197,340,4,Bassanite,2,425,256
NF,197,341,4,Bassanite,2,425,256
NF,197,342,4,Bassanite,2,425,256
NF,197,343,4,Bassanite,2,425,256
NF,197,344,4,Bassanite,2,425,256
NF,197,345,4,Bassanite,2,425,256
NF,197,346,4,Bassanite,2,425,256
NF,197,347,4,Bassanite,2,425,256
NF,197,348,4,Bassanite,2,425,256
NF,197,349,4,Bassanite,2,425,256
NF,197,350,4,Bassanite,2,425,256
NF,197,351,4,Bassanite,2,425,256
NF,197,352,4,Bassanite,2,425,256
NF,197,353,4,Bassanite,2,425,256
NF,197,394,9,Serpentine,15,425,256
NF,197,395,9,Serpentine,15,425,256
NF,197,396,9,Serpentine,15,425,256
NF,197,397,9,Serpentine,15,425,256
NF,197,398,9,Serpentine,15,425,256
NF,197,399,9,Serpentine,15,425,256
NF,197,400,9,Serpentine,15,425,256
NF,197,401,9,Serpentine,15,425,256
NF,197,402,9,Serpentine,15,425,256
NF,197,403,9,Serpentine,15,425,256
NF,197,404,9,Serpentine,15,425,256
NF,197,405,9,Serpentine,15,425,256
NF,197,406,9,Serpentine,15,425,256
NF,197,407,9,Serpentine,15,425,256
NF,197,408,9,Serpentine,15,425,256
NF,197,504,6,Mg-Carbonate,10,425,256
NF,197,505,6,Mg-Carbonate,10,425,256
NF,197,506,6,Mg-Carbonate,10,425,256
NF,197,507,6,Mg-Carbonate,10,425,256
NF,197,508,6,Mg-Carbonate,10,425,256
NF,197,509,6,Mg-Carbonate,10,425,256
NF,197,510,6,Mg-Carbonate,10,425,256
NF,198,148,1,Fe-Olivine,5,425,256
NF,198,149,1,Fe-Olivine,5,425,256
NF,198,150,1,Fe-Olivine,5,425,256
NF,198,151,1,Fe-Olivine,5,425,256
NF,198,152,1,Fe-Olivine,5,425,256
NF,198,153,1,Fe-Olivine,5,425,256
NF,198,154,1,Fe-Olivine,5,425,256
NF,198,155,1,Fe-Olivine,5,425,256
NF,198,156,1,Fe-Olivine,5,425,256
NF,198,157,1,Fe-Olivine,5,425,256
NF,198,158,1,Fe-Olivine,5,425,256
NF,198,159,1,Fe-Olivine,5,425,256
NF,198,160,1,Fe-Olivine,5,425,256
NF,198,161,1,Fe-Olivine,5,425,256
NF,198,162,1,Fe-Olivine,5,425,256
NF,198,163,1,Fe-Olivine,5,425,256
NF,198,164,1,Fe-Olivine,5,425,256
NF,198,165,1,Fe-Olivine,5,425,256
NF,198,342,4,Bassanite,2,425,256
NF,198,343,4,Bassanite,2,425,256
NF,198,344,4,Bassanite,2,425,256
NF,198,345,4,Bassanite,2,425,256
NF,198,346,4,Bassanite,2,425,256
NF,198,347,4,Bassanite,2,425,256
NF,198,348,4,Bassanite,2,425,256
NF,198,349,4,Bassanite,2,425,256
NF,198,350,4,Bassanite,2,425,256
NF,198,351,4,Bassanite,2,425,256
NF,198,352,4,Bassanite,2,425,256
NF,198,353,4,Bassanite,2,425,256
NF,198,354,4,Bassanite,2,425,256
NF,198,395,9,Serpentine,15,425,256
NF,198,396,9,Serpentine,15,425,256
NF,198,397,9,Serpentine,15,425,256
NF,198,398,9,Serpentine,15,425,256
NF,198,399,9,Serpentine,15,425,256
NF,198,400,9,Serpentine,15,425,256
NF,198,401,9,Serpentine,15,425,256
NF,198,402,9,Serpentine,15,425,256
NF,198,403,9,Serpentine,15,425,256
NF,198,404,9,Serpentine,15,425,256
NF,198,405,9,Serpentine,15,425,256
NF,198,406,9,Serpentine,15,425,256
NF,198,407,9,Serpentine,15,425,256
NF,198,408,9,Serpentine,15,425,256
NF,198,504,6,Mg-Carbonate,10,425,256
NF,198,505,6,Mg-Carbonate,10,425,256
NF,198,506,6,Mg-Carbonate,10,425,256
NF,198,507,6,Mg-Carbonate,10,425,256
NF,198,508,6,Mg-Carbonate,10,425,256
NF,198,509,6,Mg-Carbonate,10,425,256
NF,198,510,6,Mg-Carbonate,10,425,256
NF,199,148,1,Fe-Olivine,5,425,256
NF,199,149,1,Fe-Olivine,5,425,256
NF,199,150,1,Fe-Olivine,5,425,256
NF,199,151,1,Fe-Olivine,5,425,256
NF,199,152,1,Fe-Olivine,5,425,256
NF,199,153,1,Fe-Olivine,5,425,256
NF,199,154,1,Fe-Olivine,5,425,256
NF,199,155,1,Fe-Olivine,5,425,256
NF,199,156,1,Fe-Olivine,5,425,256
NF,199,157,1,Fe-Olivine,5,425,256
NF,199,158,1,Fe-Olivine,5,425,256
NF,199,159,1,Fe-Olivine,5,425,256
NF,199,160,1,Fe-Olivine,5,425,256
NF,199,161,1,Fe-Olivine,5,425,256
NF,199,162,1,Fe-Olivine,5,425,256
NF,199,163,1,Fe-Olivine,5,425,256
NF,199,164,1,Fe-Olivine,5,425,256
NF,199,325,1,Fe-Olivine,5,425,256
NF,199,326,1,Fe-Olivine,5,425,256
NF,199,343,4,Bassanite,2,425,256
NF,199,344,4,Bassanite,2,425,256
NF,199,345,4,Bassanite,2,425,256
NF,199,346,4,Bassanite,2,425,256
NF,199,347,4,Bassanite,2,425,256
NF,199,348,4,Bassanite,2,425,256
NF,199,349,4,Bassanite,2,425,256
NF,199,350,4,Bassanite,2,425,256
NF,199,351,4,Bassanite,2,425,256
NF,199,352,4,Bassanite,2,425,256
NF,199,353,4,Bassanite,2,425,256
NF,199,354,4,Bassanite,2,425,256
NF,199,355,4,Bassanite,2,425,256
NF,199,377,8,Prehnite,14,425,256
NF,199,378,8,Prehnite,14,425,256
NF,199,379,8,Prehnite,14,425,256
NF,199,380,8,Prehnite,14,425,256
NF,199,381,8,Prehnite,14,425,256
NF,199,397,9,Serpentine,15,425,256
NF,199,398,9,Serpentine,15,425,256
NF,199,399,9,Serpentine,15,425,256
NF,199,400,9,Serpentine,15,425,256
NF,199,401,9,Serpentine,15,425,256
NF,199,402,9,Serpentine,15,425,256
NF,199,403,9,Serpentine,15,425,256
NF,199,404,9,Serpentine,15,425,256
NF,199,405,9,Serpentine,15,425,256
NF,199,406,9,Serpentine,15,425,256
NF,199,407,9,Serpentine,15,425,256
NF,199,408,9,Serpentine,15,425,256
NF,199,505,6,Mg-Carbonate,10,425,256
NF,199,506,6,Mg-Carbonate,10,425,256
NF,199,507,6,Mg-Carbonate,10,425,256
NF,199,508,6,Mg-Carbonate,10,425,256
NF,199,509,6,Mg-Carbonate,10,425,256
NF,199,510,6,Mg-Carbonate,10,425,256
NF,199,511,6,Mg-Carbonate,10,425,256
NF,200,148,1,Fe-Olivine,5,425,256
NF,200,149,1,Fe-Olivine,5,425,256
NF,200,150,1,Fe-Olivine,5,425,256
NF,200,151,1,Fe-Olivine,5,425,256
NF,200,152,1,Fe-Olivine,5,425,256
NF,200,153,1,Fe-Olivine,5,425,256
NF,200,154,1,Fe-Olivine,5,425,256
NF,200,155,1,Fe-Olivine,5,425,256
NF,200,156,1,Fe-Olivine,5,425,256
NF,200,157,1,Fe-Olivine,5,425,256
NF,200,158,1,Fe-Olivine,5,425,256
NF,200,159,1,Fe-Olivine,5,425,256
NF,200,160,1,Fe-Olivine,5,425,256
NF,200,161,1,Fe-Olivine,5,425,256
NF,200,162,1,Fe-Olivine,5,425,256
NF,200,163,1,Fe-Olivine,5,425,256
NF,200,164,1,Fe-Olivine,5,425,256
NF,200,325,1,Fe-Olivine,5,425,256
NF,200,326,1,Fe-Olivine,5,425,256
NF,200,327,1,Fe-Olivine,5,425,256
NF,200,328,1,Fe-Olivine,5,425,256
NF,200,346,4,Bassanite,2,425,256
NF,200,347,4,Bassanite,2,425,256
NF,200,348,4,Bassanite,2,425,256
NF,200,349,4,Bassanite,2,425,256
NF,200,350,4,Bassanite,2,425,256
NF,200,351,4,Bassanite,2,425,256
NF,200,352,4,Bassanite,2,425,256
NF,200,353,4,Bassanite,2,425,256
NF,200,354,4,Bassanite,2,425,256
NF,200,355,4,Bassanite,2,425,256
NF,200,356,4,Bassanite,2,425,256
NF,200,377,8,Prehnite,14,425,256
NF,200,378,8,Prehnite,14,425,256
NF,200,379,8,Prehnite,14,425,256
NF,200,380,8,Prehnite,14,425,256
NF,200,381,8,Prehnite,14,425,256
NF,200,382,8,Prehnite,14,425,256
NF,200,397,9,Serpentine,15,425,256
NF,200,398,9,Serpentine,15,425,256
NF,200,399,9,Serpentine,15,425,256
NF,200,400,9,Serpentine,15,425,256
NF,200,401,9,Serpentine,15,425,256
NF,200,402,9,Serpentine,15,425,256
NF,200,403,9,Serpentine,15,425,256
NF,200,404,9,Serpentine,15,425,256
NF,200,405,9,Serpentine,15,425,256
NF,200,406,9,Serpentine,15,425,256
NF,200,407,9,Serpentine,15,425,256
NF,200,408,9,Serpentine,15,425,256
NF,200,409,9,Serpentine,15,425,256
NF,200,505,6,Mg-Carbonate,10,425,256
NF,200,506,6,Mg-Carbonate,10,425,256
NF,200,507,6,Mg-Carbonate,10,425,256
NF,200,508,6,Mg-Carbonate,10,425,256
NF,200,509,6,Mg-Carbonate,10,425,256
NF,200,510,6,Mg-Carbonate,10,425,256
NF,200,511,6,Mg-Carbonate,10,425,256
NF,201,148,1,Fe-Olivine,5,425,256
NF,201,149,1,Fe-Olivine,5,425,256
NF,201,150,1,Fe-Olivine,5,425,256
NF,201,151,1,Fe-Olivine,5,425,256
NF,201,152,1,Fe-Olivine,5,425,256
NF,201,153,1,Fe-Olivine,5,425,256
NF,201,154,1,Fe-Olivine,5,425,256
NF,201,155,1,Fe-Olivine,5,425,256
NF,201,156,1,Fe-Olivine,5,425,256
NF,201,157,1,Fe-Olivine,5,425,256
NF,201,158,1,Fe-Olivine,5,425,256
NF,201,159,1,Fe-Olivine,5,425,256
NF,201,160,1,Fe-Olivine,5,425,256
NF,201,161,1,Fe-Olivine,5,425,256
NF,201,162,1,Fe-Olivine,5,425,256
NF,201,163,1,Fe-Olivine,5,425,256
NF,201,325,1,Fe-Olivine,5,425,256
NF,201,326,1,Fe-Olivine,5,425,256
NF,201,327,1,Fe-Olivine,5,425,256
NF,201,328,1,Fe-Olivine,5,425,256
NF,201,329,1,Fe-Olivine,5,425,256
NF,201,347,4,Bassanite,2,425,256
NF,201,348,4,Bassanite,2,425,256
NF,201,349,4,Bassanite,2,425,256
NF,201,350,4,Bassanite,2,425,256
NF,201,351,4,Bassanite,2,425,256
NF,201,352,4,Bassanite,2,425,256
NF,201,353,4,Bassanite,2,425,256
NF,201,354,4,Bassanite,2,425,256
NF,201,355,4,Bassanite,2,425,256
NF,201,356,4,Bassanite,2,425,256
NF,201,357,4,Bassanite,2,425,256
NF,201,376,8,Prehnite,14,425,256
NF,201,377,8,Prehnite,14,425,256
NF,201,378,8,Prehnite,14,425,256
NF,201,379,8,Prehnite,14,425,256
NF,201,380,8,Prehnite,14,425,256
NF,201,381,8,Prehnite,14,425,256
NF,201,382,8,Prehnite,14,425,256
NF,201,398,9,Serpentine,15,425,256
NF,201,399,9,Serpentine,15,425,256
NF,201,400,9,Serpentine,15,425,256
NF,201,401,9,Serpentine,15,425,256
NF,201,402,9,Serpentine,15,425,256
NF,201,403,9,Serpentine,15,425,256
NF,201,404,9,Serpentine,15,425,256
NF,201,405,9,Serpentine,15,425,256
NF,201,406,9,Serpentine,15,425,256
NF,201,407,9,Serpentine,15,425,256
NF,201,408,9,Serpentine,15,425,256
NF,201,409,9,Serpentine,15,425,256
NF,201,410,9,Serpentine,15,425,256
NF,201,506,6,Mg-Carbonate,10,425,256
NF,201,507,6,Mg-Carbonate,10,425,256
NF,201,508,6,Mg-Carbonate,10,425,256
NF,201,509,6,Mg-Carbonate,10,425,256
NF,201,510,6,Mg-Carbonate,10,425,256
NF,201,511,6,Mg-Carbonate,10,425,256
NF,201,555,7,Plagioclase,13,425,256
NF,201,556,7,Plagioclase,13,425,256
NF,201,557,7,Plagioclase,13,425,256
NF,202,148,1,Fe-Olivine,5,425,256
NF,202,149,1,Fe-Olivine,5,425,256
NF,202,150,1,Fe-Olivine,5,425,256
NF,202,151,1,Fe-Olivine,5,425,256
NF,202,152,1,Fe-Olivine,5,425,256
NF,202,153,1,Fe-Olivine,5,425,256
NF,202,154,1,Fe-Olivine,5,425,256
NF,202,155,1,Fe-Olivine,5,425,256
NF,202,156,1,Fe-Olivine,5,425,256
NF,202,157,1,Fe-Olivine,5,425,256
NF,202,158,1,Fe-Olivine,5,425,256
NF,202,159,1,Fe-Olivine,5,425,256
NF,202,160,1,Fe-Olivine,5,425,256
NF,202,161,1,Fe-Olivine,5,425,256
NF,202,162,1,Fe-Olivine,5,425,256
NF,202,163,1,Fe-Olivine,5,425,256
NF,202,325,1,Fe-Olivine,5,425,256
NF,202,326,1,Fe-Olivine,5,425,256
NF,202,327,1,Fe-Olivine,5,425,256
NF,202,328,1,Fe-Olivine,5,425,256
NF,202,329,1,Fe-Olivine,5,425,256
NF,202,330,1,Fe-Olivine,5,425,256
NF,202,349,4,Bassanite,2,425,256
NF,202,350,4,Bassanite,2,425,256
NF,202,351,4,Bassanite,2,425,256
NF,202,352,4,Bassanite,2,425,256
NF,202,353,4,Bassanite,2,425,256
NF,202,354,4,Bassanite,2,425,256
NF,202,355,4,Bassanite,2,425,256
NF,202,356,4,Bassanite,2,425,256
NF,202,357,4,Bassanite,2,425,256
NF,202,358,4,Bassanite,2,425,256
NF,202,376,8,Prehnite,14,425,256
NF,202,377,8,Prehnite,14,425,256
NF,202,378,8,Prehnite,14,425,256
NF,202,379,8,Prehnite,14,425,256
NF,202,380,8,Prehnite,14,425,256
NF,202,381,8,Prehnite,14,425,256
NF,202,382,8,Prehnite,14,425,256
NF,202,383,8,Prehnite,14,425,256
NF,202,400,9,Serpentine,15,425,256
NF,202,401,9,Serpentine,15,425,256
NF,202,402,9,Serpentine,15,425,256
NF,202,403,9,Serpentine,15,425,256
NF,202,404,9,Serpentine,15,425,256
NF,202,405,9,Serpentine,15,425,256
NF,202,406,9,Serpentine,15,425,256
NF,202,407,9,Serpentine,15,425,256
NF,202,408,9,Serpentine,15,425,256
NF,202,409,9,Serpentine,15,425,256
NF,202,410,9,Serpentine,15,425,256
NF,202,506,6,Mg-Carbonate,10,425,256
NF,202,507,6,Mg-Carbonate,10,425,256
NF,202,508,6,Mg-Carbonate,10,425,256
NF,202,509,6,Mg-Carbonate,10,425,256
NF,202,510,6,Mg-Carbonate,10,425,256
NF,202,511,6,Mg-Carbonate,10,425,256
NF,202,555,7,Plagioclase,13,425,256
NF,202,556,7,Plagioclase,13,425,256
NF,202,557,7,Plagioclase,13,425,256
NF,202,558,7,Plagioclase,13,425,256
NF,203,148,1,Fe-Olivine,5,425,256
NF,203,149,1,Fe-Olivine,5,425,256
NF,203,150,1,Fe-Olivine,5,425,256
NF,203,151,1,Fe-Olivine,5,425,256
NF,203,152,1,Fe-Olivine,5,425,256
NF,203,153,1,Fe-Olivine,5,425,256
NF,203,154,1,Fe-Olivine,5,425,256
NF,203,155,1,Fe-Olivine,5,425,256
NF,203,156,1,Fe-Olivine,5,425,256
NF,203,157,1,Fe-Olivine,5,425,256
NF,203,158,1,Fe-Olivine,5,425,256
NF,203,159,1,Fe-Olivine,5,425,256
NF,203,160,1,Fe-Olivine,5,425,256
NF,203,161,1,Fe-Olivine,5,425,256
NF,203,162,1,Fe-Olivine,5,425,256
NF,203,325,1,Fe-Olivine,5,425,256
NF,203,326,1,Fe-Olivine,5,425,256
NF,203,327,1,Fe-Olivine,5,425,256
NF,203,328,1,Fe-Olivine,5,425,256
NF,203,329,1,Fe-Olivine,5,425,256
NF,203,330,1,Fe-Olivine,5,425,256
NF,203,351,4,Bassanite,2,425,256
NF,203,352,4,Bassanite,2,425,256
NF,203,353,4,Bassanite,2,425,256
NF,203,354,4,Bassanite,2,425,256
NF,203,355,4,Bassanite,2,425,256
NF,203,356,4,Bassanite,2,425,256
NF,203,357,4,Bassanite,2,425,256
NF,203,358,4,Bassanite,2,425,256
NF,203,359,4,Bassanite,2,425,256
NF,203,376,8,Prehnite,14,425,256
NF,203,377,8,Prehnite,14,425,256
NF,203,378,8,Prehnite,14,425,256
NF,203,379,8,Prehnite,14,425,256
NF,203,380,8,Prehnite,14,425,256
NF,203,381,8,Prehnite,14,425,256
NF,203,382,8,Prehnite,14,425,256
NF,203,383,8,Prehnite,14,425,256
NF,203,384,8,Prehnite,14,425,256
NF,203,400,9,Serpentine,15,425,256
NF,203,401,9,Serpentine,15,425,256
NF,203,402,9,Serpentine,15,425,256
NF,203,403,9,Serpentine,15,425,256
NF,203,404,9,Serpentine,15,425,256
NF,203,405,9,Serpentine,15,425,256
NF,203,406,9,Serpentine,15,425,256
NF,203,407,9,Serpentine,15,425,256
NF,203,408,9,Serpentine,15,425,256
NF,203,409,9,Serpentine,15,425,256
NF,203,410,9,Serpentine,15,425,256
NF,203,411,9,Serpentine,15,425,256
NF,203,506,6,Mg-Carbonate,10,425,256
NF,203,507,6,Mg-Carbonate,10,425,256
NF,203,508,6,Mg-Carbonate,10,425,256
NF,203,509,6,Mg-Carbonate,10,425,256
NF,203,510,6,Mg-Carbonate,10,425,256
NF,203,511,6,Mg-Carbonate,10,425,256
NF,203,555,7,Plagioclase,13,425,256
NF,203,556,7,Plagioclase,13,425,256
NF,203,557,7,Plagioclase,13,425,256
NF,203,558,7,Plagioclase,13,425,256
NF,203,559,7,Plagioclase,13,425,256
NF,204,148,1,Fe-Olivine,5,425,256
NF,204,149,1,Fe-Olivine,5,425,256
NF,204,150,1,Fe-Olivine,5,425,256
NF,204,151,1,Fe-Olivine,5,425,256
NF,204,152,1,Fe-Olivine,5,425,256
NF,204,153,1,Fe-Olivine,5,425,256
NF,204,154,1,Fe-Olivine,5,425,256
NF,204,155,1,Fe-Olivine,5,425,256
NF,204,156,1,Fe-Olivine,5,425,256
NF,204,157,1,Fe-Olivine,5,425,256
NF,204,158,1,Fe-Olivine,5,425,256
NF,204,159,1,Fe-Olivine,5,425,256
NF,204,160,1,Fe-Olivine,5,425,256
NF,204,161,1,Fe-Olivine,5,425,256
NF,204,162,1,Fe-Olivine,5,425,256
NF,204,326,1,Fe-Olivine,5,425,256
NF,204,327,1,Fe-Olivine,5,425,256
NF,204,328,1,Fe-Olivine,5,425,256
NF,204,329,1,Fe-Olivine,5,425,256
NF,204,330,1,Fe-Olivine,5,425,256
NF,204,352,4,Bassanite,2,425,256
NF,204,353,4,Bassanite,2,425,256
NF,204,354,4,Bassanite,2,425,256
NF,204,355,4,Bassanite,2,425,256
NF,204,356,4,Bassanite,2,425,256
NF,204,357,4,Bassanite,2,425,256
NF,204,358,4,Bassanite,2,425,256
NF,204,359,4,Bassanite,2,425,256
NF,204,360,4,Bassanite,2,425,256
NF,204,376,8,Prehnite,14,425,256
NF,204,377,8,Prehnite,14,425,256
NF,204,378,8,Prehnite,14,425,256
NF,204,379,8,Prehnite,14,425,256
NF,204,380,8,Prehnite,14,425,256
NF,204,381,8,Prehnite,14,425,256
NF,204,382,8,Prehnite,14,425,256
NF,204,383,8,Prehnite,14,425,256
NF,204,384,8,Prehnite,14,425,256
NF,204,385,8,Prehnite,14,425,256
NF,204,401,9,Serpentine,15,425,256
NF,204,402,9,Serpentine,15,425,256
NF,204,403,9,Serpentine,15,425,256
NF,204,404,9,Serpentine,15,425,256
NF,204,405,9,Serpentine,15,425,256
NF,204,406,9,Serpentine,15,425,256
NF,204,407,9,Serpentine,15,425,256
NF,204,408,9,Serpentine,15,425,256
NF,204,409,9,Serpentine,15,425,256
NF,204,410,9,Serpentine,15,425,256
NF,204,411,9,Serpentine,15,425,256
NF,204,506,6,Mg-Carbonate,10,425,256
NF,204,507,6,Mg-Carbonate,10,425,256
NF,204,508,6,Mg-Carbonate,10,425,256
NF,204,509,6,Mg-Carbonate,10,425,256
NF,204,510,6,Mg-Carbonate,10,425,256
NF,204,511,6,Mg-Carbonate,10,425,256
NF,204,512,6,Mg-Carbonate,10,425,256
NF,204,557,7,Plagioclase,13,425,256
NF,204,558,7,Plagioclase,13,425,256
NF,204,559,7,Plagioclase,13,425,256
NF,204,560,7,Plagioclase,13,425,256
NF,204,561,7,Plagioclase,13,425,256
NF,205,150,1,Fe-Olivine,5,425,256
NF,205,151,1,Fe-Olivine,5,425,256
NF,205,152,1,Fe-Olivine,5,425,256
NF,205,153,1,Fe-Olivine,5,425,256
NF,205,154,1,Fe-Olivine,5,425,256
NF,205,155,1,Fe-Olivine,5,425,256
NF,205,156,1,Fe-Olivine,5,425,256
NF,205,157,1,Fe-Olivine,5,425,256
NF,205,158,1,Fe-Olivine,5,425,256
NF,205,159,1,Fe-Olivine,5,425,256
NF,205,160,1,Fe-Olivine,5,425,256
NF,205,161,1,Fe-Olivine,5,425,256
NF,205,162,1,Fe-Olivine,5,425,256
NF,205,326,1,Fe-Olivine,5,425,256
NF,205,327,1,Fe-Olivine,5,425,256
NF,205,328,1,Fe-Olivine,5,425,256
NF,205,329,1,Fe-Olivine,5,425,256
NF,205,330,1,Fe-Olivine,5,425,256
NF,205,331,1,Fe-Olivine,5,425,256
NF,205,353,4,Bassanite,2,425,256
NF,205,354,4,Bassanite,2,425,256
NF,205,355,4,Bassanite,2,425,256
NF,205,356,4,Bassanite,2,425,256
NF,205,357,4,Bassanite,2,425,256
NF,205,358,4,Bassanite,2,425,256
NF,205,359,4,Bassanite,2,425,256
NF,205,360,4,Bassanite,2,425,256
NF,205,361,4,Bassanite,2,425,256
NF,205,376,8,Prehnite,14,425,256
NF,205,377,8,Prehnite,14,425,256
NF,205,378,8,Prehnite,14,425,256
NF,205,379,8,Prehnite,14,425,256
NF,205,380,8,Prehnite,14,425,256
NF,205,381,8,Prehnite,14,425,256
NF,205,382,8,Prehnite,14,425,256
NF,205,383,8,Prehnite,14,425,256
NF,205,384,8,Prehnite,14,425,256
NF,205,385,8,Prehnite,14,425,256
NF,205,401,9,Serpentine,15,425,256
NF,205,402,9,Serpentine,15,425,256
NF,205,403,9,Serpentine,15,425,256
NF,205,404,9,Serpentine,15,425,256
NF,205,405,9,Serpentine,15,425,256
NF,205,406,9,Serpentine,15,425,256
NF,205,407,9,Serpentine,15,425,256
NF,205,408,9,Serpentine,15,425,256
NF,205,409,9,Serpentine,15,425,256
NF,205,410,9,Serpentine,15,425,256
NF,205,411,9,Serpentine,15,425,256
NF,205,506,6,Mg-Carbonate,10,425,256
NF,205,507,6,Mg-Carbonate,10,425,256
NF,205,508,6,Mg-Carbonate,10,425,256
NF,205,509,6,Mg-Carbonate,10,425,256
NF,205,510,6,Mg-Carbonate,10,425,256
NF,205,511,6,Mg-Carbonate,10,425,256
NF,205,512,6,Mg-Carbonate,10,425,256
NF,205,558,7,Plagioclase,13,425,256
NF,205,559,7,Plagioclase,13,425,256
NF,205,560,7,Plagioclase,13,425,256
NF,205,561,7,Plagioclase,13,425,256
NF,206,74,1,Fe-Olivine,5,425,256
NF,206,75,1,Fe-Olivine,5,425,256
NF,206,76,1,Fe-Olivine,5,425,256
NF,206,77,1,Fe-Olivine,5,425,256
NF,206,78,1,Fe-Olivine,5,425,256
NF,206,79,1,Fe-Olivine,5,425,256
NF,206,80,1,Fe-Olivine,5,425,256
NF,206,81,1,Fe-Olivine,5,425,256
NF,206,82,1,Fe-Olivine,5,425,256
NF,206,83,1,Fe-Olivine,5,425,256
NF,206,151,1,Fe-Olivine,5,425,256
NF,206,152,1,Fe-Olivine,5,425,256
NF,206,153,1,Fe-Olivine,5,425,256
NF,206,154,1,Fe-Olivine,5,425,256
NF,206,155,1,Fe-Olivine,5,425,256
NF,206,156,1,Fe-Olivine,5,425,256
NF,206,157,1,Fe-Olivine,5,425,256
NF,206,158,1,Fe-Olivine,5,425,256
NF,206,159,1,Fe-Olivine,5,425,256
NF,206,160,1,Fe-Olivine,5,425,256
NF,206,161,1,Fe-Olivine,5,425,256
NF,206,326,1,Fe-Olivine,5,425,256
NF,206,327,1,Fe-Olivine,5,425,256
NF,206,328,1,Fe-Olivine,5,425,256
NF,206,329,1,Fe-Olivine,5,425,256
NF,206,330,1,Fe-Olivine,5,425,256
NF,206,331,1,Fe-Olivine,5,425,256
NF,206,355,4,Bassanite,2,425,256
NF,206,356,4,Bassanite,2,425,256
NF,206,357,4,Bassanite,2,425,256
NF,206,358,4,Bassanite,2,425,256
NF,206,359,4,Bassanite,2,425,256
NF,206,360,4,Bassanite,2,425,256
NF,206,361,4,Bassanite,2,425,256
NF,206,362,4,Bassanite,2,425,256
NF,206,376,8,Prehnite,14,425,256
NF,206,377,8,Prehnite,14,425,256
NF,206,378,8,Prehnite,14,425,256
NF,206,379,8,Prehnite,14,425,256
NF,206,380,8,Prehnite,14,425,256
NF,206,381,8,Prehnite,14,425,256
NF,206,382,8,Prehnite,14,425,256
NF,206,383,8,Prehnite,14,425,256
NF,206,384,8,Prehnite,14,425,256
NF,206,385,8,Prehnite,14,425,256
NF,206,402,9,Serpentine,15,425,256
NF,206,403,9,Serpentine,15,425,256
NF,206,404,9,Serpentine,15,425,256
NF,206,405,9,Serpentine,15,425,256
NF,206,406,9,Serpentine,15,425,256
NF,206,407,9,Serpentine,15,425,256
NF,206,408,9,Serpentine,15,425,256
NF,206,409,9,Serpentine,15,425,256
NF,206,410,9,Serpentine,15,425,256
NF,206,411,9,Serpentine,15,425,256
NF,206,412,9,Serpentine,15,425,256
NF,206,506,6,Mg-Carbonate,10,425,256
NF,206,507,6,Mg-Carbonate,10,425,256
NF,206,508,6,Mg-Carbonate,10,425,256
NF,206,509,6,Mg-Carbonate,10,425,256
NF,206,510,6,Mg-Carbonate,10,425,256
NF,206,511,6,Mg-Carbonate,10,425,256
NF,206,512,6,Mg-Carbonate,10,425,256
NF,206,559,7,Plagioclase,13,425,256
NF,206,560,7,Plagioclase,13,425,256
NF,206,561,7,Plagioclase,13,425,256
NF,207,73,1,Fe-Olivine,5,425,256
NF,207,74,1,Fe-Olivine,5,425,256
NF,207,75,1,Fe-Olivine,5,425,256
NF,207,76,1,Fe-Olivine,5,425,256
NF,207,77,1,Fe-Olivine,5,425,256
NF,207,78,1,Fe-Olivine,5,425,256
NF,207,79,1,Fe-Olivine,5,425,256
NF,207,80,1,Fe-Olivine,5,425,256
NF,207,81,1,Fe-Olivine,5,425,256
NF,207,82,1,Fe-Olivine,5,425,256
NF,207,83,1,Fe-Olivine,5,425,256
NF,207,84,1,Fe-Olivine,5,425,256
NF,207,85,1,Fe-Olivine,5,425,256
NF,207,86,1,Fe-Olivine,5,425,256
NF,207,153,1,Fe-Olivine,5,425,256
NF,207,154,1,Fe-Olivine,5,425,256
NF,207,155,1,Fe-Olivine,5,425,256
NF,207,156,1,Fe-Olivine,5,425,256
NF,207,157,1,Fe-Olivine,5,425,256
NF,207,158,1,Fe-Olivine,5,425,256
NF,207,159,1,Fe-Olivine,5,425,256
NF,207,160,1,Fe-Olivine,5,425,256
NF,207,327,1,Fe-Olivine,5,425,256
NF,207,328,1,Fe-Olivine,5,425,256
NF,207,329,1,Fe-Olivine,5,425,256
NF,207,330,1,Fe-Olivine,5,425,256
NF,207,331,1,Fe-Olivine,5,425,256
NF,207,332,1,Fe-Olivine,5,425,256
NF,207,355,4,Bassanite,2,425,256
NF,207,356,4,Bassanite,2,425,256
NF,207,357,4,Bassanite,2,425,256
NF,207,358,4,Bassanite,2,425,256
NF,207,359,4,Bassanite,2,425,256
NF,207,360,4,Bassanite,2,425,256
NF,207,361,4,Bassanite,2,425,256
NF,207,362,4,Bassanite,2,425,256
NF,207,363,4,Bassanite,2,425,256
NF,207,376,8,Prehnite,14,425,256
NF,207,377,8,Prehnite,14,425,256
NF,207,378,8,Prehnite,14,425,256
NF,207,379,8,Prehnite,14,425,256
NF,207,380,8,Prehnite,14,425,256
NF,207,381,8,Prehnite,14,425,256
NF,207,382,8,Prehnite,14,425,256
NF,207,383,8,Prehnite,14,425,256
NF,207,384,8,Prehnite,14,425,256
NF,207,385,8,Prehnite,14,425,256
NF,207,402,9,Serpentine,15,425,256
NF,207,403,9,Serpentine,15,425,256
NF,207,404,9,Serpentine,15,425,256
NF,207,405,9,Serpentine,15,425,256
NF,207,406,9,Serpentine,15,425,256
NF,207,407,9,Serpentine,15,425,256
NF,207,408,9,Serpentine,15,425,256
NF,207,409,9,Serpentine,15,425,256
NF,207,410,9,Serpentine,15,425,256
NF,207,411,9,Serpentine,15,425,256
NF,207,412,9,Serpentine,15,425,256
NF,207,507,6,Mg-Carbonate,10,425,256
NF,207,508,6,Mg-Carbonate,10,425,256
NF,207,509,6,Mg-Carbonate,10,425,256
NF,207,510,6,Mg-Carbonate,10,425,256
NF,207,511,6,Mg-Carbonate,10,425,256
NF,207,512,6,Mg-Carbonate,10,425,256
NF,207,513,6,Mg-Carbonate,10,425,256
NF,208,71,1,Fe-Olivine,5,425,256
NF,208,72,1,Fe-Olivine,5,425,256
NF,208,73,1,Fe-Olivine,5,425,256
NF,208,74,1,Fe-Olivine,5,425,256
NF,208,75,1,Fe-Olivine,5,425,256
NF,208,76,1,Fe-Olivine,5,425,256
NF,208,77,1,Fe-Olivine,5,425,256
NF,208,78,1,Fe-Olivine,5,425,256
NF,208,79,1,Fe-Olivine,5,425,256
NF,208,80,1,Fe-Olivine,5,425,256
NF,208,81,1,Fe-Olivine,5,425,256
NF,208,82,1,Fe-Olivine,5,425,256
NF,208,83,1,Fe-Olivine,5,425,256
NF,208,84,1,Fe-Olivine,5,425,256
NF,208,85,1,Fe-Olivine,5,425,256
NF,208,86,1,Fe-Olivine,5,425,256
NF,208,87,1,Fe-Olivine,5,425,256
NF,208,88,1,Fe-Olivine,5,425,256
NF,208,89,1,Fe-Olivine,5,425,256
NF,208,90,1,Fe-Olivine,5,425,256
NF,208,91,1,Fe-Olivine,5,425,256
NF,208,154,1,Fe-Olivine,5,425,256
NF,208,155,1,Fe-Olivine,5,425,256
NF,208,156,1,Fe-Olivine,5,425,256
NF,208,157,1,Fe-Olivine,5,425,256
NF,208,158,1,Fe-Olivine,5,425,256
NF,208,327,1,Fe-Olivine,5,425,256
NF,208,328,1,Fe-Olivine,5,425,256
NF,208,329,1,Fe-Olivine,5,425,256
NF,208,330,1,Fe-Olivine,5,425,256
NF,208,331,1,Fe-Olivine,5,425,256
NF,208,332,1,Fe-Olivine,5,425,256
NF,208,356,4,Bassanite,2,425,256
NF,208,357,4,Bassanite,2,425,256
NF,208,358,4,Bassanite,2,425,256
NF,208,359,4,Bassanite,2,425,256
NF,208,360,4,Bassanite,2,425,256
NF,208,361,4,Bassanite,2,425,256
NF,208,362,4,Bassanite,2,425,256
NF,208,363,4,Bassanite,2,425,256
NF,208,364,4,Bassanite,2,425,256
NF,208,377,8,Prehnite,14,425,256
NF,208,378,8,Prehnite,14,425,256
NF,208,379,8,Prehnite,14,425,256
NF,208,380,8,Prehnite,14,425,256
NF,208,381,8,Prehnite,14,425,256
NF,208,382,8,Prehnite,14,425,256
NF,208,383,8,Prehnite,14,425,256
NF,208,384,8,Prehnite,14,425,256
NF,208,403,9,Serpentine,15,425,256
NF,208,404,9,Serpentine,15,425,256
NF,208,405,9,Serpentine,15,425,256
NF,208,406,9,Serpentine,15,425,256
NF,208,407,9,Serpentine,15,425,256
NF,208,408,9,Serpentine,15,425,256
NF,208,409,9,Serpentine,15,425,256
NF,208,410,9,Serpentine,15,425,256
NF,208,411,9,Serpentine,15,425,256
NF,208,412,9,Serpentine,15,425,256
NF,208,507,6,Mg-Carbonate,10,425,256
NF,208,508,6,Mg-Carbonate,10,425,256
NF,208,509,6,Mg-Carbonate,10,425,256
NF,208,510,6,Mg-Carbonate,10,425,256
NF,208,511,6,Mg-Carbonate,10,425,256
NF,208,512,6,Mg-Carbonate,10,425,256
NF,208,513,6,Mg-Carbonate,10,425,256
NF,208,589,3,Chlorite,3,425,256
NF,208,590,3,Chlorite,3,425,256
NF,208,591,3,Chlorite,3,425,256
NF,209,70,1,Fe-Olivine,5,425,256
NF,209,71,1,Fe-Olivine,5,425,256
NF,209,72,1,Fe-Olivine,5,425,256
NF,209,73,1,Fe-Olivine,5,425,256
NF,209,74,1,Fe-Olivine,5,425,256
NF,209,75,1,Fe-Olivine,5,425,256
NF,209,76,1,Fe-Olivine,5,425,256
NF,209,77,1,Fe-Olivine,5,425,256
NF,209,78,1,Fe-Olivine,5,425,256
NF,209,79,1,Fe-Olivine,5,425,256
NF,209,80,1,Fe-Olivine,5,425,256
NF,209,81,1,Fe-Olivine,5,425,256
NF,209,82,1,Fe-Olivine,5,425,256
NF,209,83,1,Fe-Olivine,5,425,256
NF,209,84,1,Fe-Olivine,5,425,256
NF,209,85,1,Fe-Olivine,5,425,256
NF,209,86,1,Fe-Olivine,5,425,256
NF,209,87,1,Fe-Olivine,5,425,256
NF,209,88,1,Fe-Olivine,5,425,256
NF,209,89,1,Fe-Olivine,5,425,256
NF,209,90,1,Fe-Olivine,5,425,256
NF,209,91,1,Fe-Olivine,5,425,256
NF,209,92,1,Fe-Olivine,5,425,256
NF,209,93,1,Fe-Olivine,5,425,256
NF,209,327,1,Fe-Olivine,5,425,256
NF,209,328,1,Fe-Olivine,5,425,256
NF,209,329,1,Fe-Olivine,5,425,256
NF,209,330,1,Fe-Olivine,5,425,256
NF,209,331,1,Fe-Olivine,5,425,256
NF,209,332,1,Fe-Olivine,5,425,256
NF,209,333,1,Fe-Olivine,5,425,256
NF,209,334,1,Fe-Olivine,5,425,256
NF,209,357,4,Bassanite,2,425,256
NF,209,358,4,Bassanite,2,425,256
NF,209,359,4,Bassanite,2,425,256
NF,209,360,4,Bassanite,2,425,256
NF,209,361,4,Bassanite,2,425,256
NF,209,362,4,Bassanite,2,425,256
NF,209,363,4,Bassanite,2,425,256
NF,209,364,4,Bassanite,2,425,256
NF,209,365,4,Bassanite,2,425,256
NF,209,366,4,Bassanite,2,425,256
NF,209,377,8,Prehnite,14,425,256
NF,209,378,8,Prehnite,14,425,256
NF,209,379,8,Prehnite,14,425,256
NF,209,380,8,Prehnite,14,425,256
NF,209,381,8,Prehnite,14,425,256
NF,209,382,8,Prehnite,14,425,256
NF,209,383,8,Prehnite,14,425,256
NF,209,384,8,Prehnite,14,425,256
NF,209,405,9,Serpentine,15,425,256
NF,209,406,9,Serpentine,15,425,256
NF,209,407,9,Serpentine,15,425,256
NF,209,408,9,Serpentine,15,425,256
NF,209,409,9,Serpentine,15,425,256
NF,209,410,9,Serpentine,15,425,256
NF,209,411,9,Serpentine,15,425,256
NF,209,412,9,Serpentine,15,425,256
NF,209,413,9,Serpentine,15,425,256
NF,209,507,6,Mg-Carbonate,10,425,256
NF,209,508,6,Mg-Carbonate,10,425,256
NF,209,509,6,Mg-Carbonate,10,425,256
NF,209,510,6,Mg-Carbonate,10,425,256
NF,209,511,6,Mg-Carbonate,10,425,256
NF,209,512,6,Mg-Carbonate,10,425,256
NF,209,513,6,Mg-Carbonate,10,425,256
NF,209,589,3,Chlorite,3,425,256
NF,209,590,3,Chlorite,3,425,256
NF,209,591,3,Chlorite,3,425,256
NF,210,70,1,Fe-Olivine,5,425,256
NF,210,71,1,Fe-Olivine,5,425,256
NF,210,72,1,Fe-Olivine,5,425,256
NF,210,73,1,Fe-Olivine,5,425,256
NF,210,74,1,Fe-Olivine,5,425,256
NF,210,75,1,Fe-Olivine,5,425,256
NF,210,76,1,Fe-Olivine,5,425,256
NF,210,77,1,Fe-Olivine,5,425,256
NF,210,78,1,Fe-Olivine,5,425,256
NF,210,79,1,Fe-Olivine,5,425,256
NF,210,80,1,Fe-Olivine,5,425,256
NF,210,81,1,Fe-Olivine,5,425,256
NF,210,82,1,Fe-Olivine,5,425,256
NF,210,83,1,Fe-Olivine,5,425,256
NF,210,84,1,Fe-Olivine,5,425,256
NF,210,85,1,Fe-Olivine,5,425,256
NF,210,86,1,Fe-Olivine,5,425,256
NF,210,87,1,Fe-Olivine,5,425,256
NF,210,88,1,Fe-Olivine,5,425,256
NF,210,89,1,Fe-Olivine,5,425,256
NF,210,90,1,Fe-Olivine,5,425,256
NF,210,91,1,Fe-Olivine,5,425,256
NF,210,92,1,Fe-Olivine,5,425,256
NF,210,93,1,Fe-Olivine,5,425,256
NF,210,94,1,Fe-Olivine,5,425,256
NF,210,95,1,Fe-Olivine,5,425,256
NF,210,328,1,Fe-Olivine,5,425,256
NF,210,329,1,Fe-Olivine,5,425,256
NF,210,330,1,Fe-Olivine,5,425,256
NF,210,331,1,Fe-Olivine,5,425,256
NF,210,332,1,Fe-Olivine,5,425,256
NF,210,333,1,Fe-Olivine,5,425,256
NF,210,334,1,Fe-Olivine,5,425,256
NF,210,335,1,Fe-Olivine,5,425,256
NF,210,358,4,Bassanite,2,425,256
NF,210,359,4,Bassanite,2,425,256
NF,210,360,4,Bassanite,2,425,256
NF,210,361,4,Bassanite,2,425,256
NF,210,362,4,Bassanite,2,425,256
NF,210,363,4,Bassanite,2,425,256
NF,210,364,4,Bassanite,2,425,256
NF,210,365,4,Bassanite,2,425,256
NF,210,366,4,Bassanite,2,425,256
NF,210,367,4,Bassanite,2,425,256
NF,210,378,8,Prehnite,14,425,256
NF,210,379,8,Prehnite,14,425,256
NF,210,380,8,Prehnite,14,425,256
NF,210,381,8,Prehnite,14,425,256
NF,210,382,8,Prehnite,14,425,256
NF,210,383,8,Prehnite,14,425,256
NF,210,406,9,Serpentine,15,425,256
NF,210,407,9,Serpentine,15,425,256
NF,210,408,9,Serpentine,15,425,256
NF,210,409,9,Serpentine,15,425,256
NF,210,410,9,Serpentine,15,425,256
NF,210,411,9,Serpentine,15,425,256
NF,210,412,9,Serpentine,15,425,256
NF,210,413,9,Serpentine,15,425,256
NF,210,507,6,Mg-Carbonate,10,425,256
NF,210,508,6,Mg-Carbonate,10,425,256
NF,210,509,6,Mg-Carbonate,10,425,256
NF,210,510,6,Mg-Carbonate,10,425,256
NF,210,511,6,Mg-Carbonate,10,425,256
NF,210,512,6,Mg-Carbonate,10,425,256
NF,210,513,6,Mg-Carbonate,10,425,256
NF,211,70,1,Fe-Olivine,5,425,256
NF,211,71,1,Fe-Olivine,5,425,256
NF,211,72,1,Fe-Olivine,5,425,256
NF,211,73,1,Fe-Olivine,5,425,256
NF,211,74,1,Fe-Olivine,5,425,256
NF,211,75,1,Fe-Olivine,5,425,256
NF,211,76,1,Fe-Olivine,5,425,256
NF,211,77,1,Fe-Olivine,5,425,256
NF,211,78,1,Fe-Olivine,5,425,256
NF,211,79,1,Fe-Olivine,5,425,256
NF,211,80,1,Fe-Olivine,5,425,256
NF,211,81,1,Fe-Olivine,5,425,256
NF,211,82,1,Fe-Olivine,5,425,256
NF,211,83,1,Fe-Olivine,5,425,256
NF,211,84,1,Fe-Olivine,5,425,256
NF,211,85,1,Fe-Olivine,5,425,256
NF,211,86,1,Fe-Olivine,5,425,256
NF,211,87,1,Fe-Olivine,5,425,256
NF,211,88,1,Fe-Olivine,5,425,256
NF,211,89,1,Fe-Olivine,5,425,256
NF,211,90,1,Fe-Olivine,5,425,256
NF,211,91,1,Fe-Olivine,5,425,256
NF,211,92,1,Fe-Olivine,5,425,256
NF,211,93,1,Fe-Olivine,5,425,256
NF,211,94,1,Fe-Olivine,5,425,256
NF,211,95,1,Fe-Olivine,5,425,256
NF,211,96,1,Fe-Olivine,5,425,256
NF,211,97,1,Fe-Olivine,5,425,256
NF,211,329,1,Fe-Olivine,5,425,256
NF,211,330,1,Fe-Olivine,5,425,256
NF,211,331,1,Fe-Olivine,5,425,256
NF,211,332,1,Fe-Olivine,5,425,256
NF,211,333,1,Fe-Olivine,5,425,256
NF,211,334,1,Fe-Olivine,5,425,256
NF,211,335,1,Fe-Olivine,5,425,256
NF,211,336,1,Fe-Olivine,5,425,256
NF,211,337,1,Fe-Olivine,5,425,256
NF,211,359,4,Bassanite,2,425,256
NF,211,360,4,Bassanite,2,425,256
NF,211,361,4,Bassanite,2,425,256
NF,211,362,4,Bassanite,2,425,256
NF,211,363,4,Bassanite,2,425,256
NF,211,364,4,Bassanite,2,425,256
NF,211,365,4,Bassanite,2,425,256
NF,211,366,4,Bassanite,2,425,256
NF,211,367,4,Bassanite,2,425,256
NF,211,368,4,Bassanite,2,425,256
NF,211,378,8,Prehnite,14,425,256
NF,211,379,8,Prehnite,14,425,256
NF,211,380,8,Prehnite,14,425,256
NF,211,381,8,Prehnite,14,425,256
NF,211,382,8,Prehnite,14,425,256
NF,211,407,9,Serpentine,15,425,256
NF,211,408,9,Serpentine,15,425,256
NF,211,409,9,Serpentine,15,425,256
NF,211,410,9,Serpentine,15,425,256
NF,211,411,9,Serpentine,15,425,256
NF,211,412,9,Serpentine,15,425,256
NF,211,413,9,Serpentine,15,425,256
NF,211,414,9,Serpentine,15,425,256
NF,211,507,6,Mg-Carbonate,10,425,256
NF,211,508,6,Mg-Carbonate,10,425,256
NF,211,509,6,Mg-Carbonate,10,425,256
NF,211,510,6,Mg-Carbonate,10,425,256
NF,211,511,6,Mg-Carbonate,10,425,256
NF,211,512,6,Mg-Carbonate,10,425,256
NF,211,513,6,Mg-Carbonate,10,425,256
NF,212,70,1,Fe-Olivine,5,425,256
NF,212,71,1,Fe-Olivine,5,425,256
NF,212,72,1,Fe-Olivine,5,425,256
NF,212,73,1,Fe-Olivine,5,425,256
NF,212,74,1,Fe-Olivine,5,425,256
NF,212,75,1,Fe-Olivine,5,425,256
NF,212,76,1,Fe-Olivine,5,425,256
NF,212,77,1,Fe-Olivine,5,425,256
NF,212,78,1,Fe-Olivine,5,425,256
NF,212,79,1,Fe-Olivine,5,425,256
NF,212,80,1,Fe-Olivine,5,425,256
NF,212,81,1,Fe-Olivine,5,425,256
NF,212,82,1,Fe-Olivine,5,425,256
NF,212,83,1,Fe-Olivine,5,425,256
NF,212,84,1,Fe-Olivine,5,425,256
NF,212,85,1,Fe-Olivine,5,425,256
NF,212,86,1,Fe-Olivine,5,425,256
NF,212,87,1,Fe-Olivine,5,425,256
NF,212,88,1,Fe-Olivine,5,425,256
NF,212,89,1,Fe-Olivine,5,425,256
NF,212,90,1,Fe-Olivine,5,425,256
NF,212,91,1,Fe-Olivine,5,425,256
NF,212,92,1,Fe-Olivine,5,425,256
NF,212,93,1,Fe-Olivine,5,425,256
NF,212,94,1,Fe-Olivine,5,425,256
NF,212,95,1,Fe-Olivine,5,425,256
NF,212,96,1,Fe-Olivine,5,425,256
NF,212,97,1,Fe-Olivine,5,425,256
NF,212,329,1,Fe-Olivine,5,425,256
NF,212,330,1,Fe-Olivine,5,425,256
NF,212,331,1,Fe-Olivine,5,425,256
NF,212,332,1,Fe-Olivine,5,425,256
NF,212,333,1,Fe-Olivine,5,425,256
NF,212,334,1,Fe-Olivine,5,425,256
NF,212,335,1,Fe-Olivine,5,425,256
NF,212,336,1,Fe-Olivine,5,425,256
NF,212,337,1,Fe-Olivine,5,425,256
NF,212,338,1,Fe-Olivine,5,425,256
NF,212,339,1,Fe-Olivine,5,425,256
NF,212,361,4,Bassanite,2,425,256
NF,212,362,4,Bassanite,2,425,256
NF,212,363,4,Bassanite,2,425,256
NF,212,364,4,Bassanite,2,425,256
NF,212,365,4,Bassanite,2,425,256
NF,212,366,4,Bassanite,2,425,256
NF,212,367,4,Bassanite,2,425,256
NF,212,368,4,Bassanite,2,425,256
NF,212,369,4,Bassanite,2,425,256
NF,212,408,9,Serpentine,15,425,256
NF,212,409,9,Serpentine,15,425,256
NF,212,410,9,Serpentine,15,425,256
NF,212,411,9,Serpentine,15,425,256
NF,212,412,9,Serpentine,15,425,256
NF,212,413,9,Serpentine,15,425,256
NF,212,414,9,Serpentine,15,425,256
NF,212,415,9,Serpentine,15,425,256
NF,212,508,6,Mg-Carbonate,10,425,256
NF,212,509,6,Mg-Carbonate,10,425,256
NF,212,510,6,Mg-Carbonate,10,425,256
NF,212,511,6,Mg-Carbonate,10,425,256
NF,212,512,6,Mg-Carbonate,10,425,256
NF,212,513,6,Mg-Carbonate,10,425,256
NF,212,568,6,Mg-Carbonate,10,425,256
NF,212,569,6,Mg-Carbonate,10,425,256
NF,212,570,6,Mg-Carbonate,10,425,256
NF,213,69,1,Fe-Olivine,5,425,256
NF,213,70,1,Fe-Olivine,5,425,256
NF,213,71,1,Fe-Olivine,5,425,256
NF,213,72,1,Fe-Olivine,5,425,256
NF,213,73,1,Fe-Olivine,5,425,256
NF,213,74,1,Fe-Olivine,5,425,256
NF,213,75,1,Fe-Olivine,5,425,256
NF,213,76,1,Fe-Olivine,5,425,256
NF,213,77,1,Fe-Olivine,5,425,256
NF,213,78,1,Fe-Olivine,5,425,256
NF,213,79,1,Fe-Olivine,5,425,256
NF,213,80,1,Fe-Olivine,5,425,256
NF,213,81,1,Fe-Olivine,5,425,256
NF,213,82,1,Fe-Olivine,5,425,256
NF,213,83,1,Fe-Olivine,5,425,256
NF,213,84,1,Fe-Olivine,5,425,256
NF,213,85,1,Fe-Olivine,5,425,256
NF,213,86,1,Fe-Olivine,5,425,256
NF,213,87,1,Fe-Olivine,5,425,256
NF,213,88,1,Fe-Olivine,5,425,256
NF,213,89,1,Fe-Olivine,5,425,256
NF,213,90,1,Fe-Olivine,5,425,256
NF,213,91,1,Fe-Olivine,5,425,256
NF,213,92,1,Fe-Olivine,5,425,256
NF,213,93,1,Fe-Olivine,5,425,256
NF,213,94,1,Fe-Olivine,5,425,256
NF,213,95,1,Fe-Olivine,5,425,256
NF,213,96,1,Fe-Olivine,5,425,256
NF,213,97,1,Fe-Olivine,5,425,256
NF,213,98,1,Fe-Olivine,5,425,256
NF,213,99,1,Fe-Olivine,5,425,256
NF,213,331,1,Fe-Olivine,5,425,256
NF,213,332,1,Fe-Olivine,5,425,256
NF,213,333,1,Fe-Olivine,5,425,256
NF,213,334,1,Fe-Olivine,5,425,256
NF,213,335,1,Fe-Olivine,5,425,256
NF,213,336,1,Fe-Olivine,5,425,256
NF,213,337,1,Fe-Olivine,5,425,256
NF,213,338,1,Fe-Olivine,5,425,256
NF,213,339,1,Fe-Olivine,5,425,256
NF,213,364,4,Bassanite,2,425,256
NF,213,365,4,Bassanite,2,425,256
NF,213,366,4,Bassanite,2,425,256
NF,213,367,4,Bassanite,2,425,256
NF,213,368,4,Bassanite,2,425,256
NF,213,369,4,Bassanite,2,425,256
NF,213,409,9,Serpentine,15,425,256
NF,213,410,9,Serpentine,15,425,256
NF,213,411,9,Serpentine,15,425,256
NF,213,412,9,Serpentine,15,425,256
NF,213,413,9,Serpentine,15,425,256
NF,213,414,9,Serpentine,15,425,256
NF,213,415,9,Serpentine,15,425,256
NF,213,508,6,Mg-Carbonate,10,425,256
NF,213,509,6,Mg-Carbonate,10,425,256
NF,213,510,6,Mg-Carbonate,10,425,256
NF,213,511,6,Mg-Carbonate,10,425,256
NF,213,512,6,Mg-Carbonate,10,425,256
NF,213,513,6,Mg-Carbonate,10,425,256
NF,213,568,6,Mg-Carbonate,10,425,256
NF,213,569,6,Mg-Carbonate,10,425,256
NF,213,570,6,Mg-Carbonate,10,425,256
NF,214,69,1,Fe-Olivine,5,425,256
NF,214,70,1,Fe-Olivine,5,425,256
NF,214,71,1,Fe-Olivine,5,425,256
NF,214,72,1,Fe-Olivine,5,425,256
NF,214,73,1,Fe-Olivine,5,425,256
NF,214,74,1,Fe-Olivine,5,425,256
NF,214,75,1,Fe-Olivine,5,425,256
NF,214,76,1,Fe-Olivine,5,425,256
NF,214,77,1,Fe-Olivine,5,425,256
NF,214,78,1,Fe-Olivine,5,425,256
NF,214,79,1,Fe-Olivine,5,425,256
NF,214,80,1,Fe-Olivine,5,425,256
NF,214,81,1,Fe-Olivine,5,425,256
NF,214,82,1,Fe-Olivine,5,425,256
NF,214,83,1,Fe-Olivine,5,425,256
NF,214,84,1,Fe-Olivine,5,425,256
NF,214,85,1,Fe-Olivine,5,425,256
NF,214,86,1,Fe-Olivine,5,425,256
NF,214,87,1,Fe-Olivine,5,425,256
NF,214,88,1,Fe-Olivine,5,425,256
NF,214,89,1,Fe-Olivine,5,425,256
NF,214,90,1,Fe-Olivine,5,425,256
NF,214,91,1,Fe-Olivine,5,425,256
NF,214,92,1,Fe-Olivine,5,425,256
NF,214,93,1,Fe-Olivine,5,425,256
NF,214,94,1,Fe-Olivine,5,425,256
NF,214,95,1,Fe-Olivine,5,425,256
NF,214,96,1,Fe-Olivine,5,425,256
NF,214,97,1,Fe-Olivine,5,425,256
NF,214,98,1,Fe-Olivine,5,425,256
NF,214,99,1,Fe-Olivine,5,425,256
NF,214,100,1,Fe-Olivine,5,425,256
NF,214,331,1,Fe-Olivine,5,425,256
NF,214,332,1,Fe-Olivine,5,425,256
NF,214,333,1,Fe-Olivine,5,425,256
NF,214,334,1,Fe-Olivine,5,425,256
NF,214,335,1,Fe-Olivine,5,425,256
NF,214,336,1,Fe-Olivine,5,425,256
NF,214,337,1,Fe-Olivine,5,425,256
NF,214,338,1,Fe-Olivine,5,425,256
NF,214,339,1,Fe-Olivine,5,425,256
NF,214,340,1,Fe-Olivine,5,425,256
NF,214,341,1,Fe-Olivine,5,425,256
NF,214,365,4,Bassanite,2,425,256
NF,214,366,4,Bassanite,2,425,256
NF,214,367,4,Bassanite,2,425,256
NF,214,368,4,Bassanite,2,425,256
NF,214,369,4,Bassanite,2,425,256
NF,214,410,9,Serpentine,15,425,256
NF,214,411,9,Serpentine,15,425,256
NF,214,412,9,Serpentine,15,425,256
NF,214,413,9,Serpentine,15,425,256
NF,214,414,9,Serpentine,15,425,256
NF,214,415,9,Serpentine,15,425,256
NF,214,508,6,Mg-Carbonate,10,425,256
NF,214,509,6,Mg-Carbonate,10,425,256
NF,214,510,6,Mg-Carbonate,10,425,256
NF,214,511,6,Mg-Carbonate,10,425,256
NF,214,512,6,Mg-Carbonate,10,425,256
NF,214,513,6,Mg-Carbonate,10,425,256
NF,214,556,2,Epidote,4,425,256
NF,214,557,2,Epidote,4,425,256
NF,214,558,2,Epidote,4,425,256
NF,214,567,6,Mg-Carbonate,10,425,256
NF,214,568,6,Mg-Carbonate,10,425,256
NF,214,569,6,Mg-Carbonate,10,425,256
NF,214,570,6,Mg-Carbonate,10,425,256
NF,214,571,6,Mg-Carbonate,10,425,256
NF,215,69,1,Fe-Olivine,5,425,256
NF,215,70,1,Fe-Olivine,5,425,256
NF,215,71,1,Fe-Olivine,5,425,256
NF,215,72,1,Fe-Olivine,5,425,256
NF,215,73,1,Fe-Olivine,5,425,256
NF,215,74,1,Fe-Olivine,5,425,256
NF,215,75,1,Fe-Olivine,5,425,256
NF,215,76,1,Fe-Olivine,5,425,256
NF,215,77,1,Fe-Olivine,5,425,256
NF,215,78,1,Fe-Olivine,5,425,256
NF,215,79,1,Fe-Olivine,5,425,256
NF,215,80,1,Fe-Olivine,5,425,256
NF,215,81,1,Fe-Olivine,5,425,256
NF,215,82,1,Fe-Olivine,5,425,256
NF,215,83,1,Fe-Olivine,5,425,256
NF,215,84,1,Fe-Olivine,5,425,256
NF,215,85,1,Fe-Olivine,5,425,256
NF,215,86,1,Fe-Olivine,5,425,256
NF,215,87,1,Fe-Olivine,5,425,256
NF,215,88,1,Fe-Olivine,5,425,256
NF,215,89,1,Fe-Olivine,5,425,256
NF,215,90,1,Fe-Olivine,5,425,256
NF,215,91,1,Fe-Olivine,5,425,256
NF,215,92,1,Fe-Olivine,5,425,256
NF,215,93,1,Fe-Olivine,5,425,256
NF,215,94,1,Fe-Olivine,5,425,256
NF,215,95,1,Fe-Olivine,5,425,256
NF,215,96,1,Fe-Olivine,5,425,256
NF,215,97,1,Fe-Olivine,5,425,256
NF,215,98,1,Fe-Olivine,5,425,256
NF,215,99,1,Fe-Olivine,5,425,256
NF,215,100,1,Fe-Olivine,5,425,256
NF,215,101,1,Fe-Olivine,5,425,256
NF,215,102,1,Fe-Olivine,5,425,256
NF,215,333,1,Fe-Olivine,5,425,256
NF,215,334,1,Fe-Olivine,5,425,256
NF,215,335,1,Fe-Olivine,5,425,256
NF,215,336,1,Fe-Olivine,5,425,256
NF,215,337,1,Fe-Olivine,5,425,256
NF,215,338,1,Fe-Olivine,5,425,256
NF,215,339,1,Fe-Olivine,5,425,256
NF,215,340,1,Fe-Olivine,5,425,256
NF,215,341,1,Fe-Olivine,5,425,256
NF,215,342,1,Fe-Olivine,5,425,256
NF,215,343,1,Fe-Olivine,5,425,256
NF,215,368,4,Bassanite,2,425,256
NF,215,369,4,Bassanite,2,425,256
NF,215,376,4,Bassanite,2,425,256
NF,215,377,4,Bassanite,2,425,256
NF,215,378,4,Bassanite,2,425,256
NF,215,379,4,Bassanite,2,425,256
NF,215,380,4,Bassanite,2,425,256
NF,215,381,4,Bassanite,2,425,256
NF,215,382,4,Bassanite,2,425,256
NF,215,383,4,Bassanite,2,425,256
NF,215,384,4,Bassanite,2,425,256
NF,215,385,4,Bassanite,2,425,256
NF,215,386,4,Bassanite,2,425,256
NF,215,387,4,Bassanite,2,425,256
NF,215,388,4,Bassanite,2,425,256
NF,215,410,9,Serpentine,15,425,256
NF,215,411,9,Serpentine,15,425,256
NF,215,412,9,Serpentine,15,425,256
NF,215,413,9,Serpentine,15,425,256
NF,215,414,9,Serpentine,15,425,256
NF,215,415,9,Serpentine,15,425,256
NF,215,416,9,Serpentine,15,425,256
NF,215,508,6,Mg-Carbonate,10,425,256
NF,215,509,6,Mg-Carbonate,10,425,256
NF,215,510,6,Mg-Carbonate,10,425,256
NF,215,511,6,Mg-Carbonate,10,425,256
NF,215,512,6,Mg-Carbonate,10,425,256
NF,215,513,6,Mg-Carbonate,10,425,256
NF,215,556,2,Epidote,4,425,256
NF,215,557,2,Epidote,4,425,256
NF,215,558,2,Epidote,4,425,256
NF,215,566,6,Mg-Carbonate,10,425,256
NF,215,567,6,Mg-Carbonate,10,425,256
NF,215,568,6,Mg-Carbonate,10,425,256
NF,215,569,6,Mg-Carbonate,10,425,256
NF,215,570,6,Mg-Carbonate,10,425,256
NF,215,571,6,Mg-Carbonate,10,425,256
NF,216,68,1,Fe-Olivine,5,425,256
NF,216,69,1,Fe-Olivine,5,425,256
NF,216,70,1,Fe-Olivine,5,425,256
NF,216,71,1,Fe-Olivine,5,425,256
NF,216,72,1,Fe-Olivine,5,425,256
NF,216,73,1,Fe-Olivine,5,425,256
NF,216,74,1,Fe-Olivine,5,425,256
NF,216,75,1,Fe-Olivine,5,425,256
NF,216,76,1,Fe-Olivine,5,425,256
NF,216,77,1,Fe-Olivine,5,425,256
NF,216,78,1,Fe-Olivine,5,425,256
NF,216,79,1,Fe-Olivine,5,425,256
NF,216,80,1,Fe-Olivine,5,425,256
NF,216,81,1,Fe-Olivine,5,425,256
NF,216,82,1,Fe-Olivine,5,425,256
NF,216,83,1,Fe-Olivine,5,425,256
NF,216,84,1,Fe-Olivine,5,425,256
NF,216,85,1,Fe-Olivine,5,425,256
NF,216,86,1,Fe-Olivine,5,425,256
NF,216,87,1,Fe-Olivine,5,425,256
NF,216,88,1,Fe-Olivine,5,425,256
NF,216,89,1,Fe-Olivine,5,425,256
NF,216,90,1,Fe-Olivine,5,425,256
NF,216,91,1,Fe-Olivine,5,425,256
NF,216,92,1,Fe-Olivine,5,425,256
NF,216,93,1,Fe-Olivine,5,425,256
NF,216,94,1,Fe-Olivine,5,425,256
NF,216,95,1,Fe-Olivine,5,425,256
NF,216,96,1,Fe-Olivine,5,425,256
NF,216,97,1,Fe-Olivine,5,425,256
NF,216,98,1,Fe-Olivine,5,425,256
NF,216,99,1,Fe-Olivine,5,425,256
NF,216,100,1,Fe-Olivine,5,425,256
NF,216,101,1,Fe-Olivine,5,425,256
NF,216,102,1,Fe-Olivine,5,425,256
NF,216,103,1,Fe-Olivine,5,425,256
NF,216,335,1,Fe-Olivine,5,425,256
NF,216,336,1,Fe-Olivine,5,425,256
NF,216,337,1,Fe-Olivine,5,425,256
NF,216,338,1,Fe-Olivine,5,425,256
NF,216,339,1,Fe-Olivine,5,425,256
NF,216,340,1,Fe-Olivine,5,425,256
NF,216,341,1,Fe-Olivine,5,425,256
NF,216,342,1,Fe-Olivine,5,425,256
NF,216,343,1,Fe-Olivine,5,425,256
NF,216,344,1,Fe-Olivine,5,425,256
NF,216,345,1,Fe-Olivine,5,425,256
NF,216,375,4,Bassanite,2,425,256
NF,216,376,4,Bassanite,2,425,256
NF,216,377,4,Bassanite,2,425,256
NF,216,378,4,Bassanite,2,425,256
NF,216,379,4,Bassanite,2,425,256
NF,216,380,4,Bassanite,2,425,256
NF,216,381,4,Bassanite,2,425,256
NF,216,382,4,Bassanite,2,425,256
NF,216,383,4,Bassanite,2,425,256
NF,216,384,4,Bassanite,2,425,256
NF,216,385,4,Bassanite,2,425,256
NF,216,386,4,Bassanite,2,425,256
NF,216,387,4,Bassanite,2,425,256
NF,216,388,4,Bassanite,2,425,256
NF,216,389,4,Bassanite,2,425,256
NF,216,411,9,Serpentine,15,425,256
NF,216,412,9,Serpentine,15,425,256
NF,216,413,9,Serpentine,15,425,256
NF,216,414,9,Serpentine,15,425,256
NF,216,415,9,Serpentine,15,425,256
NF,216,416,9,Serpentine,15,425,256
NF,216,508,6,Mg-Carbonate,10,425,256
NF,216,509,6,Mg-Carbonate,10,425,256
NF,216,510,6,Mg-Carbonate,10,425,256
NF,216,511,6,Mg-Carbonate,10,425,256
NF,216,512,6,Mg-Carbonate,10,425,256
NF,216,513,6,Mg-Carbonate,10,425,256
NF,216,556,2,Epidote,4,425,256
NF,216,557,2,Epidote,4,425,256
NF,216,558,2,Epidote,4,425,256
NF,216,566,6,Mg-Carbonate,10,425,256
NF,216,567,6,Mg-Carbonate,10,425,256
NF,216,568,6,Mg-Carbonate,10,425,256
NF,216,569,6,Mg-Carbonate,10,425,256
NF,216,570,6,Mg-Carbonate,10,425,256
NF,216,571,6,Mg-Carbonate,10,425,256
NF,217,68,1,Fe-Olivine,5,425,256
NF,217,69,1,Fe-Olivine,5,425,256
NF,217,70,1,Fe-Olivine,5,425,256
NF,217,71,1,Fe-Olivine,5,425,256
NF,217,72,1,Fe-Olivine,5,425,256
NF,217,73,1,Fe-Olivine,5,425,256
NF,217,74,1,Fe-Olivine,5,425,256
NF,217,75,1,Fe-Olivine,5,425,256
NF,217,76,1,Fe-Olivine,5,425,256
NF,217,77,1,Fe-Olivine,5,425,256
NF,217,78,1,Fe-Olivine,5,425,256
NF,217,79,1,Fe-Olivine,5,425,256
NF,217,80,1,Fe-Olivine,5,425,256
NF,217,81,1,Fe-Olivine,5,425,256
NF,217,82,1,Fe-Olivine,5,425,256
NF,217,83,1,Fe-Olivine,5,425,256
NF,217,84,1,Fe-Olivine,5,425,256
NF,217,85,1,Fe-Olivine,5,425,256
NF,217,86,1,Fe-Olivine,5,425,256
NF,217,87,1,Fe-Olivine,5,425,256
NF,217,88,1,Fe-Olivine,5,425,256
NF,217,89,1,Fe-Olivine,5,425,256
NF,217,90,1,Fe-Olivine,5,425,256
NF,217,91,1,Fe-Olivine,5,425,256
NF,217,92,1,Fe-Olivine,5,425,256
NF,217,93,1,Fe-Olivine,5,425,256
NF,217,94,1,Fe-Olivine,5,425,256
NF,217,95,1,Fe-Olivine,5,425,256
NF,217,96,1,Fe-Olivine,5,425,256
NF,217,97,1,Fe-Olivine,5,425,256
NF,217,98,1,Fe-Olivine,5,425,256
NF,217,99,1,Fe-Olivine,5,425,256
NF,217,100,1,Fe-Olivine,5,425,256
NF,217,101,1,Fe-Olivine,5,425,256
NF,217,102,1,Fe-Olivine,5,425,256
NF,217,103,1,Fe-Olivine,5,425,256
NF,217,104,1,Fe-Olivine,5,425,256
NF,217,105,1,Fe-Olivine,5,425,256
NF,217,336,1,Fe-Olivine,5,425,256
NF,217,337,1,Fe-Olivine,5,425,256
NF,217,338,1,Fe-Olivine,5,425,256
NF,217,339,1,Fe-Olivine,5,425,256
NF,217,340,1,Fe-Olivine,5,425,256
NF,217,341,1,Fe-Olivine,5,425,256
NF,217,342,1,Fe-Olivine,5,425,256
NF,217,343,1,Fe-Olivine,5,425,256
NF,217,344,1,Fe-Olivine,5,425,256
NF,217,345,1,Fe-Olivine,5,425,256
NF,217,375,4,Bassanite,2,425,256
NF,217,376,4,Bassanite,2,425,256
NF,217,377,4,Bassanite,2,425,256
NF,217,378,4,Bassanite,2,425,256
NF,217,379,4,Bassanite,2,425,256
NF,217,380,4,Bassanite,2,425,256
NF,217,381,4,Bassanite,2,425,256
NF,217,382,4,Bassanite,2,425,256
NF,217,383,4,Bassanite,2,425,256
NF,217,384,4,Bassanite,2,425,256
NF,217,385,4,Bassanite,2,425,256
NF,217,386,4,Bassanite,2,425,256
NF,217,387,4,Bassanite,2,425,256
NF,217,388,4,Bassanite,2,425,256
NF,217,389,4,Bassanite,2,425,256
NF,217,390,4,Bassanite,2,425,256
NF,217,391,4,Bassanite,2,425,256
NF,217,412,9,Serpentine,15,425,256
NF,217,413,9,Serpentine,15,425,256
NF,217,414,9,Serpentine,15,425,256
NF,217,415,9,Serpentine,15,425,256
NF,217,416,9,Serpentine,15,425,256
NF,217,509,6,Mg-Carbonate,10,425,256
NF,217,510,6,Mg-Carbonate,10,425,256
NF,217,511,6,Mg-Carbonate,10,425,256
NF,217,512,6,Mg-Carbonate,10,425,256
NF,217,513,6,Mg-Carbonate,10,425,256
NF,217,556,2,Epidote,4,425,256
NF,217,557,2,Epidote,4,425,256
NF,217,558,2,Epidote,4,425,256
NF,217,566,6,Mg-Carbonate,10,425,256
NF,217,567,6,Mg-Carbonate,10,425,256
NF,217,568,6,Mg-Carbonate,10,425,256
NF,217,569,6,Mg-Carbonate,10,425,256
NF,217,570,6,Mg-Carbonate,10,425,256
NF,217,571,6,Mg-Carbonate,10,425,256
NF,218,67,1,Fe-Olivine,5,425,256
NF,218,68,1,Fe-Olivine,5,425,256
NF,218,69,1,Fe-Olivine,5,425,256
NF,218,70,1,Fe-Olivine,5,425,256
NF,218,71,1,Fe-Olivine,5,425,256
NF,218,72,1,Fe-Olivine,5,425,256
NF,218,73,1,Fe-Olivine,5,425,256
NF,218,74,1,Fe-Olivine,5,425,256
NF,218,75,1,Fe-Olivine,5,425,256
NF,218,76,1,Fe-Olivine,5,425,256
NF,218,77,1,Fe-Olivine,5,425,256
NF,218,78,1,Fe-Olivine,5,425,256
NF,218,79,1,Fe-Olivine,5,425,256
NF,218,80,1,Fe-Olivine,5,425,256
NF,218,81,1,Fe-Olivine,5,425,256
NF,218,82,1,Fe-Olivine,5,425,256
NF,218,83,1,Fe-Olivine,5,425,256
NF,218,84,1,Fe-Olivine,5,425,256
NF,218,85,1,Fe-Olivine,5,425,256
NF,218,86,1,Fe-Olivine,5,425,256
NF,218,87,1,Fe-Olivine,5,425,256
NF,218,88,1,Fe-Olivine,5,425,256
NF,218,89,1,Fe-Olivine,5,425,256
NF,218,90,1,Fe-Olivine,5,425,256
NF,218,91,1,Fe-Olivine,5,425,256
NF,218,92,1,Fe-Olivine,5,425,256
NF,218,93,1,Fe-Olivine,5,425,256
NF,218,94,1,Fe-Olivine,5,425,256
NF,218,95,1,Fe-Olivine,5,425,256
NF,218,96,1,Fe-Olivine,5,425,256
NF,218,97,1,Fe-Olivine,5,425,256
NF,218,98,1,Fe-Olivine,5,425,256
NF,218,99,1,Fe-Olivine,5,425,256
NF,218,100,1,Fe-Olivine,5,425,256
NF,218,101,1,Fe-Olivine,5,425,256
NF,218,102,1,Fe-Olivine,5,425,256
NF,218,103,1,Fe-Olivine,5,425,256
NF,218,104,1,Fe-Olivine,5,425,256
NF,218,105,1,Fe-Olivine,5,425,256
NF,218,106,1,Fe-Olivine,5,425,256
NF,218,107,1,Fe-Olivine,5,425,256
NF,218,337,1,Fe-Olivine,5,425,256
NF,218,338,1,Fe-Olivine,5,425,256
NF,218,339,1,Fe-Olivine,5,425,256
NF,218,340,1,Fe-Olivine,5,425,256
NF,218,341,1,Fe-Olivine,5,425,256
NF,218,342,1,Fe-Olivine,5,425,256
NF,218,343,1,Fe-Olivine,5,425,256
NF,218,344,1,Fe-Olivine,5,425,256
NF,218,345,1,Fe-Olivine,5,425,256
NF,218,346,1,Fe-Olivine,5,425,256
NF,218,374,4,Bassanite,2,425,256
NF,218,375,4,Bassanite,2,425,256
NF,218,376,4,Bassanite,2,425,256
NF,218,377,4,Bassanite,2,425,256
NF,218,378,4,Bassanite,2,425,256
NF,218,379,4,Bassanite,2,425,256
NF,218,380,4,Bassanite,2,425,256
NF,218,381,4,Bassanite,2,425,256
NF,218,382,4,Bassanite,2,425,256
NF,218,383,4,Bassanite,2,425,256
NF,218,384,4,Bassanite,2,425,256
NF,218,385,4,Bassanite,2,425,256
NF,218,386,4,Bassanite,2,425,256
NF,218,387,4,Bassanite,2,425,256
NF,218,388,4,Bassanite,2,425,256
NF,218,389,4,Bassanite,2,425,256
NF,218,390,4,Bassanite,2,425,256
NF,218,391,4,Bassanite,2,425,256
NF,218,392,4,Bassanite,2,425,256
NF,218,393,4,Bassanite,2,425,256
NF,218,404,8,Prehnite,14,425,256
NF,218,405,8,Prehnite,14,425,256
NF,218,406,8,Prehnite,14,425,256
NF,218,413,9,Serpentine,15,425,256
NF,218,414,9,Serpentine,15,425,256
NF,218,415,9,Serpentine,15,425,256
NF,218,416,9,Serpentine,15,425,256
NF,218,417,9,Serpentine,15,425,256
NF,218,509,6,Mg-Carbonate,10,425,256
NF,218,510,6,Mg-Carbonate,10,425,256
NF,218,511,6,Mg-Carbonate,10,425,256
NF,218,512,6,Mg-Carbonate,10,425,256
NF,218,513,6,Mg-Carbonate,10,425,256
NF,218,556,2,Epidote,4,425,256
NF,218,557,2,Epidote,4,425,256
NF,218,558,2,Epidote,4,425,256
NF,218,566,6,Mg-Carbonate,10,425,256
NF,218,567,6,Mg-Carbonate,10,425,256
NF,218,568,6,Mg-Carbonate,10,425,256
NF,218,569,6,Mg-Carbonate,10,425,256
NF,218,570,6,Mg-Carbonate,10,425,256
NF,218,571,6,Mg-Carbonate,10,425,256
NF,218,572,6,Mg-Carbonate,10,425,256
NF,219,67,1,Fe-Olivine,5,425,256
NF,219,68,1,Fe-Olivine,5,425,256
NF,219,69,1,Fe-Olivine,5,425,256
NF,219,70,1,Fe-Olivine,5,425,256
NF,219,71,1,Fe-Olivine,5,425,256
NF,219,72,1,Fe-Olivine,5,425,256
NF,219,73,1,Fe-Olivine,5,425,256
NF,219,74,1,Fe-Olivine,5,425,256
NF,219,75,1,Fe-Olivine,5,425,256
NF,219,76,1,Fe-Olivine,5,425,256
NF,219,77,1,Fe-Olivine,5,425,256
NF,219,78,1,Fe-Olivine,5,425,256
NF,219,79,1,Fe-Olivine,5,425,256
NF,219,80,1,Fe-Olivine,5,425,256
NF,219,81,1,Fe-Olivine,5,425,256
NF,219,82,1,Fe-Olivine,5,425,256
NF,219,83,1,Fe-Olivine,5,425,256
NF,219,84,1,Fe-Olivine,5,425,256
NF,219,85,1,Fe-Olivine,5,425,256
NF,219,86,1,Fe-Olivine,5,425,256
NF,219,87,1,Fe-Olivine,5,425,256
NF,219,88,1,Fe-Olivine,5,425,256
NF,219,89,1,Fe-Olivine,5,425,256
NF,219,90,1,Fe-Olivine,5,425,256
NF,219,91,1,Fe-Olivine,5,425,256
NF,219,92,1,Fe-Olivine,5,425,256
NF,219,93,1,Fe-Olivine,5,425,256
NF,219,94,1,Fe-Olivine,5,425,256
NF,219,95,1,Fe-Olivine,5,425,256
NF,219,96,1,Fe-Olivine,5,425,256
NF,219,97,1,Fe-Olivine,5,425,256
NF,219,98,1,Fe-Olivine,5,425,256
NF,219,99,1,Fe-Olivine,5,425,256
NF,219,100,1,Fe-Olivine,5,425,256
NF,219,101,1,Fe-Olivine,5,425,256
NF,219,102,1,Fe-Olivine,5,425,256
NF,219,103,1,Fe-Olivine,5,425,256
NF,219,104,1,Fe-Olivine,5,425,256
NF,219,105,1,Fe-Olivine,5,425,256
NF,219,106,1,Fe-Olivine,5,425,256
NF,219,107,1,Fe-Olivine,5,425,256
NF,219,108,1,Fe-Olivine,5,425,256
NF,219,339,1,Fe-Olivine,5,425,256
NF,219,340,1,Fe-Olivine,5,425,256
NF,219,341,1,Fe-Olivine,5,425,256
NF,219,342,1,Fe-Olivine,5,425,256
NF,219,343,1,Fe-Olivine,5,425,256
NF,219,344,1,Fe-Olivine,5,425,256
NF,219,345,1,Fe-Olivine,5,425,256
NF,219,346,1,Fe-Olivine,5,425,256
NF,219,374,4,Bassanite,2,425,256
NF,219,375,4,Bassanite,2,425,256
NF,219,376,4,Bassanite,2,425,256
NF,219,377,4,Bassanite,2,425,256
NF,219,378,4,Bassanite,2,425,256
NF,219,379,4,Bassanite,2,425,256
NF,219,380,4,Bassanite,2,425,256
NF,219,381,4,Bassanite,2,425,256
NF,219,382,4,Bassanite,2,425,256
NF,219,383,4,Bassanite,2,425,256
NF,219,384,4,Bassanite,2,425,256
NF,219,385,4,Bassanite,2,425,256
NF,219,386,4,Bassanite,2,425,256
NF,219,387,4,Bassanite,2,425,256
NF,219,388,4,Bassanite,2,425,256
NF,219,389,4,Bassanite,2,425,256
NF,219,390,4,Bassanite,2,425,256
NF,219,391,4,Bassanite,2,425,256
NF,219,392,4,Bassanite,2,425,256
NF,219,393,4,Bassanite,2,425,256
NF,219,394,4,Bassanite,2,425,256
NF,219,395,4,Bassanite,2,425,256
NF,219,403,8,Prehnite,14,425,256
NF,219,404,8,Prehnite,14,425,256
NF,219,405,8,Prehnite,14,425,256
NF,219,406,8,Prehnite,14,425,256
NF,219,414,9,Serpentine,15,425,256
NF,219,415,9,Serpentine,15,425,256
NF,219,416,9,Serpentine,15,425,256
NF,219,417,9,Serpentine,15,425,256
NF,219,509,6,Mg-Carbonate,10,425,256
NF,219,510,6,Mg-Carbonate,10,425,256
NF,219,511,6,Mg-Carbonate,10,425,256
NF,219,512,6,Mg-Carbonate,10,425,256
NF,219,513,6,Mg-Carbonate,10,425,256
NF,219,556,2,Epidote,4,425,256
NF,219,557,2,Epidote,4,425,256
NF,219,558,2,Epidote,4,425,256
NF,219,566,6,Mg-Carbonate,10,425,256
NF,219,567,6,Mg-Carbonate,10,425,256
NF,219,568,6,Mg-Carbonate,10,425,256
NF,219,569,6,Mg-Carbonate,10,425,256
NF,219,570,6,Mg-Carbonate,10,425,256
NF,219,571,6,Mg-Carbonate,10,425,256
NF,219,572,6,Mg-Carbonate,10,425,256
NF,220,67,1,Fe-Olivine,5,425,256
NF,220,68,1,Fe-Olivine,5,425,256
NF,220,69,1,Fe-Olivine,5,425,256
NF,220,70,1,Fe-Olivine,5,425,256
NF,220,71,1,Fe-Olivine,5,425,256
NF,220,72,1,Fe-Olivine,5,425,256
NF,220,73,1,Fe-Olivine,5,425,256
NF,220,74,1,Fe-Olivine,5,425,256
NF,220,75,1,Fe-Olivine,5,425,256
NF,220,76,1,Fe-Olivine,5,425,256
NF,220,77,1,Fe-Olivine,5,425,256
NF,220,78,1,Fe-Olivine,5,425,256
NF,220,79,1,Fe-Olivine,5,425,256
NF,220,80,1,Fe-Olivine,5,425,256
NF,220,81,1,Fe-Olivine,5,425,256
NF,220,82,1,Fe-Olivine,5,425,256
NF,220,83,1,Fe-Olivine,5,425,256
NF,220,84,1,Fe-Olivine,5,425,256
NF,220,85,1,Fe-Olivine,5,425,256
NF,220,86,1,Fe-Olivine,5,425,256
NF,220,87,1,Fe-Olivine,5,425,256
NF,220,88,1,Fe-Olivine,5,425,256
NF,220,89,1,Fe-Olivine,5,425,256
NF,220,90,1,Fe-Olivine,5,425,256
NF,220,91,1,Fe-Olivine,5,425,256
NF,220,92,1,Fe-Olivine,5,425,256
NF,220,93,1,Fe-Olivine,5,425,256
NF,220,94,1,Fe-Olivine,5,425,256
NF,220,95,1,Fe-Olivine,5,425,256
NF,220,96,1,Fe-Olivine,5,425,256
NF,220,97,1,Fe-Olivine,5,425,256
NF,220,98,1,Fe-Olivine,5,425,256
NF,220,99,1,Fe-Olivine,5,425,256
NF,220,100,1,Fe-Olivine,5,425,256
NF,220,101,1,Fe-Olivine,5,425,256
NF,220,102,1,Fe-Olivine,5,425,256
NF,220,103,1,Fe-Olivine,5,425,256
NF,220,104,1,Fe-Olivine,5,425,256
NF,220,105,1,Fe-Olivine,5,425,256
NF,220,106,1,Fe-Olivine,5,425,256
NF,220,107,1,Fe-Olivine,5,425,256
NF,220,108,1,Fe-Olivine,5,425,256
NF,220,109,1,Fe-Olivine,5,425,256
NF,220,110,1,Fe-Olivine,5,425,256
NF,220,341,1,Fe-Olivine,5,425,256
NF,220,342,1,Fe-Olivine,5,425,256
NF,220,343,1,Fe-Olivine,5,425,256
NF,220,344,1,Fe-Olivine,5,425,256
NF,220,345,1,Fe-Olivine,5,425,256
NF,220,346,1,Fe-Olivine,5,425,256
NF,220,347,1,Fe-Olivine,5,425,256
NF,220,373,4,Bassanite,2,425,256
NF,220,374,4,Bassanite,2,425,256
NF,220,375,4,Bassanite,2,425,256
NF,220,376,4,Bassanite,2,425,256
NF,220,377,4,Bassanite,2,425,256
NF,220,378,4,Bassanite,2,425,256
NF,220,379,4,Bassanite,2,425,256
NF,220,380,4,Bassanite,2,425,256
NF,220,381,4,Bassanite,2,425,256
NF,220,382,4,Bassanite,2,425,256
NF,220,383,4,Bassanite,2,425,256
NF,220,384,4,Bassanite,2,425,256
NF,220,385,4,Bassanite,2,425,256
NF,220,386,4,Bassanite,2,425,256
NF,220,387,4,Bassanite,2,425,256
NF,220,388,4,Bassanite,2,425,256
NF,220,389,4,Bassanite,2,425,256
NF,220,390,4,Bassanite,2,425,256
NF,220,391,4,Bassanite,2,425,256
NF,220,392,4,Bassanite,2,425,256
NF,220,393,4,Bassanite,2,425,256
NF,220,394,4,Bassanite,2,425,256
NF,220,395,4,Bassanite,2,425,256
NF,220,396,4,Bassanite,2,425,256
NF,220,397,4,Bassanite,2,425,256
NF,220,403,8,Prehnite,14,425,256
NF,220,404,8,Prehnite,14,425,256
NF,220,405,8,Prehnite,14,425,256
NF,220,406,8,Prehnite,14,425,256
NF,220,407,8,Prehnite,14,425,256
NF,220,414,9,Serpentine,15,425,256
NF,220,415,9,Serpentine,15,425,256
NF,220,416,9,Serpentine,15,425,256
NF,220,417,9,Serpentine,15,425,256
NF,220,509,6,Mg-Carbonate,10,425,256
NF,220,510,6,Mg-Carbonate,10,425,256
NF,220,511,6,Mg-Carbonate,10,425,256
NF,220,512,6,Mg-Carbonate,10,425,256
NF,220,513,6,Mg-Carbonate,10,425,256
NF,220,514,6,Mg-Carbonate,10,425,256
NF,220,566,6,Mg-Carbonate,10,425,256
NF,220,567,6,Mg-Carbonate,10,425,256
NF,220,568,6,Mg-Carbonate,10,425,256
NF,220,569,6,Mg-Carbonate,10,425,256
NF,220,570,6,Mg-Carbonate,10,425,256
NF,220,571,6,Mg-Carbonate,10,425,256
NF,220,572,6,Mg-Carbonate,10,425,256
NF,221,67,1,Fe-Olivine,5,425,256
NF,221,68,1,Fe-Olivine,5,425,256
NF,221,69,1,Fe-Olivine,5,425,256
NF,221,70,1,Fe-Olivine,5,425,256
NF,221,71,1,Fe-Olivine,5,425,256
NF,221,72,1,Fe-Olivine,5,425,256
NF,221,73,1,Fe-Olivine,5,425,256
NF,221,74,1,Fe-Olivine,5,425,256
NF,221,75,1,Fe-Olivine,5,425,256
NF,221,76,1,Fe-Olivine,5,425,256
NF,221,77,1,Fe-Olivine,5,425,256
NF,221,78,1,Fe-Olivine,5,425,256
NF,221,79,1,Fe-Olivine,5,425,256
NF,221,80,1,Fe-Olivine,5,425,256
NF,221,81,1,Fe-Olivine,5,425,256
NF,221,82,1,Fe-Olivine,5,425,256
NF,221,83,1,Fe-Olivine,5,425,256
NF,221,84,1,Fe-Olivine,5,425,256
NF,221,85,1,Fe-Olivine,5,425,256
NF,221,86,1,Fe-Olivine,5,425,256
NF,221,87,1,Fe-Olivine,5,425,256
NF,221,88,1,Fe-Olivine,5,425,256
NF,221,89,1,Fe-Olivine,5,425,256
NF,221,90,1,Fe-Olivine,5,425,256
NF,221,91,1,Fe-Olivine,5,425,256
NF,221,92,1,Fe-Olivine,5,425,256
NF,221,93,1,Fe-Olivine,5,425,256
NF,221,94,1,Fe-Olivine,5,425,256
NF,221,95,1,Fe-Olivine,5,425,256
NF,221,96,1,Fe-Olivine,5,425,256
NF,221,97,1,Fe-Olivine,5,425,256
NF,221,98,1,Fe-Olivine,5,425,256
NF,221,99,1,Fe-Olivine,5,425,256
NF,221,100,1,Fe-Olivine,5,425,256
NF,221,101,1,Fe-Olivine,5,425,256
NF,221,102,1,Fe-Olivine,5,425,256
NF,221,103,1,Fe-Olivine,5,425,256
NF,221,104,1,Fe-Olivine,5,425,256
NF,221,105,1,Fe-Olivine,5,425,256
NF,221,106,1,Fe-Olivine,5,425,256
NF,221,107,1,Fe-Olivine,5,425,256
NF,221,108,1,Fe-Olivine,5,425,256
NF,221,109,1,Fe-Olivine,5,425,256
NF,221,110,1,Fe-Olivine,5,425,256
NF,221,111,1,Fe-Olivine,5,425,256
NF,221,112,1,Fe-Olivine,5,425,256
NF,221,113,1,Fe-Olivine,5,425,256
NF,221,342,1,Fe-Olivine,5,425,256
NF,221,343,1,Fe-Olivine,5,425,256
NF,221,344,1,Fe-Olivine,5,425,256
NF,221,345,1,Fe-Olivine,5,425,256
NF,221,346,1,Fe-Olivine,5,425,256
NF,221,347,1,Fe-Olivine,5,425,256
NF,221,373,4,Bassanite,2,425,256
NF,221,374,4,Bassanite,2,425,256
NF,221,375,4,Bassanite,2,425,256
NF,221,376,4,Bassanite,2,425,256
NF,221,377,4,Bassanite,2,425,256
NF,221,378,4,Bassanite,2,425,256
NF,221,379,4,Bassanite,2,425,256
NF,221,380,4,Bassanite,2,425,256
NF,221,381,4,Bassanite,2,425,256
NF,221,382,4,Bassanite,2,425,256
NF,221,383,4,Bassanite,2,425,256
NF,221,384,4,Bassanite,2,425,256
NF,221,385,4,Bassanite,2,425,256
NF,221,386,4,Bassanite,2,425,256
NF,221,387,4,Bassanite,2,425,256
NF,221,388,4,Bassanite,2,425,256
NF,221,389,4,Bassanite,2,425,256
NF,221,390,4,Bassanite,2,425,256
NF,221,391,4,Bassanite,2,425,256
NF,221,392,4,Bassanite,2,425,256
NF,221,393,4,Bassanite,2,425,256
NF,221,394,4,Bassanite,2,425,256
NF,221,395,4,Bassanite,2,425,256
NF,221,396,4,Bassanite,2,425,256
NF,221,397,4,Bassanite,2,425,256
NF,221,398,4,Bassanite,2,425,256
NF,221,403,8,Prehnite,14,425,256
NF,221,404,8,Prehnite,14,425,256
NF,221,405,8,Prehnite,14,425,256
NF,221,406,8,Prehnite,14,425,256
NF,221,407,8,Prehnite,14,425,256
NF,221,509,6,Mg-Carbonate,10,425,256
NF,221,510,6,Mg-Carbonate,10,425,256
NF,221,511,6,Mg-Carbonate,10,425,256
NF,221,512,6,Mg-Carbonate,10,425,256
NF,221,513,6,Mg-Carbonate,10,425,256
NF,221,514,6,Mg-Carbonate,10,425,256
NF,221,565,6,Mg-Carbonate,10,425,256
NF,221,566,6,Mg-Carbonate,10,425,256
NF,221,567,6,Mg-Carbonate,10,425,256
NF,221,568,6,Mg-Carbonate,10,425,256
NF,221,569,6,Mg-Carbonate,10,425,256
NF,221,570,6,Mg-Carbonate,10,425,256
NF,221,571,6,Mg-Carbonate,10,425,256
NF,221,572,6,Mg-Carbonate,10,425,256
NF,222,67,1,Fe-Olivine,5,425,256
NF,222,68,1,Fe-Olivine,5,425,256
NF,222,69,1,Fe-Olivine,5,425,256
NF,222,70,1,Fe-Olivine,5,425,256
NF,222,71,1,Fe-Olivine,5,425,256
NF,222,72,1,Fe-Olivine,5,425,256
NF,222,73,1,Fe-Olivine,5,425,256
NF,222,74,1,Fe-Olivine,5,425,256
NF,222,75,1,Fe-Olivine,5,425,256
NF,222,76,1,Fe-Olivine,5,425,256
NF,222,77,1,Fe-Olivine,5,425,256
NF,222,78,1,Fe-Olivine,5,425,256
NF,222,79,1,Fe-Olivine,5,425,256
NF,222,80,1,Fe-Olivine,5,425,256
NF,222,81,1,Fe-Olivine,5,425,256
NF,222,82,1,Fe-Olivine,5,425,256
NF,222,83,1,Fe-Olivine,5,425,256
NF,222,84,1,Fe-Olivine,5,425,256
NF,222,85,1,Fe-Olivine,5,425,256
NF,222,86,1,Fe-Olivine,5,425,256
NF,222,87,1,Fe-Olivine,5,425,256
NF,222,88,1,Fe-Olivine,5,425,256
NF,222,89,1,Fe-Olivine,5,425,256
NF,222,90,1,Fe-Olivine,5,425,256
NF,222,91,1,Fe-Olivine,5,425,256
NF,222,92,1,Fe-Olivine,5,425,256
NF,222,93,1,Fe-Olivine,5,425,256
NF,222,94,1,Fe-Olivine,5,425,256
NF,222,95,1,Fe-Olivine,5,425,256
NF,222,96,1,Fe-Olivine,5,425,256
NF,222,97,1,Fe-Olivine,5,425,256
NF,222,98,1,Fe-Olivine,5,425,256
NF,222,99,1,Fe-Olivine,5,425,256
NF,222,100,1,Fe-Olivine,5,425,256
NF,222,101,1,Fe-Olivine,5,425,256
NF,222,102,1,Fe-Olivine,5,425,256
NF,222,103,1,Fe-Olivine,5,425,256
NF,222,104,1,Fe-Olivine,5,425,256
NF,222,105,1,Fe-Olivine,5,425,256
NF,222,106,1,Fe-Olivine,5,425,256
NF,222,107,1,Fe-Olivine,5,425,256
NF,222,108,1,Fe-Olivine,5,425,256
NF,222,109,1,Fe-Olivine,5,425,256
NF,222,110,1,Fe-Olivine,5,425,256
NF,222,111,1,Fe-Olivine,5,425,256
NF,222,112,1,Fe-Olivine,5,425,256
NF,222,113,1,Fe-Olivine,5,425,256
NF,222,114,1,Fe-Olivine,5,425,256
NF,222,115,1,Fe-Olivine,5,425,256
NF,222,344,1,Fe-Olivine,5,425,256
NF,222,345,1,Fe-Olivine,5,425,256
NF,222,346,1,Fe-Olivine,5,425,256
NF,222,374,4,Bassanite,2,425,256
NF,222,375,4,Bassanite,2,425,256
NF,222,376,4,Bassanite,2,425,256
NF,222,377,4,Bassanite,2,425,256
NF,222,378,4,Bassanite,2,425,256
NF,222,379,4,Bassanite,2,425,256
NF,222,380,4,Bassanite,2,425,256
NF,222,381,4,Bassanite,2,425,256
NF,222,382,4,Bassanite,2,425,256
NF,222,383,4,Bassanite,2,425,256
NF,222,384,4,Bassanite,2,425,256
NF,222,385,4,Bassanite,2,425,256
NF,222,386,4,Bassanite,2,425,256
NF,222,387,4,Bassanite,2,425,256
NF,222,388,4,Bassanite,2,425,256
NF,222,389,4,Bassanite,2,425,256
NF,222,390,4,Bassanite,2,425,256
NF,222,391,4,Bassanite,2,425,256
NF,222,392,4,Bassanite,2,425,256
NF,222,393,4,Bassanite,2,425,256
NF,222,394,4,Bassanite,2,425,256
NF,222,395,4,Bassanite,2,425,256
NF,222,396,4,Bassanite,2,425,256
NF,222,397,4,Bassanite,2,425,256
NF,222,398,4,Bassanite,2,425,256
NF,222,403,8,Prehnite,14,425,256
NF,222,404,8,Prehnite,14,425,256
NF,222,405,8,Prehnite,14,425,256
NF,222,406,8,Prehnite,14,425,256
NF,222,407,8,Prehnite,14,425,256
NF,222,509,6,Mg-Carbonate,10,425,256
NF,222,510,6,Mg-Carbonate,10,425,256
NF,222,511,6,Mg-Carbonate,10,425,256
NF,222,512,6,Mg-Carbonate,10,425,256
NF,222,513,6,Mg-Carbonate,10,425,256
NF,222,514,6,Mg-Carbonate,10,425,256
NF,222,565,6,Mg-Carbonate,10,425,256
NF,222,566,6,Mg-Carbonate,10,425,256
NF,222,567,6,Mg-Carbonate,10,425,256
NF,222,568,6,Mg-Carbonate,10,425,256
NF,222,569,6,Mg-Carbonate,10,425,256
NF,222,570,6,Mg-Carbonate,10,425,256
NF,222,571,6,Mg-Carbonate,10,425,256
NF,222,572,6,Mg-Carbonate,10,425,256
NF,223,67,1,Fe-Olivine,5,425,256
NF,223,68,1,Fe-Olivine,5,425,256
NF,223,69,1,Fe-Olivine,5,425,256
NF,223,70,1,Fe-Olivine,5,425,256
NF,223,71,1,Fe-Olivine,5,425,256
NF,223,72,1,Fe-Olivine,5,425,256
NF,223,73,1,Fe-Olivine,5,425,256
NF,223,74,1,Fe-Olivine,5,425,256
NF,223,75,1,Fe-Olivine,5,425,256
NF,223,76,1,Fe-Olivine,5,425,256
NF,223,77,1,Fe-Olivine,5,425,256
NF,223,78,1,Fe-Olivine,5,425,256
NF,223,79,1,Fe-Olivine,5,425,256
NF,223,80,1,Fe-Olivine,5,425,256
NF,223,81,1,Fe-Olivine,5,425,256
NF,223,82,1,Fe-Olivine,5,425,256
NF,223,83,1,Fe-Olivine,5,425,256
NF,223,84,1,Fe-Olivine,5,425,256
NF,223,85,1,Fe-Olivine,5,425,256
NF,223,86,1,Fe-Olivine,5,425,256
NF,223,87,1,Fe-Olivine,5,425,256
NF,223,88,1,Fe-Olivine,5,425,256
NF,223,89,1,Fe-Olivine,5,425,256
NF,223,90,1,Fe-Olivine,5,425,256
NF,223,91,1,Fe-Olivine,5,425,256
NF,223,92,1,Fe-Olivine,5,425,256
NF,223,93,1,Fe-Olivine,5,425,256
NF,223,94,1,Fe-Olivine,5,425,256
NF,223,95,1,Fe-Olivine,5,425,256
NF,223,96,1,Fe-Olivine,5,425,256
NF,223,97,1,Fe-Olivine,5,425,256
NF,223,98,1,Fe-Olivine,5,425,256
NF,223,99,1,Fe-Olivine,5,425,256
NF,223,100,1,Fe-Olivine,5,425,256
NF,223,101,1,Fe-Olivine,5,425,256
NF,223,102,1,Fe-Olivine,5,425,256
NF,223,103,1,Fe-Olivine,5,425,256
NF,223,104,1,Fe-Olivine,5,425,256
NF,223,105,1,Fe-Olivine,5,425,256
NF,223,106,1,Fe-Olivine,5,425,256
NF,223,107,1,Fe-Olivine,5,425,256
NF,223,108,1,Fe-Olivine,5,425,256
NF,223,109,1,Fe-Olivine,5,425,256
NF,223,110,1,Fe-Olivine,5,425,256
NF,223,111,1,Fe-Olivine,5,425,256
NF,223,112,1,Fe-Olivine,5,425,256
NF,223,113,1,Fe-Olivine,5,425,256
NF,223,114,1,Fe-Olivine,5,425,256
NF,223,115,1,Fe-Olivine,5,425,256
NF,223,116,1,Fe-Olivine,5,425,256
NF,223,117,1,Fe-Olivine,5,425,256
NF,223,376,4,Bassanite,2,425,256
NF,223,377,4,Bassanite,2,425,256
NF,223,378,4,Bassanite,2,425,256
NF,223,379,4,Bassanite,2,425,256
NF,223,380,4,Bassanite,2,425,256
NF,223,381,4,Bassanite,2,425,256
NF,223,382,4,Bassanite,2,425,256
NF,223,383,4,Bassanite,2,425,256
NF,223,384,4,Bassanite,2,425,256
NF,223,385,4,Bassanite,2,425,256
NF,223,386,4,Bassanite,2,425,256
NF,223,387,4,Bassanite,2,425,256
NF,223,388,4,Bassanite,2,425,256
NF,223,389,4,Bassanite,2,425,256
NF,223,390,4,Bassanite,2,425,256
NF,223,391,4,Bassanite,2,425,256
NF,223,392,4,Bassanite,2,425,256
NF,223,393,4,Bassanite,2,425,256
NF,223,394,4,Bassanite,2,425,256
NF,223,395,4,Bassanite,2,425,256
NF,223,396,4,Bassanite,2,425,256
NF,223,397,4,Bassanite,2,425,256
NF,223,398,4,Bassanite,2,425,256
NF,223,399,4,Bassanite,2,425,256
NF,223,404,8,Prehnite,14,425,256
NF,223,405,8,Prehnite,14,425,256
NF,223,406,8,Prehnite,14,425,256
NF,223,509,6,Mg-Carbonate,10,425,256
NF,223,510,6,Mg-Carbonate,10,425,256
NF,223,511,6,Mg-Carbonate,10,425,256
NF,223,512,6,Mg-Carbonate,10,425,256
NF,223,513,6,Mg-Carbonate,10,425,256
NF,223,514,6,Mg-Carbonate,10,425,256
NF,223,565,6,Mg-Carbonate,10,425,256
NF,223,566,6,Mg-Carbonate,10,425,256
NF,223,567,6,Mg-Carbonate,10,425,256
NF,223,568,6,Mg-Carbonate,10,425,256
NF,223,569,6,Mg-Carbonate,10,425,256
NF,223,570,6,Mg-Carbonate,10,425,256
NF,223,571,6,Mg-Carbonate,10,425,256
NF,223,572,6,Mg-Carbonate,10,425,256
NF,224,67,1,Fe-Olivine,5,425,256
NF,224,68,1,Fe-Olivine,5,425,256
NF,224,69,1,Fe-Olivine,5,425,256
NF,224,70,1,Fe-Olivine,5,425,256
NF,224,71,1,Fe-Olivine,5,425,256
NF,224,72,1,Fe-Olivine,5,425,256
NF,224,73,1,Fe-Olivine,5,425,256
NF,224,74,1,Fe-Olivine,5,425,256
NF,224,75,1,Fe-Olivine,5,425,256
NF,224,76,1,Fe-Olivine,5,425,256
NF,224,77,1,Fe-Olivine,5,425,256
NF,224,78,1,Fe-Olivine,5,425,256
NF,224,79,1,Fe-Olivine,5,425,256
NF,224,80,1,Fe-Olivine,5,425,256
NF,224,81,1,Fe-Olivine,5,425,256
NF,224,82,1,Fe-Olivine,5,425,256
NF,224,83,1,Fe-Olivine,5,425,256
NF,224,84,1,Fe-Olivine,5,425,256
NF,224,85,1,Fe-Olivine,5,425,256
NF,224,86,1,Fe-Olivine,5,425,256
NF,224,87,1,Fe-Olivine,5,425,256
NF,224,88,1,Fe-Olivine,5,425,256
NF,224,89,1,Fe-Olivine,5,425,256
NF,224,90,1,Fe-Olivine,5,425,256
NF,224,91,1,Fe-Olivine,5,425,256
NF,224,92,1,Fe-Olivine,5,425,256
NF,224,93,1,Fe-Olivine,5,425,256
NF,224,94,1,Fe-Olivine,5,425,256
NF,224,95,1,Fe-Olivine,5,425,256
NF,224,96,1,Fe-Olivine,5,425,256
NF,224,97,1,Fe-Olivine,5,425,256
NF,224,98,1,Fe-Olivine,5,425,256
NF,224,99,1,Fe-Olivine,5,425,256
NF,224,100,1,Fe-Olivine,5,425,256
NF,224,101,1,Fe-Olivine,5,425,256
NF,224,102,1,Fe-Olivine,5,425,256
NF,224,103,1,Fe-Olivine,5,425,256
NF,224,104,1,Fe-Olivine,5,425,256
NF,224,105,1,Fe-Olivine,5,425,256
NF,224,106,1,Fe-Olivine,5,425,256
NF,224,107,1,Fe-Olivine,5,425,256
NF,224,108,1,Fe-Olivine,5,425,256
NF,224,109,1,Fe-Olivine,5,425,256
NF,224,110,1,Fe-Olivine,5,425,256
NF,224,111,1,Fe-Olivine,5,425,256
NF,224,112,1,Fe-Olivine,5,425,256
NF,224,113,1,Fe-Olivine,5,425,256
NF,224,114,1,Fe-Olivine,5,425,256
NF,224,115,1,Fe-Olivine,5,425,256
NF,224,116,1,Fe-Olivine,5,425,256
NF,224,117,1,Fe-Olivine,5,425,256
NF,224,382,4,Bassanite,2,425,256
NF,224,383,4,Bassanite,2,425,256
NF,224,384,4,Bassanite,2,425,256
NF,224,385,4,Bassanite,2,425,256
NF,224,386,4,Bassanite,2,425,256
NF,224,387,4,Bassanite,2,425,256
NF,224,388,4,Bassanite,2,425,256
NF,224,389,4,Bassanite,2,425,256
NF,224,390,4,Bassanite,2,425,256
NF,224,391,4,Bassanite,2,425,256
NF,224,392,4,Bassanite,2,425,256
NF,224,393,4,Bassanite,2,425,256
NF,224,394,4,Bassanite,2,425,256
NF,224,395,4,Bassanite,2,425,256
NF,224,396,4,Bassanite,2,425,256
NF,224,397,4,Bassanite,2,425,256
NF,224,398,4,Bassanite,2,425,256
NF,224,399,4,Bassanite,2,425,256
NF,224,400,4,Bassanite,2,425,256
NF,224,401,4,Bassanite,2,425,256
NF,224,509,6,Mg-Carbonate,10,425,256
NF,224,510,6,Mg-Carbonate,10,425,256
NF,224,511,6,Mg-Carbonate,10,425,256
NF,224,512,6,Mg-Carbonate,10,425,256
NF,224,513,6,Mg-Carbonate,10,425,256
NF,224,514,6,Mg-Carbonate,10,425,256
NF,224,565,6,Mg-Carbonate,10,425,256
NF,224,566,6,Mg-Carbonate,10,425,256
NF,224,567,6,Mg-Carbonate,10,425,256
NF,224,568,6,Mg-Carbonate,10,425,256
NF,224,569,6,Mg-Carbonate,10,425,256
NF,224,570,6,Mg-Carbonate,10,425,256
NF,224,571,6,Mg-Carbonate,10,425,256
NF,224,572,6,Mg-Carbonate,10,425,256
NF,224,573,6,Mg-Carbonate,10,425,256
NF,225,67,1,Fe-Olivine,5,425,256
NF,225,68,1,Fe-Olivine,5,425,256
NF,225,69,1,Fe-Olivine,5,425,256
NF,225,70,1,Fe-Olivine,5,425,256
NF,225,71,1,Fe-Olivine,5,425,256
NF,225,72,1,Fe-Olivine,5,425,256
NF,225,73,1,Fe-Olivine,5,425,256
NF,225,74,1,Fe-Olivine,5,425,256
NF,225,75,1,Fe-Olivine,5,425,256
NF,225,76,1,Fe-Olivine,5,425,256
NF,225,77,1,Fe-Olivine,5,425,256
NF,225,78,1,Fe-Olivine,5,425,256
NF,225,79,1,Fe-Olivine,5,425,256
NF,225,80,1,Fe-Olivine,5,425,256
NF,225,81,1,Fe-Olivine,5,425,256
NF,225,82,1,Fe-Olivine,5,425,256
NF,225,83,1,Fe-Olivine,5,425,256
NF,225,84,1,Fe-Olivine,5,425,256
NF,225,85,1,Fe-Olivine,5,425,256
NF,225,86,1,Fe-Olivine,5,425,256
NF,225,87,1,Fe-Olivine,5,425,256
NF,225,88,1,Fe-Olivine,5,425,256
NF,225,89,1,Fe-Olivine,5,425,256
NF,225,90,1,Fe-Olivine,5,425,256
NF,225,91,1,Fe-Olivine,5,425,256
NF,225,92,1,Fe-Olivine,5,425,256
NF,225,93,1,Fe-Olivine,5,425,256
NF,225,94,1,Fe-Olivine,5,425,256
NF,225,95,1,Fe-Olivine,5,425,256
NF,225,96,1,Fe-Olivine,5,425,256
NF,225,97,1,Fe-Olivine,5,425,256
NF,225,98,1,Fe-Olivine,5,425,256
NF,225,99,1,Fe-Olivine,5,425,256
NF,225,100,1,Fe-Olivine,5,425,256
NF,225,101,1,Fe-Olivine,5,425,256
NF,225,102,1,Fe-Olivine,5,425,256
NF,225,103,1,Fe-Olivine,5,425,256
NF,225,104,1,Fe-Olivine,5,425,256
NF,225,105,1,Fe-Olivine,5,425,256
NF,225,106,1,Fe-Olivine,5,425,256
NF,225,107,1,Fe-Olivine,5,425,256
NF,225,108,1,Fe-Olivine,5,425,256
NF,225,109,1,Fe-Olivine,5,425,256
NF,225,110,1,Fe-Olivine,5,425,256
NF,225,111,1,Fe-Olivine,5,425,256
NF,225,112,1,Fe-Olivine,5,425,256
NF,225,113,1,Fe-Olivine,5,425,256
NF,225,114,1,Fe-Olivine,5,425,256
NF,225,115,1,Fe-Olivine,5,425,256
NF,225,116,1,Fe-Olivine,5,425,256
NF,225,117,1,Fe-Olivine,5,425,256
NF,225,118,1,Fe-Olivine,5,425,256
NF,225,384,4,Bassanite,2,425,256
NF,225,385,4,Bassanite,2,425,256
NF,225,386,4,Bassanite,2,425,256
NF,225,387,4,Bassanite,2,425,256
NF,225,388,4,Bassanite,2,425,256
NF,225,389,4,Bassanite,2,425,256
NF,225,390,4,Bassanite,2,425,256
NF,225,391,4,Bassanite,2,425,256
NF,225,392,4,Bassanite,2,425,256
NF,225,393,4,Bassanite,2,425,256
NF,225,394,4,Bassanite,2,425,256
NF,225,395,4,Bassanite,2,425,256
NF,225,396,4,Bassanite,2,425,256
NF,225,397,4,Bassanite,2,425,256
NF,225,398,4,Bassanite,2,425,256
NF,225,399,4,Bassanite,2,425,256
NF,225,400,4,Bassanite,2,425,256
NF,225,401,4,Bassanite,2,425,256
NF,225,402,4,Bassanite,2,425,256
NF,225,510,6,Mg-Carbonate,10,425,256
NF,225,511,6,Mg-Carbonate,10,425,256
NF,225,512,6,Mg-Carbonate,10,425,256
NF,225,513,6,Mg-Carbonate,10,425,256
NF,225,514,6,Mg-Carbonate,10,425,256
NF,225,565,6,Mg-Carbonate,10,425,256
NF,225,566,6,Mg-Carbonate,10,425,256
NF,225,567,6,Mg-Carbonate,10,425,256
NF,225,568,6,Mg-Carbonate,10,425,256
NF,225,569,6,Mg-Carbonate,10,425,256
NF,225,570,6,Mg-Carbonate,10,425,256
NF,225,571,6,Mg-Carbonate,10,425,256
NF,225,572,6,Mg-Carbonate,10,425,256
NF,225,573,6,Mg-Carbonate,10,425,256
NF,225,574,6,Mg-Carbonate,10,425,256
NF,226,67,1,Fe-Olivine,5,425,256
NF,226,68,1,Fe-Olivine,5,425,256
NF,226,69,1,Fe-Olivine,5,425,256
NF,226,70,1,Fe-Olivine,5,425,256
NF,226,71,1,Fe-Olivine,5,425,256
NF,226,72,1,Fe-Olivine,5,425,256
NF,226,73,1,Fe-Olivine,5,425,256
NF,226,74,1,Fe-Olivine,5,425,256
NF,226,75,1,Fe-Olivine,5,425,256
NF,226,76,1,Fe-Olivine,5,425,256
NF,226,77,1,Fe-Olivine,5,425,256
NF,226,78,1,Fe-Olivine,5,425,256
NF,226,79,1,Fe-Olivine,5,425,256
NF,226,80,1,Fe-Olivine,5,425,256
NF,226,81,1,Fe-Olivine,5,425,256
NF,226,82,1,Fe-Olivine,5,425,256
NF,226,83,1,Fe-Olivine,5,425,256
NF,226,84,1,Fe-Olivine,5,425,256
NF,226,85,1,Fe-Olivine,5,425,256
NF,226,86,1,Fe-Olivine,5,425,256
NF,226,87,1,Fe-Olivine,5,425,256
NF,226,88,1,Fe-Olivine,5,425,256
NF,226,89,1,Fe-Olivine,5,425,256
NF,226,90,1,Fe-Olivine,5,425,256
NF,226,91,1,Fe-Olivine,5,425,256
NF,226,92,1,Fe-Olivine,5,425,256
NF,226,93,1,Fe-Olivine,5,425,256
NF,226,94,1,Fe-Olivine,5,425,256
NF,226,95,1,Fe-Olivine,5,425,256
NF,226,96,1,Fe-Olivine,5,425,256
NF,226,97,1,Fe-Olivine,5,425,256
NF,226,98,1,Fe-Olivine,5,425,256
NF,226,99,1,Fe-Olivine,5,425,256
NF,226,100,1,Fe-Olivine,5,425,256
NF,226,101,1,Fe-Olivine,5,425,256
NF,226,102,1,Fe-Olivine,5,425,256
NF,226,103,1,Fe-Olivine,5,425,256
NF,226,104,1,Fe-Olivine,5,425,256
NF,226,105,1,Fe-Olivine,5,425,256
NF,226,106,1,Fe-Olivine,5,425,256
NF,226,107,1,Fe-Olivine,5,425,256
NF,226,108,1,Fe-Olivine,5,425,256
NF,226,109,1,Fe-Olivine,5,425,256
NF,226,110,1,Fe-Olivine,5,425,256
NF,226,111,1,Fe-Olivine,5,425,256
NF,226,112,1,Fe-Olivine,5,425,256
NF,226,113,1,Fe-Olivine,5,425,256
NF,226,114,1,Fe-Olivine,5,425,256
NF,226,115,1,Fe-Olivine,5,425,256
NF,226,116,1,Fe-Olivine,5,425,256
NF,226,117,1,Fe-Olivine,5,425,256
NF,226,118,1,Fe-Olivine,5,425,256
NF,226,119,1,Fe-Olivine,5,425,256
NF,226,387,4,Bassanite,2,425,256
NF,226,388,4,Bassanite,2,425,256
NF,226,389,4,Bassanite,2,425,256
NF,226,390,4,Bassanite,2,425,256
NF,226,391,4,Bassanite,2,425,256
NF,226,392,4,Bassanite,2,425,256
NF,226,393,4,Bassanite,2,425,256
NF,226,394,4,Bassanite,2,425,256
NF,226,395,4,Bassanite,2,425,256
NF,226,396,4,Bassanite,2,425,256
NF,226,397,4,Bassanite,2,425,256
NF,226,398,4,Bassanite,2,425,256
NF,226,399,4,Bassanite,2,425,256
NF,226,400,4,Bassanite,2,425,256
NF,226,401,4,Bassanite,2,425,256
NF,226,402,4,Bassanite,2,425,256
NF,226,403,4,Bassanite,2,425,256
NF,226,510,6,Mg-Carbonate,10,425,256
NF,226,511,6,Mg-Carbonate,10,425,256
NF,226,512,6,Mg-Carbonate,10,425,256
NF,226,513,6,Mg-Carbonate,10,425,256
NF,226,514,6,Mg-Carbonate,10,425,256
NF,226,566,6,Mg-Carbonate,10,425,256
NF,226,567,6,Mg-Carbonate,10,425,256
NF,226,568,6,Mg-Carbonate,10,425,256
NF,226,569,6,Mg-Carbonate,10,425,256
NF,226,570,6,Mg-Carbonate,10,425,256
NF,226,571,6,Mg-Carbonate,10,425,256
NF,226,572,6,Mg-Carbonate,10,425,256
NF,226,573,6,Mg-Carbonate,10,425,256
NF,226,574,6,Mg-Carbonate,10,425,256
NF,227,67,1,Fe-Olivine,5,425,256
NF,227,68,1,Fe-Olivine,5,425,256
NF,227,69,1,Fe-Olivine,5,425,256
NF,227,70,1,Fe-Olivine,5,425,256
NF,227,71,1,Fe-Olivine,5,425,256
NF,227,72,1,Fe-Olivine,5,425,256
NF,227,73,1,Fe-Olivine,5,425,256
NF,227,74,1,Fe-Olivine,5,425,256
NF,227,75,1,Fe-Olivine,5,425,256
NF,227,76,1,Fe-Olivine,5,425,256
NF,227,77,1,Fe-Olivine,5,425,256
NF,227,78,1,Fe-Olivine,5,425,256
NF,227,79,1,Fe-Olivine,5,425,256
NF,227,80,1,Fe-Olivine,5,425,256
NF,227,81,1,Fe-Olivine,5,425,256
NF,227,82,1,Fe-Olivine,5,425,256
NF,227,83,1,Fe-Olivine,5,425,256
NF,227,84,1,Fe-Olivine,5,425,256
NF,227,85,1,Fe-Olivine,5,425,256
NF,227,86,1,Fe-Olivine,5,425,256
NF,227,87,1,Fe-Olivine,5,425,256
NF,227,88,1,Fe-Olivine,5,425,256
NF,227,89,1,Fe-Olivine,5,425,256
NF,227,90,1,Fe-Olivine,5,425,256
NF,227,91,1,Fe-Olivine,5,425,256
NF,227,92,1,Fe-Olivine,5,425,256
NF,227,93,1,Fe-Olivine,5,425,256
NF,227,94,1,Fe-Olivine,5,425,256
NF,227,95,1,Fe-Olivine,5,425,256
NF,227,96,1,Fe-Olivine,5,425,256
NF,227,97,1,Fe-Olivine,5,425,256
NF,227,98,1,Fe-Olivine,5,425,256
NF,227,99,1,Fe-Olivine,5,425,256
NF,227,100,1,Fe-Olivine,5,425,256
NF,227,101,1,Fe-Olivine,5,425,256
NF,227,102,1,Fe-Olivine,5,425,256
NF,227,103,1,Fe-Olivine,5,425,256
NF,227,104,1,Fe-Olivine,5,425,256
NF,227,105,1,Fe-Olivine,5,425,256
NF,227,106,1,Fe-Olivine,5,425,256
NF,227,107,1,Fe-Olivine,5,425,256
NF,227,108,1,Fe-Olivine,5,425,256
NF,227,109,1,Fe-Olivine,5,425,256
NF,227,110,1,Fe-Olivine,5,425,256
NF,227,111,1,Fe-Olivine,5,425,256
NF,227,112,1,Fe-Olivine,5,425,256
NF,227,113,1,Fe-Olivine,5,425,256
NF,227,114,1,Fe-Olivine,5,425,256
NF,227,115,1,Fe-Olivine,5,425,256
NF,227,116,1,Fe-Olivine,5,425,256
NF,227,117,1,Fe-Olivine,5,425,256
NF,227,118,1,Fe-Olivine,5,425,256
NF,227,119,1,Fe-Olivine,5,425,256
NF,227,120,1,Fe-Olivine,5,425,256
NF,227,389,4,Bassanite,2,425,256
NF,227,390,4,Bassanite,2,425,256
NF,227,391,4,Bassanite,2,425,256
NF,227,392,4,Bassanite,2,425,256
NF,227,393,4,Bassanite,2,425,256
NF,227,394,4,Bassanite,2,425,256
NF,227,395,4,Bassanite,2,425,256
NF,227,396,4,Bassanite,2,425,256
NF,227,397,4,Bassanite,2,425,256
NF,227,398,4,Bassanite,2,425,256
NF,227,399,4,Bassanite,2,425,256
NF,227,400,4,Bassanite,2,425,256
NF,227,401,4,Bassanite,2,425,256
NF,227,402,4,Bassanite,2,425,256
NF,227,403,4,Bassanite,2,425,256
NF,227,404,4,Bassanite,2,425,256
NF,227,510,6,Mg-Carbonate,10,425,256
NF,227,511,6,Mg-Carbonate,10,425,256
NF,227,512,6,Mg-Carbonate,10,425,256
NF,227,513,6,Mg-Carbonate,10,425,256
NF,227,514,6,Mg-Carbonate,10,425,256
NF,227,566,6,Mg-Carbonate,10,425,256
NF,227,567,6,Mg-Carbonate,10,425,256
NF,227,568,6,Mg-Carbonate,10,425,256
NF,227,569,6,Mg-Carbonate,10,425,256
NF,227,570,6,Mg-Carbonate,10,425,256
NF,227,571,6,Mg-Carbonate,10,425,256
NF,227,572,6,Mg-Carbonate,10,425,256
NF,227,573,6,Mg-Carbonate,10,425,256
NF,227,574,6,Mg-Carbonate,10,425,256
NF,227,575,6,Mg-Carbonate,10,425,256
NF,228,67,1,Fe-Olivine,5,425,256
NF,228,68,1,Fe-Olivine,5,425,256
NF,228,69,1,Fe-Olivine,5,425,256
NF,228,70,1,Fe-Olivine,5,425,256
NF,228,71,1,Fe-Olivine,5,425,256
NF,228,72,1,Fe-Olivine,5,425,256
NF,228,73,1,Fe-Olivine,5,425,256
NF,228,74,1,Fe-Olivine,5,425,256
NF,228,75,1,Fe-Olivine,5,425,256
NF,228,76,1,Fe-Olivine,5,425,256
NF,228,77,1,Fe-Olivine,5,425,256
NF,228,78,1,Fe-Olivine,5,425,256
NF,228,79,1,Fe-Olivine,5,425,256
NF,228,80,1,Fe-Olivine,5,425,256
NF,228,81,1,Fe-Olivine,5,425,256
NF,228,82,1,Fe-Olivine,5,425,256
NF,228,83,1,Fe-Olivine,5,425,256
NF,228,84,1,Fe-Olivine,5,425,256
NF,228,85,1,Fe-Olivine,5,425,256
NF,228,86,1,Fe-Olivine,5,425,256
NF,228,87,1,Fe-Olivine,5,425,256
NF,228,88,1,Fe-Olivine,5,425,256
NF,228,89,1,Fe-Olivine,5,425,256
NF,228,90,1,Fe-Olivine,5,425,256
NF,228,91,1,Fe-Olivine,5,425,256
NF,228,92,1,Fe-Olivine,5,425,256
NF,228,93,1,Fe-Olivine,5,425,256
NF,228,94,1,Fe-Olivine,5,425,256
NF,228,95,1,Fe-Olivine,5,425,256
NF,228,96,1,Fe-Olivine,5,425,256
NF,228,97,1,Fe-Olivine,5,425,256
NF,228,98,1,Fe-Olivine,5,425,256
NF,228,99,1,Fe-Olivine,5,425,256
NF,228,100,1,Fe-Olivine,5,425,256
NF,228,101,1,Fe-Olivine,5,425,256
NF,228,102,1,Fe-Olivine,5,425,256
NF,228,103,1,Fe-Olivine,5,425,256
NF,228,104,1,Fe-Olivine,5,425,256
NF,228,105,1,Fe-Olivine,5,425,256
NF,228,106,1,Fe-Olivine,5,425,256
NF,228,107,1,Fe-Olivine,5,425,256
NF,228,108,1,Fe-Olivine,5,425,256
NF,228,109,1,Fe-Olivine,5,425,256
NF,228,110,1,Fe-Olivine,5,425,256
NF,228,111,1,Fe-Olivine,5,425,256
NF,228,112,1,Fe-Olivine,5,425,256
NF,228,113,1,Fe-Olivine,5,425,256
NF,228,114,1,Fe-Olivine,5,425,256
NF,228,115,1,Fe-Olivine,5,425,256
NF,228,116,1,Fe-Olivine,5,425,256
NF,228,117,1,Fe-Olivine,5,425,256
NF,228,118,1,Fe-Olivine,5,425,256
NF,228,119,1,Fe-Olivine,5,425,256
NF,228,120,1,Fe-Olivine,5,425,256
NF,228,391,4,Bassanite,2,425,256
NF,228,392,4,Bassanite,2,425,256
NF,228,393,4,Bassanite,2,425,256
NF,228,394,4,Bassanite,2,425,256
NF,228,395,4,Bassanite,2,425,256
NF,228,396,4,Bassanite,2,425,256
NF,228,397,4,Bassanite,2,425,256
NF,228,398,4,Bassanite,2,425,256
NF,228,399,4,Bassanite,2,425,256
NF,228,400,4,Bassanite,2,425,256
NF,228,401,4,Bassanite,2,425,256
NF,228,402,4,Bassanite,2,425,256
NF,228,403,4,Bassanite,2,425,256
NF,228,404,4,Bassanite,2,425,256
NF,228,405,4,Bassanite,2,425,256
NF,228,510,6,Mg-Carbonate,10,425,256
NF,228,511,6,Mg-Carbonate,10,425,256
NF,228,512,6,Mg-Carbonate,10,425,256
NF,228,513,6,Mg-Carbonate,10,425,256
NF,228,514,6,Mg-Carbonate,10,425,256
NF,228,566,6,Mg-Carbonate,10,425,256
NF,228,567,6,Mg-Carbonate,10,425,256
NF,228,568,6,Mg-Carbonate,10,425,256
NF,228,569,6,Mg-Carbonate,10,425,256
NF,228,570,6,Mg-Carbonate,10,425,256
NF,228,571,6,Mg-Carbonate,10,425,256
NF,228,572,6,Mg-Carbonate,10,425,256
NF,228,573,6,Mg-Carbonate,10,425,256
NF,228,574,6,Mg-Carbonate,10,425,256
NF,228,575,6,Mg-Carbonate,10,425,256
NF,229,67,1,Fe-Olivine,5,425,256
NF,229,68,1,Fe-Olivine,5,425,256
NF,229,69,1,Fe-Olivine,5,425,256
NF,229,70,1,Fe-Olivine,5,425,256
NF,229,71,1,Fe-Olivine,5,425,256
NF,229,72,1,Fe-Olivine,5,425,256
NF,229,73,1,Fe-Olivine,5,425,256
NF,229,74,1,Fe-Olivine,5,425,256
NF,229,75,1,Fe-Olivine,5,425,256
NF,229,76,1,Fe-Olivine,5,425,256
NF,229,77,1,Fe-Olivine,5,425,256
NF,229,78,1,Fe-Olivine,5,425,256
NF,229,79,1,Fe-Olivine,5,425,256
NF,229,80,1,Fe-Olivine,5,425,256
NF,229,81,1,Fe-Olivine,5,425,256
NF,229,82,1,Fe-Olivine,5,425,256
NF,229,83,1,Fe-Olivine,5,425,256
NF,229,84,1,Fe-Olivine,5,425,256
NF,229,85,1,Fe-Olivine,5,425,256
NF,229,86,1,Fe-Olivine,5,425,256
NF,229,87,1,Fe-Olivine,5,425,256
NF,229,88,1,Fe-Olivine,5,425,256
NF,229,89,1,Fe-Olivine,5,425,256
NF,229,90,1,Fe-Olivine,5,425,256
NF,229,91,1,Fe-Olivine,5,425,256
NF,229,92,1,Fe-Olivine,5,425,256
NF,229,93,1,Fe-Olivine,5,425,256
NF,229,94,1,Fe-Olivine,5,425,256
NF,229,95,1,Fe-Olivine,5,425,256
NF,229,96,1,Fe-Olivine,5,425,256
NF,229,97,1,Fe-Olivine,5,425,256
NF,229,98,1,Fe-Olivine,5,425,256
NF,229,99,1,Fe-Olivine,5,425,256
NF,229,100,1,Fe-Olivine,5,425,256
NF,229,101,1,Fe-Olivine,5,425,256
NF,229,102,1,Fe-Olivine,5,425,256
NF,229,103,1,Fe-Olivine,5,425,256
NF,229,104,1,Fe-Olivine,5,425,256
NF,229,105,1,Fe-Olivine,5,425,256
NF,229,106,1,Fe-Olivine,5,425,256
NF,229,107,1,Fe-Olivine,5,425,256
NF,229,108,1,Fe-Olivine,5,425,256
NF,229,109,1,Fe-Olivine,5,425,256
NF,229,110,1,Fe-Olivine,5,425,256
NF,229,111,1,Fe-Olivine,5,425,256
NF,229,112,1,Fe-Olivine,5,425,256
NF,229,113,1,Fe-Olivine,5,425,256
NF,229,114,1,Fe-Olivine,5,425,256
NF,229,115,1,Fe-Olivine,5,425,256
NF,229,116,1,Fe-Olivine,5,425,256
NF,229,117,1,Fe-Olivine,5,425,256
NF,229,118,1,Fe-Olivine,5,425,256
NF,229,119,1,Fe-Olivine,5,425,256
NF,229,120,1,Fe-Olivine,5,425,256
NF,229,392,4,Bassanite,2,425,256
NF,229,393,4,Bassanite,2,425,256
NF,229,394,4,Bassanite,2,425,256
NF,229,395,4,Bassanite,2,425,256
NF,229,396,4,Bassanite,2,425,256
NF,229,397,4,Bassanite,2,425,256
NF,229,398,4,Bassanite,2,425,256
NF,229,399,4,Bassanite,2,425,256
NF,229,400,4,Bassanite,2,425,256
NF,229,401,4,Bassanite,2,425,256
NF,229,402,4,Bassanite,2,425,256
NF,229,403,4,Bassanite,2,425,256
NF,229,404,4,Bassanite,2,425,256
NF,229,405,4,Bassanite,2,425,256
NF,229,406,4,Bassanite,2,425,256
NF,229,510,6,Mg-Carbonate,10,425,256
NF,229,511,6,Mg-Carbonate,10,425,256
NF,229,512,6,Mg-Carbonate,10,425,256
NF,229,513,6,Mg-Carbonate,10,425,256
NF,229,514,6,Mg-Carbonate,10,425,256
NF,229,566,6,Mg-Carbonate,10,425,256
NF,229,567,6,Mg-Carbonate,10,425,256
NF,229,568,6,Mg-Carbonate,10,425,256
NF,229,569,6,Mg-Carbonate,10,425,256
NF,229,570,6,Mg-Carbonate,10,425,256
NF,229,571,6,Mg-Carbonate,10,425,256
NF,229,572,6,Mg-Carbonate,10,425,256
NF,229,573,6,Mg-Carbonate,10,425,256
NF,229,574,6,Mg-Carbonate,10,425,256
NF,229,575,6,Mg-Carbonate,10,425,256
NF,230,68,1,Fe-Olivine,5,425,256
NF,230,69,1,Fe-Olivine,5,425,256
NF,230,70,1,Fe-Olivine,5,425,256
NF,230,71,1,Fe-Olivine,5,425,256
NF,230,72,1,Fe-Olivine,5,425,256
NF,230,73,1,Fe-Olivine,5,425,256
NF,230,74,1,Fe-Olivine,5,425,256
NF,230,75,1,Fe-Olivine,5,425,256
NF,230,76,1,Fe-Olivine,5,425,256
NF,230,77,1,Fe-Olivine,5,425,256
NF,230,78,1,Fe-Olivine,5,425,256
NF,230,79,1,Fe-Olivine,5,425,256
NF,230,80,1,Fe-Olivine,5,425,256
NF,230,81,1,Fe-Olivine,5,425,256
NF,230,82,1,Fe-Olivine,5,425,256
NF,230,83,1,Fe-Olivine,5,425,256
NF,230,84,1,Fe-Olivine,5,425,256
NF,230,85,1,Fe-Olivine,5,425,256
NF,230,86,1,Fe-Olivine,5,425,256
NF,230,87,1,Fe-Olivine,5,425,256
NF,230,88,1,Fe-Olivine,5,425,256
NF,230,89,1,Fe-Olivine,5,425,256
NF,230,90,1,Fe-Olivine,5,425,256
NF,230,91,1,Fe-Olivine,5,425,256
NF,230,92,1,Fe-Olivine,5,425,256
NF,230,93,1,Fe-Olivine,5,425,256
NF,230,94,1,Fe-Olivine,5,425,256
NF,230,95,1,Fe-Olivine,5,425,256
NF,230,96,1,Fe-Olivine,5,425,256
NF,230,97,1,Fe-Olivine,5,425,256
NF,230,98,1,Fe-Olivine,5,425,256
NF,230,99,1,Fe-Olivine,5,425,256
NF,230,100,1,Fe-Olivine,5,425,256
NF,230,101,1,Fe-Olivine,5,425,256
NF,230,102,1,Fe-Olivine,5,425,256
NF,230,103,1,Fe-Olivine,5,425,256
NF,230,104,1,Fe-Olivine,5,425,256
NF,230,105,1,Fe-Olivine,5,425,256
NF,230,106,1,Fe-Olivine,5,425,256
NF,230,107,1,Fe-Olivine,5,425,256
NF,230,108,1,Fe-Olivine,5,425,256
NF,230,109,1,Fe-Olivine,5,425,256
NF,230,110,1,Fe-Olivine,5,425,256
NF,230,111,1,Fe-Olivine,5,425,256
NF,230,112,1,Fe-Olivine,5,425,256
NF,230,113,1,Fe-Olivine,5,425,256
NF,230,114,1,Fe-Olivine,5,425,256
NF,230,115,1,Fe-Olivine,5,425,256
NF,230,116,1,Fe-Olivine,5,425,256
NF,230,117,1,Fe-Olivine,5,425,256
NF,230,118,1,Fe-Olivine,5,425,256
NF,230,119,1,Fe-Olivine,5,425,256
NF,230,120,1,Fe-Olivine,5,425,256
NF,230,121,1,Fe-Olivine,5,425,256
NF,230,395,4,Bassanite,2,425,256
NF,230,396,4,Bassanite,2,425,256
NF,230,397,4,Bassanite,2,425,256
NF,230,398,4,Bassanite,2,425,256
NF,230,399,4,Bassanite,2,425,256
NF,230,400,4,Bassanite,2,425,256
NF,230,401,4,Bassanite,2,425,256
NF,230,402,4,Bassanite,2,425,256
NF,230,403,4,Bassanite,2,425,256
NF,230,404,4,Bassanite,2,425,256
NF,230,405,4,Bassanite,2,425,256
NF,230,406,4,Bassanite,2,425,256
NF,230,510,6,Mg-Carbonate,10,425,256
NF,230,511,6,Mg-Carbonate,10,425,256
NF,230,512,6,Mg-Carbonate,10,425,256
NF,230,513,6,Mg-Carbonate,10,425,256
NF,230,514,6,Mg-Carbonate,10,425,256
NF,230,566,6,Mg-Carbonate,10,425,256
NF,230,567,6,Mg-Carbonate,10,425,256
NF,230,568,6,Mg-Carbonate,10,425,256
NF,230,569,6,Mg-Carbonate,10,425,256
NF,230,570,6,Mg-Carbonate,10,425,256
NF,230,571,6,Mg-Carbonate,10,425,256
NF,230,572,6,Mg-Carbonate,10,425,256
NF,230,573,6,Mg-Carbonate,10,425,256
NF,230,574,6,Mg-Carbonate,10,425,256
NF,230,575,6,Mg-Carbonate,10,425,256
NF,230,576,6,Mg-Carbonate,10,425,256
NF,231,68,1,Fe-Olivine,5,425,256
NF,231,69,1,Fe-Olivine,5,425,256
NF,231,70,1,Fe-Olivine,5,425,256
NF,231,71,1,Fe-Olivine,5,425,256
NF,231,72,1,Fe-Olivine,5,425,256
NF,231,73,1,Fe-Olivine,5,425,256
NF,231,74,1,Fe-Olivine,5,425,256
NF,231,75,1,Fe-Olivine,5,425,256
NF,231,76,1,Fe-Olivine,5,425,256
NF,231,77,1,Fe-Olivine,5,425,256
NF,231,78,1,Fe-Olivine,5,425,256
NF,231,79,1,Fe-Olivine,5,425,256
NF,231,80,1,Fe-Olivine,5,425,256
NF,231,81,1,Fe-Olivine,5,425,256
NF,231,82,1,Fe-Olivine,5,425,256
NF,231,83,1,Fe-Olivine,5,425,256
NF,231,84,1,Fe-Olivine,5,425,256
NF,231,85,1,Fe-Olivine,5,425,256
NF,231,86,1,Fe-Olivine,5,425,256
NF,231,87,1,Fe-Olivine,5,425,256
NF,231,88,1,Fe-Olivine,5,425,256
NF,231,89,1,Fe-Olivine,5,425,256
NF,231,90,1,Fe-Olivine,5,425,256
NF,231,91,1,Fe-Olivine,5,425,256
NF,231,92,1,Fe-Olivine,5,425,256
NF,231,93,1,Fe-Olivine,5,425,256
NF,231,94,1,Fe-Olivine,5,425,256
NF,231,95,1,Fe-Olivine,5,425,256
NF,231,96,1,Fe-Olivine,5,425,256
NF,231,97,1,Fe-Olivine,5,425,256
NF,231,98,1,Fe-Olivine,5,425,256
NF,231,99,1,Fe-Olivine,5,425,256
NF,231,100,1,Fe-Olivine,5,425,256
NF,231,101,1,Fe-Olivine,5,425,256
NF,231,102,1,Fe-Olivine,5,425,256
NF,231,103,1,Fe-Olivine,5,425,256
NF,231,104,1,Fe-Olivine,5,425,256
NF,231,105,1,Fe-Olivine,5,425,256
NF,231,106,1,Fe-Olivine,5,425,256
NF,231,107,1,Fe-Olivine,5,425,256
NF,231,108,1,Fe-Olivine,5,425,256
NF,231,109,1,Fe-Olivine,5,425,256
NF,231,110,1,Fe-Olivine,5,425,256
NF,231,111,1,Fe-Olivine,5,425,256
NF,231,112,1,Fe-Olivine,5,425,256
NF,231,113,1,Fe-Olivine,5,425,256
NF,231,114,1,Fe-Olivine,5,425,256
NF,231,115,1,Fe-Olivine,5,425,256
NF,231,116,1,Fe-Olivine,5,425,256
NF,231,117,1,Fe-Olivine,5,425,256
NF,231,118,1,Fe-Olivine,5,425,256
NF,231,119,1,Fe-Olivine,5,425,256
NF,231,120,1,Fe-Olivine,5,425,256
NF,231,121,1,Fe-Olivine,5,425,256
NF,231,395,4,Bassanite,2,425,256
NF,231,396,4,Bassanite,2,425,256
NF,231,397,4,Bassanite,2,425,256
NF,231,398,4,Bassanite,2,425,256
NF,231,399,4,Bassanite,2,425,256
NF,231,400,4,Bassanite,2,425,256
NF,231,401,4,Bassanite,2,425,256
NF,231,402,4,Bassanite,2,425,256
NF,231,403,4,Bassanite,2,425,256
NF,231,404,4,Bassanite,2,425,256
NF,231,405,4,Bassanite,2,425,256
NF,231,406,4,Bassanite,2,425,256
NF,231,407,4,Bassanite,2,425,256
NF,231,510,6,Mg-Carbonate,10,425,256
NF,231,511,6,Mg-Carbonate,10,425,256
NF,231,512,6,Mg-Carbonate,10,425,256
NF,231,513,6,Mg-Carbonate,10,425,256
NF,231,514,6,Mg-Carbonate,10,425,256
NF,231,515,6,Mg-Carbonate,10,425,256
NF,231,567,6,Mg-Carbonate,10,425,256
NF,231,568,6,Mg-Carbonate,10,425,256
NF,231,569,6,Mg-Carbonate,10,425,256
NF,231,570,6,Mg-Carbonate,10,425,256
NF,231,571,6,Mg-Carbonate,10,425,256
NF,231,572,6,Mg-Carbonate,10,425,256
NF,231,573,6,Mg-Carbonate,10,425,256
NF,231,574,6,Mg-Carbonate,10,425,256
NF,231,575,6,Mg-Carbonate,10,425,256
NF,231,576,6,Mg-Carbonate,10,425,256
NF,232,69,1,Fe-Olivine,5,425,256
NF,232,70,1,Fe-Olivine,5,425,256
NF,232,71,1,Fe-Olivine,5,425,256
NF,232,72,1,Fe-Olivine,5,425,256
NF,232,73,1,Fe-Olivine,5,425,256
NF,232,74,1,Fe-Olivine,5,425,256
NF,232,75,1,Fe-Olivine,5,425,256
NF,232,76,1,Fe-Olivine,5,425,256
NF,232,77,1,Fe-Olivine,5,425,256
NF,232,78,1,Fe-Olivine,5,425,256
NF,232,79,1,Fe-Olivine,5,425,256
NF,232,80,1,Fe-Olivine,5,425,256
NF,232,81,1,Fe-Olivine,5,425,256
NF,232,82,1,Fe-Olivine,5,425,256
NF,232,83,1,Fe-Olivine,5,425,256
NF,232,84,1,Fe-Olivine,5,425,256
NF,232,85,1,Fe-Olivine,5,425,256
NF,232,86,1,Fe-Olivine,5,425,256
NF,232,87,1,Fe-Olivine,5,425,256
NF,232,88,1,Fe-Olivine,5,425,256
NF,232,89,1,Fe-Olivine,5,425,256
NF,232,90,1,Fe-Olivine,5,425,256
NF,232,91,1,Fe-Olivine,5,425,256
NF,232,92,1,Fe-Olivine,5,425,256
NF,232,93,1,Fe-Olivine,5,425,256
NF,232,94,1,Fe-Olivine,5,425,256
NF,232,95,1,Fe-Olivine,5,425,256
NF,232,96,1,Fe-Olivine,5,425,256
NF,232,97,1,Fe-Olivine,5,425,256
NF,232,98,1,Fe-Olivine,5,425,256
NF,232,99,1,Fe-Olivine,5,425,256
NF,232,100,1,Fe-Olivine,5,425,256
NF,232,101,1,Fe-Olivine,5,425,256
NF,232,102,1,Fe-Olivine,5,425,256
NF,232,103,1,Fe-Olivine,5,425,256
NF,232,104,1,Fe-Olivine,5,425,256
NF,232,105,1,Fe-Olivine,5,425,256
NF,232,106,1,Fe-Olivine,5,425,256
NF,232,107,1,Fe-Olivine,5,425,256
NF,232,108,1,Fe-Olivine,5,425,256
NF,232,109,1,Fe-Olivine,5,425,256
NF,232,110,1,Fe-Olivine,5,425,256
NF,232,111,1,Fe-Olivine,5,425,256
NF,232,112,1,Fe-Olivine,5,425,256
NF,232,113,1,Fe-Olivine,5,425,256
NF,232,114,1,Fe-Olivine,5,425,256
NF,232,115,1,Fe-Olivine,5,425,256
NF,232,116,1,Fe-Olivine,5,425,256
NF,232,117,1,Fe-Olivine,5,425,256
NF,232,118,1,Fe-Olivine,5,425,256
NF,232,119,1,Fe-Olivine,5,425,256
NF,232,120,1,Fe-Olivine,5,425,256
NF,232,121,1,Fe-Olivine,5,425,256
NF,232,398,4,Bassanite,2,425,256
NF,232,399,4,Bassanite,2,425,256
NF,232,400,4,Bassanite,2,425,256
NF,232,401,4,Bassanite,2,425,256
NF,232,402,4,Bassanite,2,425,256
NF,232,403,4,Bassanite,2,425,256
NF,232,404,4,Bassanite,2,425,256
NF,232,405,4,Bassanite,2,425,256
NF,232,406,4,Bassanite,2,425,256
NF,232,407,4,Bassanite,2,425,256
NF,232,510,6,Mg-Carbonate,10,425,256
NF,232,511,6,Mg-Carbonate,10,425,256
NF,232,512,6,Mg-Carbonate,10,425,256
NF,232,513,6,Mg-Carbonate,10,425,256
NF,232,514,6,Mg-Carbonate,10,425,256
NF,232,515,6,Mg-Carbonate,10,425,256
NF,232,567,6,Mg-Carbonate,10,425,256
NF,232,568,6,Mg-Carbonate,10,425,256
NF,232,569,6,Mg-Carbonate,10,425,256
NF,232,570,6,Mg-Carbonate,10,425,256
NF,232,571,6,Mg-Carbonate,10,425,256
NF,232,572,6,Mg-Carbonate,10,425,256
NF,232,573,6,Mg-Carbonate,10,425,256
NF,232,574,6,Mg-Carbonate,10,425,256
NF,232,575,6,Mg-Carbonate,10,425,256
NF,232,576,6,Mg-Carbonate,10,425,256
NF,233,70,1,Fe-Olivine,5,425,256
NF,233,71,1,Fe-Olivine,5,425,256
NF,233,72,1,Fe-Olivine,5,425,256
NF,233,73,1,Fe-Olivine,5,425,256
NF,233,74,1,Fe-Olivine,5,425,256
NF,233,75,1,Fe-Olivine,5,425,256
NF,233,76,1,Fe-Olivine,5,425,256
NF,233,77,1,Fe-Olivine,5,425,256
NF,233,78,1,Fe-Olivine,5,425,256
NF,233,79,1,Fe-Olivine,5,425,256
NF,233,80,1,Fe-Olivine,5,425,256
NF,233,81,1,Fe-Olivine,5,425,256
NF,233,82,1,Fe-Olivine,5,425,256
NF,233,83,1,Fe-Olivine,5,425,256
NF,233,84,1,Fe-Olivine,5,425,256
NF,233,85,1,Fe-Olivine,5,425,256
NF,233,86,1,Fe-Olivine,5,425,256
NF,233,87,1,Fe-Olivine,5,425,256
NF,233,88,1,Fe-Olivine,5,425,256
NF,233,89,1,Fe-Olivine,5,425,256
NF,233,90,1,Fe-Olivine,5,425,256
NF,233,91,1,Fe-Olivine,5,425,256
NF,233,92,1,Fe-Olivine,5,425,256
NF,233,93,1,Fe-Olivine,5,425,256
NF,233,94,1,Fe-Olivine,5,425,256
NF,233,95,1,Fe-Olivine,5,425,256
NF,233,96,1,Fe-Olivine,5,425,256
NF,233,97,1,Fe-Olivine,5,425,256
NF,233,98,1,Fe-Olivine,5,425,256
NF,233,99,1,Fe-Olivine,5,425,256
NF,233,100,1,Fe-Olivine,5,425,256
NF,233,101,1,Fe-Olivine,5,425,256
NF,233,102,1,Fe-Olivine,5,425,256
NF,233,103,1,Fe-Olivine,5,425,256
NF,233,104,1,Fe-Olivine,5,425,256
NF,233,105,1,Fe-Olivine,5,425,256
NF,233,106,1,Fe-Olivine,5,425,256
NF,233,107,1,Fe-Olivine,5,425,256
NF,233,108,1,Fe-Olivine,5,425,256
NF,233,109,1,Fe-Olivine,5,425,256
NF,233,110,1,Fe-Olivine,5,425,256
NF,233,111,1,Fe-Olivine,5,425,256
NF,233,112,1,Fe-Olivine,5,425,256
NF,233,113,1,Fe-Olivine,5,425,256
NF,233,114,1,Fe-Olivine,5,425,256
NF,233,115,1,Fe-Olivine,5,425,256
NF,233,116,1,Fe-Olivine,5,425,256
NF,233,117,1,Fe-Olivine,5,425,256
NF,233,118,1,Fe-Olivine,5,425,256
NF,233,119,1,Fe-Olivine,5,425,256
NF,233,120,1,Fe-Olivine,5,425,256
NF,233,121,1,Fe-Olivine,5,425,256
NF,233,400,4,Bassanite,2,425,256
NF,233,401,4,Bassanite,2,425,256
NF,233,402,4,Bassanite,2,425,256
NF,233,403,4,Bassanite,2,425,256
NF,233,404,4,Bassanite,2,425,256
NF,233,405,4,Bassanite,2,425,256
NF,233,406,4,Bassanite,2,425,256
NF,233,407,4,Bassanite,2,425,256
NF,233,408,4,Bassanite,2,425,256
NF,233,510,6,Mg-Carbonate,10,425,256
NF,233,511,6,Mg-Carbonate,10,425,256
NF,233,512,6,Mg-Carbonate,10,425,256
NF,233,513,6,Mg-Carbonate,10,425,256
NF,233,514,6,Mg-Carbonate,10,425,256
NF,233,515,6,Mg-Carbonate,10,425,256
NF,233,567,6,Mg-Carbonate,10,425,256
NF,233,568,6,Mg-Carbonate,10,425,256
NF,233,569,6,Mg-Carbonate,10,425,256
NF,233,570,6,Mg-Carbonate,10,425,256
NF,233,571,6,Mg-Carbonate,10,425,256
NF,233,572,6,Mg-Carbonate,10,425,256
NF,233,573,6,Mg-Carbonate,10,425,256
NF,233,574,6,Mg-Carbonate,10,425,256
NF,233,575,6,Mg-Carbonate,10,425,256
NF,233,576,6,Mg-Carbonate,10,425,256
NF,234,71,1,Fe-Olivine,5,425,256
NF,234,72,1,Fe-Olivine,5,425,256
NF,234,73,1,Fe-Olivine,5,425,256
NF,234,74,1,Fe-Olivine,5,425,256
NF,234,75,1,Fe-Olivine,5,425,256
NF,234,76,1,Fe-Olivine,5,425,256
NF,234,77,1,Fe-Olivine,5,425,256
NF,234,78,1,Fe-Olivine,5,425,256
NF,234,79,1,Fe-Olivine,5,425,256
NF,234,80,1,Fe-Olivine,5,425,256
NF,234,81,1,Fe-Olivine,5,425,256
NF,234,82,1,Fe-Olivine,5,425,256
NF,234,83,1,Fe-Olivine,5,425,256
NF,234,84,1,Fe-Olivine,5,425,256
NF,234,85,1,Fe-Olivine,5,425,256
NF,234,86,1,Fe-Olivine,5,425,256
NF,234,87,1,Fe-Olivine,5,425,256
NF,234,88,1,Fe-Olivine,5,425,256
NF,234,89,1,Fe-Olivine,5,425,256
NF,234,90,1,Fe-Olivine,5,425,256
NF,234,91,1,Fe-Olivine,5,425,256
NF,234,92,1,Fe-Olivine,5,425,256
NF,234,93,1,Fe-Olivine,5,425,256
NF,234,94,1,Fe-Olivine,5,425,256
NF,234,95,1,Fe-Olivine,5,425,256
NF,234,96,1,Fe-Olivine,5,425,256
NF,234,97,1,Fe-Olivine,5,425,256
NF,234,98,1,Fe-Olivine,5,425,256
NF,234,99,1,Fe-Olivine,5,425,256
NF,234,100,1,Fe-Olivine,5,425,256
NF,234,101,1,Fe-Olivine,5,425,256
NF,234,102,1,Fe-Olivine,5,425,256
NF,234,103,1,Fe-Olivine,5,425,256
NF,234,104,1,Fe-Olivine,5,425,256
NF,234,105,1,Fe-Olivine,5,425,256
NF,234,106,1,Fe-Olivine,5,425,256
NF,234,107,1,Fe-Olivine,5,425,256
NF,234,108,1,Fe-Olivine,5,425,256
NF,234,109,1,Fe-Olivine,5,425,256
NF,234,110,1,Fe-Olivine,5,425,256
NF,234,111,1,Fe-Olivine,5,425,256
NF,234,112,1,Fe-Olivine,5,425,256
NF,234,113,1,Fe-Olivine,5,425,256
NF,234,114,1,Fe-Olivine,5,425,256
NF,234,115,1,Fe-Olivine,5,425,256
NF,234,116,1,Fe-Olivine,5,425,256
NF,234,117,1,Fe-Olivine,5,425,256
NF,234,118,1,Fe-Olivine,5,425,256
NF,234,119,1,Fe-Olivine,5,425,256
NF,234,120,1,Fe-Olivine,5,425,256
NF,234,121,1,Fe-Olivine,5,425,256
NF,234,401,4,Bassanite,2,425,256
NF,234,402,4,Bassanite,2,425,256
NF,234,403,4,Bassanite,2,425,256
NF,234,404,4,Bassanite,2,425,256
NF,234,405,4,Bassanite,2,425,256
NF,234,406,4,Bassanite,2,425,256
NF,234,407,4,Bassanite,2,425,256
NF,234,408,4,Bassanite,2,425,256
NF,234,409,4,Bassanite,2,425,256
NF,234,510,6,Mg-Carbonate,10,425,256
NF,234,511,6,Mg-Carbonate,10,425,256
NF,234,512,6,Mg-Carbonate,10,425,256
NF,234,513,6,Mg-Carbonate,10,425,256
NF,234,514,6,Mg-Carbonate,10,425,256
NF,234,515,6,Mg-Carbonate,10,425,256
NF,234,567,6,Mg-Carbonate,10,425,256
NF,234,568,6,Mg-Carbonate,10,425,256
NF,234,569,6,Mg-Carbonate,10,425,256
NF,234,570,6,Mg-Carbonate,10,425,256
NF,234,571,6,Mg-Carbonate,10,425,256
NF,234,572,6,Mg-Carbonate,10,425,256
NF,234,573,6,Mg-Carbonate,10,425,256
NF,234,574,6,Mg-Carbonate,10,425,256
NF,234,575,6,Mg-Carbonate,10,425,256
NF,234,576,6,Mg-Carbonate,10,425,256
NF,235,71,1,Fe-Olivine,5,425,256
NF,235,72,1,Fe-Olivine,5,425,256
NF,235,73,1,Fe-Olivine,5,425,256
NF,235,74,1,Fe-Olivine,5,425,256
NF,235,75,1,Fe-Olivine,5,425,256
NF,235,76,1,Fe-Olivine,5,425,256
NF,235,77,1,Fe-Olivine,5,425,256
NF,235,78,1,Fe-Olivine,5,425,256
NF,235,79,1,Fe-Olivine,5,425,256
NF,235,80,1,Fe-Olivine,5,425,256
NF,235,81,1,Fe-Olivine,5,425,256
NF,235,82,1,Fe-Olivine,5,425,256
NF,235,83,1,Fe-Olivine,5,425,256
NF,235,84,1,Fe-Olivine,5,425,256
NF,235,85,1,Fe-Olivine,5,425,256
NF,235,86,1,Fe-Olivine,5,425,256
NF,235,87,1,Fe-Olivine,5,425,256
NF,235,88,1,Fe-Olivine,5,425,256
NF,235,89,1,Fe-Olivine,5,425,256
NF,235,90,1,Fe-Olivine,5,425,256
NF,235,91,1,Fe-Olivine,5,425,256
NF,235,92,1,Fe-Olivine,5,425,256
NF,235,93,1,Fe-Olivine,5,425,256
NF,235,94,1,Fe-Olivine,5,425,256
NF,235,95,1,Fe-Olivine,5,425,256
NF,235,96,1,Fe-Olivine,5,425,256
NF,235,97,1,Fe-Olivine,5,425,256
NF,235,98,1,Fe-Olivine,5,425,256
NF,235,99,1,Fe-Olivine,5,425,256
NF,235,100,1,Fe-Olivine,5,425,256
NF,235,101,1,Fe-Olivine,5,425,256
NF,235,102,1,Fe-Olivine,5,425,256
NF,235,103,1,Fe-Olivine,5,425,256
NF,235,104,1,Fe-Olivine,5,425,256
NF,235,105,1,Fe-Olivine,5,425,256
NF,235,106,1,Fe-Olivine,5,425,256
NF,235,107,1,Fe-Olivine,5,425,256
NF,235,108,1,Fe-Olivine,5,425,256
NF,235,109,1,Fe-Olivine,5,425,256
NF,235,110,1,Fe-Olivine,5,425,256
NF,235,111,1,Fe-Olivine,5,425,256
NF,235,112,1,Fe-Olivine,5,425,256
NF,235,113,1,Fe-Olivine,5,425,256
NF,235,114,1,Fe-Olivine,5,425,256
NF,235,115,1,Fe-Olivine,5,425,256
NF,235,116,1,Fe-Olivine,5,425,256
NF,235,117,1,Fe-Olivine,5,425,256
NF,235,118,1,Fe-Olivine,5,425,256
NF,235,119,1,Fe-Olivine,5,425,256
NF,235,120,1,Fe-Olivine,5,425,256
NF,235,121,1,Fe-Olivine,5,425,256
NF,235,402,4,Bassanite,2,425,256
NF,235,403,4,Bassanite,2,425,256
NF,235,404,4,Bassanite,2,425,256
NF,235,405,4,Bassanite,2,425,256
NF,235,406,4,Bassanite,2,425,256
NF,235,407,4,Bassanite,2,425,256
NF,235,408,4,Bassanite,2,425,256
NF,235,409,4,Bassanite,2,425,256
NF,235,509,6,Mg-Carbonate,10,425,256
NF,235,510,6,Mg-Carbonate,10,425,256
NF,235,511,6,Mg-Carbonate,10,425,256
NF,235,512,6,Mg-Carbonate,10,425,256
NF,235,513,6,Mg-Carbonate,10,425,256
NF,235,514,6,Mg-Carbonate,10,425,256
NF,235,515,6,Mg-Carbonate,10,425,256
NF,235,567,6,Mg-Carbonate,10,425,256
NF,235,568,6,Mg-Carbonate,10,425,256
NF,235,569,6,Mg-Carbonate,10,425,256
NF,235,570,6,Mg-Carbonate,10,425,256
NF,235,571,6,Mg-Carbonate,10,425,256
NF,235,572,6,Mg-Carbonate,10,425,256
NF,235,573,6,Mg-Carbonate,10,425,256
NF,235,574,6,Mg-Carbonate,10,425,256
NF,235,575,6,Mg-Carbonate,10,425,256
NF,235,576,6,Mg-Carbonate,10,425,256
NF,236,72,1,Fe-Olivine,5,425,256
NF,236,73,1,Fe-Olivine,5,425,256
NF,236,74,1,Fe-Olivine,5,425,256
NF,236,75,1,Fe-Olivine,5,425,256
NF,236,76,1,Fe-Olivine,5,425,256
NF,236,77,1,Fe-Olivine,5,425,256
NF,236,78,1,Fe-Olivine,5,425,256
NF,236,79,1,Fe-Olivine,5,425,256
NF,236,80,1,Fe-Olivine,5,425,256
NF,236,81,1,Fe-Olivine,5,425,256
NF,236,82,1,Fe-Olivine,5,425,256
NF,236,83,1,Fe-Olivine,5,425,256
NF,236,84,1,Fe-Olivine,5,425,256
NF,236,85,1,Fe-Olivine,5,425,256
NF,236,86,1,Fe-Olivine,5,425,256
NF,236,87,1,Fe-Olivine,5,425,256
NF,236,88,1,Fe-Olivine,5,425,256
NF,236,89,1,Fe-Olivine,5,425,256
NF,236,90,1,Fe-Olivine,5,425,256
NF,236,91,1,Fe-Olivine,5,425,256
NF,236,92,1,Fe-Olivine,5,425,256
NF,236,93,1,Fe-Olivine,5,425,256
NF,236,94,1,Fe-Olivine,5,425,256
NF,236,95,1,Fe-Olivine,5,425,256
NF,236,96,1,Fe-Olivine,5,425,256
NF,236,97,1,Fe-Olivine,5,425,256
NF,236,98,1,Fe-Olivine,5,425,256
NF,236,99,1,Fe-Olivine,5,425,256
NF,236,100,1,Fe-Olivine,5,425,256
NF,236,101,1,Fe-Olivine,5,425,256
NF,236,102,1,Fe-Olivine,5,425,256
NF,236,103,1,Fe-Olivine,5,425,256
NF,236,104,1,Fe-Olivine,5,425,256
NF,236,105,1,Fe-Olivine,5,425,256
NF,236,106,1,Fe-Olivine,5,425,256
NF,236,107,1,Fe-Olivine,5,425,256
NF,236,108,1,Fe-Olivine,5,425,256
NF,236,109,1,Fe-Olivine,5,425,256
NF,236,110,1,Fe-Olivine,5,425,256
NF,236,111,1,Fe-Olivine,5,425,256
NF,236,112,1,Fe-Olivine,5,425,256
NF,236,113,1,Fe-Olivine,5,425,256
NF,236,114,1,Fe-Olivine,5,425,256
NF,236,115,1,Fe-Olivine,5,425,256
NF,236,116,1,Fe-Olivine,5,425,256
NF,236,117,1,Fe-Olivine,5,425,256
NF,236,118,1,Fe-Olivine,5,425,256
NF,236,119,1,Fe-Olivine,5,425,256
NF,236,120,1,Fe-Olivine,5,425,256
NF,236,121,1,Fe-Olivine,5,425,256
NF,236,404,4,Bassanite,2,425,256
NF,236,405,4,Bassanite,2,425,256
NF,236,406,4,Bassanite,2,425,256
NF,236,407,4,Bassanite,2,425,256
NF,236,408,4,Bassanite,2,425,256
NF,236,409,4,Bassanite,2,425,256
NF,236,410,4,Bassanite,2,425,256
NF,236,509,6,Mg-Carbonate,10,425,256
NF,236,510,6,Mg-Carbonate,10,425,256
NF,236,511,6,Mg-Carbonate,10,425,256
NF,236,512,6,Mg-Carbonate,10,425,256
NF,236,513,6,Mg-Carbonate,10,425,256
NF,236,514,6,Mg-Carbonate,10,425,256
NF,236,515,6,Mg-Carbonate,10,425,256
NF,236,568,6,Mg-Carbonate,10,425,256
NF,236,569,6,Mg-Carbonate,10,425,256
NF,236,570,6,Mg-Carbonate,10,425,256
NF,236,571,6,Mg-Carbonate,10,425,256
NF,236,572,6,Mg-Carbonate,10,425,256
NF,236,573,6,Mg-Carbonate,10,425,256
NF,236,574,6,Mg-Carbonate,10,425,256
NF,236,575,6,Mg-Carbonate,10,425,256
NF,236,576,6,Mg-Carbonate,10,425,256
NF,237,72,1,Fe-Olivine,5,425,256
NF,237,73,1,Fe-Olivine,5,425,256
NF,237,74,1,Fe-Olivine,5,425,256
NF,237,75,1,Fe-Olivine,5,425,256
NF,237,76,1,Fe-Olivine,5,425,256
NF,237,77,1,Fe-Olivine,5,425,256
NF,237,78,1,Fe-Olivine,5,425,256
NF,237,79,1,Fe-Olivine,5,425,256
NF,237,80,1,Fe-Olivine,5,425,256
NF,237,81,1,Fe-Olivine,5,425,256
NF,237,82,1,Fe-Olivine,5,425,256
NF,237,83,1,Fe-Olivine,5,425,256
NF,237,84,1,Fe-Olivine,5,425,256
NF,237,85,1,Fe-Olivine,5,425,256
NF,237,86,1,Fe-Olivine,5,425,256
NF,237,87,1,Fe-Olivine,5,425,256
NF,237,88,1,Fe-Olivine,5,425,256
NF,237,89,1,Fe-Olivine,5,425,256
NF,237,90,1,Fe-Olivine,5,425,256
NF,237,91,1,Fe-Olivine,5,425,256
NF,237,92,1,Fe-Olivine,5,425,256
NF,237,93,1,Fe-Olivine,5,425,256
NF,237,94,1,Fe-Olivine,5,425,256
NF,237,95,1,Fe-Olivine,5,425,256
NF,237,96,1,Fe-Olivine,5,425,256
NF,237,97,1,Fe-Olivine,5,425,256
NF,237,98,1,Fe-Olivine,5,425,256
NF,237,99,1,Fe-Olivine,5,425,256
NF,237,100,1,Fe-Olivine,5,425,256
NF,237,101,1,Fe-Olivine,5,425,256
NF,237,102,1,Fe-Olivine,5,425,256
NF,237,103,1,Fe-Olivine,5,425,256
NF,237,104,1,Fe-Olivine,5,425,256
NF,237,105,1,Fe-Olivine,5,425,256
NF,237,106,1,Fe-Olivine,5,425,256
NF,237,107,1,Fe-Olivine,5,425,256
NF,237,108,1,Fe-Olivine,5,425,256
NF,237,109,1,Fe-Olivine,5,425,256
NF,237,110,1,Fe-Olivine,5,425,256
NF,237,111,1,Fe-Olivine,5,425,256
NF,237,112,1,Fe-Olivine,5,425,256
NF,237,113,1,Fe-Olivine,5,425,256
NF,237,114,1,Fe-Olivine,5,425,256
NF,237,115,1,Fe-Olivine,5,425,256
NF,237,116,1,Fe-Olivine,5,425,256
NF,237,117,1,Fe-Olivine,5,425,256
NF,237,118,1,Fe-Olivine,5,425,256
NF,237,119,1,Fe-Olivine,5,425,256
NF,237,120,1,Fe-Olivine,5,425,256
NF,237,121,1,Fe-Olivine,5,425,256
NF,237,405,4,Bassanite,2,425,256
NF,237,406,4,Bassanite,2,425,256
NF,237,407,4,Bassanite,2,425,256
NF,237,408,4,Bassanite,2,425,256
NF,237,409,4,Bassanite,2,425,256
NF,237,410,4,Bassanite,2,425,256
NF,237,509,6,Mg-Carbonate,10,425,256
NF,237,510,6,Mg-Carbonate,10,425,256
NF,237,511,6,Mg-Carbonate,10,425,256
NF,237,512,6,Mg-Carbonate,10,425,256
NF,237,513,6,Mg-Carbonate,10,425,256
NF,237,514,6,Mg-Carbonate,10,425,256
NF,237,515,6,Mg-Carbonate,10,425,256
NF,237,568,6,Mg-Carbonate,10,425,256
NF,237,569,6,Mg-Carbonate,10,425,256
NF,237,570,6,Mg-Carbonate,10,425,256
NF,237,571,6,Mg-Carbonate,10,425,256
NF,237,572,6,Mg-Carbonate,10,425,256
NF,237,573,6,Mg-Carbonate,10,425,256
NF,237,574,6,Mg-Carbonate,10,425,256
NF,237,575,6,Mg-Carbonate,10,425,256
NF,237,576,6,Mg-Carbonate,10,425,256
NF,238,73,1,Fe-Olivine,5,425,256
NF,238,74,1,Fe-Olivine,5,425,256
NF,238,75,1,Fe-Olivine,5,425,256
NF,238,76,1,Fe-Olivine,5,425,256
NF,238,77,1,Fe-Olivine,5,425,256
NF,238,78,1,Fe-Olivine,5,425,256
NF,238,79,1,Fe-Olivine,5,425,256
NF,238,80,1,Fe-Olivine,5,425,256
NF,238,81,1,Fe-Olivine,5,425,256
NF,238,82,1,Fe-Olivine,5,425,256
NF,238,83,1,Fe-Olivine,5,425,256
NF,238,84,1,Fe-Olivine,5,425,256
NF,238,85,1,Fe-Olivine,5,425,256
NF,238,86,1,Fe-Olivine,5,425,256
NF,238,87,1,Fe-Olivine,5,425,256
NF,238,88,1,Fe-Olivine,5,425,256
NF,238,89,1,Fe-Olivine,5,425,256
NF,238,90,1,Fe-Olivine,5,425,256
NF,238,91,1,Fe-Olivine,5,425,256
NF,238,92,1,Fe-Olivine,5,425,256
NF,238,93,1,Fe-Olivine,5,425,256
NF,238,94,1,Fe-Olivine,5,425,256
NF,238,95,1,Fe-Olivine,5,425,256
NF,238,96,1,Fe-Olivine,5,425,256
NF,238,97,1,Fe-Olivine,5,425,256
NF,238,98,1,Fe-Olivine,5,425,256
NF,238,99,1,Fe-Olivine,5,425,256
NF,238,100,1,Fe-Olivine,5,425,256
NF,238,101,1,Fe-Olivine,5,425,256
NF,238,102,1,Fe-Olivine,5,425,256
NF,238,103,1,Fe-Olivine,5,425,256
NF,238,104,1,Fe-Olivine,5,425,256
NF,238,105,1,Fe-Olivine,5,425,256
NF,238,106,1,Fe-Olivine,5,425,256
NF,238,107,1,Fe-Olivine,5,425,256
NF,238,108,1,Fe-Olivine,5,425,256
NF,238,109,1,Fe-Olivine,5,425,256
NF,238,110,1,Fe-Olivine,5,425,256
NF,238,111,1,Fe-Olivine,5,425,256
NF,238,112,1,Fe-Olivine,5,425,256
NF,238,113,1,Fe-Olivine,5,425,256
NF,238,114,1,Fe-Olivine,5,425,256
NF,238,115,1,Fe-Olivine,5,425,256
NF,238,116,1,Fe-Olivine,5,425,256
NF,238,117,1,Fe-Olivine,5,425,256
NF,238,118,1,Fe-Olivine,5,425,256
NF,238,119,1,Fe-Olivine,5,425,256
NF,238,120,1,Fe-Olivine,5,425,256
NF,238,406,4,Bassanite,2,425,256
NF,238,407,4,Bassanite,2,425,256
NF,238,408,4,Bassanite,2,425,256
NF,238,409,4,Bassanite,2,425,256
NF,238,410,4,Bassanite,2,425,256
NF,238,509,6,Mg-Carbonate,10,425,256
NF,238,510,6,Mg-Carbonate,10,425,256
NF,238,511,6,Mg-Carbonate,10,425,256
NF,238,512,6,Mg-Carbonate,10,425,256
NF,238,513,6,Mg-Carbonate,10,425,256
NF,238,514,6,Mg-Carbonate,10,425,256
NF,238,515,6,Mg-Carbonate,10,425,256
NF,238,568,6,Mg-Carbonate,10,425,256
NF,238,569,6,Mg-Carbonate,10,425,256
NF,238,570,6,Mg-Carbonate,10,425,256
NF,238,571,6,Mg-Carbonate,10,425,256
NF,238,572,6,Mg-Carbonate,10,425,256
NF,238,573,6,Mg-Carbonate,10,425,256
NF,238,574,6,Mg-Carbonate,10,425,256
NF,238,575,6,Mg-Carbonate,10,425,256
NF,238,576,6,Mg-Carbonate,10,425,256
NF,239,75,1,Fe-Olivine,5,425,256
NF,239,76,1,Fe-Olivine,5,425,256
NF,239,77,1,Fe-Olivine,5,425,256
NF,239,78,1,Fe-Olivine,5,425,256
NF,239,79,1,Fe-Olivine,5,425,256
NF,239,80,1,Fe-Olivine,5,425,256
NF,239,81,1,Fe-Olivine,5,425,256
NF,239,82,1,Fe-Olivine,5,425,256
NF,239,83,1,Fe-Olivine,5,425,256
NF,239,84,1,Fe-Olivine,5,425,256
NF,239,85,1,Fe-Olivine,5,425,256
NF,239,86,1,Fe-Olivine,5,425,256
NF,239,87,1,Fe-Olivine,5,425,256
NF,239,88,1,Fe-Olivine,5,425,256
NF,239,89,1,Fe-Olivine,5,425,256
NF,239,90,1,Fe-Olivine,5,425,256
NF,239,91,1,Fe-Olivine,5,425,256
NF,239,92,1,Fe-Olivine,5,425,256
NF,239,93,1,Fe-Olivine,5,425,256
NF,239,94,1,Fe-Olivine,5,425,256
NF,239,95,1,Fe-Olivine,5,425,256
NF,239,96,1,Fe-Olivine,5,425,256
NF,239,97,1,Fe-Olivine,5,425,256
NF,239,98,1,Fe-Olivine,5,425,256
NF,239,99,1,Fe-Olivine,5,425,256
NF,239,100,1,Fe-Olivine,5,425,256
NF,239,101,1,Fe-Olivine,5,425,256
NF,239,102,1,Fe-Olivine,5,425,256
NF,239,103,1,Fe-Olivine,5,425,256
NF,239,104,1,Fe-Olivine,5,425,256
NF,239,105,1,Fe-Olivine,5,425,256
NF,239,106,1,Fe-Olivine,5,425,256
NF,239,107,1,Fe-Olivine,5,425,256
NF,239,108,1,Fe-Olivine,5,425,256
NF,239,109,1,Fe-Olivine,5,425,256
NF,239,110,1,Fe-Olivine,5,425,256
NF,239,111,1,Fe-Olivine,5,425,256
NF,239,112,1,Fe-Olivine,5,425,256
NF,239,113,1,Fe-Olivine,5,425,256
NF,239,114,1,Fe-Olivine,5,425,256
NF,239,115,1,Fe-Olivine,5,425,256
NF,239,116,1,Fe-Olivine,5,425,256
NF,239,117,1,Fe-Olivine,5,425,256
NF,239,118,1,Fe-Olivine,5,425,256
NF,239,119,1,Fe-Olivine,5,425,256
NF,239,120,1,Fe-Olivine,5,425,256
NF,239,406,4,Bassanite,2,425,256
NF,239,407,4,Bassanite,2,425,256
NF,239,408,4,Bassanite,2,425,256
NF,239,409,4,Bassanite,2,425,256
NF,239,410,4,Bassanite,2,425,256
NF,239,411,4,Bassanite,2,425,256
NF,239,509,6,Mg-Carbonate,10,425,256
NF,239,510,6,Mg-Carbonate,10,425,256
NF,239,511,6,Mg-Carbonate,10,425,256
NF,239,512,6,Mg-Carbonate,10,425,256
NF,239,513,6,Mg-Carbonate,10,425,256
NF,239,514,6,Mg-Carbonate,10,425,256
NF,239,515,6,Mg-Carbonate,10,425,256
NF,239,568,6,Mg-Carbonate,10,425,256
NF,239,569,6,Mg-Carbonate,10,425,256
NF,239,570,6,Mg-Carbonate,10,425,256
NF,239,571,6,Mg-Carbonate,10,425,256
NF,239,572,6,Mg-Carbonate,10,425,256
NF,239,573,6,Mg-Carbonate,10,425,256
NF,239,574,6,Mg-Carbonate,10,425,256
NF,239,575,6,Mg-Carbonate,10,425,256
NF,239,576,6,Mg-Carbonate,10,425,256
NF,240,76,1,Fe-Olivine,5,425,256
NF,240,77,1,Fe-Olivine,5,425,256
NF,240,78,1,Fe-Olivine,5,425,256
NF,240,79,1,Fe-Olivine,5,425,256
NF,240,80,1,Fe-Olivine,5,425,256
NF,240,81,1,Fe-Olivine,5,425,256
NF,240,82,1,Fe-Olivine,5,425,256
NF,240,83,1,Fe-Olivine,5,425,256
NF,240,84,1,Fe-Olivine,5,425,256
NF,240,85,1,Fe-Olivine,5,425,256
NF,240,86,1,Fe-Olivine,5,425,256
NF,240,87,1,Fe-Olivine,5,425,256
NF,240,88,1,Fe-Olivine,5,425,256
NF,240,89,1,Fe-Olivine,5,425,256
NF,240,90,1,Fe-Olivine,5,425,256
NF,240,91,1,Fe-Olivine,5,425,256
NF,240,92,1,Fe-Olivine,5,425,256
NF,240,93,1,Fe-Olivine,5,425,256
NF,240,94,1,Fe-Olivine,5,425,256
NF,240,95,1,Fe-Olivine,5,425,256
NF,240,96,1,Fe-Olivine,5,425,256
NF,240,97,1,Fe-Olivine,5,425,256
NF,240,98,1,Fe-Olivine,5,425,256
NF,240,99,1,Fe-Olivine,5,425,256
NF,240,100,1,Fe-Olivine,5,425,256
NF,240,101,1,Fe-Olivine,5,425,256
NF,240,102,1,Fe-Olivine,5,425,256
NF,240,103,1,Fe-Olivine,5,425,256
NF,240,104,1,Fe-Olivine,5,425,256
NF,240,105,1,Fe-Olivine,5,425,256
NF,240,106,1,Fe-Olivine,5,425,256
NF,240,107,1,Fe-Olivine,5,425,256
NF,240,108,1,Fe-Olivine,5,425,256
NF,240,109,1,Fe-Olivine,5,425,256
NF,240,110,1,Fe-Olivine,5,425,256
NF,240,111,1,Fe-Olivine,5,425,256
NF,240,112,1,Fe-Olivine,5,425,256
NF,240,113,1,Fe-Olivine,5,425,256
NF,240,114,1,Fe-Olivine,5,425,256
NF,240,115,1,Fe-Olivine,5,425,256
NF,240,116,1,Fe-Olivine,5,425,256
NF,240,117,1,Fe-Olivine,5,425,256
NF,240,118,1,Fe-Olivine,5,425,256
NF,240,355,1,Fe-Olivine,5,425,256
NF,240,356,1,Fe-Olivine,5,425,256
NF,240,357,1,Fe-Olivine,5,425,256
NF,240,358,1,Fe-Olivine,5,425,256
NF,240,359,1,Fe-Olivine,5,425,256
NF,240,360,1,Fe-Olivine,5,425,256
NF,240,361,1,Fe-Olivine,5,425,256
NF,240,362,1,Fe-Olivine,5,425,256
NF,240,363,1,Fe-Olivine,5,425,256
NF,240,364,1,Fe-Olivine,5,425,256
NF,240,365,1,Fe-Olivine,5,425,256
NF,240,366,1,Fe-Olivine,5,425,256
NF,240,407,4,Bassanite,2,425,256
NF,240,408,4,Bassanite,2,425,256
NF,240,409,4,Bassanite,2,425,256
NF,240,410,4,Bassanite,2,425,256
NF,240,411,4,Bassanite,2,425,256
NF,240,509,6,Mg-Carbonate,10,425,256
NF,240,510,6,Mg-Carbonate,10,425,256
NF,240,511,6,Mg-Carbonate,10,425,256
NF,240,512,6,Mg-Carbonate,10,425,256
NF,240,513,6,Mg-Carbonate,10,425,256
NF,240,514,6,Mg-Carbonate,10,425,256
NF,240,515,6,Mg-Carbonate,10,425,256
NF,240,560,2,Epidote,4,425,256
NF,240,561,2,Epidote,4,425,256
NF,240,568,6,Mg-Carbonate,10,425,256
NF,240,569,6,Mg-Carbonate,10,425,256
NF,240,570,6,Mg-Carbonate,10,425,256
NF,240,571,6,Mg-Carbonate,10,425,256
NF,240,572,6,Mg-Carbonate,10,425,256
NF,240,573,6,Mg-Carbonate,10,425,256
NF,240,574,6,Mg-Carbonate,10,425,256
NF,240,575,6,Mg-Carbonate,10,425,256
NF,240,576,6,Mg-Carbonate,10,425,256
NF,241,78,1,Fe-Olivine,5,425,256
NF,241,79,1,Fe-Olivine,5,425,256
NF,241,80,1,Fe-Olivine,5,425,256
NF,241,81,1,Fe-Olivine,5,425,256
NF,241,82,1,Fe-Olivine,5,425,256
NF,241,83,1,Fe-Olivine,5,425,256
NF,241,84,1,Fe-Olivine,5,425,256
NF,241,85,1,Fe-Olivine,5,425,256
NF,241,86,1,Fe-Olivine,5,425,256
NF,241,87,1,Fe-Olivine,5,425,256
NF,241,88,1,Fe-Olivine,5,425,256
NF,241,89,1,Fe-Olivine,5,425,256
NF,241,90,1,Fe-Olivine,5,425,256
NF,241,91,1,Fe-Olivine,5,425,256
NF,241,92,1,Fe-Olivine,5,425,256
NF,241,93,1,Fe-Olivine,5,425,256
NF,241,94,1,Fe-Olivine,5,425,256
NF,241,95,1,Fe-Olivine,5,425,256
NF,241,96,1,Fe-Olivine,5,425,256
NF,241,97,1,Fe-Olivine,5,425,256
NF,241,98,1,Fe-Olivine,5,425,256
NF,241,99,1,Fe-Olivine,5,425,256
NF,241,100,1,Fe-Olivine,5,425,256
NF,241,101,1,Fe-Olivine,5,425,256
NF,241,102,1,Fe-Olivine,5,425,256
NF,241,103,1,Fe-Olivine,5,425,256
NF,241,104,1,Fe-Olivine,5,425,256
NF,241,105,1,Fe-Olivine,5,425,256
NF,241,106,1,Fe-Olivine,5,425,256
NF,241,107,1,Fe-Olivine,5,425,256
NF,241,108,1,Fe-Olivine,5,425,256
NF,241,109,1,Fe-Olivine,5,425,256
NF,241,110,1,Fe-Olivine,5,425,256
NF,241,111,1,Fe-Olivine,5,425,256
NF,241,112,1,Fe-Olivine,5,425,256
NF,241,113,1,Fe-Olivine,5,425,256
NF,241,114,1,Fe-Olivine,5,425,256
NF,241,115,1,Fe-Olivine,5,425,256
NF,241,116,1,Fe-Olivine,5,425,256
NF,241,117,1,Fe-Olivine,5,425,256
NF,241,353,1,Fe-Olivine,5,425,256
NF,241,354,1,Fe-Olivine,5,425,256
NF,241,355,1,Fe-Olivine,5,425,256
NF,241,356,1,Fe-Olivine,5,425,256
NF,241,357,1,Fe-Olivine,5,425,256
NF,241,358,1,Fe-Olivine,5,425,256
NF,241,359,1,Fe-Olivine,5,425,256
NF,241,360,1,Fe-Olivine,5,425,256
NF,241,361,1,Fe-Olivine,5,425,256
NF,241,362,1,Fe-Olivine,5,425,256
NF,241,363,1,Fe-Olivine,5,425,256
NF,241,364,1,Fe-Olivine,5,425,256
NF,241,365,1,Fe-Olivine,5,425,256
NF,241,366,1,Fe-Olivine,5,425,256
NF,241,367,1,Fe-Olivine,5,425,256
NF,241,368,1,Fe-Olivine,5,425,256
NF,241,407,4,Bassanite,2,425,256
NF,241,408,4,Bassanite,2,425,256
NF,241,409,4,Bassanite,2,425,256
NF,241,410,4,Bassanite,2,425,256
NF,241,411,4,Bassanite,2,425,256
NF,241,509,6,Mg-Carbonate,10,425,256
NF,241,510,6,Mg-Carbonate,10,425,256
NF,241,511,6,Mg-Carbonate,10,425,256
NF,241,512,6,Mg-Carbonate,10,425,256
NF,241,513,6,Mg-Carbonate,10,425,256
NF,241,514,6,Mg-Carbonate,10,425,256
NF,241,515,6,Mg-Carbonate,10,425,256
NF,241,560,2,Epidote,4,425,256
NF,241,561,2,Epidote,4,425,256
NF,241,568,6,Mg-Carbonate,10,425,256
NF,241,569,6,Mg-Carbonate,10,425,256
NF,241,570,6,Mg-Carbonate,10,425,256
NF,241,571,6,Mg-Carbonate,10,425,256
NF,241,572,6,Mg-Carbonate,10,425,256
NF,241,573,6,Mg-Carbonate,10,425,256
NF,241,574,6,Mg-Carbonate,10,425,256
NF,241,575,6,Mg-Carbonate,10,425,256
NF,241,576,6,Mg-Carbonate,10,425,256
NF,242,85,1,Fe-Olivine,5,425,256
NF,242,86,1,Fe-Olivine,5,425,256
NF,242,87,1,Fe-Olivine,5,425,256
NF,242,88,1,Fe-Olivine,5,425,256
NF,242,89,1,Fe-Olivine,5,425,256
NF,242,90,1,Fe-Olivine,5,425,256
NF,242,91,1,Fe-Olivine,5,425,256
NF,242,92,1,Fe-Olivine,5,425,256
NF,242,93,1,Fe-Olivine,5,425,256
NF,242,94,1,Fe-Olivine,5,425,256
NF,242,95,1,Fe-Olivine,5,425,256
NF,242,96,1,Fe-Olivine,5,425,256
NF,242,97,1,Fe-Olivine,5,425,256
NF,242,98,1,Fe-Olivine,5,425,256
NF,242,99,1,Fe-Olivine,5,425,256
NF,242,100,1,Fe-Olivine,5,425,256
NF,242,101,1,Fe-Olivine,5,425,256
NF,242,102,1,Fe-Olivine,5,425,256
NF,242,103,1,Fe-Olivine,5,425,256
NF,242,104,1,Fe-Olivine,5,425,256
NF,242,105,1,Fe-Olivine,5,425,256
NF,242,106,1,Fe-Olivine,5,425,256
NF,242,107,1,Fe-Olivine,5,425,256
NF,242,108,1,Fe-Olivine,5,425,256
NF,242,109,1,Fe-Olivine,5,425,256
NF,242,110,1,Fe-Olivine,5,425,256
NF,242,111,1,Fe-Olivine,5,425,256
NF,242,112,1,Fe-Olivine,5,425,256
NF,242,113,1,Fe-Olivine,5,425,256
NF,242,114,1,Fe-Olivine,5,425,256
NF,242,115,1,Fe-Olivine,5,425,256
NF,242,351,1,Fe-Olivine,5,425,256
NF,242,352,1,Fe-Olivine,5,425,256
NF,242,353,1,Fe-Olivine,5,425,256
NF,242,354,1,Fe-Olivine,5,425,256
NF,242,355,1,Fe-Olivine,5,425,256
NF,242,356,1,Fe-Olivine,5,425,256
NF,242,357,1,Fe-Olivine,5,425,256
NF,242,358,1,Fe-Olivine,5,425,256
NF,242,359,1,Fe-Olivine,5,425,256
NF,242,360,1,Fe-Olivine,5,425,256
NF,242,361,1,Fe-Olivine,5,425,256
NF,242,362,1,Fe-Olivine,5,425,256
NF,242,363,1,Fe-Olivine,5,425,256
NF,242,364,1,Fe-Olivine,5,425,256
NF,242,365,1,Fe-Olivine,5,425,256
NF,242,366,1,Fe-Olivine,5,425,256
NF,242,367,1,Fe-Olivine,5,425,256
NF,242,368,1,Fe-Olivine,5,425,256
NF,242,369,1,Fe-Olivine,5,425,256
NF,242,370,1,Fe-Olivine,5,425,256
NF,242,407,4,Bassanite,2,425,256
NF,242,408,4,Bassanite,2,425,256
NF,242,409,4,Bassanite,2,425,256
NF,242,410,4,Bassanite,2,425,256
NF,242,411,4,Bassanite,2,425,256
NF,242,412,4,Bassanite,2,425,256
NF,242,509,6,Mg-Carbonate,10,425,256
NF,242,510,6,Mg-Carbonate,10,425,256
NF,242,511,6,Mg-Carbonate,10,425,256
NF,242,512,6,Mg-Carbonate,10,425,256
NF,242,513,6,Mg-Carbonate,10,425,256
NF,242,514,6,Mg-Carbonate,10,425,256
NF,242,515,6,Mg-Carbonate,10,425,256
NF,242,568,6,Mg-Carbonate,10,425,256
NF,242,569,6,Mg-Carbonate,10,425,256
NF,242,570,6,Mg-Carbonate,10,425,256
NF,242,571,6,Mg-Carbonate,10,425,256
NF,242,572,6,Mg-Carbonate,10,425,256
NF,242,573,6,Mg-Carbonate,10,425,256
NF,242,574,6,Mg-Carbonate,10,425,256
NF,242,575,6,Mg-Carbonate,10,425,256
NF,242,576,6,Mg-Carbonate,10,425,256
NF,243,350,1,Fe-Olivine,5,425,256
NF,243,351,1,Fe-Olivine,5,425,256
NF,243,352,1,Fe-Olivine,5,425,256
NF,243,353,1,Fe-Olivine,5,425,256
NF,243,354,1,Fe-Olivine,5,425,256
NF,243,355,1,Fe-Olivine,5,425,256
NF,243,356,1,Fe-Olivine,5,425,256
NF,243,357,1,Fe-Olivine,5,425,256
NF,243,358,1,Fe-Olivine,5,425,256
NF,243,359,1,Fe-Olivine,5,425,256
NF,243,360,1,Fe-Olivine,5,425,256
NF,243,361,1,Fe-Olivine,5,425,256
NF,243,362,1,Fe-Olivine,5,425,256
NF,243,363,1,Fe-Olivine,5,425,256
NF,243,364,1,Fe-Olivine,5,425,256
NF,243,365,1,Fe-Olivine,5,425,256
NF,243,366,1,Fe-Olivine,5,425,256
NF,243,367,1,Fe-Olivine,5,425,256
NF,243,368,1,Fe-Olivine,5,425,256
NF,243,369,1,Fe-Olivine,5,425,256
NF,243,370,1,Fe-Olivine,5,425,256
NF,243,371,1,Fe-Olivine,5,425,256
NF,243,408,4,Bassanite,2,425,256
NF,243,409,4,Bassanite,2,425,256
NF,243,410,4,Bassanite,2,425,256
NF,243,411,4,Bassanite,2,425,256
NF,243,412,4,Bassanite,2,425,256
NF,243,508,6,Mg-Carbonate,10,425,256
NF,243,509,6,Mg-Carbonate,10,425,256
NF,243,510,6,Mg-Carbonate,10,425,256
NF,243,511,6,Mg-Carbonate,10,425,256
NF,243,512,6,Mg-Carbonate,10,425,256
NF,243,513,6,Mg-Carbonate,10,425,256
NF,243,514,6,Mg-Carbonate,10,425,256
NF,243,569,6,Mg-Carbonate,10,425,256
NF,243,570,6,Mg-Carbonate,10,425,256
NF,243,571,6,Mg-Carbonate,10,425,256
NF,243,572,6,Mg-Carbonate,10,425,256
NF,243,573,6,Mg-Carbonate,10,425,256
NF,243,574,6,Mg-Carbonate,10,425,256
NF,243,575,6,Mg-Carbonate,10,425,256
NF,243,576,6,Mg-Carbonate,10,425,256
NF,244,349,1,Fe-Olivine,5,425,256
NF,244,350,1,Fe-Olivine,5,425,256
NF,244,351,1,Fe-Olivine,5,425,256
NF,244,352,1,Fe-Olivine,5,425,256
NF,244,353,1,Fe-Olivine,5,425,256
NF,244,354,1,Fe-Olivine,5,425,256
NF,244,355,1,Fe-Olivine,5,425,256
NF,244,356,1,Fe-Olivine,5,425,256
NF,244,357,1,Fe-Olivine,5,425,256
NF,244,358,1,Fe-Olivine,5,425,256
NF,244,359,1,Fe-Olivine,5,425,256
NF,244,360,1,Fe-Olivine,5,425,256
NF,244,361,1,Fe-Olivine,5,425,256
NF,244,362,1,Fe-Olivine,5,425,256
NF,244,363,1,Fe-Olivine,5,425,256
NF,244,364,1,Fe-Olivine,5,425,256
NF,244,365,1,Fe-Olivine,5,425,256
NF,244,366,1,Fe-Olivine,5,425,256
NF,244,367,1,Fe-Olivine,5,425,256
NF,244,368,1,Fe-Olivine,5,425,256
NF,244,369,1,Fe-Olivine,5,425,256
NF,244,370,1,Fe-Olivine,5,425,256
NF,244,371,1,Fe-Olivine,5,425,256
NF,244,372,1,Fe-Olivine,5,425,256
NF,244,408,4,Bassanite,2,425,256
NF,244,409,4,Bassanite,2,425,256
NF,244,410,4,Bassanite,2,425,256
NF,244,411,4,Bassanite,2,425,256
NF,244,412,4,Bassanite,2,425,256
NF,244,508,6,Mg-Carbonate,10,425,256
NF,244,509,6,Mg-Carbonate,10,425,256
NF,244,510,6,Mg-Carbonate,10,425,256
NF,244,511,6,Mg-Carbonate,10,425,256
NF,244,512,6,Mg-Carbonate,10,425,256
NF,244,513,6,Mg-Carbonate,10,425,256
NF,244,514,6,Mg-Carbonate,10,425,256
NF,244,569,6,Mg-Carbonate,10,425,256
NF,244,570,6,Mg-Carbonate,10,425,256
NF,244,571,6,Mg-Carbonate,10,425,256
NF,244,572,6,Mg-Carbonate,10,425,256
NF,244,573,6,Mg-Carbonate,10,425,256
NF,244,574,6,Mg-Carbonate,10,425,256
NF,244,575,6,Mg-Carbonate,10,425,256
NF,244,576,6,Mg-Carbonate,10,425,256
NF,245,347,1,Fe-Olivine,5,425,256
NF,245,348,1,Fe-Olivine,5,425,256
NF,245,349,1,Fe-Olivine,5,425,256
NF,245,350,1,Fe-Olivine,5,425,256
NF,245,351,1,Fe-Olivine,5,425,256
NF,245,352,1,Fe-Olivine,5,425,256
NF,245,353,1,Fe-Olivine,5,425,256
NF,245,354,1,Fe-Olivine,5,425,256
NF,245,355,1,Fe-Olivine,5,425,256
NF,245,356,1,Fe-Olivine,5,425,256
NF,245,357,1,Fe-Olivine,5,425,256
NF,245,358,1,Fe-Olivine,5,425,256
NF,245,359,1,Fe-Olivine,5,425,256
NF,245,360,1,Fe-Olivine,5,425,256
NF,245,361,1,Fe-Olivine,5,425,256
NF,245,362,1,Fe-Olivine,5,425,256
NF,245,363,1,Fe-Olivine,5,425,256
NF,245,364,1,Fe-Olivine,5,425,256
NF,245,365,1,Fe-Olivine,5,425,256
NF,245,366,1,Fe-Olivine,5,425,256
NF,245,367,1,Fe-Olivine,5,425,256
NF,245,368,1,Fe-Olivine,5,425,256
NF,245,369,1,Fe-Olivine,5,425,256
NF,245,370,1,Fe-Olivine,5,425,256
NF,245,371,1,Fe-Olivine,5,425,256
NF,245,372,1,Fe-Olivine,5,425,256
NF,245,373,1,Fe-Olivine,5,425,256
NF,245,408,4,Bassanite,2,425,256
NF,245,409,4,Bassanite,2,425,256
NF,245,410,4,Bassanite,2,425,256
NF,245,411,4,Bassanite,2,425,256
NF,245,412,4,Bassanite,2,425,256
NF,245,508,6,Mg-Carbonate,10,425,256
NF,245,509,6,Mg-Carbonate,10,425,256
NF,245,510,6,Mg-Carbonate,10,425,256
NF,245,511,6,Mg-Carbonate,10,425,256
NF,245,512,6,Mg-Carbonate,10,425,256
NF,245,513,6,Mg-Carbonate,10,425,256
NF,245,514,6,Mg-Carbonate,10,425,256
NF,245,569,6,Mg-Carbonate,10,425,256
NF,245,570,6,Mg-Carbonate,10,425,256
NF,245,571,6,Mg-Carbonate,10,425,256
NF,245,572,6,Mg-Carbonate,10,425,256
NF,245,573,6,Mg-Carbonate,10,425,256
NF,245,574,6,Mg-Carbonate,10,425,256
NF,245,575,6,Mg-Carbonate,10,425,256
NF,245,576,6,Mg-Carbonate,10,425,256
NF,246,346,1,Fe-Olivine,5,425,256
NF,246,347,1,Fe-Olivine,5,425,256
NF,246,348,1,Fe-Olivine,5,425,256
NF,246,349,1,Fe-Olivine,5,425,256
NF,246,350,1,Fe-Olivine,5,425,256
NF,246,351,1,Fe-Olivine,5,425,256
NF,246,352,1,Fe-Olivine,5,425,256
NF,246,353,1,Fe-Olivine,5,425,256
NF,246,354,1,Fe-Olivine,5,425,256
NF,246,355,1,Fe-Olivine,5,425,256
NF,246,356,1,Fe-Olivine,5,425,256
NF,246,357,1,Fe-Olivine,5,425,256
NF,246,358,1,Fe-Olivine,5,425,256
NF,246,359,1,Fe-Olivine,5,425,256
NF,246,360,1,Fe-Olivine,5,425,256
NF,246,361,1,Fe-Olivine,5,425,256
NF,246,362,1,Fe-Olivine,5,425,256
NF,246,363,1,Fe-Olivine,5,425,256
NF,246,364,1,Fe-Olivine,5,425,256
NF,246,365,1,Fe-Olivine,5,425,256
NF,246,366,1,Fe-Olivine,5,425,256
NF,246,367,1,Fe-Olivine,5,425,256
NF,246,368,1,Fe-Olivine,5,425,256
NF,246,369,1,Fe-Olivine,5,425,256
NF,246,370,1,Fe-Olivine,5,425,256
NF,246,371,1,Fe-Olivine,5,425,256
NF,246,372,1,Fe-Olivine,5,425,256
NF,246,373,1,Fe-Olivine,5,425,256
NF,246,374,1,Fe-Olivine,5,425,256
NF,246,375,1,Fe-Olivine,5,425,256
NF,246,408,4,Bassanite,2,425,256
NF,246,409,4,Bassanite,2,425,256
NF,246,410,4,Bassanite,2,425,256
NF,246,411,4,Bassanite,2,425,256
NF,246,412,4,Bassanite,2,425,256
NF,246,414,8,Prehnite,14,425,256
NF,246,415,8,Prehnite,14,425,256
NF,246,416,8,Prehnite,14,425,256
NF,246,508,6,Mg-Carbonate,10,425,256
NF,246,509,6,Mg-Carbonate,10,425,256
NF,246,510,6,Mg-Carbonate,10,425,256
NF,246,511,6,Mg-Carbonate,10,425,256
NF,246,512,6,Mg-Carbonate,10,425,256
NF,246,513,6,Mg-Carbonate,10,425,256
NF,246,514,6,Mg-Carbonate,10,425,256
NF,246,569,6,Mg-Carbonate,10,425,256
NF,246,570,6,Mg-Carbonate,10,425,256
NF,246,571,6,Mg-Carbonate,10,425,256
NF,246,572,6,Mg-Carbonate,10,425,256
NF,246,573,6,Mg-Carbonate,10,425,256
NF,246,574,6,Mg-Carbonate,10,425,256
NF,246,575,6,Mg-Carbonate,10,425,256
NF,246,576,6,Mg-Carbonate,10,425,256
NF,247,345,1,Fe-Olivine,5,425,256
NF,247,346,1,Fe-Olivine,5,425,256
NF,247,347,1,Fe-Olivine,5,425,256
NF,247,348,1,Fe-Olivine,5,425,256
NF,247,349,1,Fe-Olivine,5,425,256
NF,247,350,1,Fe-Olivine,5,425,256
NF,247,351,1,Fe-Olivine,5,425,256
NF,247,352,1,Fe-Olivine,5,425,256
NF,247,353,1,Fe-Olivine,5,425,256
NF,247,354,1,Fe-Olivine,5,425,256
NF,247,355,1,Fe-Olivine,5,425,256
NF,247,356,1,Fe-Olivine,5,425,256
NF,247,357,1,Fe-Olivine,5,425,256
NF,247,358,1,Fe-Olivine,5,425,256
NF,247,359,1,Fe-Olivine,5,425,256
NF,247,360,1,Fe-Olivine,5,425,256
NF,247,361,1,Fe-Olivine,5,425,256
NF,247,362,1,Fe-Olivine,5,425,256
NF,247,363,1,Fe-Olivine,5,425,256
NF,247,364,1,Fe-Olivine,5,425,256
NF,247,365,1,Fe-Olivine,5,425,256
NF,247,366,1,Fe-Olivine,5,425,256
NF,247,367,1,Fe-Olivine,5,425,256
NF,247,368,1,Fe-Olivine,5,425,256
NF,247,369,1,Fe-Olivine,5,425,256
NF,247,370,1,Fe-Olivine,5,425,256
NF,247,371,1,Fe-Olivine,5,425,256
NF,247,372,1,Fe-Olivine,5,425,256
NF,247,373,1,Fe-Olivine,5,425,256
NF,247,374,1,Fe-Olivine,5,425,256
NF,247,375,1,Fe-Olivine,5,425,256
NF,247,376,1,Fe-Olivine,5,425,256
NF,247,410,4,Bassanite,2,425,256
NF,247,411,4,Bassanite,2,425,256
NF,247,412,4,Bassanite,2,425,256
NF,247,413,8,Prehnite,14,425,256
NF,247,414,8,Prehnite,14,425,256
NF,247,415,8,Prehnite,14,425,256
NF,247,416,8,Prehnite,14,425,256
NF,247,508,6,Mg-Carbonate,10,425,256
NF,247,509,6,Mg-Carbonate,10,425,256
NF,247,510,6,Mg-Carbonate,10,425,256
NF,247,511,6,Mg-Carbonate,10,425,256
NF,247,512,6,Mg-Carbonate,10,425,256
NF,247,513,6,Mg-Carbonate,10,425,256
NF,247,514,6,Mg-Carbonate,10,425,256
NF,247,569,6,Mg-Carbonate,10,425,256
NF,247,570,6,Mg-Carbonate,10,425,256
NF,247,571,6,Mg-Carbonate,10,425,256
NF,247,572,6,Mg-Carbonate,10,425,256
NF,247,573,6,Mg-Carbonate,10,425,256
NF,247,574,6,Mg-Carbonate,10,425,256
NF,247,575,6,Mg-Carbonate,10,425,256
NF,247,576,6,Mg-Carbonate,10,425,256
NF,248,344,1,Fe-Olivine,5,425,256
NF,248,345,1,Fe-Olivine,5,425,256
NF,248,346,1,Fe-Olivine,5,425,256
NF,248,347,1,Fe-Olivine,5,425,256
NF,248,348,1,Fe-Olivine,5,425,256
NF,248,349,1,Fe-Olivine,5,425,256
NF,248,350,1,Fe-Olivine,5,425,256
NF,248,351,1,Fe-Olivine,5,425,256
NF,248,352,1,Fe-Olivine,5,425,256
NF,248,353,1,Fe-Olivine,5,425,256
NF,248,354,1,Fe-Olivine,5,425,256
NF,248,355,1,Fe-Olivine,5,425,256
NF,248,356,1,Fe-Olivine,5,425,256
NF,248,357,1,Fe-Olivine,5,425,256
NF,248,358,1,Fe-Olivine,5,425,256
NF,248,359,1,Fe-Olivine,5,425,256
NF,248,360,1,Fe-Olivine,5,425,256
NF,248,361,1,Fe-Olivine,5,425,256
NF,248,362,1,Fe-Olivine,5,425,256
NF,248,363,1,Fe-Olivine,5,425,256
NF,248,364,1,Fe-Olivine,5,425,256
NF,248,365,1,Fe-Olivine,5,425,256
NF,248,366,1,Fe-Olivine,5,425,256
NF,248,367,1,Fe-Olivine,5,425,256
NF,248,368,1,Fe-Olivine,5,425,256
NF,248,369,1,Fe-Olivine,5,425,256
NF,248,370,1,Fe-Olivine,5,425,256
NF,248,371,1,Fe-Olivine,5,425,256
NF,248,372,1,Fe-Olivine,5,425,256
NF,248,373,1,Fe-Olivine,5,425,256
NF,248,374,1,Fe-Olivine,5,425,256
NF,248,375,1,Fe-Olivine,5,425,256
NF,248,376,1,Fe-Olivine,5,425,256
NF,248,377,1,Fe-Olivine,5,425,256
NF,248,378,1,Fe-Olivine,5,425,256
NF,248,413,8,Prehnite,14,425,256
NF,248,414,8,Prehnite,14,425,256
NF,248,415,8,Prehnite,14,425,256
NF,248,416,8,Prehnite,14,425,256
NF,248,508,6,Mg-Carbonate,10,425,256
NF,248,509,6,Mg-Carbonate,10,425,256
NF,248,510,6,Mg-Carbonate,10,425,256
NF,248,511,6,Mg-Carbonate,10,425,256
NF,248,512,6,Mg-Carbonate,10,425,256
NF,248,513,6,Mg-Carbonate,10,425,256
NF,248,569,6,Mg-Carbonate,10,425,256
NF,248,570,6,Mg-Carbonate,10,425,256
NF,248,571,6,Mg-Carbonate,10,425,256
NF,248,572,6,Mg-Carbonate,10,425,256
NF,248,573,6,Mg-Carbonate,10,425,256
NF,248,574,6,Mg-Carbonate,10,425,256
NF,248,575,6,Mg-Carbonate,10,425,256
NF,249,343,1,Fe-Olivine,5,425,256
NF,249,344,1,Fe-Olivine,5,425,256
NF,249,345,1,Fe-Olivine,5,425,256
NF,249,346,1,Fe-Olivine,5,425,256
NF,249,347,1,Fe-Olivine,5,425,256
NF,249,348,1,Fe-Olivine,5,425,256
NF,249,349,1,Fe-Olivine,5,425,256
NF,249,350,1,Fe-Olivine,5,425,256
NF,249,351,1,Fe-Olivine,5,425,256
NF,249,352,1,Fe-Olivine,5,425,256
NF,249,353,1,Fe-Olivine,5,425,256
NF,249,354,1,Fe-Olivine,5,425,256
NF,249,355,1,Fe-Olivine,5,425,256
NF,249,356,1,Fe-Olivine,5,425,256
NF,249,357,1,Fe-Olivine,5,425,256
NF,249,358,1,Fe-Olivine,5,425,256
NF,249,359,1,Fe-Olivine,5,425,256
NF,249,360,1,Fe-Olivine,5,425,256
NF,249,361,1,Fe-Olivine,5,425,256
NF,249,362,1,Fe-Olivine,5,425,256
NF,249,363,1,Fe-Olivine,5,425,256
NF,249,364,1,Fe-Olivine,5,425,256
NF,249,365,1,Fe-Olivine,5,425,256
NF,249,366,1,Fe-Olivine,5,425,256
NF,249,367,1,Fe-Olivine,5,425,256
NF,249,368,1,Fe-Olivine,5,425,256
NF,249,369,1,Fe-Olivine,5,425,256
NF,249,370,1,Fe-Olivine,5,425,256
NF,249,371,1,Fe-Olivine,5,425,256
NF,249,372,1,Fe-Olivine,5,425,256
NF,249,373,1,Fe-Olivine,5,425,256
NF,249,374,1,Fe-Olivine,5,425,256
NF,249,375,1,Fe-Olivine,5,425,256
NF,249,376,1,Fe-Olivine,5,425,256
NF,249,377,1,Fe-Olivine,5,425,256
NF,249,378,1,Fe-Olivine,5,425,256
NF,249,412,8,Prehnite,14,425,256
NF,249,413,8,Prehnite,14,425,256
NF,249,414,8,Prehnite,14,425,256
NF,249,415,8,Prehnite,14,425,256
NF,249,416,8,Prehnite,14,425,256
NF,249,508,6,Mg-Carbonate,10,425,256
NF,249,509,6,Mg-Carbonate,10,425,256
NF,249,510,6,Mg-Carbonate,10,425,256
NF,249,511,6,Mg-Carbonate,10,425,256
NF,249,512,6,Mg-Carbonate,10,425,256
NF,249,513,6,Mg-Carbonate,10,425,256
NF,249,569,6,Mg-Carbonate,10,425,256
NF,249,570,6,Mg-Carbonate,10,425,256
NF,249,571,6,Mg-Carbonate,10,425,256
NF,249,572,6,Mg-Carbonate,10,425,256
NF,249,573,6,Mg-Carbonate,10,425,256
NF,249,574,6,Mg-Carbonate,10,425,256
NF,249,575,6,Mg-Carbonate,10,425,256
NF,250,343,1,Fe-Olivine,5,425,256
NF,250,344,1,Fe-Olivine,5,425,256
NF,250,345,1,Fe-Olivine,5,425,256
NF,250,346,1,Fe-Olivine,5,425,256
NF,250,347,1,Fe-Olivine,5,425,256
NF,250,348,1,Fe-Olivine,5,425,256
NF,250,349,1,Fe-Olivine,5,425,256
NF,250,350,1,Fe-Olivine,5,425,256
NF,250,351,1,Fe-Olivine,5,425,256
NF,250,352,1,Fe-Olivine,5,425,256
NF,250,353,1,Fe-Olivine,5,425,256
NF,250,354,1,Fe-Olivine,5,425,256
NF,250,355,1,Fe-Olivine,5,425,256
NF,250,356,1,Fe-Olivine,5,425,256
NF,250,357,1,Fe-Olivine,5,425,256
NF,250,358,1,Fe-Olivine,5,425,256
NF,250,359,1,Fe-Olivine,5,425,256
NF,250,360,1,Fe-Olivine,5,425,256
NF,250,361,1,Fe-Olivine,5,425,256
NF,250,362,1,Fe-Olivine,5,425,256
NF,250,363,1,Fe-Olivine,5,425,256
NF,250,364,1,Fe-Olivine,5,425,256
NF,250,365,1,Fe-Olivine,5,425,256
NF,250,366,1,Fe-Olivine,5,425,256
NF,250,367,1,Fe-Olivine,5,425,256
NF,250,368,1,Fe-Olivine,5,425,256
NF,250,369,1,Fe-Olivine,5,425,256
NF,250,370,1,Fe-Olivine,5,425,256
NF,250,371,1,Fe-Olivine,5,425,256
NF,250,372,1,Fe-Olivine,5,425,256
NF,250,373,1,Fe-Olivine,5,425,256
NF,250,374,1,Fe-Olivine,5,425,256
NF,250,375,1,Fe-Olivine,5,425,256
NF,250,376,1,Fe-Olivine,5,425,256
NF,250,377,1,Fe-Olivine,5,425,256
NF,250,378,1,Fe-Olivine,5,425,256
NF,250,379,1,Fe-Olivine,5,425,256
NF,250,380,1,Fe-Olivine,5,425,256
NF,250,412,8,Prehnite,14,425,256
NF,250,413,8,Prehnite,14,425,256
NF,250,414,8,Prehnite,14,425,256
NF,250,415,8,Prehnite,14,425,256
NF,250,416,8,Prehnite,14,425,256
NF,250,508,6,Mg-Carbonate,10,425,256
NF,250,509,6,Mg-Carbonate,10,425,256
NF,250,510,6,Mg-Carbonate,10,425,256
NF,250,511,6,Mg-Carbonate,10,425,256
NF,250,512,6,Mg-Carbonate,10,425,256
NF,250,513,6,Mg-Carbonate,10,425,256
NF,250,570,6,Mg-Carbonate,10,425,256
NF,250,571,6,Mg-Carbonate,10,425,256
NF,250,572,6,Mg-Carbonate,10,425,256
NF,250,573,6,Mg-Carbonate,10,425,256
NF,250,574,6,Mg-Carbonate,10,425,256
NF,250,575,6,Mg-Carbonate,10,425,256
NF,251,342,1,Fe-Olivine,5,425,256
NF,251,343,1,Fe-Olivine,5,425,256
NF,251,344,1,Fe-Olivine,5,425,256
NF,251,345,1,Fe-Olivine,5,425,256
NF,251,346,1,Fe-Olivine,5,425,256
NF,251,347,1,Fe-Olivine,5,425,256
NF,251,348,1,Fe-Olivine,5,425,256
NF,251,349,1,Fe-Olivine,5,425,256
NF,251,350,1,Fe-Olivine,5,425,256
NF,251,351,1,Fe-Olivine,5,425,256
NF,251,352,1,Fe-Olivine,5,425,256
NF,251,353,1,Fe-Olivine,5,425,256
NF,251,354,1,Fe-Olivine,5,425,256
NF,251,355,1,Fe-Olivine,5,425,256
NF,251,356,1,Fe-Olivine,5,425,256
NF,251,357,1,Fe-Olivine,5,425,256
NF,251,358,1,Fe-Olivine,5,425,256
NF,251,359,1,Fe-Olivine,5,425,256
NF,251,360,1,Fe-Olivine,5,425,256
NF,251,361,1,Fe-Olivine,5,425,256
NF,251,362,1,Fe-Olivine,5,425,256
NF,251,363,1,Fe-Olivine,5,425,256
NF,251,364,1,Fe-Olivine,5,425,256
NF,251,365,1,Fe-Olivine,5,425,256
NF,251,366,1,Fe-Olivine,5,425,256
NF,251,367,1,Fe-Olivine,5,425,256
NF,251,368,1,Fe-Olivine,5,425,256
NF,251,369,1,Fe-Olivine,5,425,256
NF,251,370,1,Fe-Olivine,5,425,256
NF,251,371,1,Fe-Olivine,5,425,256
NF,251,372,1,Fe-Olivine,5,425,256
NF,251,373,1,Fe-Olivine,5,425,256
NF,251,374,1,Fe-Olivine,5,425,256
NF,251,375,1,Fe-Olivine,5,425,256
NF,251,376,1,Fe-Olivine,5,425,256
NF,251,377,1,Fe-Olivine,5,425,256
NF,251,378,1,Fe-Olivine,5,425,256
NF,251,379,1,Fe-Olivine,5,425,256
NF,251,380,1,Fe-Olivine,5,425,256
NF,251,381,1,Fe-Olivine,5,425,256
NF,251,412,8,Prehnite,14,425,256
NF,251,413,8,Prehnite,14,425,256
NF,251,414,8,Prehnite,14,425,256
NF,251,415,8,Prehnite,14,425,256
NF,251,508,6,Mg-Carbonate,10,425,256
NF,251,509,6,Mg-Carbonate,10,425,256
NF,251,510,6,Mg-Carbonate,10,425,256
NF,251,511,6,Mg-Carbonate,10,425,256
NF,251,512,6,Mg-Carbonate,10,425,256
NF,251,513,6,Mg-Carbonate,10,425,256
NF,251,570,6,Mg-Carbonate,10,425,256
NF,251,571,6,Mg-Carbonate,10,425,256
NF,251,572,6,Mg-Carbonate,10,425,256
NF,251,573,6,Mg-Carbonate,10,425,256
NF,251,574,6,Mg-Carbonate,10,425,256
NF,251,575,6,Mg-Carbonate,10,425,256
NF,252,342,1,Fe-Olivine,5,425,256
NF,252,343,1,Fe-Olivine,5,425,256
NF,252,344,1,Fe-Olivine,5,425,256
NF,252,345,1,Fe-Olivine,5,425,256
NF,252,346,1,Fe-Olivine,5,425,256
NF,252,347,1,Fe-Olivine,5,425,256
NF,252,348,1,Fe-Olivine,5,425,256
NF,252,349,1,Fe-Olivine,5,425,256
NF,252,350,1,Fe-Olivine,5,425,256
NF,252,351,1,Fe-Olivine,5,425,256
NF,252,352,1,Fe-Olivine,5,425,256
NF,252,353,1,Fe-Olivine,5,425,256
NF,252,354,1,Fe-Olivine,5,425,256
NF,252,355,1,Fe-Olivine,5,425,256
NF,252,356,1,Fe-Olivine,5,425,256
NF,252,357,1,Fe-Olivine,5,425,256
NF,252,358,1,Fe-Olivine,5,425,256
NF,252,359,1,Fe-Olivine,5,425,256
NF,252,360,1,Fe-Olivine,5,425,256
NF,252,361,1,Fe-Olivine,5,425,256
NF,252,362,1,Fe-Olivine,5,425,256
NF,252,363,1,Fe-Olivine,5,425,256
NF,252,364,1,Fe-Olivine,5,425,256
NF,252,365,1,Fe-Olivine,5,425,256
NF,252,366,1,Fe-Olivine,5,425,256
NF,252,367,1,Fe-Olivine,5,425,256
NF,252,368,1,Fe-Olivine,5,425,256
NF,252,369,1,Fe-Olivine,5,425,256
NF,252,370,1,Fe-Olivine,5,425,256
NF,252,371,1,Fe-Olivine,5,425,256
NF,252,372,1,Fe-Olivine,5,425,256
NF,252,373,1,Fe-Olivine,5,425,256
NF,252,374,1,Fe-Olivine,5,425,256
NF,252,375,1,Fe-Olivine,5,425,256
NF,252,376,1,Fe-Olivine,5,425,256
NF,252,377,1,Fe-Olivine,5,425,256
NF,252,378,1,Fe-Olivine,5,425,256
NF,252,379,1,Fe-Olivine,5,425,256
NF,252,380,1,Fe-Olivine,5,425,256
NF,252,381,1,Fe-Olivine,5,425,256
NF,252,382,1,Fe-Olivine,5,425,256
NF,252,411,8,Prehnite,14,425,256
NF,252,412,8,Prehnite,14,425,256
NF,252,413,8,Prehnite,14,425,256
NF,252,414,8,Prehnite,14,425,256
NF,252,415,8,Prehnite,14,425,256
NF,252,508,6,Mg-Carbonate,10,425,256
NF,252,509,6,Mg-Carbonate,10,425,256
NF,252,510,6,Mg-Carbonate,10,425,256
NF,252,511,6,Mg-Carbonate,10,425,256
NF,252,512,6,Mg-Carbonate,10,425,256
NF,252,513,6,Mg-Carbonate,10,425,256
NF,252,568,6,Mg-Carbonate,10,425,256
NF,252,569,6,Mg-Carbonate,10,425,256
NF,252,570,6,Mg-Carbonate,10,425,256
NF,252,571,6,Mg-Carbonate,10,425,256
NF,252,572,6,Mg-Carbonate,10,425,256
NF,252,573,6,Mg-Carbonate,10,425,256
NF,252,574,6,Mg-Carbonate,10,425,256
NF,252,575,6,Mg-Carbonate,10,425,256
NF,253,341,1,Fe-Olivine,5,425,256
NF,253,342,1,Fe-Olivine,5,425,256
NF,253,343,1,Fe-Olivine,5,425,256
NF,253,344,1,Fe-Olivine,5,425,256
NF,253,345,1,Fe-Olivine,5,425,256
NF,253,346,1,Fe-Olivine,5,425,256
NF,253,347,1,Fe-Olivine,5,425,256
NF,253,348,1,Fe-Olivine,5,425,256
NF,253,349,1,Fe-Olivine,5,425,256
NF,253,350,1,Fe-Olivine,5,425,256
NF,253,351,1,Fe-Olivine,5,425,256
NF,253,352,1,Fe-Olivine,5,425,256
NF,253,353,1,Fe-Olivine,5,425,256
NF,253,354,1,Fe-Olivine,5,425,256
NF,253,355,1,Fe-Olivine,5,425,256
NF,253,356,1,Fe-Olivine,5,425,256
NF,253,357,1,Fe-Olivine,5,425,256
NF,253,358,1,Fe-Olivine,5,425,256
NF,253,359,1,Fe-Olivine,5,425,256
NF,253,360,1,Fe-Olivine,5,425,256
NF,253,361,1,Fe-Olivine,5,425,256
NF,253,362,1,Fe-Olivine,5,425,256
NF,253,363,1,Fe-Olivine,5,425,256
NF,253,364,1,Fe-Olivine,5,425,256
NF,253,365,1,Fe-Olivine,5,425,256
NF,253,366,1,Fe-Olivine,5,425,256
NF,253,367,1,Fe-Olivine,5,425,256
NF,253,368,1,Fe-Olivine,5,425,256
NF,253,369,1,Fe-Olivine,5,425,256
NF,253,370,1,Fe-Olivine,5,425,256
NF,253,371,1,Fe-Olivine,5,425,256
NF,253,372,1,Fe-Olivine,5,425,256
NF,253,373,1,Fe-Olivine,5,425,256
NF,253,374,1,Fe-Olivine,5,425,256
NF,253,375,1,Fe-Olivine,5,425,256
NF,253,376,1,Fe-Olivine,5,425,256
NF,253,377,1,Fe-Olivine,5,425,256
NF,253,378,1,Fe-Olivine,5,425,256
NF,253,379,1,Fe-Olivine,5,425,256
NF,253,380,1,Fe-Olivine,5,425,256
NF,253,381,1,Fe-Olivine,5,425,256
NF,253,382,1,Fe-Olivine,5,425,256
NF,253,383,1,Fe-Olivine,5,425,256
NF,253,411,8,Prehnite,14,425,256
NF,253,412,8,Prehnite,14,425,256
NF,253,413,8,Prehnite,14,425,256
NF,253,414,8,Prehnite,14,425,256
NF,253,415,8,Prehnite,14,425,256
NF,253,508,6,Mg-Carbonate,10,425,256
NF,253,509,6,Mg-Carbonate,10,425,256
NF,253,510,6,Mg-Carbonate,10,425,256
NF,253,511,6,Mg-Carbonate,10,425,256
NF,253,512,6,Mg-Carbonate,10,425,256
NF,253,513,6,Mg-Carbonate,10,425,256
NF,253,568,6,Mg-Carbonate,10,425,256
NF,253,569,6,Mg-Carbonate,10,425,256
NF,253,570,6,Mg-Carbonate,10,425,256
NF,253,571,6,Mg-Carbonate,10,425,256
NF,253,572,6,Mg-Carbonate,10,425,256
NF,253,573,6,Mg-Carbonate,10,425,256
NF,253,574,6,Mg-Carbonate,10,425,256
NF,253,575,6,Mg-Carbonate,10,425,256
NF,254,339,1,Fe-Olivine,5,425,256
NF,254,340,1,Fe-Olivine,5,425,256
NF,254,341,1,Fe-Olivine,5,425,256
NF,254,342,1,Fe-Olivine,5,425,256
NF,254,343,1,Fe-Olivine,5,425,256
NF,254,344,1,Fe-Olivine,5,425,256
NF,254,345,1,Fe-Olivine,5,425,256
NF,254,346,1,Fe-Olivine,5,425,256
NF,254,347,1,Fe-Olivine,5,425,256
NF,254,348,1,Fe-Olivine,5,425,256
NF,254,349,1,Fe-Olivine,5,425,256
NF,254,350,1,Fe-Olivine,5,425,256
NF,254,351,1,Fe-Olivine,5,425,256
NF,254,352,1,Fe-Olivine,5,425,256
NF,254,353,1,Fe-Olivine,5,425,256
NF,254,354,1,Fe-Olivine,5,425,256
NF,254,355,1,Fe-Olivine,5,425,256
NF,254,356,1,Fe-Olivine,5,425,256
NF,254,357,1,Fe-Olivine,5,425,256
NF,254,358,1,Fe-Olivine,5,425,256
NF,254,359,1,Fe-Olivine,5,425,256
NF,254,360,1,Fe-Olivine,5,425,256
NF,254,361,1,Fe-Olivine,5,425,256
NF,254,362,1,Fe-Olivine,5,425,256
NF,254,363,1,Fe-Olivine,5,425,256
NF,254,364,1,Fe-Olivine,5,425,256
NF,254,365,1,Fe-Olivine,5,425,256
NF,254,366,1,Fe-Olivine,5,425,256
NF,254,367,1,Fe-Olivine,5,425,256
NF,254,368,1,Fe-Olivine,5,425,256
NF,254,369,1,Fe-Olivine,5,425,256
NF,254,370,1,Fe-Olivine,5,425,256
NF,254,371,1,Fe-Olivine,5,425,256
NF,254,372,1,Fe-Olivine,5,425,256
NF,254,373,1,Fe-Olivine,5,425,256
NF,254,374,1,Fe-Olivine,5,425,256
NF,254,375,1,Fe-Olivine,5,425,256
NF,254,376,1,Fe-Olivine,5,425,256
NF,254,377,1,Fe-Olivine,5,425,256
NF,254,378,1,Fe-Olivine,5,425,256
NF,254,379,1,Fe-Olivine,5,425,256
NF,254,380,1,Fe-Olivine,5,425,256
NF,254,381,1,Fe-Olivine,5,425,256
NF,254,382,1,Fe-Olivine,5,425,256
NF,254,383,1,Fe-Olivine,5,425,256
NF,254,384,1,Fe-Olivine,5,425,256
NF,254,411,8,Prehnite,14,425,256
NF,254,412,8,Prehnite,14,425,256
NF,254,413,8,Prehnite,14,425,256
NF,254,414,8,Prehnite,14,425,256
NF,254,415,8,Prehnite,14,425,256
NF,254,507,6,Mg-Carbonate,10,425,256
NF,254,508,6,Mg-Carbonate,10,425,256
NF,254,509,6,Mg-Carbonate,10,425,256
NF,254,510,6,Mg-Carbonate,10,425,256
NF,254,511,6,Mg-Carbonate,10,425,256
NF,254,512,6,Mg-Carbonate,10,425,256
NF,254,567,6,Mg-Carbonate,10,425,256
NF,254,568,6,Mg-Carbonate,10,425,256
NF,254,569,6,Mg-Carbonate,10,425,256
NF,254,570,6,Mg-Carbonate,10,425,256
NF,254,571,6,Mg-Carbonate,10,425,256
NF,254,572,6,Mg-Carbonate,10,425,256
NF,254,573,6,Mg-Carbonate,10,425,256
NF,254,574,6,Mg-Carbonate,10,425,256
NF,254,575,6,Mg-Carbonate,10,425,256
NF,255,338,1,Fe-Olivine,5,425,256
NF,255,339,1,Fe-Olivine,5,425,256
NF,255,340,1,Fe-Olivine,5,425,256
NF,255,341,1,Fe-Olivine,5,425,256
NF,255,342,1,Fe-Olivine,5,425,256
NF,255,343,1,Fe-Olivine,5,425,256
NF,255,344,1,Fe-Olivine,5,425,256
NF,255,345,1,Fe-Olivine,5,425,256
NF,255,346,1,Fe-Olivine,5,425,256
NF,255,347,1,Fe-Olivine,5,425,256
NF,255,348,1,Fe-Olivine,5,425,256
NF,255,349,1,Fe-Olivine,5,425,256
NF,255,350,1,Fe-Olivine,5,425,256
NF,255,351,1,Fe-Olivine,5,425,256
NF,255,352,1,Fe-Olivine,5,425,256
NF,255,353,1,Fe-Olivine,5,425,256
NF,255,354,1,Fe-Olivine,5,425,256
NF,255,355,1,Fe-Olivine,5,425,256
NF,255,356,1,Fe-Olivine,5,425,256
NF,255,357,1,Fe-Olivine,5,425,256
NF,255,358,1,Fe-Olivine,5,425,256
NF,255,359,1,Fe-Olivine,5,425,256
NF,255,360,1,Fe-Olivine,5,425,256
NF,255,361,1,Fe-Olivine,5,425,256
NF,255,362,1,Fe-Olivine,5,425,256
NF,255,363,1,Fe-Olivine,5,425,256
NF,255,364,1,Fe-Olivine,5,425,256
NF,255,365,1,Fe-Olivine,5,425,256
NF,255,366,1,Fe-Olivine,5,425,256
NF,255,367,1,Fe-Olivine,5,425,256
NF,255,368,1,Fe-Olivine,5,425,256
NF,255,369,1,Fe-Olivine,5,425,256
NF,255,370,1,Fe-Olivine,5,425,256
NF,255,371,1,Fe-Olivine,5,425,256
NF,255,372,1,Fe-Olivine,5,425,256
NF,255,373,1,Fe-Olivine,5,425,256
NF,255,374,1,Fe-Olivine,5,425,256
NF,255,375,1,Fe-Olivine,5,425,256
NF,255,376,1,Fe-Olivine,5,425,256
NF,255,377,1,Fe-Olivine,5,425,256
NF,255,378,1,Fe-Olivine,5,425,256
NF,255,379,1,Fe-Olivine,5,425,256
NF,255,380,1,Fe-Olivine,5,425,256
NF,255,381,1,Fe-Olivine,5,425,256
NF,255,382,1,Fe-Olivine,5,425,256
NF,255,383,1,Fe-Olivine,5,425,256
NF,255,384,1,Fe-Olivine,5,425,256
NF,255,412,8,Prehnite,14,425,256
NF,255,413,8,Prehnite,14,425,256
NF,255,414,8,Prehnite,14,425,256
NF,255,415,8,Prehnite,14,425,256
NF,255,507,6,Mg-Carbonate,10,425,256
NF,255,508,6,Mg-Carbonate,10,425,256
NF,255,509,6,Mg-Carbonate,10,425,256
NF,255,510,6,Mg-Carbonate,10,425,256
NF,255,511,6,Mg-Carbonate,10,425,256
NF,255,512,6,Mg-Carbonate,10,425,256
NF,255,567,6,Mg-Carbonate,10,425,256
NF,255,568,6,Mg-Carbonate,10,425,256
NF,255,569,6,Mg-Carbonate,10,425,256
NF,255,570,6,Mg-Carbonate,10,425,256
NF,255,571,6,Mg-Carbonate,10,425,256
NF,255,572,6,Mg-Carbonate,10,425,256
NF,255,573,6,Mg-Carbonate,10,425,256
NF,255,574,6,Mg-Carbonate,10,425,256
NF,255,575,6,Mg-Carbonate,10,425,256
NF,256,336,1,Fe-Olivine,5,425,256
NF,256,337,1,Fe-Olivine,5,425,256
NF,256,338,1,Fe-Olivine,5,425,256
NF,256,339,1,Fe-Olivine,5,425,256
NF,256,340,1,Fe-Olivine,5,425,256
NF,256,341,1,Fe-Olivine,5,425,256
NF,256,342,1,Fe-Olivine,5,425,256
NF,256,343,1,Fe-Olivine,5,425,256
NF,256,344,1,Fe-Olivine,5,425,256
NF,256,345,1,Fe-Olivine,5,425,256
NF,256,346,1,Fe-Olivine,5,425,256
NF,256,347,1,Fe-Olivine,5,425,256
NF,256,348,1,Fe-Olivine,5,425,256
NF,256,349,1,Fe-Olivine,5,425,256
NF,256,350,1,Fe-Olivine,5,425,256
NF,256,351,1,Fe-Olivine,5,425,256
NF,256,352,1,Fe-Olivine,5,425,256
NF,256,353,1,Fe-Olivine,5,425,256
NF,256,354,1,Fe-Olivine,5,425,256
NF,256,355,1,Fe-Olivine,5,425,256
NF,256,356,1,Fe-Olivine,5,425,256
NF,256,357,1,Fe-Olivine,5,425,256
NF,256,358,1,Fe-Olivine,5,425,256
NF,256,359,1,Fe-Olivine,5,425,256
NF,256,360,1,Fe-Olivine,5,425,256
NF,256,361,1,Fe-Olivine,5,425,256
NF,256,362,1,Fe-Olivine,5,425,256
NF,256,363,1,Fe-Olivine,5,425,256
NF,256,364,1,Fe-Olivine,5,425,256
NF,256,365,1,Fe-Olivine,5,425,256
NF,256,366,1,Fe-Olivine,5,425,256
NF,256,367,1,Fe-Olivine,5,425,256
NF,256,368,1,Fe-Olivine,5,425,256
NF,256,369,1,Fe-Olivine,5,425,256
NF,256,370,1,Fe-Olivine,5,425,256
NF,256,371,1,Fe-Olivine,5,425,256
NF,256,372,1,Fe-Olivine,5,425,256
NF,256,373,1,Fe-Olivine,5,425,256
NF,256,374,1,Fe-Olivine,5,425,256
NF,256,375,1,Fe-Olivine,5,425,256
NF,256,376,1,Fe-Olivine,5,425,256
NF,256,377,1,Fe-Olivine,5,425,256
NF,256,378,1,Fe-Olivine,5,425,256
NF,256,379,1,Fe-Olivine,5,425,256
NF,256,380,1,Fe-Olivine,5,425,256
NF,256,381,1,Fe-Olivine,5,425,256
NF,256,382,1,Fe-Olivine,5,425,256
NF,256,383,1,Fe-Olivine,5,425,256
NF,256,384,1,Fe-Olivine,5,425,256
NF,256,385,1,Fe-Olivine,5,425,256
NF,256,412,8,Prehnite,14,425,256
NF,256,413,8,Prehnite,14,425,256
NF,256,414,8,Prehnite,14,425,256
NF,256,415,8,Prehnite,14,425,256
NF,256,507,6,Mg-Carbonate,10,425,256
NF,256,508,6,Mg-Carbonate,10,425,256
NF,256,509,6,Mg-Carbonate,10,425,256
NF,256,510,6,Mg-Carbonate,10,425,256
NF,256,511,6,Mg-Carbonate,10,425,256
NF,256,512,6,Mg-Carbonate,10,425,256
NF,256,566,6,Mg-Carbonate,10,425,256
NF,256,567,6,Mg-Carbonate,10,425,256
NF,256,568,6,Mg-Carbonate,10,425,256
NF,256,569,6,Mg-Carbonate,10,425,256
NF,256,570,6,Mg-Carbonate,10,425,256
NF,256,571,6,Mg-Carbonate,10,425,256
NF,256,572,6,Mg-Carbonate,10,425,256
NF,256,573,6,Mg-Carbonate,10,425,256
NF,256,574,6,Mg-Carbonate,10,425,256
NF,256,575,6,Mg-Carbonate,10,425,256
NF,257,335,1,Fe-Olivine,5,425,256
NF,257,336,1,Fe-Olivine,5,425,256
NF,257,337,1,Fe-Olivine,5,425,256
NF,257,338,1,Fe-Olivine,5,425,256
NF,257,339,1,Fe-Olivine,5,425,256
NF,257,340,1,Fe-Olivine,5,425,256
NF,257,341,1,Fe-Olivine,5,425,256
NF,257,342,1,Fe-Olivine,5,425,256
NF,257,343,1,Fe-Olivine,5,425,256
NF,257,344,1,Fe-Olivine,5,425,256
NF,257,345,1,Fe-Olivine,5,425,256
NF,257,346,1,Fe-Olivine,5,425,256
NF,257,347,1,Fe-Olivine,5,425,256
NF,257,348,1,Fe-Olivine,5,425,256
NF,257,349,1,Fe-Olivine,5,425,256
NF,257,350,1,Fe-Olivine,5,425,256
NF,257,351,1,Fe-Olivine,5,425,256
NF,257,352,1,Fe-Olivine,5,425,256
NF,257,353,1,Fe-Olivine,5,425,256
NF,257,354,1,Fe-Olivine,5,425,256
NF,257,355,1,Fe-Olivine,5,425,256
NF,257,356,1,Fe-Olivine,5,425,256
NF,257,357,1,Fe-Olivine,5,425,256
NF,257,358,1,Fe-Olivine,5,425,256
NF,257,359,1,Fe-Olivine,5,425,256
NF,257,360,1,Fe-Olivine,5,425,256
NF,257,361,1,Fe-Olivine,5,425,256
NF,257,362,1,Fe-Olivine,5,425,256
NF,257,363,1,Fe-Olivine,5,425,256
NF,257,364,1,Fe-Olivine,5,425,256
NF,257,365,1,Fe-Olivine,5,425,256
NF,257,366,1,Fe-Olivine,5,425,256
NF,257,367,1,Fe-Olivine,5,425,256
NF,257,368,1,Fe-Olivine,5,425,256
NF,257,369,1,Fe-Olivine,5,425,256
NF,257,370,1,Fe-Olivine,5,425,256
NF,257,371,1,Fe-Olivine,5,425,256
NF,257,372,1,Fe-Olivine,5,425,256
NF,257,373,1,Fe-Olivine,5,425,256
NF,257,374,1,Fe-Olivine,5,425,256
NF,257,375,1,Fe-Olivine,5,425,256
NF,257,376,1,Fe-Olivine,5,425,256
NF,257,377,1,Fe-Olivine,5,425,256
NF,257,378,1,Fe-Olivine,5,425,256
NF,257,379,1,Fe-Olivine,5,425,256
NF,257,380,1,Fe-Olivine,5,425,256
NF,257,381,1,Fe-Olivine,5,425,256
NF,257,382,1,Fe-Olivine,5,425,256
NF,257,383,1,Fe-Olivine,5,425,256
NF,257,384,1,Fe-Olivine,5,425,256
NF,257,385,1,Fe-Olivine,5,425,256
NF,257,507,6,Mg-Carbonate,10,425,256
NF,257,508,6,Mg-Carbonate,10,425,256
NF,257,509,6,Mg-Carbonate,10,425,256
NF,257,510,6,Mg-Carbonate,10,425,256
NF,257,511,6,Mg-Carbonate,10,425,256
NF,257,512,6,Mg-Carbonate,10,425,256
NF,257,565,6,Mg-Carbonate,10,425,256
NF,257,566,6,Mg-Carbonate,10,425,256
NF,257,567,6,Mg-Carbonate,10,425,256
NF,257,568,6,Mg-Carbonate,10,425,256
NF,257,569,6,Mg-Carbonate,10,425,256
NF,257,570,6,Mg-Carbonate,10,425,256
NF,257,571,6,Mg-Carbonate,10,425,256
NF,257,572,6,Mg-Carbonate,10,425,256
NF,257,573,6,Mg-Carbonate,10,425,256
NF,257,574,6,Mg-Carbonate,10,425,256
NF,257,575,6,Mg-Carbonate,10,425,256
NF,258,335,1,Fe-Olivine,5,425,256
NF,258,336,1,Fe-Olivine,5,425,256
NF,258,337,1,Fe-Olivine,5,425,256
NF,258,338,1,Fe-Olivine,5,425,256
NF,258,339,1,Fe-Olivine,5,425,256
NF,258,340,1,Fe-Olivine,5,425,256
NF,258,341,1,Fe-Olivine,5,425,256
NF,258,342,1,Fe-Olivine,5,425,256
NF,258,343,1,Fe-Olivine,5,425,256
NF,258,344,1,Fe-Olivine,5,425,256
NF,258,345,1,Fe-Olivine,5,425,256
NF,258,346,1,Fe-Olivine,5,425,256
NF,258,347,1,Fe-Olivine,5,425,256
NF,258,348,1,Fe-Olivine,5,425,256
NF,258,349,1,Fe-Olivine,5,425,256
NF,258,350,1,Fe-Olivine,5,425,256
NF,258,351,1,Fe-Olivine,5,425,256
NF,258,352,1,Fe-Olivine,5,425,256
NF,258,353,1,Fe-Olivine,5,425,256
NF,258,354,1,Fe-Olivine,5,425,256
NF,258,355,1,Fe-Olivine,5,425,256
NF,258,356,1,Fe-Olivine,5,425,256
NF,258,357,1,Fe-Olivine,5,425,256
NF,258,358,1,Fe-Olivine,5,425,256
NF,258,359,1,Fe-Olivine,5,425,256
NF,258,360,1,Fe-Olivine,5,425,256
NF,258,361,1,Fe-Olivine,5,425,256
NF,258,362,1,Fe-Olivine,5,425,256
NF,258,363,1,Fe-Olivine,5,425,256
NF,258,364,1,Fe-Olivine,5,425,256
NF,258,365,1,Fe-Olivine,5,425,256
NF,258,366,1,Fe-Olivine,5,425,256
NF,258,367,1,Fe-Olivine,5,425,256
NF,258,368,1,Fe-Olivine,5,425,256
NF,258,369,1,Fe-Olivine,5,425,256
NF,258,370,1,Fe-Olivine,5,425,256
NF,258,371,1,Fe-Olivine,5,425,256
NF,258,372,1,Fe-Olivine,5,425,256
NF,258,373,1,Fe-Olivine,5,425,256
NF,258,374,1,Fe-Olivine,5,425,256
NF,258,375,1,Fe-Olivine,5,425,256
NF,258,376,1,Fe-Olivine,5,425,256
NF,258,377,1,Fe-Olivine,5,425,256
NF,258,378,1,Fe-Olivine,5,425,256
NF,258,379,1,Fe-Olivine,5,425,256
NF,258,380,1,Fe-Olivine,5,425,256
NF,258,381,1,Fe-Olivine,5,425,256
NF,258,382,1,Fe-Olivine,5,425,256
NF,258,383,1,Fe-Olivine,5,425,256
NF,258,384,1,Fe-Olivine,5,425,256
NF,258,385,1,Fe-Olivine,5,425,256
NF,258,386,1,Fe-Olivine,5,425,256
NF,258,507,6,Mg-Carbonate,10,425,256
NF,258,508,6,Mg-Carbonate,10,425,256
NF,258,509,6,Mg-Carbonate,10,425,256
NF,258,510,6,Mg-Carbonate,10,425,256
NF,258,511,6,Mg-Carbonate,10,425,256
NF,258,564,6,Mg-Carbonate,10,425,256
NF,258,565,6,Mg-Carbonate,10,425,256
NF,258,566,6,Mg-Carbonate,10,425,256
NF,258,567,6,Mg-Carbonate,10,425,256
NF,258,568,6,Mg-Carbonate,10,425,256
NF,258,569,6,Mg-Carbonate,10,425,256
NF,258,570,6,Mg-Carbonate,10,425,256
NF,258,571,6,Mg-Carbonate,10,425,256
NF,258,572,6,Mg-Carbonate,10,425,256
NF,258,573,6,Mg-Carbonate,10,425,256
NF,258,574,6,Mg-Carbonate,10,425,256
NF,258,575,6,Mg-Carbonate,10,425,256
NF,259,334,1,Fe-Olivine,5,425,256
NF,259,335,1,Fe-Olivine,5,425,256
NF,259,336,1,Fe-Olivine,5,425,256
NF,259,337,1,Fe-Olivine,5,425,256
NF,259,338,1,Fe-Olivine,5,425,256
NF,259,339,1,Fe-Olivine,5,425,256
NF,259,340,1,Fe-Olivine,5,425,256
NF,259,341,1,Fe-Olivine,5,425,256
NF,259,342,1,Fe-Olivine,5,425,256
NF,259,343,1,Fe-Olivine,5,425,256
NF,259,344,1,Fe-Olivine,5,425,256
NF,259,345,1,Fe-Olivine,5,425,256
NF,259,346,1,Fe-Olivine,5,425,256
NF,259,347,1,Fe-Olivine,5,425,256
NF,259,348,1,Fe-Olivine,5,425,256
NF,259,349,1,Fe-Olivine,5,425,256
NF,259,350,1,Fe-Olivine,5,425,256
NF,259,351,1,Fe-Olivine,5,425,256
NF,259,352,1,Fe-Olivine,5,425,256
NF,259,353,1,Fe-Olivine,5,425,256
NF,259,354,1,Fe-Olivine,5,425,256
NF,259,355,1,Fe-Olivine,5,425,256
NF,259,356,1,Fe-Olivine,5,425,256
NF,259,357,1,Fe-Olivine,5,425,256
NF,259,358,1,Fe-Olivine,5,425,256
NF,259,359,1,Fe-Olivine,5,425,256
NF,259,360,1,Fe-Olivine,5,425,256
NF,259,361,1,Fe-Olivine,5,425,256
NF,259,362,1,Fe-Olivine,5,425,256
NF,259,363,1,Fe-Olivine,5,425,256
NF,259,364,1,Fe-Olivine,5,425,256
NF,259,365,1,Fe-Olivine,5,425,256
NF,259,366,1,Fe-Olivine,5,425,256
NF,259,367,1,Fe-Olivine,5,425,256
NF,259,368,1,Fe-Olivine,5,425,256
NF,259,369,1,Fe-Olivine,5,425,256
NF,259,370,1,Fe-Olivine,5,425,256
NF,259,371,1,Fe-Olivine,5,425,256
NF,259,372,1,Fe-Olivine,5,425,256
NF,259,373,1,Fe-Olivine,5,425,256
NF,259,374,1,Fe-Olivine,5,425,256
NF,259,376,1,Fe-Olivine,5,425,256
NF,259,377,1,Fe-Olivine,5,425,256
NF,259,378,1,Fe-Olivine,5,425,256
NF,259,379,1,Fe-Olivine,5,425,256
NF,259,380,1,Fe-Olivine,5,425,256
NF,259,381,1,Fe-Olivine,5,425,256
NF,259,382,1,Fe-Olivine,5,425,256
NF,259,383,1,Fe-Olivine,5,425,256
NF,259,384,1,Fe-Olivine,5,425,256
NF,259,385,1,Fe-Olivine,5,425,256
NF,259,386,1,Fe-Olivine,5,425,256
NF,259,387,1,Fe-Olivine,5,425,256
NF,259,388,1,Fe-Olivine,5,425,256
NF,259,389,1,Fe-Olivine,5,425,256
NF,259,390,1,Fe-Olivine,5,425,256
NF,259,507,6,Mg-Carbonate,10,425,256
NF,259,508,6,Mg-Carbonate,10,425,256
NF,259,509,6,Mg-Carbonate,10,425,256
NF,259,510,6,Mg-Carbonate,10,425,256
NF,259,511,6,Mg-Carbonate,10,425,256
NF,259,564,6,Mg-Carbonate,10,425,256
NF,259,565,6,Mg-Carbonate,10,425,256
NF,259,566,6,Mg-Carbonate,10,425,256
NF,259,567,6,Mg-Carbonate,10,425,256
NF,259,568,6,Mg-Carbonate,10,425,256
NF,259,569,6,Mg-Carbonate,10,425,256
NF,259,570,6,Mg-Carbonate,10,425,256
NF,259,571,6,Mg-Carbonate,10,425,256
NF,259,572,6,Mg-Carbonate,10,425,256
NF,259,573,6,Mg-Carbonate,10,425,256
NF,259,574,6,Mg-Carbonate,10,425,256
NF,260,333,1,Fe-Olivine,5,425,256
NF,260,334,1,Fe-Olivine,5,425,256
NF,260,335,1,Fe-Olivine,5,425,256
NF,260,336,1,Fe-Olivine,5,425,256
NF,260,337,1,Fe-Olivine,5,425,256
NF,260,338,1,Fe-Olivine,5,425,256
NF,260,339,1,Fe-Olivine,5,425,256
NF,260,340,1,Fe-Olivine,5,425,256
NF,260,341,1,Fe-Olivine,5,425,256
NF,260,342,1,Fe-Olivine,5,425,256
NF,260,343,1,Fe-Olivine,5,425,256
NF,260,344,1,Fe-Olivine,5,425,256
NF,260,345,1,Fe-Olivine,5,425,256
NF,260,346,1,Fe-Olivine,5,425,256
NF,260,347,1,Fe-Olivine,5,425,256
NF,260,348,1,Fe-Olivine,5,425,256
NF,260,349,1,Fe-Olivine,5,425,256
NF,260,350,1,Fe-Olivine,5,425,256
NF,260,351,1,Fe-Olivine,5,425,256
NF,260,352,1,Fe-Olivine,5,425,256
NF,260,353,1,Fe-Olivine,5,425,256
NF,260,354,1,Fe-Olivine,5,425,256
NF,260,355,1,Fe-Olivine,5,425,256
NF,260,356,1,Fe-Olivine,5,425,256
NF,260,357,1,Fe-Olivine,5,425,256
NF,260,358,1,Fe-Olivine,5,425,256
NF,260,359,1,Fe-Olivine,5,425,256
NF,260,360,1,Fe-Olivine,5,425,256
NF,260,361,1,Fe-Olivine,5,425,256
NF,260,362,1,Fe-Olivine,5,425,256
NF,260,363,1,Fe-Olivine,5,425,256
NF,260,364,1,Fe-Olivine,5,425,256
NF,260,365,1,Fe-Olivine,5,425,256
NF,260,366,1,Fe-Olivine,5,425,256
NF,260,367,1,Fe-Olivine,5,425,256
NF,260,368,1,Fe-Olivine,5,425,256
NF,260,378,1,Fe-Olivine,5,425,256
NF,260,379,1,Fe-Olivine,5,425,256
NF,260,380,1,Fe-Olivine,5,425,256
NF,260,381,1,Fe-Olivine,5,425,256
NF,260,382,1,Fe-Olivine,5,425,256
NF,260,383,1,Fe-Olivine,5,425,256
NF,260,384,1,Fe-Olivine,5,425,256
NF,260,385,1,Fe-Olivine,5,425,256
NF,260,386,1,Fe-Olivine,5,425,256
NF,260,387,1,Fe-Olivine,5,425,256
NF,260,388,1,Fe-Olivine,5,425,256
NF,260,389,1,Fe-Olivine,5,425,256
NF,260,390,1,Fe-Olivine,5,425,256
NF,260,391,1,Fe-Olivine,5,425,256
NF,260,392,1,Fe-Olivine,5,425,256
NF,260,393,1,Fe-Olivine,5,425,256
NF,260,394,1,Fe-Olivine,5,425,256
NF,260,508,6,Mg-Carbonate,10,425,256
NF,260,509,6,Mg-Carbonate,10,425,256
NF,260,510,6,Mg-Carbonate,10,425,256
NF,260,511,6,Mg-Carbonate,10,425,256
NF,260,564,6,Mg-Carbonate,10,425,256
NF,260,565,6,Mg-Carbonate,10,425,256
NF,260,566,6,Mg-Carbonate,10,425,256
NF,260,567,6,Mg-Carbonate,10,425,256
NF,260,568,6,Mg-Carbonate,10,425,256
NF,260,569,6,Mg-Carbonate,10,425,256
NF,260,570,6,Mg-Carbonate,10,425,256
NF,260,571,6,Mg-Carbonate,10,425,256
NF,260,572,6,Mg-Carbonate,10,425,256
NF,260,573,6,Mg-Carbonate,10,425,256
NF,260,574,6,Mg-Carbonate,10,425,256
NF,261,162,1,Fe-Olivine,5,425,256
NF,261,332,1,Fe-Olivine,5,425,256
NF,261,333,1,Fe-Olivine,5,425,256
NF,261,334,1,Fe-Olivine,5,425,256
NF,261,335,1,Fe-Olivine,5,425,256
NF,261,336,1,Fe-Olivine,5,425,256
NF,261,337,1,Fe-Olivine,5,425,256
NF,261,338,1,Fe-Olivine,5,425,256
NF,261,339,1,Fe-Olivine,5,425,256
NF,261,340,1,Fe-Olivine,5,425,256
NF,261,341,1,Fe-Olivine,5,425,256
NF,261,342,1,Fe-Olivine,5,425,256
NF,261,343,1,Fe-Olivine,5,425,256
NF,261,344,1,Fe-Olivine,5,425,256
NF,261,345,1,Fe-Olivine,5,425,256
NF,261,346,1,Fe-Olivine,5,425,256
NF,261,347,1,Fe-Olivine,5,425,256
NF,261,348,1,Fe-Olivine,5,425,256
NF,261,349,1,Fe-Olivine,5,425,256
NF,261,350,1,Fe-Olivine,5,425,256
NF,261,351,1,Fe-Olivine,5,425,256
NF,261,352,1,Fe-Olivine,5,425,256
NF,261,353,1,Fe-Olivine,5,425,256
NF,261,354,1,Fe-Olivine,5,425,256
NF,261,355,1,Fe-Olivine,5,425,256
NF,261,356,1,Fe-Olivine,5,425,256
NF,261,357,1,Fe-Olivine,5,425,256
NF,261,358,1,Fe-Olivine,5,425,256
NF,261,359,1,Fe-Olivine,5,425,256
NF,261,360,1,Fe-Olivine,5,425,256
NF,261,361,1,Fe-Olivine,5,425,256
NF,261,362,1,Fe-Olivine,5,425,256
NF,261,363,1,Fe-Olivine,5,425,256
NF,261,364,1,Fe-Olivine,5,425,256
NF,261,380,1,Fe-Olivine,5,425,256
NF,261,381,1,Fe-Olivine,5,425,256
NF,261,382,1,Fe-Olivine,5,425,256
NF,261,383,1,Fe-Olivine,5,425,256
NF,261,384,1,Fe-Olivine,5,425,256
NF,261,385,1,Fe-Olivine,5,425,256
NF,261,386,1,Fe-Olivine,5,425,256
NF,261,387,1,Fe-Olivine,5,425,256
NF,261,388,1,Fe-Olivine,5,425,256
NF,261,389,1,Fe-Olivine,5,425,256
NF,261,390,1,Fe-Olivine,5,425,256
NF,261,391,1,Fe-Olivine,5,425,256
NF,261,392,1,Fe-Olivine,5,425,256
NF,261,393,1,Fe-Olivine,5,425,256
NF,261,394,1,Fe-Olivine,5,425,256
NF,261,395,1,Fe-Olivine,5,425,256
NF,261,409,4,Bassanite,2,425,256
NF,261,410,4,Bassanite,2,425,256
NF,261,411,4,Bassanite,2,425,256
NF,261,412,4,Bassanite,2,425,256
NF,261,508,6,Mg-Carbonate,10,425,256
NF,261,509,6,Mg-Carbonate,10,425,256
NF,261,564,6,Mg-Carbonate,10,425,256
NF,261,565,6,Mg-Carbonate,10,425,256
NF,261,566,6,Mg-Carbonate,10,425,256
NF,261,567,6,Mg-Carbonate,10,425,256
NF,261,568,6,Mg-Carbonate,10,425,256
NF,261,569,6,Mg-Carbonate,10,425,256
NF,261,570,6,Mg-Carbonate,10,425,256
NF,261,571,6,Mg-Carbonate,10,425,256
NF,261,572,6,Mg-Carbonate,10,425,256
NF,261,573,6,Mg-Carbonate,10,425,256
NF,261,574,6,Mg-Carbonate,10,425,256
NF,262,161,1,Fe-Olivine,5,425,256
NF,262,162,1,Fe-Olivine,5,425,256
NF,262,163,1,Fe-Olivine,5,425,256
NF,262,164,1,Fe-Olivine,5,425,256
NF,262,165,1,Fe-Olivine,5,425,256
NF,262,331,1,Fe-Olivine,5,425,256
NF,262,332,1,Fe-Olivine,5,425,256
NF,262,333,1,Fe-Olivine,5,425,256
NF,262,334,1,Fe-Olivine,5,425,256
NF,262,335,1,Fe-Olivine,5,425,256
NF,262,336,1,Fe-Olivine,5,425,256
NF,262,337,1,Fe-Olivine,5,425,256
NF,262,338,1,Fe-Olivine,5,425,256
NF,262,339,1,Fe-Olivine,5,425,256
NF,262,340,1,Fe-Olivine,5,425,256
NF,262,341,1,Fe-Olivine,5,425,256
NF,262,342,1,Fe-Olivine,5,425,256
NF,262,343,1,Fe-Olivine,5,425,256
NF,262,344,1,Fe-Olivine,5,425,256
NF,262,345,1,Fe-Olivine,5,425,256
NF,262,346,1,Fe-Olivine,5,425,256
NF,262,347,1,Fe-Olivine,5,425,256
NF,262,348,1,Fe-Olivine,5,425,256
NF,262,349,1,Fe-Olivine,5,425,256
NF,262,350,1,Fe-Olivine,5,425,256
NF,262,351,1,Fe-Olivine,5,425,256
NF,262,352,1,Fe-Olivine,5,425,256
NF,262,353,1,Fe-Olivine,5,425,256
NF,262,354,1,Fe-Olivine,5,425,256
NF,262,355,1,Fe-Olivine,5,425,256
NF,262,356,1,Fe-Olivine,5,425,256
NF,262,357,1,Fe-Olivine,5,425,256
NF,262,358,1,Fe-Olivine,5,425,256
NF,262,359,1,Fe-Olivine,5,425,256
NF,262,360,1,Fe-Olivine,5,425,256
NF,262,361,1,Fe-Olivine,5,425,256
NF,262,362,1,Fe-Olivine,5,425,256
NF,262,382,1,Fe-Olivine,5,425,256
NF,262,383,1,Fe-Olivine,5,425,256
NF,262,384,1,Fe-Olivine,5,425,256
NF,262,385,1,Fe-Olivine,5,425,256
NF,262,386,1,Fe-Olivine,5,425,256
NF,262,387,1,Fe-Olivine,5,425,256
NF,262,388,1,Fe-Olivine,5,425,256
NF,262,389,1,Fe-Olivine,5,425,256
NF,262,390,1,Fe-Olivine,5,425,256
NF,262,391,1,Fe-Olivine,5,425,256
NF,262,392,1,Fe-Olivine,5,425,256
NF,262,393,1,Fe-Olivine,5,425,256
NF,262,394,1,Fe-Olivine,5,425,256
NF,262,395,1,Fe-Olivine,5,425,256
NF,262,408,4,Bassanite,2,425,256
NF,262,409,4,Bassanite,2,425,256
NF,262,410,4,Bassanite,2,425,256
NF,262,411,4,Bassanite,2,425,256
NF,262,412,4,Bassanite,2,425,256
NF,262,413,4,Bassanite,2,425,256
NF,262,564,6,Mg-Carbonate,10,425,256
NF,262,565,6,Mg-Carbonate,10,425,256
NF,262,566,6,Mg-Carbonate,10,425,256
NF,262,567,6,Mg-Carbonate,10,425,256
NF,262,568,6,Mg-Carbonate,10,425,256
NF,262,569,6,Mg-Carbonate,10,425,256
NF,262,570,6,Mg-Carbonate,10,425,256
NF,262,571,6,Mg-Carbonate,10,425,256
NF,262,572,6,Mg-Carbonate,10,425,256
NF,262,573,6,Mg-Carbonate,10,425,256
NF,263,161,1,Fe-Olivine,5,425,256
NF,263,162,1,Fe-Olivine,5,425,256
NF,263,163,1,Fe-Olivine,5,425,256
NF,263,164,1,Fe-Olivine,5,425,256
NF,263,165,1,Fe-Olivine,5,425,256
NF,263,330,1,Fe-Olivine,5,425,256
NF,263,331,1,Fe-Olivine,5,425,256
NF,263,332,1,Fe-Olivine,5,425,256
NF,263,333,1,Fe-Olivine,5,425,256
NF,263,334,1,Fe-Olivine,5,425,256
NF,263,335,1,Fe-Olivine,5,425,256
NF,263,336,1,Fe-Olivine,5,425,256
NF,263,337,1,Fe-Olivine,5,425,256
NF,263,338,1,Fe-Olivine,5,425,256
NF,263,339,1,Fe-Olivine,5,425,256
NF,263,340,1,Fe-Olivine,5,425,256
NF,263,341,1,Fe-Olivine,5,425,256
NF,263,342,1,Fe-Olivine,5,425,256
NF,263,343,1,Fe-Olivine,5,425,256
NF,263,344,1,Fe-Olivine,5,425,256
NF,263,345,1,Fe-Olivine,5,425,256
NF,263,346,1,Fe-Olivine,5,425,256
NF,263,347,1,Fe-Olivine,5,425,256
NF,263,348,1,Fe-Olivine,5,425,256
NF,263,349,1,Fe-Olivine,5,425,256
NF,263,350,1,Fe-Olivine,5,425,256
NF,263,351,1,Fe-Olivine,5,425,256
NF,263,352,1,Fe-Olivine,5,425,256
NF,263,353,1,Fe-Olivine,5,425,256
NF,263,354,1,Fe-Olivine,5,425,256
NF,263,355,1,Fe-Olivine,5,425,256
NF,263,356,1,Fe-Olivine,5,425,256
NF,263,357,1,Fe-Olivine,5,425,256
NF,263,358,1,Fe-Olivine,5,425,256
NF,263,359,1,Fe-Olivine,5,425,256
NF,263,360,1,Fe-Olivine,5,425,256
NF,263,385,1,Fe-Olivine,5,425,256
NF,263,386,1,Fe-Olivine,5,425,256
NF,263,387,1,Fe-Olivine,5,425,256
NF,263,388,1,Fe-Olivine,5,425,256
NF,263,389,1,Fe-Olivine,5,425,256
NF,263,390,1,Fe-Olivine,5,425,256
NF,263,391,1,Fe-Olivine,5,425,256
NF,263,392,1,Fe-Olivine,5,425,256
NF,263,393,1,Fe-Olivine,5,425,256
NF,263,394,1,Fe-Olivine,5,425,256
NF,263,395,1,Fe-Olivine,5,425,256
NF,263,396,1,Fe-Olivine,5,425,256
NF,263,408,4,Bassanite,2,425,256
NF,263,409,4,Bassanite,2,425,256
NF,263,410,4,Bassanite,2,425,256
NF,263,411,4,Bassanite,2,425,256
NF,263,412,4,Bassanite,2,425,256
NF,263,413,4,Bassanite,2,425,256
NF,263,414,4,Bassanite,2,425,256
NF,263,564,6,Mg-Carbonate,10,425,256
NF,263,565,6,Mg-Carbonate,10,425,256
NF,263,566,6,Mg-Carbonate,10,425,256
NF,263,567,6,Mg-Carbonate,10,425,256
NF,263,568,6,Mg-Carbonate,10,425,256
NF,263,569,6,Mg-Carbonate,10,425,256
NF,263,570,6,Mg-Carbonate,10,425,256
NF,263,571,6,Mg-Carbonate,10,425,256
NF,263,572,6,Mg-Carbonate,10,425,256
NF,263,573,6,Mg-Carbonate,10,425,256
NF,264,162,1,Fe-Olivine,5,425,256
NF,264,163,1,Fe-Olivine,5,425,256
NF,264,164,1,Fe-Olivine,5,425,256
NF,264,165,1,Fe-Olivine,5,425,256
NF,264,166,1,Fe-Olivine,5,425,256
NF,264,330,1,Fe-Olivine,5,425,256
NF,264,331,1,Fe-Olivine,5,425,256
NF,264,332,1,Fe-Olivine,5,425,256
NF,264,333,1,Fe-Olivine,5,425,256
NF,264,334,1,Fe-Olivine,5,425,256
NF,264,335,1,Fe-Olivine,5,425,256
NF,264,336,1,Fe-Olivine,5,425,256
NF,264,337,1,Fe-Olivine,5,425,256
NF,264,338,1,Fe-Olivine,5,425,256
NF,264,339,1,Fe-Olivine,5,425,256
NF,264,340,1,Fe-Olivine,5,425,256
NF,264,341,1,Fe-Olivine,5,425,256
NF,264,342,1,Fe-Olivine,5,425,256
NF,264,343,1,Fe-Olivine,5,425,256
NF,264,344,1,Fe-Olivine,5,425,256
NF,264,345,1,Fe-Olivine,5,425,256
NF,264,346,1,Fe-Olivine,5,425,256
NF,264,347,1,Fe-Olivine,5,425,256
NF,264,348,1,Fe-Olivine,5,425,256
NF,264,349,1,Fe-Olivine,5,425,256
NF,264,350,1,Fe-Olivine,5,425,256
NF,264,351,1,Fe-Olivine,5,425,256
NF,264,352,1,Fe-Olivine,5,425,256
NF,264,353,1,Fe-Olivine,5,425,256
NF,264,354,1,Fe-Olivine,5,425,256
NF,264,355,1,Fe-Olivine,5,425,256
NF,264,356,1,Fe-Olivine,5,425,256
NF,264,357,1,Fe-Olivine,5,425,256
NF,264,358,1,Fe-Olivine,5,425,256
NF,264,359,1,Fe-Olivine,5,425,256
NF,264,386,1,Fe-Olivine,5,425,256
NF,264,387,1,Fe-Olivine,5,425,256
NF,264,388,1,Fe-Olivine,5,425,256
NF,264,389,1,Fe-Olivine,5,425,256
NF,264,390,1,Fe-Olivine,5,425,256
NF,264,391,1,Fe-Olivine,5,425,256
NF,264,392,1,Fe-Olivine,5,425,256
NF,264,393,1,Fe-Olivine,5,425,256
NF,264,394,1,Fe-Olivine,5,425,256
NF,264,395,1,Fe-Olivine,5,425,256
NF,264,396,1,Fe-Olivine,5,425,256
NF,264,408,4,Bassanite,2,425,256
NF,264,409,4,Bassanite,2,425,256
NF,264,410,4,Bassanite,2,425,256
NF,264,411,4,Bassanite,2,425,256
NF,264,412,4,Bassanite,2,425,256
NF,264,413,4,Bassanite,2,425,256
NF,264,414,4,Bassanite,2,425,256
NF,264,563,6,Mg-Carbonate,10,425,256
NF,264,564,6,Mg-Carbonate,10,425,256
NF,264,565,6,Mg-Carbonate,10,425,256
NF,264,566,6,Mg-Carbonate,10,425,256
NF,264,567,6,Mg-Carbonate,10,425,256
NF,264,568,6,Mg-Carbonate,10,425,256
NF,264,569,6,Mg-Carbonate,10,425,256
NF,264,570,6,Mg-Carbonate,10,425,256
NF,264,571,6,Mg-Carbonate,10,425,256
NF,264,572,6,Mg-Carbonate,10,425,256
NF,264,573,6,Mg-Carbonate,10,425,256
NF,265,163,1,Fe-Olivine,5,425,256
NF,265,164,1,Fe-Olivine,5,425,256
NF,265,165,1,Fe-Olivine,5,425,256
NF,265,166,1,Fe-Olivine,5,425,256
NF,265,167,1,Fe-Olivine,5,425,256
NF,265,329,1,Fe-Olivine,5,425,256
NF,265,330,1,Fe-Olivine,5,425,256
NF,265,331,1,Fe-Olivine,5,425,256
NF,265,332,1,Fe-Olivine,5,425,256
NF,265,333,1,Fe-Olivine,5,425,256
NF,265,334,1,Fe-Olivine,5,425,256
NF,265,335,1,Fe-Olivine,5,425,256
NF,265,336,1,Fe-Olivine,5,425,256
NF,265,337,1,Fe-Olivine,5,425,256
NF,265,338,1,Fe-Olivine,5,425,256
NF,265,339,1,Fe-Olivine,5,425,256
NF,265,340,1,Fe-Olivine,5,425,256
NF,265,341,1,Fe-Olivine,5,425,256
NF,265,342,1,Fe-Olivine,5,425,256
NF,265,343,1,Fe-Olivine,5,425,256
NF,265,344,1,Fe-Olivine,5,425,256
NF,265,345,1,Fe-Olivine,5,425,256
NF,265,346,1,Fe-Olivine,5,425,256
NF,265,347,1,Fe-Olivine,5,425,256
NF,265,348,1,Fe-Olivine,5,425,256
NF,265,349,1,Fe-Olivine,5,425,256
NF,265,350,1,Fe-Olivine,5,425,256
NF,265,351,1,Fe-Olivine,5,425,256
NF,265,352,1,Fe-Olivine,5,425,256
NF,265,353,1,Fe-Olivine,5,425,256
NF,265,354,1,Fe-Olivine,5,425,256
NF,265,355,1,Fe-Olivine,5,425,256
NF,265,356,1,Fe-Olivine,5,425,256
NF,265,357,1,Fe-Olivine,5,425,256
NF,265,387,1,Fe-Olivine,5,425,256
NF,265,388,1,Fe-Olivine,5,425,256
NF,265,389,1,Fe-Olivine,5,425,256
NF,265,390,1,Fe-Olivine,5,425,256
NF,265,391,1,Fe-Olivine,5,425,256
NF,265,392,1,Fe-Olivine,5,425,256
NF,265,393,1,Fe-Olivine,5,425,256
NF,265,394,1,Fe-Olivine,5,425,256
NF,265,395,1,Fe-Olivine,5,425,256
NF,265,396,1,Fe-Olivine,5,425,256
NF,265,408,4,Bassanite,2,425,256
NF,265,409,4,Bassanite,2,425,256
NF,265,410,4,Bassanite,2,425,256
NF,265,411,4,Bassanite,2,425,256
NF,265,412,4,Bassanite,2,425,256
NF,265,413,4,Bassanite,2,425,256
NF,265,414,4,Bassanite,2,425,256
NF,265,563,6,Mg-Carbonate,10,425,256
NF,265,564,6,Mg-Carbonate,10,425,256
NF,265,565,6,Mg-Carbonate,10,425,256
NF,265,566,6,Mg-Carbonate,10,425,256
NF,265,567,6,Mg-Carbonate,10,425,256
NF,265,568,6,Mg-Carbonate,10,425,256
NF,265,569,6,Mg-Carbonate,10,425,256
NF,265,570,6,Mg-Carbonate,10,425,256
NF,265,571,6,Mg-Carbonate,10,425,256
NF,265,572,6,Mg-Carbonate,10,425,256
NF,265,573,6,Mg-Carbonate,10,425,256
NF,266,163,1,Fe-Olivine,5,425,256
NF,266,164,1,Fe-Olivine,5,425,256
NF,266,165,1,Fe-Olivine,5,425,256
NF,266,166,1,Fe-Olivine,5,425,256
NF,266,167,1,Fe-Olivine,5,425,256
NF,266,168,1,Fe-Olivine,5,425,256
NF,266,329,1,Fe-Olivine,5,425,256
NF,266,330,1,Fe-Olivine,5,425,256
NF,266,331,1,Fe-Olivine,5,425,256
NF,266,332,1,Fe-Olivine,5,425,256
NF,266,333,1,Fe-Olivine,5,425,256
NF,266,334,1,Fe-Olivine,5,425,256
NF,266,335,1,Fe-Olivine,5,425,256
NF,266,336,1,Fe-Olivine,5,425,256
NF,266,337,1,Fe-Olivine,5,425,256
NF,266,338,1,Fe-Olivine,5,425,256
NF,266,339,1,Fe-Olivine,5,425,256
NF,266,340,1,Fe-Olivine,5,425,256
NF,266,341,1,Fe-Olivine,5,425,256
NF,266,342,1,Fe-Olivine,5,425,256
NF,266,343,1,Fe-Olivine,5,425,256
NF,266,344,1,Fe-Olivine,5,425,256
NF,266,345,1,Fe-Olivine,5,425,256
NF,266,346,1,Fe-Olivine,5,425,256
NF,266,347,1,Fe-Olivine,5,425,256
NF,266,348,1,Fe-Olivine,5,425,256
NF,266,349,1,Fe-Olivine,5,425,256
NF,266,350,1,Fe-Olivine,5,425,256
NF,266,351,1,Fe-Olivine,5,425,256
NF,266,352,1,Fe-Olivine,5,425,256
NF,266,353,1,Fe-Olivine,5,425,256
NF,266,354,1,Fe-Olivine,5,425,256
NF,266,355,1,Fe-Olivine,5,425,256
NF,266,356,1,Fe-Olivine,5,425,256
NF,266,357,1,Fe-Olivine,5,425,256
NF,266,389,1,Fe-Olivine,5,425,256
NF,266,390,1,Fe-Olivine,5,425,256
NF,266,391,1,Fe-Olivine,5,425,256
NF,266,392,1,Fe-Olivine,5,425,256
NF,266,393,1,Fe-Olivine,5,425,256
NF,266,394,1,Fe-Olivine,5,425,256
NF,266,395,1,Fe-Olivine,5,425,256
NF,266,396,1,Fe-Olivine,5,425,256
NF,266,408,4,Bassanite,2,425,256
NF,266,409,4,Bassanite,2,425,256
NF,266,410,4,Bassanite,2,425,256
NF,266,411,4,Bassanite,2,425,256
NF,266,412,4,Bassanite,2,425,256
NF,266,413,4,Bassanite,2,425,256
NF,266,563,6,Mg-Carbonate,10,425,256
NF,266,564,6,Mg-Carbonate,10,425,256
NF,266,565,6,Mg-Carbonate,10,425,256
NF,266,566,6,Mg-Carbonate,10,425,256
NF,266,567,6,Mg-Carbonate,10,425,256
NF,266,568,6,Mg-Carbonate,10,425,256
NF,266,569,6,Mg-Carbonate,10,425,256
NF,266,570,6,Mg-Carbonate,10,425,256
NF,266,571,6,Mg-Carbonate,10,425,256
NF,266,572,6,Mg-Carbonate,10,425,256
NF,266,573,6,Mg-Carbonate,10,425,256
NF,267,165,1,Fe-Olivine,5,425,256
NF,267,166,1,Fe-Olivine,5,425,256
NF,267,167,1,Fe-Olivine,5,425,256
NF,267,168,1,Fe-Olivine,5,425,256
NF,267,327,1,Fe-Olivine,5,425,256
NF,267,328,1,Fe-Olivine,5,425,256
NF,267,329,1,Fe-Olivine,5,425,256
NF,267,330,1,Fe-Olivine,5,425,256
NF,267,331,1,Fe-Olivine,5,425,256
NF,267,332,1,Fe-Olivine,5,425,256
NF,267,333,1,Fe-Olivine,5,425,256
NF,267,334,1,Fe-Olivine,5,425,256
NF,267,335,1,Fe-Olivine,5,425,256
NF,267,336,1,Fe-Olivine,5,425,256
NF,267,337,1,Fe-Olivine,5,425,256
NF,267,338,1,Fe-Olivine,5,425,256
NF,267,339,1,Fe-Olivine,5,425,256
NF,267,340,1,Fe-Olivine,5,425,256
NF,267,341,1,Fe-Olivine,5,425,256
NF,267,342,1,Fe-Olivine,5,425,256
NF,267,343,1,Fe-Olivine,5,425,256
NF,267,344,1,Fe-Olivine,5,425,256
NF,267,345,1,Fe-Olivine,5,425,256
NF,267,346,1,Fe-Olivine,5,425,256
NF,267,347,1,Fe-Olivine,5,425,256
NF,267,348,1,Fe-Olivine,5,425,256
NF,267,349,1,Fe-Olivine,5,425,256
NF,267,350,1,Fe-Olivine,5,425,256
NF,267,351,1,Fe-Olivine,5,425,256
NF,267,352,1,Fe-Olivine,5,425,256
NF,267,353,1,Fe-Olivine,5,425,256
NF,267,354,1,Fe-Olivine,5,425,256
NF,267,355,1,Fe-Olivine,5,425,256
NF,267,356,1,Fe-Olivine,5,425,256
NF,267,357,1,Fe-Olivine,5,425,256
NF,267,390,1,Fe-Olivine,5,425,256
NF,267,391,1,Fe-Olivine,5,425,256
NF,267,392,1,Fe-Olivine,5,425,256
NF,267,393,1,Fe-Olivine,5,425,256
NF,267,394,1,Fe-Olivine,5,425,256
NF,267,395,1,Fe-Olivine,5,425,256
NF,267,396,1,Fe-Olivine,5,425,256
NF,267,563,6,Mg-Carbonate,10,425,256
NF,267,564,6,Mg-Carbonate,10,425,256
NF,267,565,6,Mg-Carbonate,10,425,256
NF,267,566,6,Mg-Carbonate,10,425,256
NF,267,567,6,Mg-Carbonate,10,425,256
NF,267,568,6,Mg-Carbonate,10,425,256
NF,267,569,6,Mg-Carbonate,10,425,256
NF,267,570,6,Mg-Carbonate,10,425,256
NF,267,571,6,Mg-Carbonate,10,425,256
NF,267,572,6,Mg-Carbonate,10,425,256
NF,267,573,6,Mg-Carbonate,10,425,256
NF,268,166,1,Fe-Olivine,5,425,256
NF,268,167,1,Fe-Olivine,5,425,256
NF,268,168,1,Fe-Olivine,5,425,256
NF,268,327,1,Fe-Olivine,5,425,256
NF,268,328,1,Fe-Olivine,5,425,256
NF,268,329,1,Fe-Olivine,5,425,256
NF,268,330,1,Fe-Olivine,5,425,256
NF,268,331,1,Fe-Olivine,5,425,256
NF,268,332,1,Fe-Olivine,5,425,256
NF,268,333,1,Fe-Olivine,5,425,256
NF,268,334,1,Fe-Olivine,5,425,256
NF,268,335,1,Fe-Olivine,5,425,256
NF,268,336,1,Fe-Olivine,5,425,256
NF,268,337,1,Fe-Olivine,5,425,256
NF,268,338,1,Fe-Olivine,5,425,256
NF,268,339,1,Fe-Olivine,5,425,256
NF,268,340,1,Fe-Olivine,5,425,256
NF,268,341,1,Fe-Olivine,5,425,256
NF,268,342,1,Fe-Olivine,5,425,256
NF,268,343,1,Fe-Olivine,5,425,256
NF,268,344,1,Fe-Olivine,5,425,256
NF,268,345,1,Fe-Olivine,5,425,256
NF,268,346,1,Fe-Olivine,5,425,256
NF,268,347,1,Fe-Olivine,5,425,256
NF,268,348,1,Fe-Olivine,5,425,256
NF,268,349,1,Fe-Olivine,5,425,256
NF,268,350,1,Fe-Olivine,5,425,256
NF,268,351,1,Fe-Olivine,5,425,256
NF,268,352,1,Fe-Olivine,5,425,256
NF,268,353,1,Fe-Olivine,5,425,256
NF,268,354,1,Fe-Olivine,5,425,256
NF,268,355,1,Fe-Olivine,5,425,256
NF,268,356,1,Fe-Olivine,5,425,256
NF,268,391,1,Fe-Olivine,5,425,256
NF,268,392,1,Fe-Olivine,5,425,256
NF,268,393,1,Fe-Olivine,5,425,256
NF,268,394,1,Fe-Olivine,5,425,256
NF,268,395,1,Fe-Olivine,5,425,256
NF,268,396,1,Fe-Olivine,5,425,256
NF,268,563,6,Mg-Carbonate,10,425,256
NF,268,564,6,Mg-Carbonate,10,425,256
NF,268,565,6,Mg-Carbonate,10,425,256
NF,268,566,6,Mg-Carbonate,10,425,256
NF,268,567,6,Mg-Carbonate,10,425,256
NF,268,568,6,Mg-Carbonate,10,425,256
NF,268,569,6,Mg-Carbonate,10,425,256
NF,268,570,6,Mg-Carbonate,10,425,256
NF,268,571,6,Mg-Carbonate,10,425,256
NF,268,572,6,Mg-Carbonate,10,425,256
NF,269,327,1,Fe-Olivine,5,425,256
NF,269,328,1,Fe-Olivine,5,425,256
NF,269,329,1,Fe-Olivine,5,425,256
NF,269,330,1,Fe-Olivine,5,425,256
NF,269,331,1,Fe-Olivine,5,425,256
NF,269,332,1,Fe-Olivine,5,425,256
NF,269,333,1,Fe-Olivine,5,425,256
NF,269,334,1,Fe-Olivine,5,425,256
NF,269,335,1,Fe-Olivine,5,425,256
NF,269,336,1,Fe-Olivine,5,425,256
NF,269,337,1,Fe-Olivine,5,425,256
NF,269,338,1,Fe-Olivine,5,425,256
NF,269,339,1,Fe-Olivine,5,425,256
NF,269,340,1,Fe-Olivine,5,425,256
NF,269,341,1,Fe-Olivine,5,425,256
NF,269,342,1,Fe-Olivine,5,425,256
NF,269,343,1,Fe-Olivine,5,425,256
NF,269,344,1,Fe-Olivine,5,425,256
NF,269,345,1,Fe-Olivine,5,425,256
NF,269,346,1,Fe-Olivine,5,425,256
NF,269,347,1,Fe-Olivine,5,425,256
NF,269,348,1,Fe-Olivine,5,425,256
NF,269,349,1,Fe-Olivine,5,425,256
NF,269,350,1,Fe-Olivine,5,425,256
NF,269,351,1,Fe-Olivine,5,425,256
NF,269,352,1,Fe-Olivine,5,425,256
NF,269,353,1,Fe-Olivine,5,425,256
NF,269,354,1,Fe-Olivine,5,425,256
NF,269,355,1,Fe-Olivine,5,425,256
NF,269,356,1,Fe-Olivine,5,425,256
NF,269,564,6,Mg-Carbonate,10,425,256
NF,269,565,6,Mg-Carbonate,10,425,256
NF,269,566,6,Mg-Carbonate,10,425,256
NF,269,567,6,Mg-Carbonate,10,425,256
NF,269,568,6,Mg-Carbonate,10,425,256
NF,269,569,6,Mg-Carbonate,10,425,256
NF,269,570,6,Mg-Carbonate,10,425,256
NF,269,571,6,Mg-Carbonate,10,425,256
NF,269,572,6,Mg-Carbonate,10,425,256
NF,270,327,1,Fe-Olivine,5,425,256
NF,270,328,1,Fe-Olivine,5,425,256
NF,270,329,1,Fe-Olivine,5,425,256
NF,270,330,1,Fe-Olivine,5,425,256
NF,270,331,1,Fe-Olivine,5,425,256
NF,270,332,1,Fe-Olivine,5,425,256
NF,270,333,1,Fe-Olivine,5,425,256
NF,270,334,1,Fe-Olivine,5,425,256
NF,270,335,1,Fe-Olivine,5,425,256
NF,270,336,1,Fe-Olivine,5,425,256
NF,270,337,1,Fe-Olivine,5,425,256
NF,270,338,1,Fe-Olivine,5,425,256
NF,270,339,1,Fe-Olivine,5,425,256
NF,270,340,1,Fe-Olivine,5,425,256
NF,270,341,1,Fe-Olivine,5,425,256
NF,270,342,1,Fe-Olivine,5,425,256
NF,270,343,1,Fe-Olivine,5,425,256
NF,270,344,1,Fe-Olivine,5,425,256
NF,270,345,1,Fe-Olivine,5,425,256
NF,270,346,1,Fe-Olivine,5,425,256
NF,270,347,1,Fe-Olivine,5,425,256
NF,270,348,1,Fe-Olivine,5,425,256
NF,270,349,1,Fe-Olivine,5,425,256
NF,270,350,1,Fe-Olivine,5,425,256
NF,270,351,1,Fe-Olivine,5,425,256
NF,270,352,1,Fe-Olivine,5,425,256
NF,270,353,1,Fe-Olivine,5,425,256
NF,270,354,1,Fe-Olivine,5,425,256
NF,270,355,1,Fe-Olivine,5,425,256
NF,270,356,1,Fe-Olivine,5,425,256
NF,270,565,6,Mg-Carbonate,10,425,256
NF,270,566,6,Mg-Carbonate,10,425,256
NF,270,567,6,Mg-Carbonate,10,425,256
NF,270,568,6,Mg-Carbonate,10,425,256
NF,270,569,6,Mg-Carbonate,10,425,256
NF,270,570,6,Mg-Carbonate,10,425,256
NF,270,571,6,Mg-Carbonate,10,425,256
NF,270,572,6,Mg-Carbonate,10,425,256
NF,271,327,1,Fe-Olivine,5,425,256
NF,271,328,1,Fe-Olivine,5,425,256
NF,271,329,1,Fe-Olivine,5,425,256
NF,271,330,1,Fe-Olivine,5,425,256
NF,271,331,1,Fe-Olivine,5,425,256
NF,271,332,1,Fe-Olivine,5,425,256
NF,271,333,1,Fe-Olivine,5,425,256
NF,271,334,1,Fe-Olivine,5,425,256
NF,271,335,1,Fe-Olivine,5,425,256
NF,271,336,1,Fe-Olivine,5,425,256
NF,271,337,1,Fe-Olivine,5,425,256
NF,271,338,1,Fe-Olivine,5,425,256
NF,271,339,1,Fe-Olivine,5,425,256
NF,271,340,1,Fe-Olivine,5,425,256
NF,271,341,1,Fe-Olivine,5,425,256
NF,271,342,1,Fe-Olivine,5,425,256
NF,271,343,1,Fe-Olivine,5,425,256
NF,271,344,1,Fe-Olivine,5,425,256
NF,271,345,1,Fe-Olivine,5,425,256
NF,271,346,1,Fe-Olivine,5,425,256
NF,271,347,1,Fe-Olivine,5,425,256
NF,271,348,1,Fe-Olivine,5,425,256
NF,271,349,1,Fe-Olivine,5,425,256
NF,271,350,1,Fe-Olivine,5,425,256
NF,271,351,1,Fe-Olivine,5,425,256
NF,271,352,1,Fe-Olivine,5,425,256
NF,271,353,1,Fe-Olivine,5,425,256
NF,271,354,1,Fe-Olivine,5,425,256
NF,271,355,1,Fe-Olivine,5,425,256
NF,271,356,1,Fe-Olivine,5,425,256
NF,271,565,6,Mg-Carbonate,10,425,256
NF,271,566,6,Mg-Carbonate,10,425,256
NF,271,567,6,Mg-Carbonate,10,425,256
NF,271,568,6,Mg-Carbonate,10,425,256
NF,271,569,6,Mg-Carbonate,10,425,256
NF,271,570,6,Mg-Carbonate,10,425,256
NF,271,571,6,Mg-Carbonate,10,425,256
NF,271,572,6,Mg-Carbonate,10,425,256
NF,272,173,1,Fe-Olivine,5,425,256
NF,272,174,1,Fe-Olivine,5,425,256
NF,272,175,1,Fe-Olivine,5,425,256
NF,272,327,1,Fe-Olivine,5,425,256
NF,272,328,1,Fe-Olivine,5,425,256
NF,272,329,1,Fe-Olivine,5,425,256
NF,272,330,1,Fe-Olivine,5,425,256
NF,272,331,1,Fe-Olivine,5,425,256
NF,272,332,1,Fe-Olivine,5,425,256
NF,272,333,1,Fe-Olivine,5,425,256
NF,272,334,1,Fe-Olivine,5,425,256
NF,272,335,1,Fe-Olivine,5,425,256
NF,272,336,1,Fe-Olivine,5,425,256
NF,272,337,1,Fe-Olivine,5,425,256
NF,272,338,1,Fe-Olivine,5,425,256
NF,272,339,1,Fe-Olivine,5,425,256
NF,272,340,1,Fe-Olivine,5,425,256
NF,272,341,1,Fe-Olivine,5,425,256
NF,272,342,1,Fe-Olivine,5,425,256
NF,272,343,1,Fe-Olivine,5,425,256
NF,272,344,1,Fe-Olivine,5,425,256
NF,272,345,1,Fe-Olivine,5,425,256
NF,272,346,1,Fe-Olivine,5,425,256
NF,272,347,1,Fe-Olivine,5,425,256
NF,272,348,1,Fe-Olivine,5,425,256
NF,272,349,1,Fe-Olivine,5,425,256
NF,272,350,1,Fe-Olivine,5,425,256
NF,272,351,1,Fe-Olivine,5,425,256
NF,272,352,1,Fe-Olivine,5,425,256
NF,272,353,1,Fe-Olivine,5,425,256
NF,272,354,1,Fe-Olivine,5,425,256
NF,272,355,1,Fe-Olivine,5,425,256
NF,272,356,1,Fe-Olivine,5,425,256
NF,272,566,6,Mg-Carbonate,10,425,256
NF,272,567,6,Mg-Carbonate,10,425,256
NF,272,568,6,Mg-Carbonate,10,425,256
NF,272,569,6,Mg-Carbonate,10,425,256
NF,272,570,6,Mg-Carbonate,10,425,256
NF,272,571,6,Mg-Carbonate,10,425,256
NF,272,572,6,Mg-Carbonate,10,425,256
NF,273,173,1,Fe-Olivine,5,425,256
NF,273,174,1,Fe-Olivine,5,425,256
NF,273,175,1,Fe-Olivine,5,425,256
NF,273,176,1,Fe-Olivine,5,425,256
NF,273,327,1,Fe-Olivine,5,425,256
NF,273,328,1,Fe-Olivine,5,425,256
NF,273,329,1,Fe-Olivine,5,425,256
NF,273,330,1,Fe-Olivine,5,425,256
NF,273,331,1,Fe-Olivine,5,425,256
NF,273,332,1,Fe-Olivine,5,425,256
NF,273,333,1,Fe-Olivine,5,425,256
NF,273,334,1,Fe-Olivine,5,425,256
NF,273,335,1,Fe-Olivine,5,425,256
NF,273,336,1,Fe-Olivine,5,425,256
NF,273,337,1,Fe-Olivine,5,425,256
NF,273,338,1,Fe-Olivine,5,425,256
NF,273,339,1,Fe-Olivine,5,425,256
NF,273,340,1,Fe-Olivine,5,425,256
NF,273,341,1,Fe-Olivine,5,425,256
NF,273,342,1,Fe-Olivine,5,425,256
NF,273,343,1,Fe-Olivine,5,425,256
NF,273,344,1,Fe-Olivine,5,425,256
NF,273,345,1,Fe-Olivine,5,425,256
NF,273,346,1,Fe-Olivine,5,425,256
NF,273,347,1,Fe-Olivine,5,425,256
NF,273,348,1,Fe-Olivine,5,425,256
NF,273,349,1,Fe-Olivine,5,425,256
NF,273,350,1,Fe-Olivine,5,425,256
NF,273,351,1,Fe-Olivine,5,425,256
NF,273,352,1,Fe-Olivine,5,425,256
NF,273,353,1,Fe-Olivine,5,425,256
NF,273,354,1,Fe-Olivine,5,425,256
NF,273,355,1,Fe-Olivine,5,425,256
NF,273,356,1,Fe-Olivine,5,425,256
NF,273,558,2,Epidote,4,425,256
NF,273,559,2,Epidote,4,425,256
NF,273,566,6,Mg-Carbonate,10,425,256
NF,273,567,6,Mg-Carbonate,10,425,256
NF,273,568,6,Mg-Carbonate,10,425,256
NF,273,569,6,Mg-Carbonate,10,425,256
NF,273,570,6,Mg-Carbonate,10,425,256
NF,273,571,6,Mg-Carbonate,10,425,256
NF,274,174,1,Fe-Olivine,5,425,256
NF,274,175,1,Fe-Olivine,5,425,256
NF,274,176,1,Fe-Olivine,5,425,256
NF,274,177,1,Fe-Olivine,5,425,256
NF,274,178,1,Fe-Olivine,5,425,256
NF,274,179,1,Fe-Olivine,5,425,256
NF,274,180,1,Fe-Olivine,5,425,256
NF,274,181,1,Fe-Olivine,5,425,256
NF,274,327,1,Fe-Olivine,5,425,256
NF,274,328,1,Fe-Olivine,5,425,256
NF,274,329,1,Fe-Olivine,5,425,256
NF,274,330,1,Fe-Olivine,5,425,256
NF,274,331,1,Fe-Olivine,5,425,256
NF,274,332,1,Fe-Olivine,5,425,256
NF,274,333,1,Fe-Olivine,5,425,256
NF,274,334,1,Fe-Olivine,5,425,256
NF,274,335,1,Fe-Olivine,5,425,256
NF,274,336,1,Fe-Olivine,5,425,256
NF,274,337,1,Fe-Olivine,5,425,256
NF,274,338,1,Fe-Olivine,5,425,256
NF,274,339,1,Fe-Olivine,5,425,256
NF,274,340,1,Fe-Olivine,5,425,256
NF,274,341,1,Fe-Olivine,5,425,256
NF,274,342,1,Fe-Olivine,5,425,256
NF,274,343,1,Fe-Olivine,5,425,256
NF,274,344,1,Fe-Olivine,5,425,256
NF,274,345,1,Fe-Olivine,5,425,256
NF,274,346,1,Fe-Olivine,5,425,256
NF,274,347,1,Fe-Olivine,5,425,256
NF,274,348,1,Fe-Olivine,5,425,256
NF,274,349,1,Fe-Olivine,5,425,256
NF,274,350,1,Fe-Olivine,5,425,256
NF,274,351,1,Fe-Olivine,5,425,256
NF,274,352,1,Fe-Olivine,5,425,256
NF,274,353,1,Fe-Olivine,5,425,256
NF,274,354,1,Fe-Olivine,5,425,256
NF,274,355,1,Fe-Olivine,5,425,256
NF,274,356,1,Fe-Olivine,5,425,256
NF,274,557,2,Epidote,4,425,256
NF,274,558,2,Epidote,4,425,256
NF,274,559,2,Epidote,4,425,256
NF,274,567,6,Mg-Carbonate,10,425,256
NF,274,568,6,Mg-Carbonate,10,425,256
NF,274,569,6,Mg-Carbonate,10,425,256
NF,274,570,6,Mg-Carbonate,10,425,256
NF,274,571,6,Mg-Carbonate,10,425,256
NF,275,175,1,Fe-Olivine,5,425,256
NF,275,176,1,Fe-Olivine,5,425,256
NF,275,177,1,Fe-Olivine,5,425,256
NF,275,178,1,Fe-Olivine,5,425,256
NF,275,179,1,Fe-Olivine,5,425,256
NF,275,180,1,Fe-Olivine,5,425,256
NF,275,181,1,Fe-Olivine,5,425,256
NF,275,328,1,Fe-Olivine,5,425,256
NF,275,329,1,Fe-Olivine,5,425,256
NF,275,330,1,Fe-Olivine,5,425,256
NF,275,331,1,Fe-Olivine,5,425,256
NF,275,332,1,Fe-Olivine,5,425,256
NF,275,333,1,Fe-Olivine,5,425,256
NF,275,334,1,Fe-Olivine,5,425,256
NF,275,335,1,Fe-Olivine,5,425,256
NF,275,336,1,Fe-Olivine,5,425,256
NF,275,337,1,Fe-Olivine,5,425,256
NF,275,338,1,Fe-Olivine,5,425,256
NF,275,339,1,Fe-Olivine,5,425,256
NF,275,340,1,Fe-Olivine,5,425,256
NF,275,341,1,Fe-Olivine,5,425,256
NF,275,342,1,Fe-Olivine,5,425,256
NF,275,343,1,Fe-Olivine,5,425,256
NF,275,344,1,Fe-Olivine,5,425,256
NF,275,345,1,Fe-Olivine,5,425,256
NF,275,346,1,Fe-Olivine,5,425,256
NF,275,347,1,Fe-Olivine,5,425,256
NF,275,348,1,Fe-Olivine,5,425,256
NF,275,349,1,Fe-Olivine,5,425,256
NF,275,350,1,Fe-Olivine,5,425,256
NF,275,351,1,Fe-Olivine,5,425,256
NF,275,352,1,Fe-Olivine,5,425,256
NF,275,353,1,Fe-Olivine,5,425,256
NF,275,354,1,Fe-Olivine,5,425,256
NF,275,355,1,Fe-Olivine,5,425,256
NF,275,356,1,Fe-Olivine,5,425,256
NF,275,556,2,Epidote,4,425,256
NF,275,557,2,Epidote,4,425,256
NF,275,558,2,Epidote,4,425,256
NF,275,559,2,Epidote,4,425,256
NF,275,567,6,Mg-Carbonate,10,425,256
NF,275,568,6,Mg-Carbonate,10,425,256
NF,275,569,6,Mg-Carbonate,10,425,256
NF,275,570,6,Mg-Carbonate,10,425,256
NF,275,571,6,Mg-Carbonate,10,425,256
NF,276,328,1,Fe-Olivine,5,425,256
NF,276,329,1,Fe-Olivine,5,425,256
NF,276,330,1,Fe-Olivine,5,425,256
NF,276,331,1,Fe-Olivine,5,425,256
NF,276,332,1,Fe-Olivine,5,425,256
NF,276,333,1,Fe-Olivine,5,425,256
NF,276,334,1,Fe-Olivine,5,425,256
NF,276,335,1,Fe-Olivine,5,425,256
NF,276,336,1,Fe-Olivine,5,425,256
NF,276,337,1,Fe-Olivine,5,425,256
NF,276,338,1,Fe-Olivine,5,425,256
NF,276,339,1,Fe-Olivine,5,425,256
NF,276,340,1,Fe-Olivine,5,425,256
NF,276,341,1,Fe-Olivine,5,425,256
NF,276,342,1,Fe-Olivine,5,425,256
NF,276,343,1,Fe-Olivine,5,425,256
NF,276,344,1,Fe-Olivine,5,425,256
NF,276,345,1,Fe-Olivine,5,425,256
NF,276,346,1,Fe-Olivine,5,425,256
NF,276,347,1,Fe-Olivine,5,425,256
NF,276,348,1,Fe-Olivine,5,425,256
NF,276,349,1,Fe-Olivine,5,425,256
NF,276,350,1,Fe-Olivine,5,425,256
NF,276,351,1,Fe-Olivine,5,425,256
NF,276,352,1,Fe-Olivine,5,425,256
NF,276,353,1,Fe-Olivine,5,425,256
NF,276,354,1,Fe-Olivine,5,425,256
NF,276,355,1,Fe-Olivine,5,425,256
NF,276,356,1,Fe-Olivine,5,425,256
NF,276,556,2,Epidote,4,425,256
NF,276,557,2,Epidote,4,425,256
NF,276,558,2,Epidote,4,425,256
NF,276,559,2,Epidote,4,425,256
NF,277,328,1,Fe-Olivine,5,425,256
NF,277,329,1,Fe-Olivine,5,425,256
NF,277,330,1,Fe-Olivine,5,425,256
NF,277,331,1,Fe-Olivine,5,425,256
NF,277,332,1,Fe-Olivine,5,425,256
NF,277,333,1,Fe-Olivine,5,425,256
NF,277,334,1,Fe-Olivine,5,425,256
NF,277,335,1,Fe-Olivine,5,425,256
NF,277,336,1,Fe-Olivine,5,425,256
NF,277,337,1,Fe-Olivine,5,425,256
NF,277,338,1,Fe-Olivine,5,425,256
NF,277,339,1,Fe-Olivine,5,425,256
NF,277,340,1,Fe-Olivine,5,425,256
NF,277,341,1,Fe-Olivine,5,425,256
NF,277,342,1,Fe-Olivine,5,425,256
NF,277,343,1,Fe-Olivine,5,425,256
NF,277,344,1,Fe-Olivine,5,425,256
NF,277,345,1,Fe-Olivine,5,425,256
NF,277,346,1,Fe-Olivine,5,425,256
NF,277,347,1,Fe-Olivine,5,425,256
NF,277,348,1,Fe-Olivine,5,425,256
NF,277,349,1,Fe-Olivine,5,425,256
NF,277,350,1,Fe-Olivine,5,425,256
NF,277,351,1,Fe-Olivine,5,425,256
NF,277,352,1,Fe-Olivine,5,425,256
NF,277,353,1,Fe-Olivine,5,425,256
NF,277,354,1,Fe-Olivine,5,425,256
NF,277,355,1,Fe-Olivine,5,425,256
NF,278,328,1,Fe-Olivine,5,425,256
NF,278,329,1,Fe-Olivine,5,425,256
NF,278,330,1,Fe-Olivine,5,425,256
NF,278,331,1,Fe-Olivine,5,425,256
NF,278,332,1,Fe-Olivine,5,425,256
NF,278,333,1,Fe-Olivine,5,425,256
NF,278,334,1,Fe-Olivine,5,425,256
NF,278,335,1,Fe-Olivine,5,425,256
NF,278,336,1,Fe-Olivine,5,425,256
NF,278,337,1,Fe-Olivine,5,425,256
NF,278,338,1,Fe-Olivine,5,425,256
NF,278,339,1,Fe-Olivine,5,425,256
NF,278,340,1,Fe-Olivine,5,425,256
NF,278,341,1,Fe-Olivine,5,425,256
NF,278,342,1,Fe-Olivine,5,425,256
NF,278,343,1,Fe-Olivine,5,425,256
NF,278,344,1,Fe-Olivine,5,425,256
NF,278,345,1,Fe-Olivine,5,425,256
NF,278,346,1,Fe-Olivine,5,425,256
NF,278,347,1,Fe-Olivine,5,425,256
NF,278,348,1,Fe-Olivine,5,425,256
NF,278,349,1,Fe-Olivine,5,425,256
NF,278,350,1,Fe-Olivine,5,425,256
NF,278,351,1,Fe-Olivine,5,425,256
NF,278,352,1,Fe-Olivine,5,425,256
NF,278,353,1,Fe-Olivine,5,425,256
NF,278,354,1,Fe-Olivine,5,425,256
NF,278,355,1,Fe-Olivine,5,425,256
NF,278,545,4,Bassanite,2,425,256
NF,278,546,4,Bassanite,2,425,256
NF,278,547,4,Bassanite,2,425,256
NF,279,195,1,Fe-Olivine,5,425,256
NF,279,196,1,Fe-Olivine,5,425,256
NF,279,197,1,Fe-Olivine,5,425,256
NF,279,198,1,Fe-Olivine,5,425,256
NF,279,199,1,Fe-Olivine,5,425,256
NF,279,200,1,Fe-Olivine,5,425,256
NF,279,328,1,Fe-Olivine,5,425,256
NF,279,329,1,Fe-Olivine,5,425,256
NF,279,330,1,Fe-Olivine,5,425,256
NF,279,331,1,Fe-Olivine,5,425,256
NF,279,332,1,Fe-Olivine,5,425,256
NF,279,333,1,Fe-Olivine,5,425,256
NF,279,334,1,Fe-Olivine,5,425,256
NF,279,335,1,Fe-Olivine,5,425,256
NF,279,336,1,Fe-Olivine,5,425,256
NF,279,337,1,Fe-Olivine,5,425,256
NF,279,338,1,Fe-Olivine,5,425,256
NF,279,339,1,Fe-Olivine,5,425,256
NF,279,340,1,Fe-Olivine,5,425,256
NF,279,341,1,Fe-Olivine,5,425,256
NF,279,342,1,Fe-Olivine,5,425,256
NF,279,343,1,Fe-Olivine,5,425,256
NF,279,344,1,Fe-Olivine,5,425,256
NF,279,345,1,Fe-Olivine,5,425,256
NF,279,346,1,Fe-Olivine,5,425,256
NF,279,347,1,Fe-Olivine,5,425,256
NF,279,348,1,Fe-Olivine,5,425,256
NF,279,349,1,Fe-Olivine,5,425,256
NF,279,350,1,Fe-Olivine,5,425,256
NF,279,351,1,Fe-Olivine,5,425,256
NF,279,352,1,Fe-Olivine,5,425,256
NF,279,353,1,Fe-Olivine,5,425,256
NF,279,544,4,Bassanite,2,425,256
NF,279,545,4,Bassanite,2,425,256
NF,279,546,4,Bassanite,2,425,256
NF,279,547,4,Bassanite,2,425,256
NF,280,195,1,Fe-Olivine,5,425,256
NF,280,196,1,Fe-Olivine,5,425,256
NF,280,197,1,Fe-Olivine,5,425,256
NF,280,198,1,Fe-Olivine,5,425,256
NF,280,199,1,Fe-Olivine,5,425,256
NF,280,200,1,Fe-Olivine,5,425,256
NF,280,201,1,Fe-Olivine,5,425,256
NF,280,202,1,Fe-Olivine,5,425,256
NF,280,328,1,Fe-Olivine,5,425,256
NF,280,329,1,Fe-Olivine,5,425,256
NF,280,330,1,Fe-Olivine,5,425,256
NF,280,331,1,Fe-Olivine,5,425,256
NF,280,332,1,Fe-Olivine,5,425,256
NF,280,333,1,Fe-Olivine,5,425,256
NF,280,334,1,Fe-Olivine,5,425,256
NF,280,335,1,Fe-Olivine,5,425,256
NF,280,336,1,Fe-Olivine,5,425,256
NF,280,337,1,Fe-Olivine,5,425,256
NF,280,338,1,Fe-Olivine,5,425,256
NF,280,339,1,Fe-Olivine,5,425,256
NF,280,340,1,Fe-Olivine,5,425,256
NF,280,341,1,Fe-Olivine,5,425,256
NF,280,342,1,Fe-Olivine,5,425,256
NF,280,343,1,Fe-Olivine,5,425,256
NF,280,344,1,Fe-Olivine,5,425,256
NF,280,345,1,Fe-Olivine,5,425,256
NF,280,346,1,Fe-Olivine,5,425,256
NF,280,347,1,Fe-Olivine,5,425,256
NF,280,348,1,Fe-Olivine,5,425,256
NF,280,349,1,Fe-Olivine,5,425,256
NF,280,350,1,Fe-Olivine,5,425,256
NF,280,351,1,Fe-Olivine,5,425,256
NF,280,352,1,Fe-Olivine,5,425,256
NF,280,543,4,Bassanite,2,425,256
NF,280,544,4,Bassanite,2,425,256
NF,280,545,4,Bassanite,2,425,256
NF,280,546,4,Bassanite,2,425,256
NF,281,196,1,Fe-Olivine,5,425,256
NF,281,197,1,Fe-Olivine,5,425,256
NF,281,198,1,Fe-Olivine,5,425,256
NF,281,199,1,Fe-Olivine,5,425,256
NF,281,200,1,Fe-Olivine,5,425,256
NF,281,201,1,Fe-Olivine,5,425,256
NF,281,202,1,Fe-Olivine,5,425,256
NF,281,203,1,Fe-Olivine,5,425,256
NF,281,204,1,Fe-Olivine,5,425,256
NF,281,328,1,Fe-Olivine,5,425,256
NF,281,329,1,Fe-Olivine,5,425,256
NF,281,330,1,Fe-Olivine,5,425,256
NF,281,331,1,Fe-Olivine,5,425,256
NF,281,332,1,Fe-Olivine,5,425,256
NF,281,333,1,Fe-Olivine,5,425,256
NF,281,334,1,Fe-Olivine,5,425,256
NF,281,335,1,Fe-Olivine,5,425,256
NF,281,336,1,Fe-Olivine,5,425,256
NF,281,337,1,Fe-Olivine,5,425,256
NF,281,338,1,Fe-Olivine,5,425,256
NF,281,339,1,Fe-Olivine,5,425,256
NF,281,340,1,Fe-Olivine,5,425,256
NF,281,341,1,Fe-Olivine,5,425,256
NF,281,342,1,Fe-Olivine,5,425,256
NF,281,343,1,Fe-Olivine,5,425,256
NF,281,344,1,Fe-Olivine,5,425,256
NF,281,345,1,Fe-Olivine,5,425,256
NF,281,346,1,Fe-Olivine,5,425,256
NF,281,347,1,Fe-Olivine,5,425,256
NF,281,348,1,Fe-Olivine,5,425,256
NF,281,349,1,Fe-Olivine,5,425,256
NF,281,350,1,Fe-Olivine,5,425,256
NF,281,542,4,Bassanite,2,425,256
NF,281,543,4,Bassanite,2,425,256
NF,281,544,4,Bassanite,2,425,256
NF,281,545,4,Bassanite,2,425,256
NF,282,197,1,Fe-Olivine,5,425,256
NF,282,198,1,Fe-Olivine,5,425,256
NF,282,199,1,Fe-Olivine,5,425,256
NF,282,200,1,Fe-Olivine,5,425,256
NF,282,201,1,Fe-Olivine,5,425,256
NF,282,202,1,Fe-Olivine,5,425,256
NF,282,203,1,Fe-Olivine,5,425,256
NF,282,204,1,Fe-Olivine,5,425,256
NF,282,205,1,Fe-Olivine,5,425,256
NF,282,328,1,Fe-Olivine,5,425,256
NF,282,329,1,Fe-Olivine,5,425,256
NF,282,330,1,Fe-Olivine,5,425,256
NF,282,331,1,Fe-Olivine,5,425,256
NF,282,332,1,Fe-Olivine,5,425,256
NF,282,333,1,Fe-Olivine,5,425,256
NF,282,334,1,Fe-Olivine,5,425,256
NF,282,335,1,Fe-Olivine,5,425,256
NF,282,336,1,Fe-Olivine,5,425,256
NF,282,337,1,Fe-Olivine,5,425,256
NF,282,338,1,Fe-Olivine,5,425,256
NF,282,339,1,Fe-Olivine,5,425,256
NF,282,340,1,Fe-Olivine,5,425,256
NF,282,341,1,Fe-Olivine,5,425,256
NF,282,342,1,Fe-Olivine,5,425,256
NF,282,343,1,Fe-Olivine,5,425,256
NF,282,344,1,Fe-Olivine,5,425,256
NF,282,345,1,Fe-Olivine,5,425,256
NF,282,346,1,Fe-Olivine,5,425,256
NF,282,347,1,Fe-Olivine,5,425,256
NF,282,348,1,Fe-Olivine,5,425,256
NF,282,349,1,Fe-Olivine,5,425,256
NF,282,541,4,Bassanite,2,425,256
NF,282,542,4,Bassanite,2,425,256
NF,282,543,4,Bassanite,2,425,256
NF,282,544,4,Bassanite,2,425,256
NF,283,199,1,Fe-Olivine,5,425,256
NF,283,200,1,Fe-Olivine,5,425,256
NF,283,201,1,Fe-Olivine,5,425,256
NF,283,202,1,Fe-Olivine,5,425,256
NF,283,203,1,Fe-Olivine,5,425,256
NF,283,204,1,Fe-Olivine,5,425,256
NF,283,205,1,Fe-Olivine,5,425,256
NF,283,206,1,Fe-Olivine,5,425,256
NF,283,329,1,Fe-Olivine,5,425,256
NF,283,330,1,Fe-Olivine,5,425,256
NF,283,331,1,Fe-Olivine,5,425,256
NF,283,332,1,Fe-Olivine,5,425,256
NF,283,333,1,Fe-Olivine,5,425,256
NF,283,334,1,Fe-Olivine,5,425,256
NF,283,335,1,Fe-Olivine,5,425,256
NF,283,336,1,Fe-Olivine,5,425,256
NF,283,337,1,Fe-Olivine,5,425,256
NF,283,338,1,Fe-Olivine,5,425,256
NF,283,339,1,Fe-Olivine,5,425,256
NF,283,340,1,Fe-Olivine,5,425,256
NF,283,341,1,Fe-Olivine,5,425,256
NF,283,342,1,Fe-Olivine,5,425,256
NF,283,343,1,Fe-Olivine,5,425,256
NF,283,344,1,Fe-Olivine,5,425,256
NF,283,345,1,Fe-Olivine,5,425,256
NF,283,346,1,Fe-Olivine,5,425,256
NF,283,347,1,Fe-Olivine,5,425,256
NF,283,348,1,Fe-Olivine,5,425,256
NF,283,540,4,Bassanite,2,425,256
NF,283,541,4,Bassanite,2,425,256
NF,283,542,4,Bassanite,2,425,256
NF,283,543,4,Bassanite,2,425,256
NF,284,202,1,Fe-Olivine,5,425,256
NF,284,203,1,Fe-Olivine,5,425,256
NF,284,204,1,Fe-Olivine,5,425,256
NF,284,205,1,Fe-Olivine,5,425,256
NF,284,206,1,Fe-Olivine,5,425,256
NF,284,330,1,Fe-Olivine,5,425,256
NF,284,331,1,Fe-Olivine,5,425,256
NF,284,332,1,Fe-Olivine,5,425,256
NF,284,333,1,Fe-Olivine,5,425,256
NF,284,334,1,Fe-Olivine,5,425,256
NF,284,335,1,Fe-Olivine,5,425,256
NF,284,336,1,Fe-Olivine,5,425,256
NF,284,337,1,Fe-Olivine,5,425,256
NF,284,338,1,Fe-Olivine,5,425,256
NF,284,339,1,Fe-Olivine,5,425,256
NF,284,340,1,Fe-Olivine,5,425,256
NF,284,341,1,Fe-Olivine,5,425,256
NF,284,342,1,Fe-Olivine,5,425,256
NF,284,343,1,Fe-Olivine,5,425,256
NF,284,344,1,Fe-Olivine,5,425,256
NF,284,345,1,Fe-Olivine,5,425,256
NF,284,540,4,Bassanite,2,425,256
NF,284,541,4,Bassanite,2,425,256
NF,284,542,4,Bassanite,2,425,256
NF,284,543,4,Bassanite,2,425,256
NF,285,204,1,Fe-Olivine,5,425,256
NF,285,205,1,Fe-Olivine,5,425,256
NF,285,206,1,Fe-Olivine,5,425,256
NF,285,207,1,Fe-Olivine,5,425,256
NF,285,331,1,Fe-Olivine,5,425,256
NF,285,332,1,Fe-Olivine,5,425,256
NF,285,333,1,Fe-Olivine,5,425,256
NF,285,334,1,Fe-Olivine,5,425,256
NF,285,335,1,Fe-Olivine,5,425,256
NF,285,336,1,Fe-Olivine,5,425,256
NF,285,337,1,Fe-Olivine,5,425,256
NF,285,338,1,Fe-Olivine,5,425,256
NF,285,339,1,Fe-Olivine,5,425,256
NF,285,340,1,Fe-Olivine,5,425,256
NF,285,341,1,Fe-Olivine,5,425,256
NF,285,342,1,Fe-Olivine,5,425,256
NF,285,343,1,Fe-Olivine,5,425,256
NF,285,344,1,Fe-Olivine,5,425,256
NF,285,539,4,Bassanite,2,425,256
NF,285,540,4,Bassanite,2,425,256
NF,285,541,4,Bassanite,2,425,256
NF,285,542,4,Bassanite,2,425,256
NF,286,205,1,Fe-Olivine,5,425,256
NF,286,206,1,Fe-Olivine,5,425,256
NF,286,207,1,Fe-Olivine,5,425,256
NF,286,332,1,Fe-Olivine,5,425,256
NF,286,333,1,Fe-Olivine,5,425,256
NF,286,334,1,Fe-Olivine,5,425,256
NF,286,335,1,Fe-Olivine,5,425,256
NF,286,336,1,Fe-Olivine,5,425,256
NF,286,337,1,Fe-Olivine,5,425,256
NF,286,338,1,Fe-Olivine,5,425,256
NF,286,339,1,Fe-Olivine,5,425,256
NF,286,340,1,Fe-Olivine,5,425,256
NF,286,341,1,Fe-Olivine,5,425,256
NF,286,342,1,Fe-Olivine,5,425,256
NF,286,538,4,Bassanite,2,425,256
NF,286,539,4,Bassanite,2,425,256
NF,286,540,4,Bassanite,2,425,256
NF,286,541,4,Bassanite,2,425,256
NF,286,542,4,Bassanite,2,425,256
NF,287,207,1,Fe-Olivine,5,425,256
NF,287,332,1,Fe-Olivine,5,425,256
NF,287,333,1,Fe-Olivine,5,425,256
NF,287,334,1,Fe-Olivine,5,425,256
NF,287,335,1,Fe-Olivine,5,425,256
NF,287,336,1,Fe-Olivine,5,425,256
NF,287,337,1,Fe-Olivine,5,425,256
NF,287,338,1,Fe-Olivine,5,425,256
NF,287,339,1,Fe-Olivine,5,425,256
NF,287,340,1,Fe-Olivine,5,425,256
NF,287,341,1,Fe-Olivine,5,425,256
NF,287,342,1,Fe-Olivine,5,425,256
NF,287,424,9,Serpentine,15,425,256
NF,287,425,9,Serpentine,15,425,256
NF,287,426,9,Serpentine,15,425,256
NF,287,427,9,Serpentine,15,425,256
NF,287,538,4,Bassanite,2,425,256
NF,287,539,4,Bassanite,2,425,256
NF,287,540,4,Bassanite,2,425,256
NF,287,541,4,Bassanite,2,425,256
NF,287,542,4,Bassanite,2,425,256
NF,288,333,1,Fe-Olivine,5,425,256
NF,288,334,1,Fe-Olivine,5,425,256
NF,288,335,1,Fe-Olivine,5,425,256
NF,288,336,1,Fe-Olivine,5,425,256
NF,288,337,1,Fe-Olivine,5,425,256
NF,288,338,1,Fe-Olivine,5,425,256
NF,288,339,1,Fe-Olivine,5,425,256
NF,288,340,1,Fe-Olivine,5,425,256
NF,288,341,1,Fe-Olivine,5,425,256
NF,288,423,9,Serpentine,15,425,256
NF,288,424,9,Serpentine,15,425,256
NF,288,425,9,Serpentine,15,425,256
NF,288,426,9,Serpentine,15,425,256
NF,288,427,9,Serpentine,15,425,256
NF,288,428,9,Serpentine,15,425,256
NF,288,538,4,Bassanite,2,425,256
NF,288,539,4,Bassanite,2,425,256
NF,288,540,4,Bassanite,2,425,256
NF,288,541,4,Bassanite,2,425,256
NF,289,333,1,Fe-Olivine,5,425,256
NF,289,334,1,Fe-Olivine,5,425,256
NF,289,335,1,Fe-Olivine,5,425,256
NF,289,336,1,Fe-Olivine,5,425,256
NF,289,337,1,Fe-Olivine,5,425,256
NF,289,338,1,Fe-Olivine,5,425,256
NF,289,339,1,Fe-Olivine,5,425,256
NF,289,340,1,Fe-Olivine,5,425,256
NF,289,421,9,Serpentine,15,425,256
NF,289,422,9,Serpentine,15,425,256
NF,289,423,9,Serpentine,15,425,256
NF,289,424,9,Serpentine,15,425,256
NF,289,425,9,Serpentine,15,425,256
NF,289,426,9,Serpentine,15,425,256
NF,289,427,9,Serpentine,15,425,256
NF,289,428,9,Serpentine,15,425,256
NF,289,537,4,Bassanite,2,425,256
NF,289,538,4,Bassanite,2,425,256
NF,289,539,4,Bassanite,2,425,256
NF,289,540,4,Bassanite,2,425,256
NF,289,541,4,Bassanite,2,425,256
NF,290,334,1,Fe-Olivine,5,425,256
NF,290,335,1,Fe-Olivine,5,425,256
NF,290,336,1,Fe-Olivine,5,425,256
NF,290,337,1,Fe-Olivine,5,425,256
NF,290,338,1,Fe-Olivine,5,425,256
NF,290,339,1,Fe-Olivine,5,425,256
NF,290,340,1,Fe-Olivine,5,425,256
NF,290,420,9,Serpentine,15,425,256
NF,290,421,9,Serpentine,15,425,256
NF,290,422,9,Serpentine,15,425,256
NF,290,423,9,Serpentine,15,425,256
NF,290,424,9,Serpentine,15,425,256
NF,290,425,9,Serpentine,15,425,256
NF,290,426,9,Serpentine,15,425,256
NF,290,427,9,Serpentine,15,425,256
NF,290,428,9,Serpentine,15,425,256
NF,290,537,4,Bassanite,2,425,256
NF,290,538,4,Bassanite,2,425,256
NF,290,539,4,Bassanite,2,425,256
NF,290,540,4,Bassanite,2,425,256
NF,290,541,4,Bassanite,2,425,256
NF,291,230,9,Serpentine,15,425,256
NF,291,335,1,Fe-Olivine,5,425,256
NF,291,336,1,Fe-Olivine,5,425,256
NF,291,337,1,Fe-Olivine,5,425,256
NF,291,338,1,Fe-Olivine,5,425,256
NF,291,339,1,Fe-Olivine,5,425,256
NF,291,418,9,Serpentine,15,425,256
NF,291,419,9,Serpentine,15,425,256
NF,291,420,9,Serpentine,15,425,256
NF,291,421,9,Serpentine,15,425,256
NF,291,422,9,Serpentine,15,425,256
NF,291,423,9,Serpentine,15,425,256
NF,291,424,9,Serpentine,15,425,256
NF,291,425,9,Serpentine,15,425,256
NF,291,426,9,Serpentine,15,425,256
NF,291,537,4,Bassanite,2,425,256
NF,291,538,4,Bassanite,2,425,256
NF,291,539,4,Bassanite,2,425,256
NF,291,540,4,Bassanite,2,425,256
NF,291,541,4,Bassanite,2,425,256
NF,292,228,9,Serpentine,15,425,256
NF,292,229,9,Serpentine,15,425,256
NF,292,230,9,Serpentine,15,425,256
NF,292,231,9,Serpentine,15,425,256
NF,292,416,9,Serpentine,15,425,256
NF,292,417,9,Serpentine,15,425,256
NF,292,418,9,Serpentine,15,425,256
NF,292,419,9,Serpentine,15,425,256
NF,292,420,9,Serpentine,15,425,256
NF,292,421,9,Serpentine,15,425,256
NF,292,422,9,Serpentine,15,425,256
NF,292,423,9,Serpentine,15,425,256
NF,292,424,9,Serpentine,15,425,256
NF,292,425,9,Serpentine,15,425,256
NF,292,426,9,Serpentine,15,425,256
NF,292,537,4,Bassanite,2,425,256
NF,292,538,4,Bassanite,2,425,256
NF,292,539,4,Bassanite,2,425,256
NF,292,540,4,Bassanite,2,425,256
NF,292,541,4,Bassanite,2,425,256
NF,293,228,9,Serpentine,15,425,256
NF,293,229,9,Serpentine,15,425,256
NF,293,230,9,Serpentine,15,425,256
NF,293,231,9,Serpentine,15,425,256
NF,293,232,9,Serpentine,15,425,256
NF,293,414,9,Serpentine,15,425,256
NF,293,415,9,Serpentine,15,425,256
NF,293,416,9,Serpentine,15,425,256
NF,293,417,9,Serpentine,15,425,256
NF,293,418,9,Serpentine,15,425,256
NF,293,419,9,Serpentine,15,425,256
NF,293,420,9,Serpentine,15,425,256
NF,293,421,9,Serpentine,15,425,256
NF,293,422,9,Serpentine,15,425,256
NF,293,423,9,Serpentine,15,425,256
NF,293,424,9,Serpentine,15,425,256
NF,293,425,9,Serpentine,15,425,256
NF,293,537,4,Bassanite,2,425,256
NF,293,538,4,Bassanite,2,425,256
NF,293,539,4,Bassanite,2,425,256
NF,293,540,4,Bassanite,2,425,256
NF,293,541,4,Bassanite,2,425,256
NF,294,228,9,Serpentine,15,425,256
NF,294,229,9,Serpentine,15,425,256
NF,294,230,9,Serpentine,15,425,256
NF,294,231,9,Serpentine,15,425,256
NF,294,232,9,Serpentine,15,425,256
NF,294,233,9,Serpentine,15,425,256
NF,294,412,9,Serpentine,15,425,256
NF,294,413,9,Serpentine,15,425,256
NF,294,414,9,Serpentine,15,425,256
NF,294,415,9,Serpentine,15,425,256
NF,294,416,9,Serpentine,15,425,256
NF,294,417,9,Serpentine,15,425,256
NF,294,418,9,Serpentine,15,425,256
NF,294,419,9,Serpentine,15,425,256
NF,294,420,9,Serpentine,15,425,256
NF,294,421,9,Serpentine,15,425,256
NF,294,422,9,Serpentine,15,425,256
NF,294,423,9,Serpentine,15,425,256
NF,294,424,9,Serpentine,15,425,256
NF,294,537,4,Bassanite,2,425,256
NF,294,538,4,Bassanite,2,425,256
NF,294,539,4,Bassanite,2,425,256
NF,294,540,4,Bassanite,2,425,256
NF,294,541,4,Bassanite,2,425,256
NF,295,228,9,Serpentine,15,425,256
NF,295,229,9,Serpentine,15,425,256
NF,295,230,9,Serpentine,15,425,256
NF,295,231,9,Serpentine,15,425,256
NF,295,232,9,Serpentine,15,425,256
NF,295,233,9,Serpentine,15,425,256
NF,295,411,9,Serpentine,15,425,256
NF,295,412,9,Serpentine,15,425,256
NF,295,413,9,Serpentine,15,425,256
NF,295,414,9,Serpentine,15,425,256
NF,295,415,9,Serpentine,15,425,256
NF,295,416,9,Serpentine,15,425,256
NF,295,417,9,Serpentine,15,425,256
NF,295,418,9,Serpentine,15,425,256
NF,295,419,9,Serpentine,15,425,256
NF,295,420,9,Serpentine,15,425,256
NF,295,421,9,Serpentine,15,425,256
NF,295,422,9,Serpentine,15,425,256
NF,295,538,4,Bassanite,2,425,256
NF,295,539,4,Bassanite,2,425,256
NF,295,540,4,Bassanite,2,425,256
NF,295,541,4,Bassanite,2,425,256
NF,295,542,4,Bassanite,2,425,256
NF,295,585,7,Plagioclase,13,425,256
NF,296,228,9,Serpentine,15,425,256
NF,296,229,9,Serpentine,15,425,256
NF,296,230,9,Serpentine,15,425,256
NF,296,231,9,Serpentine,15,425,256
NF,296,232,9,Serpentine,15,425,256
NF,296,233,9,Serpentine,15,425,256
NF,296,234,9,Serpentine,15,425,256
NF,296,235,9,Serpentine,15,425,256
NF,296,411,9,Serpentine,15,425,256
NF,296,412,9,Serpentine,15,425,256
NF,296,413,9,Serpentine,15,425,256
NF,296,414,9,Serpentine,15,425,256
NF,296,415,9,Serpentine,15,425,256
NF,296,416,9,Serpentine,15,425,256
NF,296,417,9,Serpentine,15,425,256
NF,296,418,9,Serpentine,15,425,256
NF,296,419,9,Serpentine,15,425,256
NF,296,539,4,Bassanite,2,425,256
NF,296,540,4,Bassanite,2,425,256
NF,296,541,4,Bassanite,2,425,256
NF,296,542,4,Bassanite,2,425,256
NF,296,560,6,Mg-Carbonate,10,425,256
NF,296,561,6,Mg-Carbonate,10,425,256
NF,296,562,6,Mg-Carbonate,10,425,256
NF,296,583,7,Plagioclase,13,425,256
NF,296,584,7,Plagioclase,13,425,256
NF,296,585,7,Plagioclase,13,425,256
NF,297,229,9,Serpentine,15,425,256
NF,297,230,9,Serpentine,15,425,256
NF,297,231,9,Serpentine,15,425,256
NF,297,232,9,Serpentine,15,425,256
NF,297,233,9,Serpentine,15,425,256
NF,297,234,9,Serpentine,15,425,256
NF,297,235,9,Serpentine,15,425,256
NF,297,236,9,Serpentine,15,425,256
NF,297,237,9,Serpentine,15,425,256
NF,297,411,9,Serpentine,15,425,256
NF,297,412,9,Serpentine,15,425,256
NF,297,413,9,Serpentine,15,425,256
NF,297,414,9,Serpentine,15,425,256
NF,297,415,9,Serpentine,15,425,256
NF,297,416,9,Serpentine,15,425,256
NF,297,417,9,Serpentine,15,425,256
NF,297,540,4,Bassanite,2,425,256
NF,297,541,4,Bassanite,2,425,256
NF,297,542,4,Bassanite,2,425,256
NF,297,543,4,Bassanite,2,425,256
NF,297,559,6,Mg-Carbonate,10,425,256
NF,297,560,6,Mg-Carbonate,10,425,256
NF,297,561,6,Mg-Carbonate,10,425,256
NF,297,562,6,Mg-Carbonate,10,425,256
NF,297,582,7,Plagioclase,13,425,256
NF,297,583,7,Plagioclase,13,425,256
NF,297,584,7,Plagioclase,13,425,256
NF,297,585,7,Plagioclase,13,425,256
NF,298,229,9,Serpentine,15,425,256
NF,298,230,9,Serpentine,15,425,256
NF,298,231,9,Serpentine,15,425,256
NF,298,232,9,Serpentine,15,425,256
NF,298,233,9,Serpentine,15,425,256
NF,298,234,9,Serpentine,15,425,256
NF,298,235,9,Serpentine,15,425,256
NF,298,236,9,Serpentine,15,425,256
NF,298,237,9,Serpentine,15,425,256
NF,298,238,9,Serpentine,15,425,256
NF,298,239,9,Serpentine,15,425,256
NF,298,240,9,Serpentine,15,425,256
NF,298,241,9,Serpentine,15,425,256
NF,298,412,9,Serpentine,15,425,256
NF,298,413,9,Serpentine,15,425,256
NF,298,414,9,Serpentine,15,425,256
NF,298,415,9,Serpentine,15,425,256
NF,298,541,4,Bassanite,2,425,256
NF,298,542,4,Bassanite,2,425,256
NF,298,543,4,Bassanite,2,425,256
NF,298,544,4,Bassanite,2,425,256
NF,298,557,6,Mg-Carbonate,10,425,256
NF,298,558,6,Mg-Carbonate,10,425,256
NF,298,559,6,Mg-Carbonate,10,425,256
NF,298,560,6,Mg-Carbonate,10,425,256
NF,298,561,6,Mg-Carbonate,10,425,256
NF,298,562,6,Mg-Carbonate,10,425,256
NF,298,582,7,Plagioclase,13,425,256
NF,298,583,7,Plagioclase,13,425,256
NF,298,584,7,Plagioclase,13,425,256
NF,298,585,7,Plagioclase,13,425,256
NF,299,231,9,Serpentine,15,425,256
NF,299,232,9,Serpentine,15,425,256
NF,299,233,9,Serpentine,15,425,256
NF,299,234,9,Serpentine,15,425,256
NF,299,235,9,Serpentine,15,425,256
NF,299,236,9,Serpentine,15,425,256
NF,299,237,9,Serpentine,15,425,256
NF,299,238,9,Serpentine,15,425,256
NF,299,239,9,Serpentine,15,425,256
NF,299,240,9,Serpentine,15,425,256
NF,299,241,9,Serpentine,15,425,256
NF,299,242,9,Serpentine,15,425,256
NF,299,243,9,Serpentine,15,425,256
NF,299,244,9,Serpentine,15,425,256
NF,299,541,4,Bassanite,2,425,256
NF,299,542,4,Bassanite,2,425,256
NF,299,543,4,Bassanite,2,425,256
NF,299,544,4,Bassanite,2,425,256
NF,299,557,6,Mg-Carbonate,10,425,256
NF,299,558,6,Mg-Carbonate,10,425,256
NF,299,559,6,Mg-Carbonate,10,425,256
NF,299,560,6,Mg-Carbonate,10,425,256
NF,299,561,6,Mg-Carbonate,10,425,256
NF,299,562,6,Mg-Carbonate,10,425,256
NF,299,582,7,Plagioclase,13,425,256
NF,299,583,7,Plagioclase,13,425,256
NF,299,584,7,Plagioclase,13,425,256
NF,299,585,7,Plagioclase,13,425,256
NF,300,232,9,Serpentine,15,425,256
NF,300,233,9,Serpentine,15,425,256
NF,300,234,9,Serpentine,15,425,256
NF,300,235,9,Serpentine,15,425,256
NF,300,236,9,Serpentine,15,425,256
NF,300,237,9,Serpentine,15,425,256
NF,300,238,9,Serpentine,15,425,256
NF,300,239,9,Serpentine,15,425,256
NF,300,240,9,Serpentine,15,425,256
NF,300,241,9,Serpentine,15,425,256
NF,300,242,9,Serpentine,15,425,256
NF,300,243,9,Serpentine,15,425,256
NF,300,244,9,Serpentine,15,425,256
NF,300,245,9,Serpentine,15,425,256
NF,300,246,9,Serpentine,15,425,256
NF,300,543,4,Bassanite,2,425,256
NF,300,544,4,Bassanite,2,425,256
NF,300,556,6,Mg-Carbonate,10,425,256
NF,300,557,6,Mg-Carbonate,10,425,256
NF,300,558,6,Mg-Carbonate,10,425,256
NF,300,559,6,Mg-Carbonate,10,425,256
NF,300,560,6,Mg-Carbonate,10,425,256
NF,300,561,6,Mg-Carbonate,10,425,256
NF,300,562,6,Mg-Carbonate,10,425,256
NF,300,582,7,Plagioclase,13,425,256
NF,300,583,7,Plagioclase,13,425,256
NF,300,584,7,Plagioclase,13,425,256
NF,301,233,9,Serpentine,15,425,256
NF,301,234,9,Serpentine,15,425,256
NF,301,235,9,Serpentine,15,425,256
NF,301,236,9,Serpentine,15,425,256
NF,301,237,9,Serpentine,15,425,256
NF,301,238,9,Serpentine,15,425,256
NF,301,239,9,Serpentine,15,425,256
NF,301,240,9,Serpentine,15,425,256
NF,301,241,9,Serpentine,15,425,256
NF,301,242,9,Serpentine,15,425,256
NF,301,243,9,Serpentine,15,425,256
NF,301,244,9,Serpentine,15,425,256
NF,301,245,9,Serpentine,15,425,256
NF,301,246,9,Serpentine,15,425,256
NF,301,247,9,Serpentine,15,425,256
NF,301,248,9,Serpentine,15,425,256
NF,301,555,6,Mg-Carbonate,10,425,256
NF,301,556,6,Mg-Carbonate,10,425,256
NF,301,557,6,Mg-Carbonate,10,425,256
NF,301,558,6,Mg-Carbonate,10,425,256
NF,301,559,6,Mg-Carbonate,10,425,256
NF,301,560,6,Mg-Carbonate,10,425,256
NF,301,561,6,Mg-Carbonate,10,425,256
NF,301,562,6,Mg-Carbonate,10,425,256
NF,301,582,7,Plagioclase,13,425,256
NF,301,583,7,Plagioclase,13,425,256
NF,301,584,7,Plagioclase,13,425,256
NF,302,234,9,Serpentine,15,425,256
NF,302,235,9,Serpentine,15,425,256
NF,302,236,9,Serpentine,15,425,256
NF,302,237,9,Serpentine,15,425,256
NF,302,238,9,Serpentine,15,425,256
NF,302,239,9,Serpentine,15,425,256
NF,302,240,9,Serpentine,15,425,256
NF,302,241,9,Serpentine,15,425,256
NF,302,242,9,Serpentine,15,425,256
NF,302,243,9,Serpentine,15,425,256
NF,302,244,9,Serpentine,15,425,256
NF,302,245,9,Serpentine,15,425,256
NF,302,246,9,Serpentine,15,425,256
NF,302,247,9,Serpentine,15,425,256
NF,302,248,9,Serpentine,15,425,256
NF,302,249,9,Serpentine,15,425,256
NF,302,250,9,Serpentine,15,425,256
NF,302,554,6,Mg-Carbonate,10,425,256
NF,302,555,6,Mg-Carbonate,10,425,256
NF,302,556,6,Mg-Carbonate,10,425,256
NF,302,557,6,Mg-Carbonate,10,425,256
NF,302,558,6,Mg-Carbonate,10,425,256
NF,302,559,6,Mg-Carbonate,10,425,256
NF,302,560,6,Mg-Carbonate,10,425,256
NF,302,561,6,Mg-Carbonate,10,425,256
NF,302,562,6,Mg-Carbonate,10,425,256
NF,302,575,2,Epidote,4,425,256
NF,302,576,2,Epidote,4,425,256
NF,302,582,7,Plagioclase,13,425,256
NF,302,583,7,Plagioclase,13,425,256
NF,302,584,7,Plagioclase,13,425,256
NF,302,589,3,Chlorite,3,425,256
NF,302,590,3,Chlorite,3,425,256
NF,302,591,3,Chlorite,3,425,256
NF,302,592,3,Chlorite,3,425,256
NF,303,236,9,Serpentine,15,425,256
NF,303,237,9,Serpentine,15,425,256
NF,303,238,9,Serpentine,15,425,256
NF,303,239,9,Serpentine,15,425,256
NF,303,240,9,Serpentine,15,425,256
NF,303,241,9,Serpentine,15,425,256
NF,303,242,9,Serpentine,15,425,256
NF,303,243,9,Serpentine,15,425,256
NF,303,244,9,Serpentine,15,425,256
NF,303,245,9,Serpentine,15,425,256
NF,303,246,9,Serpentine,15,425,256
NF,303,247,9,Serpentine,15,425,256
NF,303,248,9,Serpentine,15,425,256
NF,303,249,9,Serpentine,15,425,256
NF,303,250,9,Serpentine,15,425,256
NF,303,251,9,Serpentine,15,425,256
NF,303,554,6,Mg-Carbonate,10,425,256
NF,303,555,6,Mg-Carbonate,10,425,256
NF,303,556,6,Mg-Carbonate,10,425,256
NF,303,557,6,Mg-Carbonate,10,425,256
NF,303,558,6,Mg-Carbonate,10,425,256
NF,303,559,6,Mg-Carbonate,10,425,256
NF,303,560,6,Mg-Carbonate,10,425,256
NF,303,561,6,Mg-Carbonate,10,425,256
NF,303,575,2,Epidote,4,425,256
NF,303,576,2,Epidote,4,425,256
NF,303,577,2,Epidote,4,425,256
NF,303,589,3,Chlorite,3,425,256
NF,303,590,3,Chlorite,3,425,256
NF,303,591,3,Chlorite,3,425,256
NF,303,592,3,Chlorite,3,425,256
NF,304,237,9,Serpentine,15,425,256
NF,304,238,9,Serpentine,15,425,256
NF,304,239,9,Serpentine,15,425,256
NF,304,240,9,Serpentine,15,425,256
NF,304,241,9,Serpentine,15,425,256
NF,304,242,9,Serpentine,15,425,256
NF,304,243,9,Serpentine,15,425,256
NF,304,244,9,Serpentine,15,425,256
NF,304,245,9,Serpentine,15,425,256
NF,304,246,9,Serpentine,15,425,256
NF,304,247,9,Serpentine,15,425,256
NF,304,248,9,Serpentine,15,425,256
NF,304,249,9,Serpentine,15,425,256
NF,304,250,9,Serpentine,15,425,256
NF,304,251,9,Serpentine,15,425,256
NF,304,545,2,Epidote,4,425,256
NF,304,546,2,Epidote,4,425,256
NF,304,547,2,Epidote,4,425,256
NF,304,548,2,Epidote,4,425,256
NF,304,553,6,Mg-Carbonate,10,425,256
NF,304,554,6,Mg-Carbonate,10,425,256
NF,304,555,6,Mg-Carbonate,10,425,256
NF,304,556,6,Mg-Carbonate,10,425,256
NF,304,557,6,Mg-Carbonate,10,425,256
NF,304,558,6,Mg-Carbonate,10,425,256
NF,304,559,6,Mg-Carbonate,10,425,256
NF,304,560,6,Mg-Carbonate,10,425,256
NF,304,561,6,Mg-Carbonate,10,425,256
NF,304,575,2,Epidote,4,425,256
NF,304,576,2,Epidote,4,425,256
NF,304,577,2,Epidote,4,425,256
NF,304,589,3,Chlorite,3,425,256
NF,304,590,3,Chlorite,3,425,256
NF,304,591,3,Chlorite,3,425,256
NF,304,592,3,Chlorite,3,425,256
NF,305,239,9,Serpentine,15,425,256
NF,305,240,9,Serpentine,15,425,256
NF,305,241,9,Serpentine,15,425,256
NF,305,242,9,Serpentine,15,425,256
NF,305,243,9,Serpentine,15,425,256
NF,305,244,9,Serpentine,15,425,256
NF,305,245,9,Serpentine,15,425,256
NF,305,246,9,Serpentine,15,425,256
NF,305,247,9,Serpentine,15,425,256
NF,305,248,9,Serpentine,15,425,256
NF,305,249,9,Serpentine,15,425,256
NF,305,250,9,Serpentine,15,425,256
NF,305,251,9,Serpentine,15,425,256
NF,305,252,9,Serpentine,15,425,256
NF,305,545,2,Epidote,4,425,256
NF,305,546,2,Epidote,4,425,256
NF,305,547,2,Epidote,4,425,256
NF,305,548,2,Epidote,4,425,256
NF,305,553,6,Mg-Carbonate,10,425,256
NF,305,554,6,Mg-Carbonate,10,425,256
NF,305,555,6,Mg-Carbonate,10,425,256
NF,305,556,6,Mg-Carbonate,10,425,256
NF,305,557,6,Mg-Carbonate,10,425,256
NF,305,558,6,Mg-Carbonate,10,425,256
NF,305,559,6,Mg-Carbonate,10,425,256
NF,305,560,6,Mg-Carbonate,10,425,256
NF,305,574,2,Epidote,4,425,256
NF,305,575,2,Epidote,4,425,256
NF,305,576,2,Epidote,4,425,256
NF,305,577,2,Epidote,4,425,256
NF,306,242,9,Serpentine,15,425,256
NF,306,243,9,Serpentine,15,425,256
NF,306,244,9,Serpentine,15,425,256
NF,306,245,9,Serpentine,15,425,256
NF,306,246,9,Serpentine,15,425,256
NF,306,247,9,Serpentine,15,425,256
NF,306,248,9,Serpentine,15,425,256
NF,306,249,9,Serpentine,15,425,256
NF,306,250,9,Serpentine,15,425,256
NF,306,251,9,Serpentine,15,425,256
NF,306,252,9,Serpentine,15,425,256
NF,306,253,9,Serpentine,15,425,256
NF,306,545,2,Epidote,4,425,256
NF,306,546,2,Epidote,4,425,256
NF,306,547,2,Epidote,4,425,256
NF,306,548,2,Epidote,4,425,256
NF,306,553,6,Mg-Carbonate,10,425,256
NF,306,554,6,Mg-Carbonate,10,425,256
NF,306,555,6,Mg-Carbonate,10,425,256
NF,306,556,6,Mg-Carbonate,10,425,256
NF,306,557,6,Mg-Carbonate,10,425,256
NF,306,558,6,Mg-Carbonate,10,425,256
NF,306,559,6,Mg-Carbonate,10,425,256
NF,306,573,2,Epidote,4,425,256
NF,306,574,2,Epidote,4,425,256
NF,306,575,2,Epidote,4,425,256
NF,306,576,2,Epidote,4,425,256
NF,307,243,9,Serpentine,15,425,256
NF,307,244,9,Serpentine,15,425,256
NF,307,245,9,Serpentine,15,425,256
NF,307,246,9,Serpentine,15,425,256
NF,307,247,9,Serpentine,15,425,256
NF,307,248,9,Serpentine,15,425,256
NF,307,249,9,Serpentine,15,425,256
NF,307,250,9,Serpentine,15,425,256
NF,307,251,9,Serpentine,15,425,256
NF,307,252,9,Serpentine,15,425,256
NF,307,253,9,Serpentine,15,425,256
NF,307,254,9,Serpentine,15,425,256
NF,307,255,9,Serpentine,15,425,256
NF,307,553,6,Mg-Carbonate,10,425,256
NF,307,554,6,Mg-Carbonate,10,425,256
NF,307,555,6,Mg-Carbonate,10,425,256
NF,307,556,6,Mg-Carbonate,10,425,256
NF,307,557,6,Mg-Carbonate,10,425,256
NF,307,558,6,Mg-Carbonate,10,425,256
NF,307,573,2,Epidote,4,425,256
NF,307,574,2,Epidote,4,425,256
NF,307,575,2,Epidote,4,425,256
NF,307,576,2,Epidote,4,425,256
NF,308,245,9,Serpentine,15,425,256
NF,308,246,9,Serpentine,15,425,256
NF,308,247,9,Serpentine,15,425,256
NF,308,248,9,Serpentine,15,425,256
NF,308,249,9,Serpentine,15,425,256
NF,308,250,9,Serpentine,15,425,256
NF,308,251,9,Serpentine,15,425,256
NF,308,252,9,Serpentine,15,425,256
NF,308,253,9,Serpentine,15,425,256
NF,308,254,9,Serpentine,15,425,256
NF,308,255,9,Serpentine,15,425,256
NF,308,256,9,Serpentine,15,425,256
NF,308,257,9,Serpentine,15,425,256
NF,308,552,6,Mg-Carbonate,10,425,256
NF,308,553,6,Mg-Carbonate,10,425,256
NF,308,554,6,Mg-Carbonate,10,425,256
NF,308,555,6,Mg-Carbonate,10,425,256
NF,308,556,6,Mg-Carbonate,10,425,256
NF,308,557,6,Mg-Carbonate,10,425,256
NF,308,558,6,Mg-Carbonate,10,425,256
NF,308,571,2,Epidote,4,425,256
NF,308,572,2,Epidote,4,425,256
NF,308,573,2,Epidote,4,425,256
NF,308,574,2,Epidote,4,425,256
NF,308,575,2,Epidote,4,425,256
NF,309,247,9,Serpentine,15,425,256
NF,309,248,9,Serpentine,15,425,256
NF,309,249,9,Serpentine,15,425,256
NF,309,250,9,Serpentine,15,425,256
NF,309,251,9,Serpentine,15,425,256
NF,309,252,9,Serpentine,15,425,256
NF,309,253,9,Serpentine,15,425,256
NF,309,254,9,Serpentine,15,425,256
NF,309,255,9,Serpentine,15,425,256
NF,309,256,9,Serpentine,15,425,256
NF,309,257,9,Serpentine,15,425,256
NF,309,258,9,Serpentine,15,425,256
NF,309,259,9,Serpentine,15,425,256
NF,309,551,6,Mg-Carbonate,10,425,256
NF,309,552,6,Mg-Carbonate,10,425,256
NF,309,553,6,Mg-Carbonate,10,425,256
NF,309,554,6,Mg-Carbonate,10,425,256
NF,309,555,6,Mg-Carbonate,10,425,256
NF,309,556,6,Mg-Carbonate,10,425,256
NF,309,557,6,Mg-Carbonate,10,425,256
NF,309,570,2,Epidote,4,425,256
NF,309,571,2,Epidote,4,425,256
NF,309,572,2,Epidote,4,425,256
NF,309,573,2,Epidote,4,425,256
NF,309,574,2,Epidote,4,425,256
NF,309,575,2,Epidote,4,425,256
NF,310,249,9,Serpentine,15,425,256
NF,310,250,9,Serpentine,15,425,256
NF,310,251,9,Serpentine,15,425,256
NF,310,252,9,Serpentine,15,425,256
NF,310,253,9,Serpentine,15,425,256
NF,310,254,9,Serpentine,15,425,256
NF,310,255,9,Serpentine,15,425,256
NF,310,256,9,Serpentine,15,425,256
NF,310,257,9,Serpentine,15,425,256
NF,310,258,9,Serpentine,15,425,256
NF,310,259,9,Serpentine,15,425,256
NF,310,260,9,Serpentine,15,425,256
NF,310,551,6,Mg-Carbonate,10,425,256
NF,310,552,6,Mg-Carbonate,10,425,256
NF,310,553,6,Mg-Carbonate,10,425,256
NF,310,554,6,Mg-Carbonate,10,425,256
NF,310,555,6,Mg-Carbonate,10,425,256
NF,310,556,6,Mg-Carbonate,10,425,256
NF,310,569,2,Epidote,4,425,256
NF,310,570,2,Epidote,4,425,256
NF,310,571,2,Epidote,4,425,256
NF,310,572,2,Epidote,4,425,256
NF,310,573,2,Epidote,4,425,256
NF,310,574,2,Epidote,4,425,256
NF,311,250,9,Serpentine,15,425,256
NF,311,251,9,Serpentine,15,425,256
NF,311,252,9,Serpentine,15,425,256
NF,311,253,9,Serpentine,15,425,256
NF,311,254,9,Serpentine,15,425,256
NF,311,255,9,Serpentine,15,425,256
NF,311,256,9,Serpentine,15,425,256
NF,311,257,9,Serpentine,15,425,256
NF,311,258,9,Serpentine,15,425,256
NF,311,259,9,Serpentine,15,425,256
NF,311,260,9,Serpentine,15,425,256
NF,311,261,9,Serpentine,15,425,256
NF,311,262,9,Serpentine,15,425,256
NF,311,551,6,Mg-Carbonate,10,425,256
NF,311,552,6,Mg-Carbonate,10,425,256
NF,311,553,6,Mg-Carbonate,10,425,256
NF,311,554,6,Mg-Carbonate,10,425,256
NF,311,555,6,Mg-Carbonate,10,425,256
NF,311,567,2,Epidote,4,425,256
NF,311,568,2,Epidote,4,425,256
NF,311,569,2,Epidote,4,425,256
NF,311,570,2,Epidote,4,425,256
NF,311,571,2,Epidote,4,425,256
NF,311,572,2,Epidote,4,425,256
NF,311,573,2,Epidote,4,425,256
NF,312,253,9,Serpentine,15,425,256
NF,312,254,9,Serpentine,15,425,256
NF,312,255,9,Serpentine,15,425,256
NF,312,256,9,Serpentine,15,425,256
NF,312,257,9,Serpentine,15,425,256
NF,312,258,9,Serpentine,15,425,256
NF,312,259,9,Serpentine,15,425,256
NF,312,260,9,Serpentine,15,425,256
NF,312,261,9,Serpentine,15,425,256
NF,312,262,9,Serpentine,15,425,256
NF,312,551,6,Mg-Carbonate,10,425,256
NF,312,552,6,Mg-Carbonate,10,425,256
NF,312,553,6,Mg-Carbonate,10,425,256
NF,312,554,6,Mg-Carbonate,10,425,256
NF,312,566,2,Epidote,4,425,256
NF,312,567,2,Epidote,4,425,256
NF,312,568,2,Epidote,4,425,256
NF,312,569,2,Epidote,4,425,256
NF,312,570,2,Epidote,4,425,256
NF,312,571,2,Epidote,4,425,256
NF,312,572,2,Epidote,4,425,256
NF,313,254,9,Serpentine,15,425,256
NF,313,255,9,Serpentine,15,425,256
NF,313,256,9,Serpentine,15,425,256
NF,313,257,9,Serpentine,15,425,256
NF,313,258,9,Serpentine,15,425,256
NF,313,259,9,Serpentine,15,425,256
NF,313,260,9,Serpentine,15,425,256
NF,313,261,9,Serpentine,15,425,256
NF,313,262,9,Serpentine,15,425,256
NF,313,551,6,Mg-Carbonate,10,425,256
NF,313,552,6,Mg-Carbonate,10,425,256
NF,313,566,2,Epidote,4,425,256
NF,313,567,2,Epidote,4,425,256
NF,313,568,2,Epidote,4,425,256
NF,313,569,2,Epidote,4,425,256
NF,313,570,2,Epidote,4,425,256
NF,313,571,2,Epidote,4,425,256
NF,313,584,6,Mg-Carbonate,10,425,256
NF,313,585,6,Mg-Carbonate,10,425,256
NF,313,586,6,Mg-Carbonate,10,425,256
NF,313,587,6,Mg-Carbonate,10,425,256
NF,313,588,6,Mg-Carbonate,10,425,256
NF,313,589,6,Mg-Carbonate,10,425,256
NF,313,590,6,Mg-Carbonate,10,425,256
NF,313,591,6,Mg-Carbonate,10,425,256
NF,314,255,9,Serpentine,15,425,256
NF,314,256,9,Serpentine,15,425,256
NF,314,257,9,Serpentine,15,425,256
NF,314,258,9,Serpentine,15,425,256
NF,314,259,9,Serpentine,15,425,256
NF,314,260,9,Serpentine,15,425,256
NF,314,261,9,Serpentine,15,425,256
NF,314,262,9,Serpentine,15,425,256
NF,314,392,9,Serpentine,15,425,256
NF,314,393,9,Serpentine,15,425,256
NF,314,394,9,Serpentine,15,425,256
NF,314,395,9,Serpentine,15,425,256
NF,314,565,2,Epidote,4,425,256
NF,314,566,2,Epidote,4,425,256
NF,314,567,2,Epidote,4,425,256
NF,314,568,2,Epidote,4,425,256
NF,314,569,2,Epidote,4,425,256
NF,314,570,2,Epidote,4,425,256
NF,314,583,6,Mg-Carbonate,10,425,256
NF,314,584,6,Mg-Carbonate,10,425,256
NF,314,585,6,Mg-Carbonate,10,425,256
NF,314,586,6,Mg-Carbonate,10,425,256
NF,314,587,6,Mg-Carbonate,10,425,256
NF,314,588,6,Mg-Carbonate,10,425,256
NF,314,589,6,Mg-Carbonate,10,425,256
NF,314,590,6,Mg-Carbonate,10,425,256
NF,314,591,6,Mg-Carbonate,10,425,256
NF,315,257,9,Serpentine,15,425,256
NF,315,258,9,Serpentine,15,425,256
NF,315,259,9,Serpentine,15,425,256
NF,315,260,9,Serpentine,15,425,256
NF,315,261,9,Serpentine,15,425,256
NF,315,262,9,Serpentine,15,425,256
NF,315,391,9,Serpentine,15,425,256
NF,315,392,9,Serpentine,15,425,256
NF,315,393,9,Serpentine,15,425,256
NF,315,394,9,Serpentine,15,425,256
NF,315,395,9,Serpentine,15,425,256
NF,315,565,2,Epidote,4,425,256
NF,315,566,2,Epidote,4,425,256
NF,315,567,2,Epidote,4,425,256
NF,315,568,2,Epidote,4,425,256
NF,315,583,6,Mg-Carbonate,10,425,256
NF,315,584,6,Mg-Carbonate,10,425,256
NF,315,585,6,Mg-Carbonate,10,425,256
NF,315,586,6,Mg-Carbonate,10,425,256
NF,315,587,6,Mg-Carbonate,10,425,256
NF,315,588,6,Mg-Carbonate,10,425,256
NF,315,589,6,Mg-Carbonate,10,425,256
NF,315,590,6,Mg-Carbonate,10,425,256
NF,315,591,6,Mg-Carbonate,10,425,256
NF,316,389,9,Serpentine,15,425,256
NF,316,390,9,Serpentine,15,425,256
NF,316,391,9,Serpentine,15,425,256
NF,316,392,9,Serpentine,15,425,256
NF,316,393,9,Serpentine,15,425,256
NF,316,394,9,Serpentine,15,425,256
NF,316,395,9,Serpentine,15,425,256
NF,316,565,2,Epidote,4,425,256
NF,316,566,2,Epidote,4,425,256
NF,316,567,2,Epidote,4,425,256
NF,316,568,2,Epidote,4,425,256
NF,316,581,6,Mg-Carbonate,10,425,256
NF,316,582,6,Mg-Carbonate,10,425,256
NF,316,583,6,Mg-Carbonate,10,425,256
NF,316,584,6,Mg-Carbonate,10,425,256
NF,316,585,6,Mg-Carbonate,10,425,256
NF,316,586,6,Mg-Carbonate,10,425,256
NF,316,587,6,Mg-Carbonate,10,425,256
NF,316,588,6,Mg-Carbonate,10,425,256
NF,316,589,6,Mg-Carbonate,10,425,256
NF,316,590,6,Mg-Carbonate,10,425,256
NF,316,591,6,Mg-Carbonate,10,425,256
NF,317,387,9,Serpentine,15,425,256
NF,317,388,9,Serpentine,15,425,256
NF,317,389,9,Serpentine,15,425,256
NF,317,390,9,Serpentine,15,425,256
NF,317,391,9,Serpentine,15,425,256
NF,317,392,9,Serpentine,15,425,256
NF,317,393,9,Serpentine,15,425,256
NF,317,394,9,Serpentine,15,425,256
NF,317,395,9,Serpentine,15,425,256
NF,317,565,2,Epidote,4,425,256
NF,317,566,2,Epidote,4,425,256
NF,317,567,2,Epidote,4,425,256
NF,317,568,2,Epidote,4,425,256
NF,317,580,6,Mg-Carbonate,10,425,256
NF,317,581,6,Mg-Carbonate,10,425,256
NF,317,582,6,Mg-Carbonate,10,425,256
NF,317,583,6,Mg-Carbonate,10,425,256
NF,317,584,6,Mg-Carbonate,10,425,256
NF,317,585,6,Mg-Carbonate,10,425,256
NF,317,586,6,Mg-Carbonate,10,425,256
NF,317,587,6,Mg-Carbonate,10,425,256
NF,317,588,6,Mg-Carbonate,10,425,256
NF,317,589,6,Mg-Carbonate,10,425,256
NF,317,590,6,Mg-Carbonate,10,425,256
NF,317,591,6,Mg-Carbonate,10,425,256
NF,318,386,9,Serpentine,15,425,256
NF,318,387,9,Serpentine,15,425,256
NF,318,388,9,Serpentine,15,425,256
NF,318,389,9,Serpentine,15,425,256
NF,318,390,9,Serpentine,15,425,256
NF,318,391,9,Serpentine,15,425,256
NF,318,392,9,Serpentine,15,425,256
NF,318,393,9,Serpentine,15,425,256
NF,318,394,9,Serpentine,15,425,256
NF,318,564,2,Epidote,4,425,256
NF,318,565,2,Epidote,4,425,256
NF,318,566,2,Epidote,4,425,256
NF,318,567,2,Epidote,4,425,256
NF,318,579,6,Mg-Carbonate,10,425,256
NF,318,580,6,Mg-Carbonate,10,425,256
NF,318,581,6,Mg-Carbonate,10,425,256
NF,318,582,6,Mg-Carbonate,10,425,256
NF,318,583,6,Mg-Carbonate,10,425,256
NF,318,584,6,Mg-Carbonate,10,425,256
NF,318,585,6,Mg-Carbonate,10,425,256
NF,318,586,6,Mg-Carbonate,10,425,256
NF,318,587,6,Mg-Carbonate,10,425,256
NF,318,588,6,Mg-Carbonate,10,425,256
NF,318,589,6,Mg-Carbonate,10,425,256
NF,318,590,6,Mg-Carbonate,10,425,256
NF,318,591,6,Mg-Carbonate,10,425,256
NF,319,386,9,Serpentine,15,425,256
NF,319,387,9,Serpentine,15,425,256
NF,319,388,9,Serpentine,15,425,256
NF,319,389,9,Serpentine,15,425,256
NF,319,390,9,Serpentine,15,425,256
NF,319,391,9,Serpentine,15,425,256
NF,319,392,9,Serpentine,15,425,256
NF,319,393,9,Serpentine,15,425,256
NF,319,552,2,Epidote,4,425,256
NF,319,553,2,Epidote,4,425,256
NF,319,554,2,Epidote,4,425,256
NF,319,555,2,Epidote,4,425,256
NF,319,563,2,Epidote,4,425,256
NF,319,564,2,Epidote,4,425,256
NF,319,565,2,Epidote,4,425,256
NF,319,566,2,Epidote,4,425,256
NF,319,567,2,Epidote,4,425,256
NF,319,579,6,Mg-Carbonate,10,425,256
NF,319,580,6,Mg-Carbonate,10,425,256
NF,319,581,6,Mg-Carbonate,10,425,256
NF,319,582,6,Mg-Carbonate,10,425,256
NF,319,583,6,Mg-Carbonate,10,425,256
NF,319,584,6,Mg-Carbonate,10,425,256
NF,319,585,6,Mg-Carbonate,10,425,256
NF,319,586,6,Mg-Carbonate,10,425,256
NF,319,587,6,Mg-Carbonate,10,425,256
NF,319,588,6,Mg-Carbonate,10,425,256
NF,319,589,6,Mg-Carbonate,10,425,256
NF,319,590,6,Mg-Carbonate,10,425,256
NF,320,384,9,Serpentine,15,425,256
NF,320,385,9,Serpentine,15,425,256
NF,320,386,9,Serpentine,15,425,256
NF,320,387,9,Serpentine,15,425,256
NF,320,388,9,Serpentine,15,425,256
NF,320,389,9,Serpentine,15,425,256
NF,320,390,9,Serpentine,15,425,256
NF,320,391,9,Serpentine,15,425,256
NF,320,392,9,Serpentine,15,425,256
NF,320,552,2,Epidote,4,425,256
NF,320,553,2,Epidote,4,425,256
NF,320,554,2,Epidote,4,425,256
NF,320,555,2,Epidote,4,425,256
NF,320,562,2,Epidote,4,425,256
NF,320,563,2,Epidote,4,425,256
NF,320,564,2,Epidote,4,425,256
NF,320,565,2,Epidote,4,425,256
NF,320,566,2,Epidote,4,425,256
NF,320,567,2,Epidote,4,425,256
NF,320,579,6,Mg-Carbonate,10,425,256
NF,320,580,6,Mg-Carbonate,10,425,256
NF,320,581,6,Mg-Carbonate,10,425,256
NF,320,582,6,Mg-Carbonate,10,425,256
NF,320,583,6,Mg-Carbonate,10,425,256
NF,320,584,6,Mg-Carbonate,10,425,256
NF,320,585,6,Mg-Carbonate,10,425,256
NF,320,586,6,Mg-Carbonate,10,425,256
NF,320,587,6,Mg-Carbonate,10,425,256
NF,320,588,6,Mg-Carbonate,10,425,256
NF,320,589,6,Mg-Carbonate,10,425,256
NF,320,590,6,Mg-Carbonate,10,425,256
NF,321,267,1,Fe-Olivine,5,425,256
NF,321,268,1,Fe-Olivine,5,425,256
NF,321,269,1,Fe-Olivine,5,425,256
NF,321,270,1,Fe-Olivine,5,425,256
NF,321,271,1,Fe-Olivine,5,425,256
NF,321,272,1,Fe-Olivine,5,425,256
NF,321,273,1,Fe-Olivine,5,425,256
NF,321,383,9,Serpentine,15,425,256
NF,321,384,9,Serpentine,15,425,256
NF,321,385,9,Serpentine,15,425,256
NF,321,386,9,Serpentine,15,425,256
NF,321,387,9,Serpentine,15,425,256
NF,321,388,9,Serpentine,15,425,256
NF,321,389,9,Serpentine,15,425,256
NF,321,390,9,Serpentine,15,425,256
NF,321,391,9,Serpentine,15,425,256
NF,321,552,2,Epidote,4,425,256
NF,321,553,2,Epidote,4,425,256
NF,321,554,2,Epidote,4,425,256
NF,321,555,2,Epidote,4,425,256
NF,321,562,2,Epidote,4,425,256
NF,321,563,2,Epidote,4,425,256
NF,321,564,2,Epidote,4,425,256
NF,321,565,2,Epidote,4,425,256
NF,321,566,2,Epidote,4,425,256
NF,321,567,2,Epidote,4,425,256
NF,321,579,6,Mg-Carbonate,10,425,256
NF,321,580,6,Mg-Carbonate,10,425,256
NF,321,581,6,Mg-Carbonate,10,425,256
NF,321,582,6,Mg-Carbonate,10,425,256
NF,321,583,6,Mg-Carbonate,10,425,256
NF,321,584,6,Mg-Carbonate,10,425,256
NF,321,585,6,Mg-Carbonate,10,425,256
NF,321,586,6,Mg-Carbonate,10,425,256
NF,321,587,6,Mg-Carbonate,10,425,256
NF,321,588,6,Mg-Carbonate,10,425,256
NF,321,589,6,Mg-Carbonate,10,425,256
NF,321,590,6,Mg-Carbonate,10,425,256
NF,322,267,1,Fe-Olivine,5,425,256
NF,322,268,1,Fe-Olivine,5,425,256
NF,322,269,1,Fe-Olivine,5,425,256
NF,322,270,1,Fe-Olivine,5,425,256
NF,322,271,1,Fe-Olivine,5,425,256
NF,322,272,1,Fe-Olivine,5,425,256
NF,322,273,1,Fe-Olivine,5,425,256
NF,322,380,9,Serpentine,15,425,256
NF,322,381,9,Serpentine,15,425,256
NF,322,382,9,Serpentine,15,425,256
NF,322,383,9,Serpentine,15,425,256
NF,322,384,9,Serpentine,15,425,256
NF,322,385,9,Serpentine,15,425,256
NF,322,386,9,Serpentine,15,425,256
NF,322,387,9,Serpentine,15,425,256
NF,322,388,9,Serpentine,15,425,256
NF,322,389,9,Serpentine,15,425,256
NF,322,390,9,Serpentine,15,425,256
NF,322,552,2,Epidote,4,425,256
NF,322,553,2,Epidote,4,425,256
NF,322,554,2,Epidote,4,425,256
NF,322,555,2,Epidote,4,425,256
NF,322,562,2,Epidote,4,425,256
NF,322,563,2,Epidote,4,425,256
NF,322,564,2,Epidote,4,425,256
NF,322,565,2,Epidote,4,425,256
NF,322,566,2,Epidote,4,425,256
NF,322,578,6,Mg-Carbonate,10,425,256
NF,322,579,6,Mg-Carbonate,10,425,256
NF,322,580,6,Mg-Carbonate,10,425,256
NF,322,581,6,Mg-Carbonate,10,425,256
NF,322,582,6,Mg-Carbonate,10,425,256
NF,322,583,6,Mg-Carbonate,10,425,256
NF,322,584,6,Mg-Carbonate,10,425,256
NF,322,585,6,Mg-Carbonate,10,425,256
NF,322,586,6,Mg-Carbonate,10,425,256
NF,322,587,6,Mg-Carbonate,10,425,256
NF,322,588,6,Mg-Carbonate,10,425,256
NF,322,589,6,Mg-Carbonate,10,425,256
NF,322,590,6,Mg-Carbonate,10,425,256
NF,323,267,1,Fe-Olivine,5,425,256
NF,323,268,1,Fe-Olivine,5,425,256
NF,323,269,1,Fe-Olivine,5,425,256
NF,323,270,1,Fe-Olivine,5,425,256
NF,323,271,1,Fe-Olivine,5,425,256
NF,323,272,1,Fe-Olivine,5,425,256
NF,323,273,1,Fe-Olivine,5,425,256
NF,323,274,1,Fe-Olivine,5,425,256
NF,323,379,9,Serpentine,15,425,256
NF,323,380,9,Serpentine,15,425,256
NF,323,381,9,Serpentine,15,425,256
NF,323,382,9,Serpentine,15,425,256
NF,323,383,9,Serpentine,15,425,256
NF,323,384,9,Serpentine,15,425,256
NF,323,385,9,Serpentine,15,425,256
NF,323,386,9,Serpentine,15,425,256
NF,323,387,9,Serpentine,15,425,256
NF,323,388,9,Serpentine,15,425,256
NF,323,552,2,Epidote,4,425,256
NF,323,553,2,Epidote,4,425,256
NF,323,554,2,Epidote,4,425,256
NF,323,555,2,Epidote,4,425,256
NF,323,556,2,Epidote,4,425,256
NF,323,564,2,Epidote,4,425,256
NF,323,565,2,Epidote,4,425,256
NF,323,578,6,Mg-Carbonate,10,425,256
NF,323,579,6,Mg-Carbonate,10,425,256
NF,323,580,6,Mg-Carbonate,10,425,256
NF,323,581,6,Mg-Carbonate,10,425,256
NF,323,582,6,Mg-Carbonate,10,425,256
NF,323,583,6,Mg-Carbonate,10,425,256
NF,323,584,6,Mg-Carbonate,10,425,256
NF,323,585,6,Mg-Carbonate,10,425,256
NF,323,586,6,Mg-Carbonate,10,425,256
NF,323,587,6,Mg-Carbonate,10,425,256
NF,323,588,6,Mg-Carbonate,10,425,256
NF,323,589,6,Mg-Carbonate,10,425,256
NF,324,267,1,Fe-Olivine,5,425,256
NF,324,268,1,Fe-Olivine,5,425,256
NF,324,269,1,Fe-Olivine,5,425,256
NF,324,270,1,Fe-Olivine,5,425,256
NF,324,271,1,Fe-Olivine,5,425,256
NF,324,272,1,Fe-Olivine,5,425,256
NF,324,273,1,Fe-Olivine,5,425,256
NF,324,274,1,Fe-Olivine,5,425,256
NF,324,378,9,Serpentine,15,425,256
NF,324,379,9,Serpentine,15,425,256
NF,324,380,9,Serpentine,15,425,256
NF,324,381,9,Serpentine,15,425,256
NF,324,382,9,Serpentine,15,425,256
NF,324,383,9,Serpentine,15,425,256
NF,324,384,9,Serpentine,15,425,256
NF,324,385,9,Serpentine,15,425,256
NF,324,386,9,Serpentine,15,425,256
NF,324,387,9,Serpentine,15,425,256
NF,324,553,2,Epidote,4,425,256
NF,324,554,2,Epidote,4,425,256
NF,324,555,2,Epidote,4,425,256
NF,324,556,2,Epidote,4,425,256
NF,324,578,6,Mg-Carbonate,10,425,256
NF,324,579,6,Mg-Carbonate,10,425,256
NF,324,580,6,Mg-Carbonate,10,425,256
NF,324,581,6,Mg-Carbonate,10,425,256
NF,324,582,6,Mg-Carbonate,10,425,256
NF,324,583,6,Mg-Carbonate,10,425,256
NF,324,584,6,Mg-Carbonate,10,425,256
NF,324,585,6,Mg-Carbonate,10,425,256
NF,324,586,6,Mg-Carbonate,10,425,256
NF,324,587,6,Mg-Carbonate,10,425,256
NF,324,588,6,Mg-Carbonate,10,425,256
NF,324,589,6,Mg-Carbonate,10,425,256
NF,325,269,1,Fe-Olivine,5,425,256
NF,325,270,1,Fe-Olivine,5,425,256
NF,325,271,1,Fe-Olivine,5,425,256
NF,325,272,1,Fe-Olivine,5,425,256
NF,325,273,1,Fe-Olivine,5,425,256
NF,325,274,1,Fe-Olivine,5,425,256
NF,325,275,1,Fe-Olivine,5,425,256
NF,325,276,1,Fe-Olivine,5,425,256
NF,325,377,9,Serpentine,15,425,256
NF,325,378,9,Serpentine,15,425,256
NF,325,379,9,Serpentine,15,425,256
NF,325,380,9,Serpentine,15,425,256
NF,325,381,9,Serpentine,15,425,256
NF,325,382,9,Serpentine,15,425,256
NF,325,383,9,Serpentine,15,425,256
NF,325,384,9,Serpentine,15,425,256
NF,325,385,9,Serpentine,15,425,256
NF,325,386,9,Serpentine,15,425,256
NF,325,453,9,Serpentine,15,425,256
NF,325,454,9,Serpentine,15,425,256
NF,325,455,9,Serpentine,15,425,256
NF,325,456,9,Serpentine,15,425,256
NF,325,457,9,Serpentine,15,425,256
NF,325,458,9,Serpentine,15,425,256
NF,325,553,2,Epidote,4,425,256
NF,325,554,2,Epidote,4,425,256
NF,325,555,2,Epidote,4,425,256
NF,325,556,2,Epidote,4,425,256
NF,325,577,6,Mg-Carbonate,10,425,256
NF,325,578,6,Mg-Carbonate,10,425,256
NF,325,579,6,Mg-Carbonate,10,425,256
NF,325,580,6,Mg-Carbonate,10,425,256
NF,325,581,6,Mg-Carbonate,10,425,256
NF,325,582,6,Mg-Carbonate,10,425,256
NF,325,583,6,Mg-Carbonate,10,425,256
NF,325,584,6,Mg-Carbonate,10,425,256
NF,325,585,6,Mg-Carbonate,10,425,256
NF,325,586,6,Mg-Carbonate,10,425,256
NF,325,587,6,Mg-Carbonate,10,425,256
NF,325,588,6,Mg-Carbonate,10,425,256
NF,325,589,6,Mg-Carbonate,10,425,256
NF,326,273,1,Fe-Olivine,5,425,256
NF,326,274,1,Fe-Olivine,5,425,256
NF,326,275,1,Fe-Olivine,5,425,256
NF,326,276,1,Fe-Olivine,5,425,256
NF,326,277,1,Fe-Olivine,5,425,256
NF,326,278,1,Fe-Olivine,5,425,256
NF,326,377,9,Serpentine,15,425,256
NF,326,378,9,Serpentine,15,425,256
NF,326,379,9,Serpentine,15,425,256
NF,326,380,9,Serpentine,15,425,256
NF,326,381,9,Serpentine,15,425,256
NF,326,382,9,Serpentine,15,425,256
NF,326,383,9,Serpentine,15,425,256
NF,326,384,9,Serpentine,15,425,256
NF,326,385,9,Serpentine,15,425,256
NF,326,449,9,Serpentine,15,425,256
NF,326,450,9,Serpentine,15,425,256
NF,326,451,9,Serpentine,15,425,256
NF,326,452,9,Serpentine,15,425,256
NF,326,453,9,Serpentine,15,425,256
NF,326,454,9,Serpentine,15,425,256
NF,326,455,9,Serpentine,15,425,256
NF,326,456,9,Serpentine,15,425,256
NF,326,457,9,Serpentine,15,425,256
NF,326,458,9,Serpentine,15,425,256
NF,326,459,9,Serpentine,15,425,256
NF,326,460,9,Serpentine,15,425,256
NF,326,461,9,Serpentine,15,425,256
NF,326,553,2,Epidote,4,425,256
NF,326,554,2,Epidote,4,425,256
NF,326,555,2,Epidote,4,425,256
NF,326,556,2,Epidote,4,425,256
NF,326,577,6,Mg-Carbonate,10,425,256
NF,326,578,6,Mg-Carbonate,10,425,256
NF,326,579,6,Mg-Carbonate,10,425,256
NF,326,580,6,Mg-Carbonate,10,425,256
NF,326,581,6,Mg-Carbonate,10,425,256
NF,326,582,6,Mg-Carbonate,10,425,256
NF,326,583,6,Mg-Carbonate,10,425,256
NF,326,584,6,Mg-Carbonate,10,425,256
NF,326,585,6,Mg-Carbonate,10,425,256
NF,326,586,6,Mg-Carbonate,10,425,256
NF,326,587,6,Mg-Carbonate,10,425,256
NF,326,588,6,Mg-Carbonate,10,425,256
NF,326,589,6,Mg-Carbonate,10,425,256
NF,327,275,1,Fe-Olivine,5,425,256
NF,327,276,1,Fe-Olivine,5,425,256
NF,327,277,1,Fe-Olivine,5,425,256
NF,327,278,1,Fe-Olivine,5,425,256
NF,327,279,1,Fe-Olivine,5,425,256
NF,327,280,1,Fe-Olivine,5,425,256
NF,327,325,9,Serpentine,15,425,256
NF,327,326,9,Serpentine,15,425,256
NF,327,327,9,Serpentine,15,425,256
NF,327,328,9,Serpentine,15,425,256
NF,327,329,9,Serpentine,15,425,256
NF,327,330,9,Serpentine,15,425,256
NF,327,331,9,Serpentine,15,425,256
NF,327,332,9,Serpentine,15,425,256
NF,327,333,9,Serpentine,15,425,256
NF,327,377,9,Serpentine,15,425,256
NF,327,378,9,Serpentine,15,425,256
NF,327,379,9,Serpentine,15,425,256
NF,327,380,9,Serpentine,15,425,256
NF,327,381,9,Serpentine,15,425,256
NF,327,382,9,Serpentine,15,425,256
NF,327,383,9,Serpentine,15,425,256
NF,327,384,9,Serpentine,15,425,256
NF,327,446,9,Serpentine,15,425,256
NF,327,447,9,Serpentine,15,425,256
NF,327,448,9,Serpentine,15,425,256
NF,327,449,9,Serpentine,15,425,256
NF,327,450,9,Serpentine,15,425,256
NF,327,451,9,Serpentine,15,425,256
NF,327,452,9,Serpentine,15,425,256
NF,327,453,9,Serpentine,15,425,256
NF,327,454,9,Serpentine,15,425,256
NF,327,455,9,Serpentine,15,425,256
NF,327,456,9,Serpentine,15,425,256
NF,327,457,9,Serpentine,15,425,256
NF,327,458,9,Serpentine,15,425,256
NF,327,459,9,Serpentine,15,425,256
NF,327,460,9,Serpentine,15,425,256
NF,327,461,9,Serpentine,15,425,256
NF,327,462,9,Serpentine,15,425,256
NF,327,553,2,Epidote,4,425,256
NF,327,554,2,Epidote,4,425,256
NF,327,555,2,Epidote,4,425,256
NF,327,556,2,Epidote,4,425,256
NF,327,577,6,Mg-Carbonate,10,425,256
NF,327,578,6,Mg-Carbonate,10,425,256
NF,327,579,6,Mg-Carbonate,10,425,256
NF,327,580,6,Mg-Carbonate,10,425,256
NF,327,581,6,Mg-Carbonate,10,425,256
NF,327,582,6,Mg-Carbonate,10,425,256
NF,327,583,6,Mg-Carbonate,10,425,256
NF,327,584,6,Mg-Carbonate,10,425,256
NF,327,585,6,Mg-Carbonate,10,425,256
NF,327,586,6,Mg-Carbonate,10,425,256
NF,327,587,6,Mg-Carbonate,10,425,256
NF,327,588,6,Mg-Carbonate,10,425,256
NF,327,589,6,Mg-Carbonate,10,425,256
NF,328,276,1,Fe-Olivine,5,425,256
NF,328,277,1,Fe-Olivine,5,425,256
NF,328,278,1,Fe-Olivine,5,425,256
NF,328,279,1,Fe-Olivine,5,425,256
NF,328,280,1,Fe-Olivine,5,425,256
NF,328,314,9,Serpentine,15,425,256
NF,328,315,9,Serpentine,15,425,256
NF,328,316,9,Serpentine,15,425,256
NF,328,317,9,Serpentine,15,425,256
NF,328,318,9,Serpentine,15,425,256
NF,328,319,9,Serpentine,15,425,256
NF,328,320,9,Serpentine,15,425,256
NF,328,321,9,Serpentine,15,425,256
NF,328,322,9,Serpentine,15,425,256
NF,328,323,9,Serpentine,15,425,256
NF,328,324,9,Serpentine,15,425,256
NF,328,325,9,Serpentine,15,425,256
NF,328,326,9,Serpentine,15,425,256
NF,328,327,9,Serpentine,15,425,256
NF,328,328,9,Serpentine,15,425,256
NF,328,329,9,Serpentine,15,425,256
NF,328,330,9,Serpentine,15,425,256
NF,328,331,9,Serpentine,15,425,256
NF,328,332,9,Serpentine,15,425,256
NF,328,333,9,Serpentine,15,425,256
NF,328,334,9,Serpentine,15,425,256
NF,328,335,9,Serpentine,15,425,256
NF,328,336,9,Serpentine,15,425,256
NF,328,337,9,Serpentine,15,425,256
NF,328,338,9,Serpentine,15,425,256
NF,328,339,9,Serpentine,15,425,256
NF,328,340,9,Serpentine,15,425,256
NF,328,341,9,Serpentine,15,425,256
NF,328,342,9,Serpentine,15,425,256
NF,328,343,9,Serpentine,15,425,256
NF,328,377,9,Serpentine,15,425,256
NF,328,378,9,Serpentine,15,425,256
NF,328,379,9,Serpentine,15,425,256
NF,328,380,9,Serpentine,15,425,256
NF,328,381,9,Serpentine,15,425,256
NF,328,445,9,Serpentine,15,425,256
NF,328,446,9,Serpentine,15,425,256
NF,328,447,9,Serpentine,15,425,256
NF,328,448,9,Serpentine,15,425,256
NF,328,449,9,Serpentine,15,425,256
NF,328,450,9,Serpentine,15,425,256
NF,328,451,9,Serpentine,15,425,256
NF,328,452,9,Serpentine,15,425,256
NF,328,453,9,Serpentine,15,425,256
NF,328,454,9,Serpentine,15,425,256
NF,328,455,9,Serpentine,15,425,256
NF,328,456,9,Serpentine,15,425,256
NF,328,457,9,Serpentine,15,425,256
NF,328,458,9,Serpentine,15,425,256
NF,328,459,9,Serpentine,15,425,256
NF,328,460,9,Serpentine,15,425,256
NF,328,461,9,Serpentine,15,425,256
NF,328,462,9,Serpentine,15,425,256
NF,328,463,9,Serpentine,15,425,256
NF,328,464,9,Serpentine,15,425,256
NF,328,553,2,Epidote,4,425,256
NF,328,554,2,Epidote,4,425,256
NF,328,555,2,Epidote,4,425,256
NF,328,556,2,Epidote,4,425,256
NF,328,577,6,Mg-Carbonate,10,425,256
NF,328,578,6,Mg-Carbonate,10,425,256
NF,328,579,6,Mg-Carbonate,10,425,256
NF,328,580,6,Mg-Carbonate,10,425,256
NF,328,581,6,Mg-Carbonate,10,425,256
NF,328,582,6,Mg-Carbonate,10,425,256
NF,328,583,6,Mg-Carbonate,10,425,256
NF,328,584,6,Mg-Carbonate,10,425,256
NF,328,585,6,Mg-Carbonate,10,425,256
NF,328,586,6,Mg-Carbonate,10,425,256
NF,328,587,6,Mg-Carbonate,10,425,256
NF,328,588,6,Mg-Carbonate,10,425,256
NF,329,277,1,Fe-Olivine,5,425,256
NF,329,278,1,Fe-Olivine,5,425,256
NF,329,279,1,Fe-Olivine,5,425,256
NF,329,280,1,Fe-Olivine,5,425,256
NF,329,281,1,Fe-Olivine,5,425,256
NF,329,312,9,Serpentine,15,425,256
NF,329,313,9,Serpentine,15,425,256
NF,329,314,9,Serpentine,15,425,256
NF,329,315,9,Serpentine,15,425,256
NF,329,316,9,Serpentine,15,425,256
NF,329,317,9,Serpentine,15,425,256
NF,329,318,9,Serpentine,15,425,256
NF,329,319,9,Serpentine,15,425,256
NF,329,320,9,Serpentine,15,425,256
NF,329,321,9,Serpentine,15,425,256
NF,329,322,9,Serpentine,15,425,256
NF,329,323,9,Serpentine,15,425,256
NF,329,324,9,Serpentine,15,425,256
NF,329,325,9,Serpentine,15,425,256
NF,329,326,9,Serpentine,15,425,256
NF,329,327,9,Serpentine,15,425,256
NF,329,328,9,Serpentine,15,425,256
NF,329,329,9,Serpentine,15,425,256
NF,329,330,9,Serpentine,15,425,256
NF,329,331,9,Serpentine,15,425,256
NF,329,332,9,Serpentine,15,425,256
NF,329,333,9,Serpentine,15,425,256
NF,329,334,9,Serpentine,15,425,256
NF,329,335,9,Serpentine,15,425,256
NF,329,336,9,Serpentine,15,425,256
NF,329,337,9,Serpentine,15,425,256
NF,329,338,9,Serpentine,15,425,256
NF,329,339,9,Serpentine,15,425,256
NF,329,340,9,Serpentine,15,425,256
NF,329,341,9,Serpentine,15,425,256
NF,329,342,9,Serpentine,15,425,256
NF,329,343,9,Serpentine,15,425,256
NF,329,344,9,Serpentine,15,425,256
NF,329,345,9,Serpentine,15,425,256
NF,329,346,9,Serpentine,15,425,256
NF,329,347,9,Serpentine,15,425,256
NF,329,444,9,Serpentine,15,425,256
NF,329,445,9,Serpentine,15,425,256
NF,329,446,9,Serpentine,15,425,256
NF,329,447,9,Serpentine,15,425,256
NF,329,448,9,Serpentine,15,425,256
NF,329,449,9,Serpentine,15,425,256
NF,329,450,9,Serpentine,15,425,256
NF,329,451,9,Serpentine,15,425,256
NF,329,452,9,Serpentine,15,425,256
NF,329,453,9,Serpentine,15,425,256
NF,329,454,9,Serpentine,15,425,256
NF,329,455,9,Serpentine,15,425,256
NF,329,456,9,Serpentine,15,425,256
NF,329,457,9,Serpentine,15,425,256
NF,329,458,9,Serpentine,15,425,256
NF,329,459,9,Serpentine,15,425,256
NF,329,460,9,Serpentine,15,425,256
NF,329,461,9,Serpentine,15,425,256
NF,329,462,9,Serpentine,15,425,256
NF,329,463,9,Serpentine,15,425,256
NF,329,464,9,Serpentine,15,425,256
NF,329,524,4,Bassanite,2,425,256
NF,329,554,2,Epidote,4,425,256
NF,329,555,2,Epidote,4,425,256
NF,329,556,2,Epidote,4,425,256
NF,329,576,6,Mg-Carbonate,10,425,256
NF,329,577,6,Mg-Carbonate,10,425,256
NF,329,578,6,Mg-Carbonate,10,425,256
NF,329,579,6,Mg-Carbonate,10,425,256
NF,329,580,6,Mg-Carbonate,10,425,256
NF,329,581,6,Mg-Carbonate,10,425,256
NF,329,582,6,Mg-Carbonate,10,425,256
NF,329,583,6,Mg-Carbonate,10,425,256
NF,329,584,6,Mg-Carbonate,10,425,256
NF,329,585,6,Mg-Carbonate,10,425,256
NF,329,586,6,Mg-Carbonate,10,425,256
NF,329,587,6,Mg-Carbonate,10,425,256
NF,330,278,1,Fe-Olivine,5,425,256
NF,330,279,1,Fe-Olivine,5,425,256
NF,330,280,1,Fe-Olivine,5,425,256
NF,330,281,1,Fe-Olivine,5,425,256
NF,330,282,1,Fe-Olivine,5,425,256
NF,330,310,9,Serpentine,15,425,256
NF,330,311,9,Serpentine,15,425,256
NF,330,312,9,Serpentine,15,425,256
NF,330,313,9,Serpentine,15,425,256
NF,330,314,9,Serpentine,15,425,256
NF,330,315,9,Serpentine,15,425,256
NF,330,316,9,Serpentine,15,425,256
NF,330,317,9,Serpentine,15,425,256
NF,330,318,9,Serpentine,15,425,256
NF,330,319,9,Serpentine,15,425,256
NF,330,320,9,Serpentine,15,425,256
NF,330,321,9,Serpentine,15,425,256
NF,330,322,9,Serpentine,15,425,256
NF,330,323,9,Serpentine,15,425,256
NF,330,324,9,Serpentine,15,425,256
NF,330,325,9,Serpentine,15,425,256
NF,330,326,9,Serpentine,15,425,256
NF,330,327,9,Serpentine,15,425,256
NF,330,328,9,Serpentine,15,425,256
NF,330,329,9,Serpentine,15,425,256
NF,330,330,9,Serpentine,15,425,256
NF,330,331,9,Serpentine,15,425,256
NF,330,332,9,Serpentine,15,425,256
NF,330,333,9,Serpentine,15,425,256
NF,330,334,9,Serpentine,15,425,256
NF,330,335,9,Serpentine,15,425,256
NF,330,336,9,Serpentine,15,425,256
NF,330,337,9,Serpentine,15,425,256
NF,330,338,9,Serpentine,15,425,256
NF,330,339,9,Serpentine,15,425,256
NF,330,340,9,Serpentine,15,425,256
NF,330,341,9,Serpentine,15,425,256
NF,330,342,9,Serpentine,15,425,256
NF,330,343,9,Serpentine,15,425,256
NF,330,344,9,Serpentine,15,425,256
NF,330,345,9,Serpentine,15,425,256
NF,330,346,9,Serpentine,15,425,256
NF,330,347,9,Serpentine,15,425,256
NF,330,348,9,Serpentine,15,425,256
NF,330,349,9,Serpentine,15,425,256
NF,330,350,9,Serpentine,15,425,256
NF,330,351,9,Serpentine,15,425,256
NF,330,352,9,Serpentine,15,425,256
NF,330,443,9,Serpentine,15,425,256
NF,330,444,9,Serpentine,15,425,256
NF,330,445,9,Serpentine,15,425,256
NF,330,446,9,Serpentine,15,425,256
NF,330,447,9,Serpentine,15,425,256
NF,330,448,9,Serpentine,15,425,256
NF,330,449,9,Serpentine,15,425,256
NF,330,450,9,Serpentine,15,425,256
NF,330,451,9,Serpentine,15,425,256
NF,330,452,9,Serpentine,15,425,256
NF,330,453,9,Serpentine,15,425,256
NF,330,454,9,Serpentine,15,425,256
NF,330,455,9,Serpentine,15,425,256
NF,330,456,9,Serpentine,15,425,256
NF,330,457,9,Serpentine,15,425,256
NF,330,458,9,Serpentine,15,425,256
NF,330,459,9,Serpentine,15,425,256
NF,330,460,9,Serpentine,15,425,256
NF,330,461,9,Serpentine,15,425,256
NF,330,462,9,Serpentine,15,425,256
NF,330,463,9,Serpentine,15,425,256
NF,330,464,9,Serpentine,15,425,256
NF,330,523,4,Bassanite,2,425,256
NF,330,524,4,Bassanite,2,425,256
NF,330,525,4,Bassanite,2,425,256
NF,330,575,6,Mg-Carbonate,10,425,256
NF,330,576,6,Mg-Carbonate,10,425,256
NF,330,577,6,Mg-Carbonate,10,425,256
NF,330,578,6,Mg-Carbonate,10,425,256
NF,330,579,6,Mg-Carbonate,10,425,256
NF,330,580,6,Mg-Carbonate,10,425,256
NF,330,581,6,Mg-Carbonate,10,425,256
NF,330,582,6,Mg-Carbonate,10,425,256
NF,330,583,6,Mg-Carbonate,10,425,256
NF,330,584,6,Mg-Carbonate,10,425,256
NF,330,585,6,Mg-Carbonate,10,425,256
NF,330,586,6,Mg-Carbonate,10,425,256
NF,330,587,6,Mg-Carbonate,10,425,256
NF,331,279,1,Fe-Olivine,5,425,256
NF,331,280,1,Fe-Olivine,5,425,256
NF,331,281,1,Fe-Olivine,5,425,256
NF,331,282,1,Fe-Olivine,5,425,256
NF,331,283,1,Fe-Olivine,5,425,256
NF,331,310,9,Serpentine,15,425,256
NF,331,311,9,Serpentine,15,425,256
NF,331,312,9,Serpentine,15,425,256
NF,331,313,9,Serpentine,15,425,256
NF,331,314,9,Serpentine,15,425,256
NF,331,315,9,Serpentine,15,425,256
NF,331,316,9,Serpentine,15,425,256
NF,331,317,9,Serpentine,15,425,256
NF,331,318,9,Serpentine,15,425,256
NF,331,319,9,Serpentine,15,425,256
NF,331,320,9,Serpentine,15,425,256
NF,331,321,9,Serpentine,15,425,256
NF,331,322,9,Serpentine,15,425,256
NF,331,323,9,Serpentine,15,425,256
NF,331,324,9,Serpentine,15,425,256
NF,331,325,9,Serpentine,15,425,256
NF,331,326,9,Serpentine,15,425,256
NF,331,327,9,Serpentine,15,425,256
NF,331,328,9,Serpentine,15,425,256
NF,331,329,9,Serpentine,15,425,256
NF,331,330,9,Serpentine,15,425,256
NF,331,331,9,Serpentine,15,425,256
NF,331,332,9,Serpentine,15,425,256
NF,331,333,9,Serpentine,15,425,256
NF,331,334,9,Serpentine,15,425,256
NF,331,335,9,Serpentine,15,425,256
NF,331,336,9,Serpentine,15,425,256
NF,331,337,9,Serpentine,15,425,256
NF,331,338,9,Serpentine,15,425,256
NF,331,339,9,Serpentine,15,425,256
NF,331,340,9,Serpentine,15,425,256
NF,331,341,9,Serpentine,15,425,256
NF,331,342,9,Serpentine,15,425,256
NF,331,343,9,Serpentine,15,425,256
NF,331,344,9,Serpentine,15,425,256
NF,331,345,9,Serpentine,15,425,256
NF,331,346,9,Serpentine,15,425,256
NF,331,347,9,Serpentine,15,425,256
NF,331,348,9,Serpentine,15,425,256
NF,331,349,9,Serpentine,15,425,256
NF,331,350,9,Serpentine,15,425,256
NF,331,351,9,Serpentine,15,425,256
NF,331,352,9,Serpentine,15,425,256
NF,331,443,9,Serpentine,15,425,256
NF,331,444,9,Serpentine,15,425,256
NF,331,445,9,Serpentine,15,425,256
NF,331,446,9,Serpentine,15,425,256
NF,331,447,9,Serpentine,15,425,256
NF,331,448,9,Serpentine,15,425,256
NF,331,449,9,Serpentine,15,425,256
NF,331,450,9,Serpentine,15,425,256
NF,331,451,9,Serpentine,15,425,256
NF,331,452,9,Serpentine,15,425,256
NF,331,453,9,Serpentine,15,425,256
NF,331,454,9,Serpentine,15,425,256
NF,331,455,9,Serpentine,15,425,256
NF,331,456,9,Serpentine,15,425,256
NF,331,457,9,Serpentine,15,425,256
NF,331,458,9,Serpentine,15,425,256
NF,331,459,9,Serpentine,15,425,256
NF,331,460,9,Serpentine,15,425,256
NF,331,461,9,Serpentine,15,425,256
NF,331,462,9,Serpentine,15,425,256
NF,331,463,9,Serpentine,15,425,256
NF,331,464,9,Serpentine,15,425,256
NF,331,523,4,Bassanite,2,425,256
NF,331,524,4,Bassanite,2,425,256
NF,331,525,4,Bassanite,2,425,256
NF,331,571,6,Mg-Carbonate,10,425,256
NF,331,572,6,Mg-Carbonate,10,425,256
NF,331,573,6,Mg-Carbonate,10,425,256
NF,331,574,6,Mg-Carbonate,10,425,256
NF,331,575,6,Mg-Carbonate,10,425,256
NF,331,576,6,Mg-Carbonate,10,425,256
NF,331,577,6,Mg-Carbonate,10,425,256
NF,331,578,6,Mg-Carbonate,10,425,256
NF,331,579,6,Mg-Carbonate,10,425,256
NF,331,580,6,Mg-Carbonate,10,425,256
NF,331,581,6,Mg-Carbonate,10,425,256
NF,331,582,6,Mg-Carbonate,10,425,256
NF,331,583,6,Mg-Carbonate,10,425,256
NF,331,584,6,Mg-Carbonate,10,425,256
NF,331,585,6,Mg-Carbonate,10,425,256
NF,331,586,6,Mg-Carbonate,10,425,256
NF,331,587,6,Mg-Carbonate,10,425,256
NF,332,280,1,Fe-Olivine,5,425,256
NF,332,281,1,Fe-Olivine,5,425,256
NF,332,282,1,Fe-Olivine,5,425,256
NF,332,283,1,Fe-Olivine,5,425,256
NF,332,284,1,Fe-Olivine,5,425,256
NF,332,285,1,Fe-Olivine,5,425,256
NF,332,286,1,Fe-Olivine,5,425,256
NF,332,287,1,Fe-Olivine,5,425,256
NF,332,288,1,Fe-Olivine,5,425,256
NF,332,310,9,Serpentine,15,425,256
NF,332,311,9,Serpentine,15,425,256
NF,332,312,9,Serpentine,15,425,256
NF,332,313,9,Serpentine,15,425,256
NF,332,314,9,Serpentine,15,425,256
NF,332,315,9,Serpentine,15,425,256
NF,332,316,9,Serpentine,15,425,256
NF,332,317,9,Serpentine,15,425,256
NF,332,318,9,Serpentine,15,425,256
NF,332,319,9,Serpentine,15,425,256
NF,332,320,9,Serpentine,15,425,256
NF,332,321,9,Serpentine,15,425,256
NF,332,322,9,Serpentine,15,425,256
NF,332,323,9,Serpentine,15,425,256
NF,332,324,9,Serpentine,15,425,256
NF,332,325,9,Serpentine,15,425,256
NF,332,326,9,Serpentine,15,425,256
NF,332,327,9,Serpentine,15,425,256
NF,332,328,9,Serpentine,15,425,256
NF,332,329,9,Serpentine,15,425,256
NF,332,330,9,Serpentine,15,425,256
NF,332,331,9,Serpentine,15,425,256
NF,332,332,9,Serpentine,15,425,256
NF,332,333,9,Serpentine,15,425,256
NF,332,334,9,Serpentine,15,425,256
NF,332,335,9,Serpentine,15,425,256
NF,332,336,9,Serpentine,15,425,256
NF,332,337,9,Serpentine,15,425,256
NF,332,338,9,Serpentine,15,425,256
NF,332,339,9,Serpentine,15,425,256
NF,332,340,9,Serpentine,15,425,256
NF,332,341,9,Serpentine,15,425,256
NF,332,342,9,Serpentine,15,425,256
NF,332,343,9,Serpentine,15,425,256
NF,332,344,9,Serpentine,15,425,256
NF,332,345,9,Serpentine,15,425,256
NF,332,346,9,Serpentine,15,425,256
NF,332,347,9,Serpentine,15,425,256
NF,332,348,9,Serpentine,15,425,256
NF,332,349,9,Serpentine,15,425,256
NF,332,350,9,Serpentine,15,425,256
NF,332,351,9,Serpentine,15,425,256
NF,332,352,9,Serpentine,15,425,256
NF,332,353,9,Serpentine,15,425,256
NF,332,443,9,Serpentine,15,425,256
NF,332,444,9,Serpentine,15,425,256
NF,332,445,9,Serpentine,15,425,256
NF,332,446,9,Serpentine,15,425,256
NF,332,447,9,Serpentine,15,425,256
NF,332,448,9,Serpentine,15,425,256
NF,332,449,9,Serpentine,15,425,256
NF,332,450,9,Serpentine,15,425,256
NF,332,451,9,Serpentine,15,425,256
NF,332,452,9,Serpentine,15,425,256
NF,332,453,9,Serpentine,15,425,256
NF,332,454,9,Serpentine,15,425,256
NF,332,455,9,Serpentine,15,425,256
NF,332,456,9,Serpentine,15,425,256
NF,332,457,9,Serpentine,15,425,256
NF,332,458,9,Serpentine,15,425,256
NF,332,459,9,Serpentine,15,425,256
NF,332,460,9,Serpentine,15,425,256
NF,332,461,9,Serpentine,15,425,256
NF,332,462,9,Serpentine,15,425,256
NF,332,463,9,Serpentine,15,425,256
NF,332,464,9,Serpentine,15,425,256
NF,332,522,4,Bassanite,2,425,256
NF,332,523,4,Bassanite,2,425,256
NF,332,524,4,Bassanite,2,425,256
NF,332,525,4,Bassanite,2,425,256
NF,332,561,6,Mg-Carbonate,10,425,256
NF,332,562,6,Mg-Carbonate,10,425,256
NF,332,563,6,Mg-Carbonate,10,425,256
NF,332,564,6,Mg-Carbonate,10,425,256
NF,332,565,6,Mg-Carbonate,10,425,256
NF,332,566,6,Mg-Carbonate,10,425,256
NF,332,567,6,Mg-Carbonate,10,425,256
NF,332,568,6,Mg-Carbonate,10,425,256
NF,332,569,6,Mg-Carbonate,10,425,256
NF,332,570,6,Mg-Carbonate,10,425,256
NF,332,571,6,Mg-Carbonate,10,425,256
NF,332,572,6,Mg-Carbonate,10,425,256
NF,332,573,6,Mg-Carbonate,10,425,256
NF,332,574,6,Mg-Carbonate,10,425,256
NF,332,575,6,Mg-Carbonate,10,425,256
NF,332,576,6,Mg-Carbonate,10,425,256
NF,332,577,6,Mg-Carbonate,10,425,256
NF,332,578,6,Mg-Carbonate,10,425,256
NF,332,579,6,Mg-Carbonate,10,425,256
NF,332,580,6,Mg-Carbonate,10,425,256
NF,332,581,6,Mg-Carbonate,10,425,256
NF,332,582,6,Mg-Carbonate,10,425,256
NF,332,583,6,Mg-Carbonate,10,425,256
NF,332,584,6,Mg-Carbonate,10,425,256
NF,332,585,6,Mg-Carbonate,10,425,256
NF,332,586,6,Mg-Carbonate,10,425,256
NF,333,140,6,Mg-Carbonate,10,425,256
NF,333,141,6,Mg-Carbonate,10,425,256
NF,333,142,6,Mg-Carbonate,10,425,256
NF,333,143,6,Mg-Carbonate,10,425,256
NF,333,281,1,Fe-Olivine,5,425,256
NF,333,282,1,Fe-Olivine,5,425,256
NF,333,283,1,Fe-Olivine,5,425,256
NF,333,284,1,Fe-Olivine,5,425,256
NF,333,285,1,Fe-Olivine,5,425,256
NF,333,286,1,Fe-Olivine,5,425,256
NF,333,287,1,Fe-Olivine,5,425,256
NF,333,288,1,Fe-Olivine,5,425,256
NF,333,289,1,Fe-Olivine,5,425,256
NF,333,290,1,Fe-Olivine,5,425,256
NF,333,291,1,Fe-Olivine,5,425,256
NF,333,292,1,Fe-Olivine,5,425,256
NF,333,310,9,Serpentine,15,425,256
NF,333,311,9,Serpentine,15,425,256
NF,333,312,9,Serpentine,15,425,256
NF,333,313,9,Serpentine,15,425,256
NF,333,314,9,Serpentine,15,425,256
NF,333,315,9,Serpentine,15,425,256
NF,333,316,9,Serpentine,15,425,256
NF,333,317,9,Serpentine,15,425,256
NF,333,318,9,Serpentine,15,425,256
NF,333,319,9,Serpentine,15,425,256
NF,333,320,9,Serpentine,15,425,256
NF,333,321,9,Serpentine,15,425,256
NF,333,322,9,Serpentine,15,425,256
NF,333,323,9,Serpentine,15,425,256
NF,333,324,9,Serpentine,15,425,256
NF,333,325,9,Serpentine,15,425,256
NF,333,326,9,Serpentine,15,425,256
NF,333,327,9,Serpentine,15,425,256
NF,333,328,9,Serpentine,15,425,256
NF,333,329,9,Serpentine,15,425,256
NF,333,330,9,Serpentine,15,425,256
NF,333,331,9,Serpentine,15,425,256
NF,333,332,9,Serpentine,15,425,256
NF,333,333,9,Serpentine,15,425,256
NF,333,334,9,Serpentine,15,425,256
NF,333,335,9,Serpentine,15,425,256
NF,333,336,9,Serpentine,15,425,256
NF,333,337,9,Serpentine,15,425,256
NF,333,338,9,Serpentine,15,425,256
NF,333,339,9,Serpentine,15,425,256
NF,333,340,9,Serpentine,15,425,256
NF,333,341,9,Serpentine,15,425,256
NF,333,342,9,Serpentine,15,425,256
NF,333,343,9,Serpentine,15,425,256
NF,333,344,9,Serpentine,15,425,256
NF,333,345,9,Serpentine,15,425,256
NF,333,346,9,Serpentine,15,425,256
NF,333,347,9,Serpentine,15,425,256
NF,333,348,9,Serpentine,15,425,256
NF,333,349,9,Serpentine,15,425,256
NF,333,350,9,Serpentine,15,425,256
NF,333,351,9,Serpentine,15,425,256
NF,333,352,9,Serpentine,15,425,256
NF,333,353,9,Serpentine,15,425,256
NF,333,443,9,Serpentine,15,425,256
NF,333,444,9,Serpentine,15,425,256
NF,333,445,9,Serpentine,15,425,256
NF,333,446,9,Serpentine,15,425,256
NF,333,447,9,Serpentine,15,425,256
NF,333,448,9,Serpentine,15,425,256
NF,333,449,9,Serpentine,15,425,256
NF,333,450,9,Serpentine,15,425,256
NF,333,451,9,Serpentine,15,425,256
NF,333,452,9,Serpentine,15,425,256
NF,333,453,9,Serpentine,15,425,256
NF,333,454,9,Serpentine,15,425,256
NF,333,455,9,Serpentine,15,425,256
NF,333,456,9,Serpentine,15,425,256
NF,333,457,9,Serpentine,15,425,256
NF,333,458,9,Serpentine,15,425,256
NF,333,459,9,Serpentine,15,425,256
NF,333,460,9,Serpentine,15,425,256
NF,333,461,9,Serpentine,15,425,256
NF,333,462,9,Serpentine,15,425,256
NF,333,463,9,Serpentine,15,425,256
NF,333,464,9,Serpentine,15,425,256
NF,333,522,4,Bassanite,2,425,256
NF,333,523,4,Bassanite,2,425,256
NF,333,524,4,Bassanite,2,425,256
NF,333,525,4,Bassanite,2,425,256
NF,333,560,6,Mg-Carbonate,10,425,256
NF,333,561,6,Mg-Carbonate,10,425,256
NF,333,562,6,Mg-Carbonate,10,425,256
NF,333,563,6,Mg-Carbonate,10,425,256
NF,333,564,6,Mg-Carbonate,10,425,256
NF,333,565,6,Mg-Carbonate,10,425,256
NF,333,566,6,Mg-Carbonate,10,425,256
NF,333,567,6,Mg-Carbonate,10,425,256
NF,333,568,6,Mg-Carbonate,10,425,256
NF,333,569,6,Mg-Carbonate,10,425,256
NF,333,570,6,Mg-Carbonate,10,425,256
NF,333,571,6,Mg-Carbonate,10,425,256
NF,333,572,6,Mg-Carbonate,10,425,256
NF,333,573,6,Mg-Carbonate,10,425,256
NF,333,574,6,Mg-Carbonate,10,425,256
NF,333,575,6,Mg-Carbonate,10,425,256
NF,333,576,6,Mg-Carbonate,10,425,256
NF,333,577,6,Mg-Carbonate,10,425,256
NF,333,578,6,Mg-Carbonate,10,425,256
NF,333,579,6,Mg-Carbonate,10,425,256
NF,333,580,6,Mg-Carbonate,10,425,256
NF,333,581,6,Mg-Carbonate,10,425,256
NF,333,582,6,Mg-Carbonate,10,425,256
NF,333,583,6,Mg-Carbonate,10,425,256
NF,333,584,6,Mg-Carbonate,10,425,256
NF,333,585,6,Mg-Carbonate,10,425,256
NF,334,140,6,Mg-Carbonate,10,425,256
NF,334,141,6,Mg-Carbonate,10,425,256
NF,334,142,6,Mg-Carbonate,10,425,256
NF,334,143,6,Mg-Carbonate,10,425,256
NF,334,144,6,Mg-Carbonate,10,425,256
NF,334,284,1,Fe-Olivine,5,425,256
NF,334,285,1,Fe-Olivine,5,425,256
NF,334,286,1,Fe-Olivine,5,425,256
NF,334,287,1,Fe-Olivine,5,425,256
NF,334,288,1,Fe-Olivine,5,425,256
NF,334,289,1,Fe-Olivine,5,425,256
NF,334,290,1,Fe-Olivine,5,425,256
NF,334,291,1,Fe-Olivine,5,425,256
NF,334,292,1,Fe-Olivine,5,425,256
NF,334,293,1,Fe-Olivine,5,425,256
NF,334,294,1,Fe-Olivine,5,425,256
NF,334,295,1,Fe-Olivine,5,425,256
NF,334,296,1,Fe-Olivine,5,425,256
NF,334,297,1,Fe-Olivine,5,425,256
NF,334,310,9,Serpentine,15,425,256
NF,334,311,9,Serpentine,15,425,256
NF,334,312,9,Serpentine,15,425,256
NF,334,313,9,Serpentine,15,425,256
NF,334,314,9,Serpentine,15,425,256
NF,334,315,9,Serpentine,15,425,256
NF,334,316,9,Serpentine,15,425,256
NF,334,317,9,Serpentine,15,425,256
NF,334,318,9,Serpentine,15,425,256
NF,334,319,9,Serpentine,15,425,256
NF,334,320,9,Serpentine,15,425,256
NF,334,321,9,Serpentine,15,425,256
NF,334,322,9,Serpentine,15,425,256
NF,334,323,9,Serpentine,15,425,256
NF,334,324,9,Serpentine,15,425,256
NF,334,325,9,Serpentine,15,425,256
NF,334,326,9,Serpentine,15,425,256
NF,334,327,9,Serpentine,15,425,256
NF,334,328,9,Serpentine,15,425,256
NF,334,329,9,Serpentine,15,425,256
NF,334,330,9,Serpentine,15,425,256
NF,334,331,9,Serpentine,15,425,256
NF,334,332,9,Serpentine,15,425,256
NF,334,333,9,Serpentine,15,425,256
NF,334,334,9,Serpentine,15,425,256
NF,334,335,9,Serpentine,15,425,256
NF,334,336,9,Serpentine,15,425,256
NF,334,337,9,Serpentine,15,425,256
NF,334,338,9,Serpentine,15,425,256
NF,334,339,9,Serpentine,15,425,256
NF,334,340,9,Serpentine,15,425,256
NF,334,341,9,Serpentine,15,425,256
NF,334,342,9,Serpentine,15,425,256
NF,334,343,9,Serpentine,15,425,256
NF,334,344,9,Serpentine,15,425,256
NF,334,345,9,Serpentine,15,425,256
NF,334,346,9,Serpentine,15,425,256
NF,334,347,9,Serpentine,15,425,256
NF,334,348,9,Serpentine,15,425,256
NF,334,349,9,Serpentine,15,425,256
NF,334,350,9,Serpentine,15,425,256
NF,334,351,9,Serpentine,15,425,256
NF,334,352,9,Serpentine,15,425,256
NF,334,443,9,Serpentine,15,425,256
NF,334,444,9,Serpentine,15,425,256
NF,334,445,9,Serpentine,15,425,256
NF,334,446,9,Serpentine,15,425,256
NF,334,447,9,Serpentine,15,425,256
NF,334,448,9,Serpentine,15,425,256
NF,334,449,9,Serpentine,15,425,256
NF,334,450,9,Serpentine,15,425,256
NF,334,451,9,Serpentine,15,425,256
NF,334,452,9,Serpentine,15,425,256
NF,334,453,9,Serpentine,15,425,256
NF,334,454,9,Serpentine,15,425,256
NF,334,455,9,Serpentine,15,425,256
NF,334,456,9,Serpentine,15,425,256
NF,334,457,9,Serpentine,15,425,256
NF,334,458,9,Serpentine,15,425,256
NF,334,459,9,Serpentine,15,425,256
NF,334,460,9,Serpentine,15,425,256
NF,334,461,9,Serpentine,15,425,256
NF,334,462,9,Serpentine,15,425,256
NF,334,463,9,Serpentine,15,425,256
NF,334,464,9,Serpentine,15,425,256
NF,334,522,4,Bassanite,2,425,256
NF,334,523,4,Bassanite,2,425,256
NF,334,524,4,Bassanite,2,425,256
NF,334,525,4,Bassanite,2,425,256
NF,334,558,6,Mg-Carbonate,10,425,256
NF,334,559,6,Mg-Carbonate,10,425,256
NF,334,560,6,Mg-Carbonate,10,425,256
NF,334,561,6,Mg-Carbonate,10,425,256
NF,334,562,6,Mg-Carbonate,10,425,256
NF,334,563,6,Mg-Carbonate,10,425,256
NF,334,564,6,Mg-Carbonate,10,425,256
NF,334,565,6,Mg-Carbonate,10,425,256
NF,334,566,6,Mg-Carbonate,10,425,256
NF,334,567,6,Mg-Carbonate,10,425,256
NF,334,568,6,Mg-Carbonate,10,425,256
NF,334,569,6,Mg-Carbonate,10,425,256
NF,334,570,6,Mg-Carbonate,10,425,256
NF,334,571,6,Mg-Carbonate,10,425,256
NF,334,572,6,Mg-Carbonate,10,425,256
NF,334,573,6,Mg-Carbonate,10,425,256
NF,334,574,6,Mg-Carbonate,10,425,256
NF,334,575,6,Mg-Carbonate,10,425,256
NF,334,576,6,Mg-Carbonate,10,425,256
NF,334,577,6,Mg-Carbonate,10,425,256
NF,334,578,6,Mg-Carbonate,10,425,256
NF,334,579,6,Mg-Carbonate,10,425,256
NF,334,580,6,Mg-Carbonate,10,425,256
NF,334,581,6,Mg-Carbonate,10,425,256
NF,334,582,6,Mg-Carbonate,10,425,256
NF,334,583,6,Mg-Carbonate,10,425,256
NF,334,584,6,Mg-Carbonate,10,425,256
NF,334,585,6,Mg-Carbonate,10,425,256
NF,335,140,6,Mg-Carbonate,10,425,256
NF,335,141,6,Mg-Carbonate,10,425,256
NF,335,142,6,Mg-Carbonate,10,425,256
NF,335,143,6,Mg-Carbonate,10,425,256
NF,335,144,6,Mg-Carbonate,10,425,256
NF,335,145,6,Mg-Carbonate,10,425,256
NF,335,146,6,Mg-Carbonate,10,425,256
NF,335,286,1,Fe-Olivine,5,425,256
NF,335,287,1,Fe-Olivine,5,425,256
NF,335,288,1,Fe-Olivine,5,425,256
NF,335,289,1,Fe-Olivine,5,425,256
NF,335,290,1,Fe-Olivine,5,425,256
NF,335,291,1,Fe-Olivine,5,425,256
NF,335,292,1,Fe-Olivine,5,425,256
NF,335,293,1,Fe-Olivine,5,425,256
NF,335,294,1,Fe-Olivine,5,425,256
NF,335,295,1,Fe-Olivine,5,425,256
NF,335,296,1,Fe-Olivine,5,425,256
NF,335,297,1,Fe-Olivine,5,425,256
NF,335,298,1,Fe-Olivine,5,425,256
NF,335,299,1,Fe-Olivine,5,425,256
NF,335,311,9,Serpentine,15,425,256
NF,335,312,9,Serpentine,15,425,256
NF,335,313,9,Serpentine,15,425,256
NF,335,314,9,Serpentine,15,425,256
NF,335,315,9,Serpentine,15,425,256
NF,335,316,9,Serpentine,15,425,256
NF,335,317,9,Serpentine,15,425,256
NF,335,318,9,Serpentine,15,425,256
NF,335,319,9,Serpentine,15,425,256
NF,335,320,9,Serpentine,15,425,256
NF,335,321,9,Serpentine,15,425,256
NF,335,322,9,Serpentine,15,425,256
NF,335,323,9,Serpentine,15,425,256
NF,335,324,9,Serpentine,15,425,256
NF,335,325,9,Serpentine,15,425,256
NF,335,326,9,Serpentine,15,425,256
NF,335,327,9,Serpentine,15,425,256
NF,335,328,9,Serpentine,15,425,256
NF,335,329,9,Serpentine,15,425,256
NF,335,330,9,Serpentine,15,425,256
NF,335,331,9,Serpentine,15,425,256
NF,335,332,9,Serpentine,15,425,256
NF,335,333,9,Serpentine,15,425,256
NF,335,334,9,Serpentine,15,425,256
NF,335,335,9,Serpentine,15,425,256
NF,335,336,9,Serpentine,15,425,256
NF,335,337,9,Serpentine,15,425,256
NF,335,338,9,Serpentine,15,425,256
NF,335,339,9,Serpentine,15,425,256
NF,335,340,9,Serpentine,15,425,256
NF,335,341,9,Serpentine,15,425,256
NF,335,342,9,Serpentine,15,425,256
NF,335,343,9,Serpentine,15,425,256
NF,335,344,9,Serpentine,15,425,256
NF,335,345,9,Serpentine,15,425,256
NF,335,346,9,Serpentine,15,425,256
NF,335,347,9,Serpentine,15,425,256
NF,335,348,9,Serpentine,15,425,256
NF,335,349,9,Serpentine,15,425,256
NF,335,350,9,Serpentine,15,425,256
NF,335,443,9,Serpentine,15,425,256
NF,335,444,9,Serpentine,15,425,256
NF,335,445,9,Serpentine,15,425,256
NF,335,446,9,Serpentine,15,425,256
NF,335,447,9,Serpentine,15,425,256
NF,335,448,9,Serpentine,15,425,256
NF,335,449,9,Serpentine,15,425,256
NF,335,450,9,Serpentine,15,425,256
NF,335,451,9,Serpentine,15,425,256
NF,335,452,9,Serpentine,15,425,256
NF,335,453,9,Serpentine,15,425,256
NF,335,454,9,Serpentine,15,425,256
NF,335,455,9,Serpentine,15,425,256
NF,335,456,9,Serpentine,15,425,256
NF,335,457,9,Serpentine,15,425,256
NF,335,458,9,Serpentine,15,425,256
NF,335,459,9,Serpentine,15,425,256
NF,335,460,9,Serpentine,15,425,256
NF,335,461,9,Serpentine,15,425,256
NF,335,462,9,Serpentine,15,425,256
NF,335,463,9,Serpentine,15,425,256
NF,335,464,9,Serpentine,15,425,256
NF,335,522,4,Bassanite,2,425,256
NF,335,523,4,Bassanite,2,425,256
NF,335,524,4,Bassanite,2,425,256
NF,335,525,4,Bassanite,2,425,256
NF,335,557,6,Mg-Carbonate,10,425,256
NF,335,558,6,Mg-Carbonate,10,425,256
NF,335,559,6,Mg-Carbonate,10,425,256
NF,335,560,6,Mg-Carbonate,10,425,256
NF,335,561,6,Mg-Carbonate,10,425,256
NF,335,562,6,Mg-Carbonate,10,425,256
NF,335,563,6,Mg-Carbonate,10,425,256
NF,335,564,6,Mg-Carbonate,10,425,256
NF,335,565,6,Mg-Carbonate,10,425,256
NF,335,566,6,Mg-Carbonate,10,425,256
NF,335,567,6,Mg-Carbonate,10,425,256
NF,335,568,6,Mg-Carbonate,10,425,256
NF,335,569,6,Mg-Carbonate,10,425,256
NF,335,570,6,Mg-Carbonate,10,425,256
NF,335,571,6,Mg-Carbonate,10,425,256
NF,335,572,6,Mg-Carbonate,10,425,256
NF,335,573,6,Mg-Carbonate,10,425,256
NF,335,574,6,Mg-Carbonate,10,425,256
NF,335,575,6,Mg-Carbonate,10,425,256
NF,335,576,6,Mg-Carbonate,10,425,256
NF,335,577,6,Mg-Carbonate,10,425,256
NF,335,578,6,Mg-Carbonate,10,425,256
NF,335,579,6,Mg-Carbonate,10,425,256
NF,335,580,6,Mg-Carbonate,10,425,256
NF,335,581,6,Mg-Carbonate,10,425,256
NF,335,582,6,Mg-Carbonate,10,425,256
NF,335,583,6,Mg-Carbonate,10,425,256
NF,335,584,6,Mg-Carbonate,10,425,256
NF,335,585,6,Mg-Carbonate,10,425,256
NF,336,140,6,Mg-Carbonate,10,425,256
NF,336,141,6,Mg-Carbonate,10,425,256
NF,336,142,6,Mg-Carbonate,10,425,256
NF,336,143,6,Mg-Carbonate,10,425,256
NF,336,144,6,Mg-Carbonate,10,425,256
NF,336,145,6,Mg-Carbonate,10,425,256
NF,336,146,6,Mg-Carbonate,10,425,256
NF,336,147,6,Mg-Carbonate,10,425,256
NF,336,290,1,Fe-Olivine,5,425,256
NF,336,291,1,Fe-Olivine,5,425,256
NF,336,292,1,Fe-Olivine,5,425,256
NF,336,293,1,Fe-Olivine,5,425,256
NF,336,294,1,Fe-Olivine,5,425,256
NF,336,295,1,Fe-Olivine,5,425,256
NF,336,296,1,Fe-Olivine,5,425,256
NF,336,297,1,Fe-Olivine,5,425,256
NF,336,298,1,Fe-Olivine,5,425,256
NF,336,299,1,Fe-Olivine,5,425,256
NF,336,300,1,Fe-Olivine,5,425,256
NF,336,301,1,Fe-Olivine,5,425,256
NF,336,315,9,Serpentine,15,425,256
NF,336,316,9,Serpentine,15,425,256
NF,336,317,9,Serpentine,15,425,256
NF,336,318,9,Serpentine,15,425,256
NF,336,319,9,Serpentine,15,425,256
NF,336,320,9,Serpentine,15,425,256
NF,336,321,9,Serpentine,15,425,256
NF,336,322,9,Serpentine,15,425,256
NF,336,323,9,Serpentine,15,425,256
NF,336,324,9,Serpentine,15,425,256
NF,336,325,9,Serpentine,15,425,256
NF,336,326,9,Serpentine,15,425,256
NF,336,327,9,Serpentine,15,425,256
NF,336,328,9,Serpentine,15,425,256
NF,336,329,9,Serpentine,15,425,256
NF,336,330,9,Serpentine,15,425,256
NF,336,331,9,Serpentine,15,425,256
NF,336,332,9,Serpentine,15,425,256
NF,336,333,9,Serpentine,15,425,256
NF,336,334,9,Serpentine,15,425,256
NF,336,335,9,Serpentine,15,425,256
NF,336,336,9,Serpentine,15,425,256
NF,336,337,9,Serpentine,15,425,256
NF,336,338,9,Serpentine,15,425,256
NF,336,339,9,Serpentine,15,425,256
NF,336,340,9,Serpentine,15,425,256
NF,336,341,9,Serpentine,15,425,256
NF,336,342,9,Serpentine,15,425,256
NF,336,343,9,Serpentine,15,425,256
NF,336,344,9,Serpentine,15,425,256
NF,336,345,9,Serpentine,15,425,256
NF,336,346,9,Serpentine,15,425,256
NF,336,347,9,Serpentine,15,425,256
NF,336,348,9,Serpentine,15,425,256
NF,336,443,9,Serpentine,15,425,256
NF,336,444,9,Serpentine,15,425,256
NF,336,445,9,Serpentine,15,425,256
NF,336,446,9,Serpentine,15,425,256
NF,336,447,9,Serpentine,15,425,256
NF,336,448,9,Serpentine,15,425,256
NF,336,449,9,Serpentine,15,425,256
NF,336,450,9,Serpentine,15,425,256
NF,336,451,9,Serpentine,15,425,256
NF,336,452,9,Serpentine,15,425,256
NF,336,453,9,Serpentine,15,425,256
NF,336,454,9,Serpentine,15,425,256
NF,336,455,9,Serpentine,15,425,256
NF,336,456,9,Serpentine,15,425,256
NF,336,457,9,Serpentine,15,425,256
NF,336,458,9,Serpentine,15,425,256
NF,336,459,9,Serpentine,15,425,256
NF,336,460,9,Serpentine,15,425,256
NF,336,461,9,Serpentine,15,425,256
NF,336,462,9,Serpentine,15,425,256
NF,336,463,9,Serpentine,15,425,256
NF,336,464,9,Serpentine,15,425,256
NF,336,522,4,Bassanite,2,425,256
NF,336,523,4,Bassanite,2,425,256
NF,336,524,4,Bassanite,2,425,256
NF,336,555,6,Mg-Carbonate,10,425,256
NF,336,556,6,Mg-Carbonate,10,425,256
NF,336,557,6,Mg-Carbonate,10,425,256
NF,336,558,6,Mg-Carbonate,10,425,256
NF,336,559,6,Mg-Carbonate,10,425,256
NF,336,560,6,Mg-Carbonate,10,425,256
NF,336,561,6,Mg-Carbonate,10,425,256
NF,336,562,6,Mg-Carbonate,10,425,256
NF,336,563,6,Mg-Carbonate,10,425,256
NF,336,564,6,Mg-Carbonate,10,425,256
NF,336,565,6,Mg-Carbonate,10,425,256
NF,336,566,6,Mg-Carbonate,10,425,256
NF,336,567,6,Mg-Carbonate,10,425,256
NF,336,568,6,Mg-Carbonate,10,425,256
NF,336,569,6,Mg-Carbonate,10,425,256
NF,336,570,6,Mg-Carbonate,10,425,256
NF,336,571,6,Mg-Carbonate,10,425,256
NF,336,572,6,Mg-Carbonate,10,425,256
NF,336,573,6,Mg-Carbonate,10,425,256
NF,336,574,6,Mg-Carbonate,10,425,256
NF,336,575,6,Mg-Carbonate,10,425,256
NF,336,576,6,Mg-Carbonate,10,425,256
NF,336,577,6,Mg-Carbonate,10,425,256
NF,336,578,6,Mg-Carbonate,10,425,256
NF,336,579,6,Mg-Carbonate,10,425,256
NF,336,580,6,Mg-Carbonate,10,425,256
NF,336,581,6,Mg-Carbonate,10,425,256
NF,336,582,6,Mg-Carbonate,10,425,256
NF,336,583,6,Mg-Carbonate,10,425,256
NF,336,584,6,Mg-Carbonate,10,425,256
NF,337,141,6,Mg-Carbonate,10,425,256
NF,337,142,6,Mg-Carbonate,10,425,256
NF,337,143,6,Mg-Carbonate,10,425,256
NF,337,144,6,Mg-Carbonate,10,425,256
NF,337,145,6,Mg-Carbonate,10,425,256
NF,337,146,6,Mg-Carbonate,10,425,256
NF,337,147,6,Mg-Carbonate,10,425,256
NF,337,148,6,Mg-Carbonate,10,425,256
NF,337,149,6,Mg-Carbonate,10,425,256
NF,337,150,6,Mg-Carbonate,10,425,256
NF,337,291,1,Fe-Olivine,5,425,256
NF,337,292,1,Fe-Olivine,5,425,256
NF,337,293,1,Fe-Olivine,5,425,256
NF,337,294,1,Fe-Olivine,5,425,256
NF,337,295,1,Fe-Olivine,5,425,256
NF,337,296,1,Fe-Olivine,5,425,256
NF,337,297,1,Fe-Olivine,5,425,256
NF,337,298,1,Fe-Olivine,5,425,256
NF,337,299,1,Fe-Olivine,5,425,256
NF,337,300,1,Fe-Olivine,5,425,256
NF,337,301,1,Fe-Olivine,5,425,256
NF,337,302,1,Fe-Olivine,5,425,256
NF,337,303,1,Fe-Olivine,5,425,256
NF,337,304,1,Fe-Olivine,5,425,256
NF,337,325,9,Serpentine,15,425,256
NF,337,326,9,Serpentine,15,425,256
NF,337,327,9,Serpentine,15,425,256
NF,337,328,9,Serpentine,15,425,256
NF,337,329,9,Serpentine,15,425,256
NF,337,330,9,Serpentine,15,425,256
NF,337,331,9,Serpentine,15,425,256
NF,337,332,9,Serpentine,15,425,256
NF,337,333,9,Serpentine,15,425,256
NF,337,334,9,Serpentine,15,425,256
NF,337,335,9,Serpentine,15,425,256
NF,337,336,9,Serpentine,15,425,256
NF,337,337,9,Serpentine,15,425,256
NF,337,338,9,Serpentine,15,425,256
NF,337,339,9,Serpentine,15,425,256
NF,337,340,9,Serpentine,15,425,256
NF,337,341,9,Serpentine,15,425,256
NF,337,342,9,Serpentine,15,425,256
NF,337,343,9,Serpentine,15,425,256
NF,337,344,9,Serpentine,15,425,256
NF,337,345,9,Serpentine,15,425,256
NF,337,346,9,Serpentine,15,425,256
NF,337,443,9,Serpentine,15,425,256
NF,337,444,9,Serpentine,15,425,256
NF,337,445,9,Serpentine,15,425,256
NF,337,446,9,Serpentine,15,425,256
NF,337,447,9,Serpentine,15,425,256
NF,337,448,9,Serpentine,15,425,256
NF,337,449,9,Serpentine,15,425,256
NF,337,450,9,Serpentine,15,425,256
NF,337,451,9,Serpentine,15,425,256
NF,337,452,9,Serpentine,15,425,256
NF,337,453,9,Serpentine,15,425,256
NF,337,454,9,Serpentine,15,425,256
NF,337,455,9,Serpentine,15,425,256
NF,337,456,9,Serpentine,15,425,256
NF,337,457,9,Serpentine,15,425,256
NF,337,458,9,Serpentine,15,425,256
NF,337,459,9,Serpentine,15,425,256
NF,337,460,9,Serpentine,15,425,256
NF,337,461,9,Serpentine,15,425,256
NF,337,462,9,Serpentine,15,425,256
NF,337,463,9,Serpentine,15,425,256
NF,337,464,9,Serpentine,15,425,256
NF,337,543,2,Epidote,4,425,256
NF,337,544,2,Epidote,4,425,256
NF,337,545,2,Epidote,4,425,256
NF,337,546,2,Epidote,4,425,256
NF,337,553,6,Mg-Carbonate,10,425,256
NF,337,554,6,Mg-Carbonate,10,425,256
NF,337,555,6,Mg-Carbonate,10,425,256
NF,337,556,6,Mg-Carbonate,10,425,256
NF,337,557,6,Mg-Carbonate,10,425,256
NF,337,558,6,Mg-Carbonate,10,425,256
NF,337,559,6,Mg-Carbonate,10,425,256
NF,337,560,6,Mg-Carbonate,10,425,256
NF,337,561,6,Mg-Carbonate,10,425,256
NF,337,562,6,Mg-Carbonate,10,425,256
NF,337,563,6,Mg-Carbonate,10,425,256
NF,337,564,6,Mg-Carbonate,10,425,256
NF,337,565,6,Mg-Carbonate,10,425,256
NF,337,566,6,Mg-Carbonate,10,425,256
NF,337,567,6,Mg-Carbonate,10,425,256
NF,337,568,6,Mg-Carbonate,10,425,256
NF,337,569,6,Mg-Carbonate,10,425,256
NF,337,570,6,Mg-Carbonate,10,425,256
NF,337,571,6,Mg-Carbonate,10,425,256
NF,337,572,6,Mg-Carbonate,10,425,256
NF,337,573,6,Mg-Carbonate,10,425,256
NF,337,574,6,Mg-Carbonate,10,425,256
NF,337,575,6,Mg-Carbonate,10,425,256
NF,337,576,6,Mg-Carbonate,10,425,256
NF,337,577,6,Mg-Carbonate,10,425,256
NF,337,578,6,Mg-Carbonate,10,425,256
NF,337,579,6,Mg-Carbonate,10,425,256
NF,337,580,6,Mg-Carbonate,10,425,256
NF,337,581,6,Mg-Carbonate,10,425,256
NF,337,582,6,Mg-Carbonate,10,425,256
NF,337,583,6,Mg-Carbonate,10,425,256
NF,337,584,6,Mg-Carbonate,10,425,256
NF,338,142,6,Mg-Carbonate,10,425,256
NF,338,143,6,Mg-Carbonate,10,425,256
NF,338,144,6,Mg-Carbonate,10,425,256
NF,338,145,6,Mg-Carbonate,10,425,256
NF,338,146,6,Mg-Carbonate,10,425,256
NF,338,147,6,Mg-Carbonate,10,425,256
NF,338,148,6,Mg-Carbonate,10,425,256
NF,338,149,6,Mg-Carbonate,10,425,256
NF,338,150,6,Mg-Carbonate,10,425,256
NF,338,297,1,Fe-Olivine,5,425,256
NF,338,298,1,Fe-Olivine,5,425,256
NF,338,299,1,Fe-Olivine,5,425,256
NF,338,300,1,Fe-Olivine,5,425,256
NF,338,301,1,Fe-Olivine,5,425,256
NF,338,302,1,Fe-Olivine,5,425,256
NF,338,303,1,Fe-Olivine,5,425,256
NF,338,304,1,Fe-Olivine,5,425,256
NF,338,305,1,Fe-Olivine,5,425,256
NF,338,444,9,Serpentine,15,425,256
NF,338,445,9,Serpentine,15,425,256
NF,338,446,9,Serpentine,15,425,256
NF,338,447,9,Serpentine,15,425,256
NF,338,448,9,Serpentine,15,425,256
NF,338,449,9,Serpentine,15,425,256
NF,338,450,9,Serpentine,15,425,256
NF,338,451,9,Serpentine,15,425,256
NF,338,452,9,Serpentine,15,425,256
NF,338,453,9,Serpentine,15,425,256
NF,338,454,9,Serpentine,15,425,256
NF,338,455,9,Serpentine,15,425,256
NF,338,456,9,Serpentine,15,425,256
NF,338,457,9,Serpentine,15,425,256
NF,338,458,9,Serpentine,15,425,256
NF,338,459,9,Serpentine,15,425,256
NF,338,460,9,Serpentine,15,425,256
NF,338,461,9,Serpentine,15,425,256
NF,338,462,9,Serpentine,15,425,256
NF,338,463,9,Serpentine,15,425,256
NF,338,464,9,Serpentine,15,425,256
NF,338,543,2,Epidote,4,425,256
NF,338,544,2,Epidote,4,425,256
NF,338,545,2,Epidote,4,425,256
NF,338,546,2,Epidote,4,425,256
NF,338,552,6,Mg-Carbonate,10,425,256
NF,338,553,6,Mg-Carbonate,10,425,256
NF,338,554,6,Mg-Carbonate,10,425,256
NF,338,555,6,Mg-Carbonate,10,425,256
NF,338,556,6,Mg-Carbonate,10,425,256
NF,338,557,6,Mg-Carbonate,10,425,256
NF,338,558,6,Mg-Carbonate,10,425,256
NF,338,559,6,Mg-Carbonate,10,425,256
NF,338,560,6,Mg-Carbonate,10,425,256
NF,338,561,6,Mg-Carbonate,10,425,256
NF,338,562,6,Mg-Carbonate,10,425,256
NF,338,563,6,Mg-Carbonate,10,425,256
NF,338,564,6,Mg-Carbonate,10,425,256
NF,338,565,6,Mg-Carbonate,10,425,256
NF,338,566,6,Mg-Carbonate,10,425,256
NF,338,567,6,Mg-Carbonate,10,425,256
NF,338,568,6,Mg-Carbonate,10,425,256
NF,338,569,6,Mg-Carbonate,10,425,256
NF,338,570,6,Mg-Carbonate,10,425,256
NF,338,571,6,Mg-Carbonate,10,425,256
NF,338,572,6,Mg-Carbonate,10,425,256
NF,338,573,6,Mg-Carbonate,10,425,256
NF,338,574,6,Mg-Carbonate,10,425,256
NF,338,575,6,Mg-Carbonate,10,425,256
NF,338,576,6,Mg-Carbonate,10,425,256
NF,338,577,6,Mg-Carbonate,10,425,256
NF,338,578,6,Mg-Carbonate,10,425,256
NF,338,579,6,Mg-Carbonate,10,425,256
NF,338,580,6,Mg-Carbonate,10,425,256
NF,338,581,6,Mg-Carbonate,10,425,256
NF,338,582,6,Mg-Carbonate,10,425,256
NF,338,583,6,Mg-Carbonate,10,425,256
NF,339,123,6,Mg-Carbonate,10,425,256
NF,339,124,6,Mg-Carbonate,10,425,256
NF,339,125,6,Mg-Carbonate,10,425,256
NF,339,146,6,Mg-Carbonate,10,425,256
NF,339,147,6,Mg-Carbonate,10,425,256
NF,339,148,6,Mg-Carbonate,10,425,256
NF,339,149,6,Mg-Carbonate,10,425,256
NF,339,150,6,Mg-Carbonate,10,425,256
NF,339,299,1,Fe-Olivine,5,425,256
NF,339,300,1,Fe-Olivine,5,425,256
NF,339,301,1,Fe-Olivine,5,425,256
NF,339,302,1,Fe-Olivine,5,425,256
NF,339,303,1,Fe-Olivine,5,425,256
NF,339,304,1,Fe-Olivine,5,425,256
NF,339,305,1,Fe-Olivine,5,425,256
NF,339,306,1,Fe-Olivine,5,425,256
NF,339,307,1,Fe-Olivine,5,425,256
NF,339,444,9,Serpentine,15,425,256
NF,339,445,9,Serpentine,15,425,256
NF,339,446,9,Serpentine,15,425,256
NF,339,447,9,Serpentine,15,425,256
NF,339,448,9,Serpentine,15,425,256
NF,339,449,9,Serpentine,15,425,256
NF,339,450,9,Serpentine,15,425,256
NF,339,451,9,Serpentine,15,425,256
NF,339,452,9,Serpentine,15,425,256
NF,339,453,9,Serpentine,15,425,256
NF,339,454,9,Serpentine,15,425,256
NF,339,455,9,Serpentine,15,425,256
NF,339,456,9,Serpentine,15,425,256
NF,339,457,9,Serpentine,15,425,256
NF,339,458,9,Serpentine,15,425,256
NF,339,459,9,Serpentine,15,425,256
NF,339,460,9,Serpentine,15,425,256
NF,339,461,9,Serpentine,15,425,256
NF,339,462,9,Serpentine,15,425,256
NF,339,463,9,Serpentine,15,425,256
NF,339,543,2,Epidote,4,425,256
NF,339,544,2,Epidote,4,425,256
NF,339,545,2,Epidote,4,425,256
NF,339,546,2,Epidote,4,425,256
NF,339,550,6,Mg-Carbonate,10,425,256
NF,339,551,6,Mg-Carbonate,10,425,256
NF,339,552,6,Mg-Carbonate,10,425,256
NF,339,553,6,Mg-Carbonate,10,425,256
NF,339,554,6,Mg-Carbonate,10,425,256
NF,339,555,6,Mg-Carbonate,10,425,256
NF,339,556,6,Mg-Carbonate,10,425,256
NF,339,557,6,Mg-Carbonate,10,425,256
NF,339,558,6,Mg-Carbonate,10,425,256
NF,339,559,6,Mg-Carbonate,10,425,256
NF,339,560,6,Mg-Carbonate,10,425,256
NF,339,561,6,Mg-Carbonate,10,425,256
NF,339,562,6,Mg-Carbonate,10,425,256
NF,339,563,6,Mg-Carbonate,10,425,256
NF,339,564,6,Mg-Carbonate,10,425,256
NF,339,565,6,Mg-Carbonate,10,425,256
NF,339,566,6,Mg-Carbonate,10,425,256
NF,339,567,6,Mg-Carbonate,10,425,256
NF,339,568,6,Mg-Carbonate,10,425,256
NF,339,569,6,Mg-Carbonate,10,425,256
NF,339,570,6,Mg-Carbonate,10,425,256
NF,339,571,6,Mg-Carbonate,10,425,256
NF,339,572,6,Mg-Carbonate,10,425,256
NF,339,573,6,Mg-Carbonate,10,425,256
NF,339,574,6,Mg-Carbonate,10,425,256
NF,339,575,6,Mg-Carbonate,10,425,256
NF,339,576,6,Mg-Carbonate,10,425,256
NF,339,577,6,Mg-Carbonate,10,425,256
NF,339,578,6,Mg-Carbonate,10,425,256
NF,339,579,6,Mg-Carbonate,10,425,256
NF,339,580,6,Mg-Carbonate,10,425,256
NF,339,581,6,Mg-Carbonate,10,425,256
NF,339,582,6,Mg-Carbonate,10,425,256
NF,340,122,6,Mg-Carbonate,10,425,256
NF,340,123,6,Mg-Carbonate,10,425,256
NF,340,124,6,Mg-Carbonate,10,425,256
NF,340,125,6,Mg-Carbonate,10,425,256
NF,340,301,1,Fe-Olivine,5,425,256
NF,340,302,1,Fe-Olivine,5,425,256
NF,340,303,1,Fe-Olivine,5,425,256
NF,340,304,1,Fe-Olivine,5,425,256
NF,340,305,1,Fe-Olivine,5,425,256
NF,340,306,1,Fe-Olivine,5,425,256
NF,340,307,1,Fe-Olivine,5,425,256
NF,340,308,1,Fe-Olivine,5,425,256
NF,340,447,9,Serpentine,15,425,256
NF,340,448,9,Serpentine,15,425,256
NF,340,449,9,Serpentine,15,425,256
NF,340,450,9,Serpentine,15,425,256
NF,340,451,9,Serpentine,15,425,256
NF,340,452,9,Serpentine,15,425,256
NF,340,453,9,Serpentine,15,425,256
NF,340,454,9,Serpentine,15,425,256
NF,340,455,9,Serpentine,15,425,256
NF,340,456,9,Serpentine,15,425,256
NF,340,457,9,Serpentine,15,425,256
NF,340,458,9,Serpentine,15,425,256
NF,340,459,9,Serpentine,15,425,256
NF,340,460,9,Serpentine,15,425,256
NF,340,461,9,Serpentine,15,425,256
NF,340,462,9,Serpentine,15,425,256
NF,340,463,9,Serpentine,15,425,256
NF,340,543,2,Epidote,4,425,256
NF,340,544,2,Epidote,4,425,256
NF,340,545,2,Epidote,4,425,256
NF,340,546,2,Epidote,4,425,256
NF,340,549,6,Mg-Carbonate,10,425,256
NF,340,550,6,Mg-Carbonate,10,425,256
NF,340,551,6,Mg-Carbonate,10,425,256
NF,340,552,6,Mg-Carbonate,10,425,256
NF,340,553,6,Mg-Carbonate,10,425,256
NF,340,554,6,Mg-Carbonate,10,425,256
NF,340,555,6,Mg-Carbonate,10,425,256
NF,340,556,6,Mg-Carbonate,10,425,256
NF,340,557,6,Mg-Carbonate,10,425,256
NF,340,558,6,Mg-Carbonate,10,425,256
NF,340,559,6,Mg-Carbonate,10,425,256
NF,340,560,6,Mg-Carbonate,10,425,256
NF,340,561,6,Mg-Carbonate,10,425,256
NF,340,562,6,Mg-Carbonate,10,425,256
NF,340,563,6,Mg-Carbonate,10,425,256
NF,340,564,6,Mg-Carbonate,10,425,256
NF,340,565,6,Mg-Carbonate,10,425,256
NF,340,566,6,Mg-Carbonate,10,425,256
NF,340,567,6,Mg-Carbonate,10,425,256
NF,340,568,6,Mg-Carbonate,10,425,256
NF,340,569,6,Mg-Carbonate,10,425,256
NF,340,570,6,Mg-Carbonate,10,425,256
NF,340,571,6,Mg-Carbonate,10,425,256
NF,340,572,6,Mg-Carbonate,10,425,256
NF,340,573,6,Mg-Carbonate,10,425,256
NF,340,574,6,Mg-Carbonate,10,425,256
NF,340,575,6,Mg-Carbonate,10,425,256
NF,340,576,6,Mg-Carbonate,10,425,256
NF,340,577,6,Mg-Carbonate,10,425,256
NF,340,578,6,Mg-Carbonate,10,425,256
NF,340,579,6,Mg-Carbonate,10,425,256
NF,340,580,6,Mg-Carbonate,10,425,256
NF,340,581,6,Mg-Carbonate,10,425,256
NF,341,121,6,Mg-Carbonate,10,425,256
NF,341,122,6,Mg-Carbonate,10,425,256
NF,341,123,6,Mg-Carbonate,10,425,256
NF,341,124,6,Mg-Carbonate,10,425,256
NF,341,125,6,Mg-Carbonate,10,425,256
NF,341,302,1,Fe-Olivine,5,425,256
NF,341,303,1,Fe-Olivine,5,425,256
NF,341,304,1,Fe-Olivine,5,425,256
NF,341,305,1,Fe-Olivine,5,425,256
NF,341,306,1,Fe-Olivine,5,425,256
NF,341,307,1,Fe-Olivine,5,425,256
NF,341,308,1,Fe-Olivine,5,425,256
NF,341,449,9,Serpentine,15,425,256
NF,341,450,9,Serpentine,15,425,256
NF,341,451,9,Serpentine,15,425,256
NF,341,452,9,Serpentine,15,425,256
NF,341,453,9,Serpentine,15,425,256
NF,341,454,9,Serpentine,15,425,256
NF,341,455,9,Serpentine,15,425,256
NF,341,456,9,Serpentine,15,425,256
NF,341,457,9,Serpentine,15,425,256
NF,341,458,9,Serpentine,15,425,256
NF,341,459,9,Serpentine,15,425,256
NF,341,460,9,Serpentine,15,425,256
NF,341,461,9,Serpentine,15,425,256
NF,341,462,9,Serpentine,15,425,256
NF,341,463,9,Serpentine,15,425,256
NF,341,543,2,Epidote,4,425,256
NF,341,544,2,Epidote,4,425,256
NF,341,545,2,Epidote,4,425,256
NF,341,548,6,Mg-Carbonate,10,425,256
NF,341,549,6,Mg-Carbonate,10,425,256
NF,341,550,6,Mg-Carbonate,10,425,256
NF,341,551,6,Mg-Carbonate,10,425,256
NF,341,552,6,Mg-Carbonate,10,425,256
NF,341,553,6,Mg-Carbonate,10,425,256
NF,341,554,6,Mg-Carbonate,10,425,256
NF,341,555,6,Mg-Carbonate,10,425,256
NF,341,556,6,Mg-Carbonate,10,425,256
NF,341,557,6,Mg-Carbonate,10,425,256
NF,341,558,6,Mg-Carbonate,10,425,256
NF,341,559,6,Mg-Carbonate,10,425,256
NF,341,560,6,Mg-Carbonate,10,425,256
NF,341,561,6,Mg-Carbonate,10,425,256
NF,341,562,6,Mg-Carbonate,10,425,256
NF,341,563,6,Mg-Carbonate,10,425,256
NF,341,564,6,Mg-Carbonate,10,425,256
NF,341,565,6,Mg-Carbonate,10,425,256
NF,341,566,6,Mg-Carbonate,10,425,256
NF,341,567,6,Mg-Carbonate,10,425,256
NF,341,568,6,Mg-Carbonate,10,425,256
NF,341,569,6,Mg-Carbonate,10,425,256
NF,341,570,6,Mg-Carbonate,10,425,256
NF,341,571,6,Mg-Carbonate,10,425,256
NF,341,572,6,Mg-Carbonate,10,425,256
NF,341,573,6,Mg-Carbonate,10,425,256
NF,341,574,6,Mg-Carbonate,10,425,256
NF,341,575,6,Mg-Carbonate,10,425,256
NF,341,576,6,Mg-Carbonate,10,425,256
NF,341,577,6,Mg-Carbonate,10,425,256
NF,341,578,6,Mg-Carbonate,10,425,256
NF,341,579,6,Mg-Carbonate,10,425,256
NF,342,120,6,Mg-Carbonate,10,425,256
NF,342,121,6,Mg-Carbonate,10,425,256
NF,342,122,6,Mg-Carbonate,10,425,256
NF,342,123,6,Mg-Carbonate,10,425,256
NF,342,303,1,Fe-Olivine,5,425,256
NF,342,304,1,Fe-Olivine,5,425,256
NF,342,305,1,Fe-Olivine,5,425,256
NF,342,306,1,Fe-Olivine,5,425,256
NF,342,307,1,Fe-Olivine,5,425,256
NF,342,308,1,Fe-Olivine,5,425,256
NF,342,450,9,Serpentine,15,425,256
NF,342,451,9,Serpentine,15,425,256
NF,342,452,9,Serpentine,15,425,256
NF,342,453,9,Serpentine,15,425,256
NF,342,454,9,Serpentine,15,425,256
NF,342,455,9,Serpentine,15,425,256
NF,342,456,9,Serpentine,15,425,256
NF,342,457,9,Serpentine,15,425,256
NF,342,458,9,Serpentine,15,425,256
NF,342,459,9,Serpentine,15,425,256
NF,342,460,9,Serpentine,15,425,256
NF,342,461,9,Serpentine,15,425,256
NF,342,545,6,Mg-Carbonate,10,425,256
NF,342,546,6,Mg-Carbonate,10,425,256
NF,342,547,6,Mg-Carbonate,10,425,256
NF,342,548,6,Mg-Carbonate,10,425,256
NF,342,549,6,Mg-Carbonate,10,425,256
NF,342,550,6,Mg-Carbonate,10,425,256
NF,342,551,6,Mg-Carbonate,10,425,256
NF,342,552,6,Mg-Carbonate,10,425,256
NF,342,553,6,Mg-Carbonate,10,425,256
NF,342,554,6,Mg-Carbonate,10,425,256
NF,342,555,6,Mg-Carbonate,10,425,256
NF,342,556,6,Mg-Carbonate,10,425,256
NF,342,557,6,Mg-Carbonate,10,425,256
NF,342,558,6,Mg-Carbonate,10,425,256
NF,342,559,6,Mg-Carbonate,10,425,256
NF,342,560,6,Mg-Carbonate,10,425,256
NF,342,561,6,Mg-Carbonate,10,425,256
NF,342,562,6,Mg-Carbonate,10,425,256
NF,342,563,6,Mg-Carbonate,10,425,256
NF,342,564,6,Mg-Carbonate,10,425,256
NF,342,565,6,Mg-Carbonate,10,425,256
NF,342,566,6,Mg-Carbonate,10,425,256
NF,342,567,6,Mg-Carbonate,10,425,256
NF,342,568,6,Mg-Carbonate,10,425,256
NF,342,569,6,Mg-Carbonate,10,425,256
NF,342,570,6,Mg-Carbonate,10,425,256
NF,342,571,6,Mg-Carbonate,10,425,256
NF,342,572,6,Mg-Carbonate,10,425,256
NF,342,573,6,Mg-Carbonate,10,425,256
NF,342,574,6,Mg-Carbonate,10,425,256
NF,342,575,6,Mg-Carbonate,10,425,256
NF,342,576,6,Mg-Carbonate,10,425,256
NF,343,119,6,Mg-Carbonate,10,425,256
NF,343,120,6,Mg-Carbonate,10,425,256
NF,343,121,6,Mg-Carbonate,10,425,256
NF,343,122,6,Mg-Carbonate,10,425,256
NF,343,123,6,Mg-Carbonate,10,425,256
NF,343,305,1,Fe-Olivine,5,425,256
NF,343,306,1,Fe-Olivine,5,425,256
NF,343,307,1,Fe-Olivine,5,425,256
NF,343,308,1,Fe-Olivine,5,425,256
NF,343,452,9,Serpentine,15,425,256
NF,343,453,9,Serpentine,15,425,256
NF,343,454,9,Serpentine,15,425,256
NF,343,455,9,Serpentine,15,425,256
NF,343,456,9,Serpentine,15,425,256
NF,343,457,9,Serpentine,15,425,256
NF,343,458,9,Serpentine,15,425,256
NF,343,459,9,Serpentine,15,425,256
NF,343,477,1,Fe-Olivine,5,425,256
NF,343,478,1,Fe-Olivine,5,425,256
NF,343,479,1,Fe-Olivine,5,425,256
NF,343,480,1,Fe-Olivine,5,425,256
NF,343,481,1,Fe-Olivine,5,425,256
NF,343,542,6,Mg-Carbonate,10,425,256
NF,343,543,6,Mg-Carbonate,10,425,256
NF,343,544,6,Mg-Carbonate,10,425,256
NF,343,545,6,Mg-Carbonate,10,425,256
NF,343,546,6,Mg-Carbonate,10,425,256
NF,343,547,6,Mg-Carbonate,10,425,256
NF,343,548,6,Mg-Carbonate,10,425,256
NF,343,549,6,Mg-Carbonate,10,425,256
NF,343,550,6,Mg-Carbonate,10,425,256
NF,343,551,6,Mg-Carbonate,10,425,256
NF,343,552,6,Mg-Carbonate,10,425,256
NF,343,553,6,Mg-Carbonate,10,425,256
NF,343,554,6,Mg-Carbonate,10,425,256
NF,343,555,6,Mg-Carbonate,10,425,256
NF,343,556,6,Mg-Carbonate,10,425,256
NF,343,557,6,Mg-Carbonate,10,425,256
NF,343,558,6,Mg-Carbonate,10,425,256
NF,343,559,6,Mg-Carbonate,10,425,256
NF,343,560,6,Mg-Carbonate,10,425,256
NF,343,561,6,Mg-Carbonate,10,425,256
NF,343,562,6,Mg-Carbonate,10,425,256
NF,343,563,6,Mg-Carbonate,10,425,256
NF,343,564,6,Mg-Carbonate,10,425,256
NF,343,565,6,Mg-Carbonate,10,425,256
NF,343,566,6,Mg-Carbonate,10,425,256
NF,343,567,6,Mg-Carbonate,10,425,256
NF,343,568,6,Mg-Carbonate,10,425,256
NF,343,569,6,Mg-Carbonate,10,425,256
NF,343,570,6,Mg-Carbonate,10,425,256
NF,343,571,6,Mg-Carbonate,10,425,256
NF,343,572,6,Mg-Carbonate,10,425,256
NF,343,573,6,Mg-Carbonate,10,425,256
NF,344,117,6,Mg-Carbonate,10,425,256
NF,344,118,6,Mg-Carbonate,10,425,256
NF,344,119,6,Mg-Carbonate,10,425,256
NF,344,120,6,Mg-Carbonate,10,425,256
NF,344,121,6,Mg-Carbonate,10,425,256
NF,344,476,1,Fe-Olivine,5,425,256
NF,344,477,1,Fe-Olivine,5,425,256
NF,344,478,1,Fe-Olivine,5,425,256
NF,344,479,1,Fe-Olivine,5,425,256
NF,344,480,1,Fe-Olivine,5,425,256
NF,344,481,1,Fe-Olivine,5,425,256
NF,344,482,1,Fe-Olivine,5,425,256
NF,344,483,1,Fe-Olivine,5,425,256
NF,344,540,6,Mg-Carbonate,10,425,256
NF,344,541,6,Mg-Carbonate,10,425,256
NF,344,542,6,Mg-Carbonate,10,425,256
NF,344,543,6,Mg-Carbonate,10,425,256
NF,344,544,6,Mg-Carbonate,10,425,256
NF,344,545,6,Mg-Carbonate,10,425,256
NF,344,546,6,Mg-Carbonate,10,425,256
NF,344,547,6,Mg-Carbonate,10,425,256
NF,344,548,6,Mg-Carbonate,10,425,256
NF,344,549,6,Mg-Carbonate,10,425,256
NF,344,550,6,Mg-Carbonate,10,425,256
NF,344,551,6,Mg-Carbonate,10,425,256
NF,344,552,6,Mg-Carbonate,10,425,256
NF,344,553,6,Mg-Carbonate,10,425,256
NF,344,554,6,Mg-Carbonate,10,425,256
NF,344,555,6,Mg-Carbonate,10,425,256
NF,344,556,6,Mg-Carbonate,10,425,256
NF,344,557,6,Mg-Carbonate,10,425,256
NF,344,558,6,Mg-Carbonate,10,425,256
NF,344,559,6,Mg-Carbonate,10,425,256
NF,344,560,6,Mg-Carbonate,10,425,256
NF,344,561,6,Mg-Carbonate,10,425,256
NF,344,562,6,Mg-Carbonate,10,425,256
NF,344,563,6,Mg-Carbonate,10,425,256
NF,344,564,6,Mg-Carbonate,10,425,256
NF,344,565,6,Mg-Carbonate,10,425,256
NF,344,566,6,Mg-Carbonate,10,425,256
NF,344,567,6,Mg-Carbonate,10,425,256
NF,344,568,6,Mg-Carbonate,10,425,256
NF,344,569,6,Mg-Carbonate,10,425,256
NF,344,570,6,Mg-Carbonate,10,425,256
NF,344,571,6,Mg-Carbonate,10,425,256
NF,345,116,6,Mg-Carbonate,10,425,256
NF,345,117,6,Mg-Carbonate,10,425,256
NF,345,118,6,Mg-Carbonate,10,425,256
NF,345,119,6,Mg-Carbonate,10,425,256
NF,345,120,6,Mg-Carbonate,10,425,256
NF,345,475,1,Fe-Olivine,5,425,256
NF,345,476,1,Fe-Olivine,5,425,256
NF,345,477,1,Fe-Olivine,5,425,256
NF,345,478,1,Fe-Olivine,5,425,256
NF,345,479,1,Fe-Olivine,5,425,256
NF,345,480,1,Fe-Olivine,5,425,256
NF,345,481,1,Fe-Olivine,5,425,256
NF,345,482,1,Fe-Olivine,5,425,256
NF,345,483,1,Fe-Olivine,5,425,256
NF,345,484,1,Fe-Olivine,5,425,256
NF,345,485,1,Fe-Olivine,5,425,256
NF,345,540,6,Mg-Carbonate,10,425,256
NF,345,541,6,Mg-Carbonate,10,425,256
NF,345,542,6,Mg-Carbonate,10,425,256
NF,345,543,6,Mg-Carbonate,10,425,256
NF,345,544,6,Mg-Carbonate,10,425,256
NF,345,545,6,Mg-Carbonate,10,425,256
NF,345,546,6,Mg-Carbonate,10,425,256
NF,345,547,6,Mg-Carbonate,10,425,256
NF,345,548,6,Mg-Carbonate,10,425,256
NF,345,549,6,Mg-Carbonate,10,425,256
NF,345,550,6,Mg-Carbonate,10,425,256
NF,345,551,6,Mg-Carbonate,10,425,256
NF,345,552,6,Mg-Carbonate,10,425,256
NF,345,553,6,Mg-Carbonate,10,425,256
NF,345,554,6,Mg-Carbonate,10,425,256
NF,345,555,6,Mg-Carbonate,10,425,256
NF,345,556,6,Mg-Carbonate,10,425,256
NF,345,557,6,Mg-Carbonate,10,425,256
NF,345,558,6,Mg-Carbonate,10,425,256
NF,345,559,6,Mg-Carbonate,10,425,256
NF,345,560,6,Mg-Carbonate,10,425,256
NF,345,561,6,Mg-Carbonate,10,425,256
NF,345,562,6,Mg-Carbonate,10,425,256
NF,345,563,6,Mg-Carbonate,10,425,256
NF,345,564,6,Mg-Carbonate,10,425,256
NF,345,565,6,Mg-Carbonate,10,425,256
NF,345,566,6,Mg-Carbonate,10,425,256
NF,345,567,6,Mg-Carbonate,10,425,256
NF,345,568,6,Mg-Carbonate,10,425,256
NF,345,569,6,Mg-Carbonate,10,425,256
NF,345,570,6,Mg-Carbonate,10,425,256
NF,346,114,6,Mg-Carbonate,10,425,256
NF,346,115,6,Mg-Carbonate,10,425,256
NF,346,116,6,Mg-Carbonate,10,425,256
NF,346,117,6,Mg-Carbonate,10,425,256
NF,346,118,6,Mg-Carbonate,10,425,256
NF,346,119,6,Mg-Carbonate,10,425,256
NF,346,186,6,Mg-Carbonate,10,425,256
NF,346,187,6,Mg-Carbonate,10,425,256
NF,346,188,6,Mg-Carbonate,10,425,256
NF,346,189,6,Mg-Carbonate,10,425,256
NF,346,190,6,Mg-Carbonate,10,425,256
NF,346,475,1,Fe-Olivine,5,425,256
NF,346,476,1,Fe-Olivine,5,425,256
NF,346,477,1,Fe-Olivine,5,425,256
NF,346,478,1,Fe-Olivine,5,425,256
NF,346,479,1,Fe-Olivine,5,425,256
NF,346,480,1,Fe-Olivine,5,425,256
NF,346,481,1,Fe-Olivine,5,425,256
NF,346,482,1,Fe-Olivine,5,425,256
NF,346,483,1,Fe-Olivine,5,425,256
NF,346,484,1,Fe-Olivine,5,425,256
NF,346,485,1,Fe-Olivine,5,425,256
NF,346,486,1,Fe-Olivine,5,425,256
NF,346,531,2,Epidote,4,425,256
NF,346,532,2,Epidote,4,425,256
NF,346,540,6,Mg-Carbonate,10,425,256
NF,346,541,6,Mg-Carbonate,10,425,256
NF,346,542,6,Mg-Carbonate,10,425,256
NF,346,543,6,Mg-Carbonate,10,425,256
NF,346,544,6,Mg-Carbonate,10,425,256
NF,346,545,6,Mg-Carbonate,10,425,256
NF,346,546,6,Mg-Carbonate,10,425,256
NF,346,547,6,Mg-Carbonate,10,425,256
NF,346,548,6,Mg-Carbonate,10,425,256
NF,346,549,6,Mg-Carbonate,10,425,256
NF,346,550,6,Mg-Carbonate,10,425,256
NF,346,551,6,Mg-Carbonate,10,425,256
NF,346,552,6,Mg-Carbonate,10,425,256
NF,346,553,6,Mg-Carbonate,10,425,256
NF,346,554,6,Mg-Carbonate,10,425,256
NF,346,555,6,Mg-Carbonate,10,425,256
NF,346,556,6,Mg-Carbonate,10,425,256
NF,346,557,6,Mg-Carbonate,10,425,256
NF,346,558,6,Mg-Carbonate,10,425,256
NF,346,559,6,Mg-Carbonate,10,425,256
NF,346,560,6,Mg-Carbonate,10,425,256
NF,346,561,6,Mg-Carbonate,10,425,256
NF,346,562,6,Mg-Carbonate,10,425,256
NF,346,563,6,Mg-Carbonate,10,425,256
NF,346,564,6,Mg-Carbonate,10,425,256
NF,346,565,6,Mg-Carbonate,10,425,256
NF,346,566,6,Mg-Carbonate,10,425,256
NF,346,567,6,Mg-Carbonate,10,425,256
NF,346,568,6,Mg-Carbonate,10,425,256
NF,346,569,6,Mg-Carbonate,10,425,256
NF,347,111,6,Mg-Carbonate,10,425,256
NF,347,112,6,Mg-Carbonate,10,425,256
NF,347,113,6,Mg-Carbonate,10,425,256
NF,347,114,6,Mg-Carbonate,10,425,256
NF,347,115,6,Mg-Carbonate,10,425,256
NF,347,116,6,Mg-Carbonate,10,425,256
NF,347,117,6,Mg-Carbonate,10,425,256
NF,347,185,6,Mg-Carbonate,10,425,256
NF,347,186,6,Mg-Carbonate,10,425,256
NF,347,187,6,Mg-Carbonate,10,425,256
NF,347,188,6,Mg-Carbonate,10,425,256
NF,347,189,6,Mg-Carbonate,10,425,256
NF,347,190,6,Mg-Carbonate,10,425,256
NF,347,191,6,Mg-Carbonate,10,425,256
NF,347,474,1,Fe-Olivine,5,425,256
NF,347,475,1,Fe-Olivine,5,425,256
NF,347,476,1,Fe-Olivine,5,425,256
NF,347,477,1,Fe-Olivine,5,425,256
NF,347,478,1,Fe-Olivine,5,425,256
NF,347,479,1,Fe-Olivine,5,425,256
NF,347,480,1,Fe-Olivine,5,425,256
NF,347,481,1,Fe-Olivine,5,425,256
NF,347,482,1,Fe-Olivine,5,425,256
NF,347,483,1,Fe-Olivine,5,425,256
NF,347,484,1,Fe-Olivine,5,425,256
NF,347,485,1,Fe-Olivine,5,425,256
NF,347,486,1,Fe-Olivine,5,425,256
NF,347,487,1,Fe-Olivine,5,425,256
NF,347,526,2,Epidote,4,425,256
NF,347,527,2,Epidote,4,425,256
NF,347,528,2,Epidote,4,425,256
NF,347,529,2,Epidote,4,425,256
NF,347,530,2,Epidote,4,425,256
NF,347,531,2,Epidote,4,425,256
NF,347,532,2,Epidote,4,425,256
NF,347,540,6,Mg-Carbonate,10,425,256
NF,347,541,6,Mg-Carbonate,10,425,256
NF,347,542,6,Mg-Carbonate,10,425,256
NF,347,543,6,Mg-Carbonate,10,425,256
NF,347,544,6,Mg-Carbonate,10,425,256
NF,347,545,6,Mg-Carbonate,10,425,256
NF,347,546,6,Mg-Carbonate,10,425,256
NF,347,547,6,Mg-Carbonate,10,425,256
NF,347,548,6,Mg-Carbonate,10,425,256
NF,347,549,6,Mg-Carbonate,10,425,256
NF,347,550,6,Mg-Carbonate,10,425,256
NF,347,551,6,Mg-Carbonate,10,425,256
NF,347,552,6,Mg-Carbonate,10,425,256
NF,347,553,6,Mg-Carbonate,10,425,256
NF,347,554,6,Mg-Carbonate,10,425,256
NF,347,555,6,Mg-Carbonate,10,425,256
NF,347,556,6,Mg-Carbonate,10,425,256
NF,347,557,6,Mg-Carbonate,10,425,256
NF,347,558,6,Mg-Carbonate,10,425,256
NF,347,559,6,Mg-Carbonate,10,425,256
NF,347,560,6,Mg-Carbonate,10,425,256
NF,347,561,6,Mg-Carbonate,10,425,256
NF,347,562,6,Mg-Carbonate,10,425,256
NF,347,563,6,Mg-Carbonate,10,425,256
NF,347,564,6,Mg-Carbonate,10,425,256
NF,347,565,6,Mg-Carbonate,10,425,256
NF,347,566,6,Mg-Carbonate,10,425,256
NF,347,567,6,Mg-Carbonate,10,425,256
NF,347,568,6,Mg-Carbonate,10,425,256
NF,348,87,6,Mg-Carbonate,10,425,256
NF,348,88,6,Mg-Carbonate,10,425,256
NF,348,89,6,Mg-Carbonate,10,425,256
NF,348,90,6,Mg-Carbonate,10,425,256
NF,348,91,6,Mg-Carbonate,10,425,256
NF,348,92,6,Mg-Carbonate,10,425,256
NF,348,93,6,Mg-Carbonate,10,425,256
NF,348,111,6,Mg-Carbonate,10,425,256
NF,348,112,6,Mg-Carbonate,10,425,256
NF,348,113,6,Mg-Carbonate,10,425,256
NF,348,114,6,Mg-Carbonate,10,425,256
NF,348,115,6,Mg-Carbonate,10,425,256
NF,348,185,6,Mg-Carbonate,10,425,256
NF,348,186,6,Mg-Carbonate,10,425,256
NF,348,187,6,Mg-Carbonate,10,425,256
NF,348,188,6,Mg-Carbonate,10,425,256
NF,348,189,6,Mg-Carbonate,10,425,256
NF,348,190,6,Mg-Carbonate,10,425,256
NF,348,191,6,Mg-Carbonate,10,425,256
NF,348,192,6,Mg-Carbonate,10,425,256
NF,348,473,1,Fe-Olivine,5,425,256
NF,348,474,1,Fe-Olivine,5,425,256
NF,348,475,1,Fe-Olivine,5,425,256
NF,348,476,1,Fe-Olivine,5,425,256
NF,348,477,1,Fe-Olivine,5,425,256
NF,348,478,1,Fe-Olivine,5,425,256
NF,348,479,1,Fe-Olivine,5,425,256
NF,348,480,1,Fe-Olivine,5,425,256
NF,348,481,1,Fe-Olivine,5,425,256
NF,348,482,1,Fe-Olivine,5,425,256
NF,348,483,1,Fe-Olivine,5,425,256
NF,348,484,1,Fe-Olivine,5,425,256
NF,348,485,1,Fe-Olivine,5,425,256
NF,348,486,1,Fe-Olivine,5,425,256
NF,348,487,1,Fe-Olivine,5,425,256
NF,348,488,1,Fe-Olivine,5,425,256
NF,348,525,2,Epidote,4,425,256
NF,348,526,2,Epidote,4,425,256
NF,348,527,2,Epidote,4,425,256
NF,348,528,2,Epidote,4,425,256
NF,348,529,2,Epidote,4,425,256
NF,348,530,2,Epidote,4,425,256
NF,348,531,2,Epidote,4,425,256
NF,348,532,2,Epidote,4,425,256
NF,348,540,6,Mg-Carbonate,10,425,256
NF,348,541,6,Mg-Carbonate,10,425,256
NF,348,542,6,Mg-Carbonate,10,425,256
NF,348,543,6,Mg-Carbonate,10,425,256
NF,348,544,6,Mg-Carbonate,10,425,256
NF,348,545,6,Mg-Carbonate,10,425,256
NF,348,546,6,Mg-Carbonate,10,425,256
NF,348,547,6,Mg-Carbonate,10,425,256
NF,348,548,6,Mg-Carbonate,10,425,256
NF,348,549,6,Mg-Carbonate,10,425,256
NF,348,550,6,Mg-Carbonate,10,425,256
NF,348,551,6,Mg-Carbonate,10,425,256
NF,348,552,6,Mg-Carbonate,10,425,256
NF,348,553,6,Mg-Carbonate,10,425,256
NF,348,554,6,Mg-Carbonate,10,425,256
NF,348,555,6,Mg-Carbonate,10,425,256
NF,348,556,6,Mg-Carbonate,10,425,256
NF,348,557,6,Mg-Carbonate,10,425,256
NF,348,558,6,Mg-Carbonate,10,425,256
NF,348,559,6,Mg-Carbonate,10,425,256
NF,348,560,6,Mg-Carbonate,10,425,256
NF,348,561,6,Mg-Carbonate,10,425,256
NF,348,562,6,Mg-Carbonate,10,425,256
NF,348,563,6,Mg-Carbonate,10,425,256
NF,348,564,6,Mg-Carbonate,10,425,256
NF,348,565,6,Mg-Carbonate,10,425,256
NF,348,566,6,Mg-Carbonate,10,425,256
NF,348,567,6,Mg-Carbonate,10,425,256
NF,349,87,6,Mg-Carbonate,10,425,256
NF,349,88,6,Mg-Carbonate,10,425,256
NF,349,89,6,Mg-Carbonate,10,425,256
NF,349,90,6,Mg-Carbonate,10,425,256
NF,349,91,6,Mg-Carbonate,10,425,256
NF,349,92,6,Mg-Carbonate,10,425,256
NF,349,93,6,Mg-Carbonate,10,425,256
NF,349,94,6,Mg-Carbonate,10,425,256
NF,349,184,6,Mg-Carbonate,10,425,256
NF,349,185,6,Mg-Carbonate,10,425,256
NF,349,186,6,Mg-Carbonate,10,425,256
NF,349,187,6,Mg-Carbonate,10,425,256
NF,349,188,6,Mg-Carbonate,10,425,256
NF,349,189,6,Mg-Carbonate,10,425,256
NF,349,190,6,Mg-Carbonate,10,425,256
NF,349,191,6,Mg-Carbonate,10,425,256
NF,349,192,6,Mg-Carbonate,10,425,256
NF,349,473,1,Fe-Olivine,5,425,256
NF,349,474,1,Fe-Olivine,5,425,256
NF,349,475,1,Fe-Olivine,5,425,256
NF,349,476,1,Fe-Olivine,5,425,256
NF,349,477,1,Fe-Olivine,5,425,256
NF,349,478,1,Fe-Olivine,5,425,256
NF,349,479,1,Fe-Olivine,5,425,256
NF,349,480,1,Fe-Olivine,5,425,256
NF,349,481,1,Fe-Olivine,5,425,256
NF,349,482,1,Fe-Olivine,5,425,256
NF,349,483,1,Fe-Olivine,5,425,256
NF,349,484,1,Fe-Olivine,5,425,256
NF,349,485,1,Fe-Olivine,5,425,256
NF,349,486,1,Fe-Olivine,5,425,256
NF,349,487,1,Fe-Olivine,5,425,256
NF,349,488,1,Fe-Olivine,5,425,256
NF,349,489,1,Fe-Olivine,5,425,256
NF,349,490,1,Fe-Olivine,5,425,256
NF,349,525,2,Epidote,4,425,256
NF,349,526,2,Epidote,4,425,256
NF,349,527,2,Epidote,4,425,256
NF,349,528,2,Epidote,4,425,256
NF,349,529,2,Epidote,4,425,256
NF,349,530,2,Epidote,4,425,256
NF,349,531,2,Epidote,4,425,256
NF,349,540,6,Mg-Carbonate,10,425,256
NF,349,541,6,Mg-Carbonate,10,425,256
NF,349,542,6,Mg-Carbonate,10,425,256
NF,349,543,6,Mg-Carbonate,10,425,256
NF,349,544,6,Mg-Carbonate,10,425,256
NF,349,545,6,Mg-Carbonate,10,425,256
NF,349,546,6,Mg-Carbonate,10,425,256
NF,349,547,6,Mg-Carbonate,10,425,256
NF,349,548,6,Mg-Carbonate,10,425,256
NF,349,549,6,Mg-Carbonate,10,425,256
NF,349,550,6,Mg-Carbonate,10,425,256
NF,349,551,6,Mg-Carbonate,10,425,256
NF,349,552,6,Mg-Carbonate,10,425,256
NF,349,553,6,Mg-Carbonate,10,425,256
NF,349,554,6,Mg-Carbonate,10,425,256
NF,349,555,6,Mg-Carbonate,10,425,256
NF,349,556,6,Mg-Carbonate,10,425,256
NF,349,557,6,Mg-Carbonate,10,425,256
NF,349,558,6,Mg-Carbonate,10,425,256
NF,349,559,6,Mg-Carbonate,10,425,256
NF,349,560,6,Mg-Carbonate,10,425,256
NF,349,561,6,Mg-Carbonate,10,425,256
NF,349,562,6,Mg-Carbonate,10,425,256
NF,349,563,6,Mg-Carbonate,10,425,256
NF,349,564,6,Mg-Carbonate,10,425,256
NF,349,565,6,Mg-Carbonate,10,425,256
NF,350,87,6,Mg-Carbonate,10,425,256
NF,350,88,6,Mg-Carbonate,10,425,256
NF,350,89,6,Mg-Carbonate,10,425,256
NF,350,90,6,Mg-Carbonate,10,425,256
NF,350,91,6,Mg-Carbonate,10,425,256
NF,350,92,6,Mg-Carbonate,10,425,256
NF,350,93,6,Mg-Carbonate,10,425,256
NF,350,94,6,Mg-Carbonate,10,425,256
NF,350,95,6,Mg-Carbonate,10,425,256
NF,350,184,6,Mg-Carbonate,10,425,256
NF,350,185,6,Mg-Carbonate,10,425,256
NF,350,186,6,Mg-Carbonate,10,425,256
NF,350,187,6,Mg-Carbonate,10,425,256
NF,350,188,6,Mg-Carbonate,10,425,256
NF,350,189,6,Mg-Carbonate,10,425,256
NF,350,190,6,Mg-Carbonate,10,425,256
NF,350,191,6,Mg-Carbonate,10,425,256
NF,350,192,6,Mg-Carbonate,10,425,256
NF,350,472,1,Fe-Olivine,5,425,256
NF,350,473,1,Fe-Olivine,5,425,256
NF,350,474,1,Fe-Olivine,5,425,256
NF,350,475,1,Fe-Olivine,5,425,256
NF,350,476,1,Fe-Olivine,5,425,256
NF,350,477,1,Fe-Olivine,5,425,256
NF,350,478,1,Fe-Olivine,5,425,256
NF,350,479,1,Fe-Olivine,5,425,256
NF,350,480,1,Fe-Olivine,5,425,256
NF,350,481,1,Fe-Olivine,5,425,256
NF,350,482,1,Fe-Olivine,5,425,256
NF,350,483,1,Fe-Olivine,5,425,256
NF,350,484,1,Fe-Olivine,5,425,256
NF,350,485,1,Fe-Olivine,5,425,256
NF,350,486,1,Fe-Olivine,5,425,256
NF,350,487,1,Fe-Olivine,5,425,256
NF,350,488,1,Fe-Olivine,5,425,256
NF,350,489,1,Fe-Olivine,5,425,256
NF,350,490,1,Fe-Olivine,5,425,256
NF,350,491,1,Fe-Olivine,5,425,256
NF,350,492,1,Fe-Olivine,5,425,256
NF,350,493,1,Fe-Olivine,5,425,256
NF,350,494,1,Fe-Olivine,5,425,256
NF,350,542,6,Mg-Carbonate,10,425,256
NF,350,543,6,Mg-Carbonate,10,425,256
NF,350,544,6,Mg-Carbonate,10,425,256
NF,350,545,6,Mg-Carbonate,10,425,256
NF,350,546,6,Mg-Carbonate,10,425,256
NF,350,547,6,Mg-Carbonate,10,425,256
NF,350,548,6,Mg-Carbonate,10,425,256
NF,350,549,6,Mg-Carbonate,10,425,256
NF,350,550,6,Mg-Carbonate,10,425,256
NF,350,551,6,Mg-Carbonate,10,425,256
NF,350,552,6,Mg-Carbonate,10,425,256
NF,350,553,6,Mg-Carbonate,10,425,256
NF,350,554,6,Mg-Carbonate,10,425,256
NF,350,555,6,Mg-Carbonate,10,425,256
NF,350,556,6,Mg-Carbonate,10,425,256
NF,350,557,6,Mg-Carbonate,10,425,256
NF,350,558,6,Mg-Carbonate,10,425,256
NF,350,559,6,Mg-Carbonate,10,425,256
NF,350,560,6,Mg-Carbonate,10,425,256
NF,350,561,6,Mg-Carbonate,10,425,256
NF,350,562,6,Mg-Carbonate,10,425,256
NF,350,563,6,Mg-Carbonate,10,425,256
NF,351,87,6,Mg-Carbonate,10,425,256
NF,351,88,6,Mg-Carbonate,10,425,256
NF,351,89,6,Mg-Carbonate,10,425,256
NF,351,90,6,Mg-Carbonate,10,425,256
NF,351,91,6,Mg-Carbonate,10,425,256
NF,351,92,6,Mg-Carbonate,10,425,256
NF,351,93,6,Mg-Carbonate,10,425,256
NF,351,94,6,Mg-Carbonate,10,425,256
NF,351,95,6,Mg-Carbonate,10,425,256
NF,351,184,6,Mg-Carbonate,10,425,256
NF,351,185,6,Mg-Carbonate,10,425,256
NF,351,186,6,Mg-Carbonate,10,425,256
NF,351,187,6,Mg-Carbonate,10,425,256
NF,351,188,6,Mg-Carbonate,10,425,256
NF,351,189,6,Mg-Carbonate,10,425,256
NF,351,190,6,Mg-Carbonate,10,425,256
NF,351,191,6,Mg-Carbonate,10,425,256
NF,351,192,6,Mg-Carbonate,10,425,256
NF,351,472,1,Fe-Olivine,5,425,256
NF,351,473,1,Fe-Olivine,5,425,256
NF,351,474,1,Fe-Olivine,5,425,256
NF,351,475,1,Fe-Olivine,5,425,256
NF,351,476,1,Fe-Olivine,5,425,256
NF,351,477,1,Fe-Olivine,5,425,256
NF,351,478,1,Fe-Olivine,5,425,256
NF,351,479,1,Fe-Olivine,5,425,256
NF,351,480,1,Fe-Olivine,5,425,256
NF,351,481,1,Fe-Olivine,5,425,256
NF,351,482,1,Fe-Olivine,5,425,256
NF,351,483,1,Fe-Olivine,5,425,256
NF,351,484,1,Fe-Olivine,5,425,256
NF,351,485,1,Fe-Olivine,5,425,256
NF,351,486,1,Fe-Olivine,5,425,256
NF,351,487,1,Fe-Olivine,5,425,256
NF,351,488,1,Fe-Olivine,5,425,256
NF,351,489,1,Fe-Olivine,5,425,256
NF,351,490,1,Fe-Olivine,5,425,256
NF,351,491,1,Fe-Olivine,5,425,256
NF,351,492,1,Fe-Olivine,5,425,256
NF,351,493,1,Fe-Olivine,5,425,256
NF,351,494,1,Fe-Olivine,5,425,256
NF,351,495,1,Fe-Olivine,5,425,256
NF,351,496,1,Fe-Olivine,5,425,256
NF,351,497,1,Fe-Olivine,5,425,256
NF,351,498,1,Fe-Olivine,5,425,256
NF,351,499,1,Fe-Olivine,5,425,256
NF,351,500,1,Fe-Olivine,5,425,256
NF,351,501,1,Fe-Olivine,5,425,256
NF,351,502,1,Fe-Olivine,5,425,256
NF,351,503,1,Fe-Olivine,5,425,256
NF,351,542,6,Mg-Carbonate,10,425,256
NF,351,543,6,Mg-Carbonate,10,425,256
NF,351,544,6,Mg-Carbonate,10,425,256
NF,351,545,6,Mg-Carbonate,10,425,256
NF,351,546,6,Mg-Carbonate,10,425,256
NF,351,547,6,Mg-Carbonate,10,425,256
NF,351,548,6,Mg-Carbonate,10,425,256
NF,351,549,6,Mg-Carbonate,10,425,256
NF,351,550,6,Mg-Carbonate,10,425,256
NF,351,551,6,Mg-Carbonate,10,425,256
NF,351,552,6,Mg-Carbonate,10,425,256
NF,351,553,6,Mg-Carbonate,10,425,256
NF,351,554,6,Mg-Carbonate,10,425,256
NF,351,555,6,Mg-Carbonate,10,425,256
NF,351,556,6,Mg-Carbonate,10,425,256
NF,351,557,6,Mg-Carbonate,10,425,256
NF,351,558,6,Mg-Carbonate,10,425,256
NF,352,90,6,Mg-Carbonate,10,425,256
NF,352,91,6,Mg-Carbonate,10,425,256
NF,352,92,6,Mg-Carbonate,10,425,256
NF,352,93,6,Mg-Carbonate,10,425,256
NF,352,94,6,Mg-Carbonate,10,425,256
NF,352,95,6,Mg-Carbonate,10,425,256
NF,352,184,6,Mg-Carbonate,10,425,256
NF,352,185,6,Mg-Carbonate,10,425,256
NF,352,186,6,Mg-Carbonate,10,425,256
NF,352,187,6,Mg-Carbonate,10,425,256
NF,352,188,6,Mg-Carbonate,10,425,256
NF,352,189,6,Mg-Carbonate,10,425,256
NF,352,190,6,Mg-Carbonate,10,425,256
NF,352,191,6,Mg-Carbonate,10,425,256
NF,352,192,6,Mg-Carbonate,10,425,256
NF,352,472,1,Fe-Olivine,5,425,256
NF,352,473,1,Fe-Olivine,5,425,256
NF,352,474,1,Fe-Olivine,5,425,256
NF,352,475,1,Fe-Olivine,5,425,256
NF,352,476,1,Fe-Olivine,5,425,256
NF,352,477,1,Fe-Olivine,5,425,256
NF,352,478,1,Fe-Olivine,5,425,256
NF,352,479,1,Fe-Olivine,5,425,256
NF,352,480,1,Fe-Olivine,5,425,256
NF,352,481,1,Fe-Olivine,5,425,256
NF,352,482,1,Fe-Olivine,5,425,256
NF,352,483,1,Fe-Olivine,5,425,256
NF,352,484,1,Fe-Olivine,5,425,256
NF,352,485,1,Fe-Olivine,5,425,256
NF,352,486,1,Fe-Olivine,5,425,256
NF,352,487,1,Fe-Olivine,5,425,256
NF,352,488,1,Fe-Olivine,5,425,256
NF,352,489,1,Fe-Olivine,5,425,256
NF,352,490,1,Fe-Olivine,5,425,256
NF,352,491,1,Fe-Olivine,5,425,256
NF,352,492,1,Fe-Olivine,5,425,256
NF,352,493,1,Fe-Olivine,5,425,256
NF,352,494,1,Fe-Olivine,5,425,256
NF,352,495,1,Fe-Olivine,5,425,256
NF,352,496,1,Fe-Olivine,5,425,256
NF,352,497,1,Fe-Olivine,5,425,256
NF,352,498,1,Fe-Olivine,5,425,256
NF,352,499,1,Fe-Olivine,5,425,256
NF,352,500,1,Fe-Olivine,5,425,256
NF,352,501,1,Fe-Olivine,5,425,256
NF,352,502,1,Fe-Olivine,5,425,256
NF,352,503,1,Fe-Olivine,5,425,256
NF,352,504,1,Fe-Olivine,5,425,256
NF,352,505,1,Fe-Olivine,5,425,256
NF,352,506,1,Fe-Olivine,5,425,256
NF,352,544,6,Mg-Carbonate,10,425,256
NF,352,545,6,Mg-Carbonate,10,425,256
NF,352,546,6,Mg-Carbonate,10,425,256
NF,352,547,6,Mg-Carbonate,10,425,256
NF,352,548,6,Mg-Carbonate,10,425,256
NF,352,549,6,Mg-Carbonate,10,425,256
NF,352,550,6,Mg-Carbonate,10,425,256
NF,352,551,6,Mg-Carbonate,10,425,256
NF,352,552,6,Mg-Carbonate,10,425,256
NF,352,553,6,Mg-Carbonate,10,425,256
NF,353,92,6,Mg-Carbonate,10,425,256
NF,353,93,6,Mg-Carbonate,10,425,256
NF,353,94,6,Mg-Carbonate,10,425,256
NF,353,95,6,Mg-Carbonate,10,425,256
NF,353,96,6,Mg-Carbonate,10,425,256
NF,353,184,6,Mg-Carbonate,10,425,256
NF,353,185,6,Mg-Carbonate,10,425,256
NF,353,186,6,Mg-Carbonate,10,425,256
NF,353,187,6,Mg-Carbonate,10,425,256
NF,353,188,6,Mg-Carbonate,10,425,256
NF,353,189,6,Mg-Carbonate,10,425,256
NF,353,190,6,Mg-Carbonate,10,425,256
NF,353,191,6,Mg-Carbonate,10,425,256
NF,353,192,6,Mg-Carbonate,10,425,256
NF,353,473,1,Fe-Olivine,5,425,256
NF,353,474,1,Fe-Olivine,5,425,256
NF,353,475,1,Fe-Olivine,5,425,256
NF,353,476,1,Fe-Olivine,5,425,256
NF,353,477,1,Fe-Olivine,5,425,256
NF,353,478,1,Fe-Olivine,5,425,256
NF,353,479,1,Fe-Olivine,5,425,256
NF,353,480,1,Fe-Olivine,5,425,256
NF,353,481,1,Fe-Olivine,5,425,256
NF,353,482,1,Fe-Olivine,5,425,256
NF,353,483,1,Fe-Olivine,5,425,256
NF,353,484,1,Fe-Olivine,5,425,256
NF,353,485,1,Fe-Olivine,5,425,256
NF,353,486,1,Fe-Olivine,5,425,256
NF,353,487,1,Fe-Olivine,5,425,256
NF,353,488,1,Fe-Olivine,5,425,256
NF,353,489,1,Fe-Olivine,5,425,256
NF,353,490,1,Fe-Olivine,5,425,256
NF,353,491,1,Fe-Olivine,5,425,256
NF,353,492,1,Fe-Olivine,5,425,256
NF,353,493,1,Fe-Olivine,5,425,256
NF,353,494,1,Fe-Olivine,5,425,256
NF,353,495,1,Fe-Olivine,5,425,256
NF,353,496,1,Fe-Olivine,5,425,256
NF,353,497,1,Fe-Olivine,5,425,256
NF,353,498,1,Fe-Olivine,5,425,256
NF,353,499,1,Fe-Olivine,5,425,256
NF,353,500,1,Fe-Olivine,5,425,256
NF,353,501,1,Fe-Olivine,5,425,256
NF,353,502,1,Fe-Olivine,5,425,256
NF,353,503,1,Fe-Olivine,5,425,256
NF,353,504,1,Fe-Olivine,5,425,256
NF,353,505,1,Fe-Olivine,5,425,256
NF,353,506,1,Fe-Olivine,5,425,256
NF,353,507,1,Fe-Olivine,5,425,256
NF,353,508,1,Fe-Olivine,5,425,256
NF,354,93,6,Mg-Carbonate,10,425,256
NF,354,94,6,Mg-Carbonate,10,425,256
NF,354,95,6,Mg-Carbonate,10,425,256
NF,354,96,6,Mg-Carbonate,10,425,256
NF,354,184,6,Mg-Carbonate,10,425,256
NF,354,185,6,Mg-Carbonate,10,425,256
NF,354,186,6,Mg-Carbonate,10,425,256
NF,354,187,6,Mg-Carbonate,10,425,256
NF,354,188,6,Mg-Carbonate,10,425,256
NF,354,189,6,Mg-Carbonate,10,425,256
NF,354,190,6,Mg-Carbonate,10,425,256
NF,354,191,6,Mg-Carbonate,10,425,256
NF,354,192,6,Mg-Carbonate,10,425,256
NF,354,475,1,Fe-Olivine,5,425,256
NF,354,476,1,Fe-Olivine,5,425,256
NF,354,477,1,Fe-Olivine,5,425,256
NF,354,478,1,Fe-Olivine,5,425,256
NF,354,479,1,Fe-Olivine,5,425,256
NF,354,480,1,Fe-Olivine,5,425,256
NF,354,481,1,Fe-Olivine,5,425,256
NF,354,482,1,Fe-Olivine,5,425,256
NF,354,483,1,Fe-Olivine,5,425,256
NF,354,484,1,Fe-Olivine,5,425,256
NF,354,485,1,Fe-Olivine,5,425,256
NF,354,486,1,Fe-Olivine,5,425,256
NF,354,487,1,Fe-Olivine,5,425,256
NF,354,488,1,Fe-Olivine,5,425,256
NF,354,489,1,Fe-Olivine,5,425,256
NF,354,490,1,Fe-Olivine,5,425,256
NF,354,491,1,Fe-Olivine,5,425,256
NF,354,492,1,Fe-Olivine,5,425,256
NF,354,493,1,Fe-Olivine,5,425,256
NF,354,494,1,Fe-Olivine,5,425,256
NF,354,495,1,Fe-Olivine,5,425,256
NF,354,496,1,Fe-Olivine,5,425,256
NF,354,497,1,Fe-Olivine,5,425,256
NF,354,498,1,Fe-Olivine,5,425,256
NF,354,499,1,Fe-Olivine,5,425,256
NF,354,500,1,Fe-Olivine,5,425,256
NF,354,501,1,Fe-Olivine,5,425,256
NF,354,502,1,Fe-Olivine,5,425,256
NF,354,503,1,Fe-Olivine,5,425,256
NF,354,504,1,Fe-Olivine,5,425,256
NF,354,505,1,Fe-Olivine,5,425,256
NF,354,506,1,Fe-Olivine,5,425,256
NF,354,507,1,Fe-Olivine,5,425,256
NF,354,508,1,Fe-Olivine,5,425,256
NF,354,509,1,Fe-Olivine,5,425,256
NF,354,510,1,Fe-Olivine,5,425,256
NF,355,94,6,Mg-Carbonate,10,425,256
NF,355,95,6,Mg-Carbonate,10,425,256
NF,355,96,6,Mg-Carbonate,10,425,256
NF,355,184,6,Mg-Carbonate,10,425,256
NF,355,185,6,Mg-Carbonate,10,425,256
NF,355,186,6,Mg-Carbonate,10,425,256
NF,355,187,6,Mg-Carbonate,10,425,256
NF,355,188,6,Mg-Carbonate,10,425,256
NF,355,189,6,Mg-Carbonate,10,425,256
NF,355,190,6,Mg-Carbonate,10,425,256
NF,355,191,6,Mg-Carbonate,10,425,256
NF,355,192,6,Mg-Carbonate,10,425,256
NF,355,478,1,Fe-Olivine,5,425,256
NF,355,479,1,Fe-Olivine,5,425,256
NF,355,480,1,Fe-Olivine,5,425,256
NF,355,481,1,Fe-Olivine,5,425,256
NF,355,482,1,Fe-Olivine,5,425,256
NF,355,483,1,Fe-Olivine,5,425,256
NF,355,484,1,Fe-Olivine,5,425,256
NF,355,485,1,Fe-Olivine,5,425,256
NF,355,486,1,Fe-Olivine,5,425,256
NF,355,487,1,Fe-Olivine,5,425,256
NF,355,488,1,Fe-Olivine,5,425,256
NF,355,489,1,Fe-Olivine,5,425,256
NF,355,490,1,Fe-Olivine,5,425,256
NF,355,491,1,Fe-Olivine,5,425,256
NF,355,492,1,Fe-Olivine,5,425,256
NF,355,493,1,Fe-Olivine,5,425,256
NF,355,494,1,Fe-Olivine,5,425,256
NF,355,495,1,Fe-Olivine,5,425,256
NF,355,496,1,Fe-Olivine,5,425,256
NF,355,497,1,Fe-Olivine,5,425,256
NF,355,498,1,Fe-Olivine,5,425,256
NF,355,499,1,Fe-Olivine,5,425,256
NF,355,500,1,Fe-Olivine,5,425,256
NF,355,501,1,Fe-Olivine,5,425,256
NF,355,502,1,Fe-Olivine,5,425,256
NF,355,503,1,Fe-Olivine,5,425,256
NF,355,504,1,Fe-Olivine,5,425,256
NF,355,505,1,Fe-Olivine,5,425,256
NF,355,506,1,Fe-Olivine,5,425,256
NF,355,507,1,Fe-Olivine,5,425,256
NF,355,508,1,Fe-Olivine,5,425,256
NF,355,509,1,Fe-Olivine,5,425,256
NF,355,510,1,Fe-Olivine,5,425,256
NF,355,511,1,Fe-Olivine,5,425,256
NF,356,76,9,Serpentine,15,425,256
NF,356,77,9,Serpentine,15,425,256
NF,356,78,9,Serpentine,15,425,256
NF,356,93,6,Mg-Carbonate,10,425,256
NF,356,94,6,Mg-Carbonate,10,425,256
NF,356,95,6,Mg-Carbonate,10,425,256
NF,356,96,6,Mg-Carbonate,10,425,256
NF,356,97,6,Mg-Carbonate,10,425,256
NF,356,184,6,Mg-Carbonate,10,425,256
NF,356,185,6,Mg-Carbonate,10,425,256
NF,356,186,6,Mg-Carbonate,10,425,256
NF,356,187,6,Mg-Carbonate,10,425,256
NF,356,188,6,Mg-Carbonate,10,425,256
NF,356,189,6,Mg-Carbonate,10,425,256
NF,356,190,6,Mg-Carbonate,10,425,256
NF,356,191,6,Mg-Carbonate,10,425,256
NF,356,192,6,Mg-Carbonate,10,425,256
NF,356,281,9,Serpentine,15,425,256
NF,356,479,1,Fe-Olivine,5,425,256
NF,356,480,1,Fe-Olivine,5,425,256
NF,356,481,1,Fe-Olivine,5,425,256
NF,356,482,1,Fe-Olivine,5,425,256
NF,356,483,1,Fe-Olivine,5,425,256
NF,356,484,1,Fe-Olivine,5,425,256
NF,356,485,1,Fe-Olivine,5,425,256
NF,356,486,1,Fe-Olivine,5,425,256
NF,356,487,1,Fe-Olivine,5,425,256
NF,356,488,1,Fe-Olivine,5,425,256
NF,356,489,1,Fe-Olivine,5,425,256
NF,356,490,1,Fe-Olivine,5,425,256
NF,356,491,1,Fe-Olivine,5,425,256
NF,356,492,1,Fe-Olivine,5,425,256
NF,356,493,1,Fe-Olivine,5,425,256
NF,356,494,1,Fe-Olivine,5,425,256
NF,356,495,1,Fe-Olivine,5,425,256
NF,356,496,1,Fe-Olivine,5,425,256
NF,356,497,1,Fe-Olivine,5,425,256
NF,356,498,1,Fe-Olivine,5,425,256
NF,356,499,1,Fe-Olivine,5,425,256
NF,356,500,1,Fe-Olivine,5,425,256
NF,356,501,1,Fe-Olivine,5,425,256
NF,356,502,1,Fe-Olivine,5,425,256
NF,356,503,1,Fe-Olivine,5,425,256
NF,356,504,1,Fe-Olivine,5,425,256
NF,356,505,1,Fe-Olivine,5,425,256
NF,356,506,1,Fe-Olivine,5,425,256
NF,356,507,1,Fe-Olivine,5,425,256
NF,356,508,1,Fe-Olivine,5,425,256
NF,356,509,1,Fe-Olivine,5,425,256
NF,356,510,1,Fe-Olivine,5,425,256
NF,356,511,1,Fe-Olivine,5,425,256
NF,356,512,1,Fe-Olivine,5,425,256
NF,357,76,9,Serpentine,15,425,256
NF,357,77,9,Serpentine,15,425,256
NF,357,78,9,Serpentine,15,425,256
NF,357,79,9,Serpentine,15,425,256
NF,357,80,9,Serpentine,15,425,256
NF,357,81,9,Serpentine,15,425,256
NF,357,93,6,Mg-Carbonate,10,425,256
NF,357,94,6,Mg-Carbonate,10,425,256
NF,357,95,6,Mg-Carbonate,10,425,256
NF,357,96,6,Mg-Carbonate,10,425,256
NF,357,97,6,Mg-Carbonate,10,425,256
NF,357,183,6,Mg-Carbonate,10,425,256
NF,357,184,6,Mg-Carbonate,10,425,256
NF,357,185,6,Mg-Carbonate,10,425,256
NF,357,186,6,Mg-Carbonate,10,425,256
NF,357,187,6,Mg-Carbonate,10,425,256
NF,357,188,6,Mg-Carbonate,10,425,256
NF,357,189,6,Mg-Carbonate,10,425,256
NF,357,190,6,Mg-Carbonate,10,425,256
NF,357,191,6,Mg-Carbonate,10,425,256
NF,357,192,6,Mg-Carbonate,10,425,256
NF,357,277,9,Serpentine,15,425,256
NF,357,278,9,Serpentine,15,425,256
NF,357,279,9,Serpentine,15,425,256
NF,357,280,9,Serpentine,15,425,256
NF,357,281,9,Serpentine,15,425,256
NF,357,282,9,Serpentine,15,425,256
NF,357,483,1,Fe-Olivine,5,425,256
NF,357,484,1,Fe-Olivine,5,425,256
NF,357,485,1,Fe-Olivine,5,425,256
NF,357,486,1,Fe-Olivine,5,425,256
NF,357,487,1,Fe-Olivine,5,425,256
NF,357,488,1,Fe-Olivine,5,425,256
NF,357,489,1,Fe-Olivine,5,425,256
NF,357,490,1,Fe-Olivine,5,425,256
NF,357,491,1,Fe-Olivine,5,425,256
NF,357,492,1,Fe-Olivine,5,425,256
NF,357,493,1,Fe-Olivine,5,425,256
NF,357,494,1,Fe-Olivine,5,425,256
NF,357,495,1,Fe-Olivine,5,425,256
NF,357,496,1,Fe-Olivine,5,425,256
NF,357,497,1,Fe-Olivine,5,425,256
NF,357,498,1,Fe-Olivine,5,425,256
NF,357,499,1,Fe-Olivine,5,425,256
NF,357,500,1,Fe-Olivine,5,425,256
NF,357,501,1,Fe-Olivine,5,425,256
NF,357,502,1,Fe-Olivine,5,425,256
NF,357,503,1,Fe-Olivine,5,425,256
NF,357,504,1,Fe-Olivine,5,425,256
NF,357,505,1,Fe-Olivine,5,425,256
NF,357,506,1,Fe-Olivine,5,425,256
NF,357,507,1,Fe-Olivine,5,425,256
NF,357,508,1,Fe-Olivine,5,425,256
NF,357,509,1,Fe-Olivine,5,425,256
NF,357,510,1,Fe-Olivine,5,425,256
NF,357,511,1,Fe-Olivine,5,425,256
NF,357,512,1,Fe-Olivine,5,425,256
NF,357,513,1,Fe-Olivine,5,425,256
NF,358,76,9,Serpentine,15,425,256
NF,358,77,9,Serpentine,15,425,256
NF,358,78,9,Serpentine,15,425,256
NF,358,79,9,Serpentine,15,425,256
NF,358,80,9,Serpentine,15,425,256
NF,358,81,9,Serpentine,15,425,256
NF,358,82,9,Serpentine,15,425,256
NF,358,93,6,Mg-Carbonate,10,425,256
NF,358,94,6,Mg-Carbonate,10,425,256
NF,358,95,6,Mg-Carbonate,10,425,256
NF,358,96,6,Mg-Carbonate,10,425,256
NF,358,97,6,Mg-Carbonate,10,425,256
NF,358,183,6,Mg-Carbonate,10,425,256
NF,358,184,6,Mg-Carbonate,10,425,256
NF,358,185,6,Mg-Carbonate,10,425,256
NF,358,186,6,Mg-Carbonate,10,425,256
NF,358,187,6,Mg-Carbonate,10,425,256
NF,358,188,6,Mg-Carbonate,10,425,256
NF,358,189,6,Mg-Carbonate,10,425,256
NF,358,190,6,Mg-Carbonate,10,425,256
NF,358,191,6,Mg-Carbonate,10,425,256
NF,358,192,6,Mg-Carbonate,10,425,256
NF,358,276,9,Serpentine,15,425,256
NF,358,277,9,Serpentine,15,425,256
NF,358,278,9,Serpentine,15,425,256
NF,358,279,9,Serpentine,15,425,256
NF,358,280,9,Serpentine,15,425,256
NF,358,281,9,Serpentine,15,425,256
NF,358,282,9,Serpentine,15,425,256
NF,358,283,9,Serpentine,15,425,256
NF,358,485,1,Fe-Olivine,5,425,256
NF,358,486,1,Fe-Olivine,5,425,256
NF,358,487,1,Fe-Olivine,5,425,256
NF,358,488,1,Fe-Olivine,5,425,256
NF,358,489,1,Fe-Olivine,5,425,256
NF,358,490,1,Fe-Olivine,5,425,256
NF,358,491,1,Fe-Olivine,5,425,256
NF,358,492,1,Fe-Olivine,5,425,256
NF,358,493,1,Fe-Olivine,5,425,256
NF,358,494,1,Fe-Olivine,5,425,256
NF,358,495,1,Fe-Olivine,5,425,256
NF,358,496,1,Fe-Olivine,5,425,256
NF,358,497,1,Fe-Olivine,5,425,256
NF,358,498,1,Fe-Olivine,5,425,256
NF,358,499,1,Fe-Olivine,5,425,256
NF,358,500,1,Fe-Olivine,5,425,256
NF,358,501,1,Fe-Olivine,5,425,256
NF,358,502,1,Fe-Olivine,5,425,256
NF,358,503,1,Fe-Olivine,5,425,256
NF,358,504,1,Fe-Olivine,5,425,256
NF,358,505,1,Fe-Olivine,5,425,256
NF,358,506,1,Fe-Olivine,5,425,256
NF,358,507,1,Fe-Olivine,5,425,256
NF,358,508,1,Fe-Olivine,5,425,256
NF,358,509,1,Fe-Olivine,5,425,256
NF,358,510,1,Fe-Olivine,5,425,256
NF,358,511,1,Fe-Olivine,5,425,256
NF,358,512,1,Fe-Olivine,5,425,256
NF,358,513,1,Fe-Olivine,5,425,256
NF,358,514,1,Fe-Olivine,5,425,256
NF,358,515,1,Fe-Olivine,5,425,256
NF,359,76,9,Serpentine,15,425,256
NF,359,77,9,Serpentine,15,425,256
NF,359,78,9,Serpentine,15,425,256
NF,359,79,9,Serpentine,15,425,256
NF,359,80,9,Serpentine,15,425,256
NF,359,81,9,Serpentine,15,425,256
NF,359,82,9,Serpentine,15,425,256
NF,359,83,9,Serpentine,15,425,256
NF,359,93,6,Mg-Carbonate,10,425,256
NF,359,94,6,Mg-Carbonate,10,425,256
NF,359,95,6,Mg-Carbonate,10,425,256
NF,359,96,6,Mg-Carbonate,10,425,256
NF,359,97,6,Mg-Carbonate,10,425,256
NF,359,183,6,Mg-Carbonate,10,425,256
NF,359,184,6,Mg-Carbonate,10,425,256
NF,359,185,6,Mg-Carbonate,10,425,256
NF,359,186,6,Mg-Carbonate,10,425,256
NF,359,187,6,Mg-Carbonate,10,425,256
NF,359,188,6,Mg-Carbonate,10,425,256
NF,359,189,6,Mg-Carbonate,10,425,256
NF,359,190,6,Mg-Carbonate,10,425,256
NF,359,191,6,Mg-Carbonate,10,425,256
NF,359,192,6,Mg-Carbonate,10,425,256
NF,359,276,9,Serpentine,15,425,256
NF,359,277,9,Serpentine,15,425,256
NF,359,278,9,Serpentine,15,425,256
NF,359,279,9,Serpentine,15,425,256
NF,359,280,9,Serpentine,15,425,256
NF,359,281,9,Serpentine,15,425,256
NF,359,282,9,Serpentine,15,425,256
NF,359,283,9,Serpentine,15,425,256
NF,359,486,1,Fe-Olivine,5,425,256
NF,359,487,1,Fe-Olivine,5,425,256
NF,359,488,1,Fe-Olivine,5,425,256
NF,359,489,1,Fe-Olivine,5,425,256
NF,359,490,1,Fe-Olivine,5,425,256
NF,359,491,1,Fe-Olivine,5,425,256
NF,359,492,1,Fe-Olivine,5,425,256
NF,359,493,1,Fe-Olivine,5,425,256
NF,359,494,1,Fe-Olivine,5,425,256
NF,359,495,1,Fe-Olivine,5,425,256
NF,359,496,1,Fe-Olivine,5,425,256
NF,359,497,1,Fe-Olivine,5,425,256
NF,359,498,1,Fe-Olivine,5,425,256
NF,359,499,1,Fe-Olivine,5,425,256
NF,359,500,1,Fe-Olivine,5,425,256
NF,359,501,1,Fe-Olivine,5,425,256
NF,359,502,1,Fe-Olivine,5,425,256
NF,359,503,1,Fe-Olivine,5,425,256
NF,359,504,1,Fe-Olivine,5,425,256
NF,359,505,1,Fe-Olivine,5,425,256
NF,359,506,1,Fe-Olivine,5,425,256
NF,359,507,1,Fe-Olivine,5,425,256
NF,359,508,1,Fe-Olivine,5,425,256
NF,359,509,1,Fe-Olivine,5,425,256
NF,359,510,1,Fe-Olivine,5,425,256
NF,359,511,1,Fe-Olivine,5,425,256
NF,359,512,1,Fe-Olivine,5,425,256
NF,359,513,1,Fe-Olivine,5,425,256
NF,359,514,1,Fe-Olivine,5,425,256
NF,359,515,1,Fe-Olivine,5,425,256
NF,359,516,1,Fe-Olivine,5,425,256
NF,360,76,9,Serpentine,15,425,256
NF,360,77,9,Serpentine,15,425,256
NF,360,78,9,Serpentine,15,425,256
NF,360,79,9,Serpentine,15,425,256
NF,360,80,9,Serpentine,15,425,256
NF,360,81,9,Serpentine,15,425,256
NF,360,82,9,Serpentine,15,425,256
NF,360,83,9,Serpentine,15,425,256
NF,360,84,9,Serpentine,15,425,256
NF,360,93,6,Mg-Carbonate,10,425,256
NF,360,94,6,Mg-Carbonate,10,425,256
NF,360,95,6,Mg-Carbonate,10,425,256
NF,360,96,6,Mg-Carbonate,10,425,256
NF,360,97,6,Mg-Carbonate,10,425,256
NF,360,183,6,Mg-Carbonate,10,425,256
NF,360,184,6,Mg-Carbonate,10,425,256
NF,360,185,6,Mg-Carbonate,10,425,256
NF,360,186,6,Mg-Carbonate,10,425,256
NF,360,187,6,Mg-Carbonate,10,425,256
NF,360,188,6,Mg-Carbonate,10,425,256
NF,360,189,6,Mg-Carbonate,10,425,256
NF,360,190,6,Mg-Carbonate,10,425,256
NF,360,191,6,Mg-Carbonate,10,425,256
NF,360,192,6,Mg-Carbonate,10,425,256
NF,360,276,9,Serpentine,15,425,256
NF,360,277,9,Serpentine,15,425,256
NF,360,278,9,Serpentine,15,425,256
NF,360,279,9,Serpentine,15,425,256
NF,360,280,9,Serpentine,15,425,256
NF,360,281,9,Serpentine,15,425,256
NF,360,282,9,Serpentine,15,425,256
NF,360,283,9,Serpentine,15,425,256
NF,360,486,1,Fe-Olivine,5,425,256
NF,360,487,1,Fe-Olivine,5,425,256
NF,360,488,1,Fe-Olivine,5,425,256
NF,360,489,1,Fe-Olivine,5,425,256
NF,360,490,1,Fe-Olivine,5,425,256
NF,360,491,1,Fe-Olivine,5,425,256
NF,360,492,1,Fe-Olivine,5,425,256
NF,360,493,1,Fe-Olivine,5,425,256
NF,360,494,1,Fe-Olivine,5,425,256
NF,360,495,1,Fe-Olivine,5,425,256
NF,360,496,1,Fe-Olivine,5,425,256
NF,360,497,1,Fe-Olivine,5,425,256
NF,360,498,1,Fe-Olivine,5,425,256
NF,360,499,1,Fe-Olivine,5,425,256
NF,360,500,1,Fe-Olivine,5,425,256
NF,360,501,1,Fe-Olivine,5,425,256
NF,360,502,1,Fe-Olivine,5,425,256
NF,360,503,1,Fe-Olivine,5,425,256
NF,360,504,1,Fe-Olivine,5,425,256
NF,360,505,1,Fe-Olivine,5,425,256
NF,360,506,1,Fe-Olivine,5,425,256
NF,360,507,1,Fe-Olivine,5,425,256
NF,360,508,1,Fe-Olivine,5,425,256
NF,360,509,1,Fe-Olivine,5,425,256
NF,360,510,1,Fe-Olivine,5,425,256
NF,360,511,1,Fe-Olivine,5,425,256
NF,360,512,1,Fe-Olivine,5,425,256
NF,360,513,1,Fe-Olivine,5,425,256
NF,360,514,1,Fe-Olivine,5,425,256
NF,360,515,1,Fe-Olivine,5,425,256
NF,360,516,1,Fe-Olivine,5,425,256
NF,360,517,1,Fe-Olivine,5,425,256
NF,361,76,9,Serpentine,15,425,256
NF,361,77,9,Serpentine,15,425,256
NF,361,78,9,Serpentine,15,425,256
NF,361,79,9,Serpentine,15,425,256
NF,361,80,9,Serpentine,15,425,256
NF,361,81,9,Serpentine,15,425,256
NF,361,82,9,Serpentine,15,425,256
NF,361,83,9,Serpentine,15,425,256
NF,361,84,9,Serpentine,15,425,256
NF,361,94,6,Mg-Carbonate,10,425,256
NF,361,95,6,Mg-Carbonate,10,425,256
NF,361,96,6,Mg-Carbonate,10,425,256
NF,361,97,6,Mg-Carbonate,10,425,256
NF,361,182,6,Mg-Carbonate,10,425,256
NF,361,183,6,Mg-Carbonate,10,425,256
NF,361,184,6,Mg-Carbonate,10,425,256
NF,361,185,6,Mg-Carbonate,10,425,256
NF,361,186,6,Mg-Carbonate,10,425,256
NF,361,187,6,Mg-Carbonate,10,425,256
NF,361,188,6,Mg-Carbonate,10,425,256
NF,361,189,6,Mg-Carbonate,10,425,256
NF,361,190,6,Mg-Carbonate,10,425,256
NF,361,191,6,Mg-Carbonate,10,425,256
NF,361,192,6,Mg-Carbonate,10,425,256
NF,361,275,9,Serpentine,15,425,256
NF,361,276,9,Serpentine,15,425,256
NF,361,277,9,Serpentine,15,425,256
NF,361,278,9,Serpentine,15,425,256
NF,361,279,9,Serpentine,15,425,256
NF,361,280,9,Serpentine,15,425,256
NF,361,281,9,Serpentine,15,425,256
NF,361,282,9,Serpentine,15,425,256
NF,361,283,9,Serpentine,15,425,256
NF,361,490,1,Fe-Olivine,5,425,256
NF,361,491,1,Fe-Olivine,5,425,256
NF,361,492,1,Fe-Olivine,5,425,256
NF,361,493,1,Fe-Olivine,5,425,256
NF,361,494,1,Fe-Olivine,5,425,256
NF,361,495,1,Fe-Olivine,5,425,256
NF,361,496,1,Fe-Olivine,5,425,256
NF,361,497,1,Fe-Olivine,5,425,256
NF,361,498,1,Fe-Olivine,5,425,256
NF,361,499,1,Fe-Olivine,5,425,256
NF,361,500,1,Fe-Olivine,5,425,256
NF,361,501,1,Fe-Olivine,5,425,256
NF,361,502,1,Fe-Olivine,5,425,256
NF,361,503,1,Fe-Olivine,5,425,256
NF,361,504,1,Fe-Olivine,5,425,256
NF,361,505,1,Fe-Olivine,5,425,256
NF,361,506,1,Fe-Olivine,5,425,256
NF,361,507,1,Fe-Olivine,5,425,256
NF,361,508,1,Fe-Olivine,5,425,256
NF,361,509,1,Fe-Olivine,5,425,256
NF,361,510,1,Fe-Olivine,5,425,256
NF,361,511,1,Fe-Olivine,5,425,256
NF,361,512,1,Fe-Olivine,5,425,256
NF,361,513,1,Fe-Olivine,5,425,256
NF,361,514,1,Fe-Olivine,5,425,256
NF,361,515,1,Fe-Olivine,5,425,256
NF,361,516,1,Fe-Olivine,5,425,256
NF,361,517,1,Fe-Olivine,5,425,256
NF,361,518,1,Fe-Olivine,5,425,256
NF,361,519,1,Fe-Olivine,5,425,256
NF,362,76,9,Serpentine,15,425,256
NF,362,77,9,Serpentine,15,425,256
NF,362,78,9,Serpentine,15,425,256
NF,362,79,9,Serpentine,15,425,256
NF,362,80,9,Serpentine,15,425,256
NF,362,81,9,Serpentine,15,425,256
NF,362,82,9,Serpentine,15,425,256
NF,362,83,9,Serpentine,15,425,256
NF,362,84,9,Serpentine,15,425,256
NF,362,85,9,Serpentine,15,425,256
NF,362,86,9,Serpentine,15,425,256
NF,362,87,9,Serpentine,15,425,256
NF,362,95,6,Mg-Carbonate,10,425,256
NF,362,96,6,Mg-Carbonate,10,425,256
NF,362,182,6,Mg-Carbonate,10,425,256
NF,362,183,6,Mg-Carbonate,10,425,256
NF,362,184,6,Mg-Carbonate,10,425,256
NF,362,185,6,Mg-Carbonate,10,425,256
NF,362,186,6,Mg-Carbonate,10,425,256
NF,362,187,6,Mg-Carbonate,10,425,256
NF,362,188,6,Mg-Carbonate,10,425,256
NF,362,189,6,Mg-Carbonate,10,425,256
NF,362,190,6,Mg-Carbonate,10,425,256
NF,362,191,6,Mg-Carbonate,10,425,256
NF,362,192,6,Mg-Carbonate,10,425,256
NF,362,274,9,Serpentine,15,425,256
NF,362,275,9,Serpentine,15,425,256
NF,362,276,9,Serpentine,15,425,256
NF,362,277,9,Serpentine,15,425,256
NF,362,278,9,Serpentine,15,425,256
NF,362,279,9,Serpentine,15,425,256
NF,362,280,9,Serpentine,15,425,256
NF,362,281,9,Serpentine,15,425,256
NF,362,282,9,Serpentine,15,425,256
NF,362,283,9,Serpentine,15,425,256
NF,362,496,1,Fe-Olivine,5,425,256
NF,362,497,1,Fe-Olivine,5,425,256
NF,362,498,1,Fe-Olivine,5,425,256
NF,362,499,1,Fe-Olivine,5,425,256
NF,362,500,1,Fe-Olivine,5,425,256
NF,362,501,1,Fe-Olivine,5,425,256
NF,362,502,1,Fe-Olivine,5,425,256
NF,362,503,1,Fe-Olivine,5,425,256
NF,362,504,1,Fe-Olivine,5,425,256
NF,362,505,1,Fe-Olivine,5,425,256
NF,362,506,1,Fe-Olivine,5,425,256
NF,362,507,1,Fe-Olivine,5,425,256
NF,362,508,1,Fe-Olivine,5,425,256
NF,362,509,1,Fe-Olivine,5,425,256
NF,362,510,1,Fe-Olivine,5,425,256
NF,362,511,1,Fe-Olivine,5,425,256
NF,362,512,1,Fe-Olivine,5,425,256
NF,362,513,1,Fe-Olivine,5,425,256
NF,362,514,1,Fe-Olivine,5,425,256
NF,362,515,1,Fe-Olivine,5,425,256
NF,362,516,1,Fe-Olivine,5,425,256
NF,362,517,1,Fe-Olivine,5,425,256
NF,362,518,1,Fe-Olivine,5,425,256
NF,362,519,1,Fe-Olivine,5,425,256
NF,362,520,1,Fe-Olivine,5,425,256
NF,363,77,9,Serpentine,15,425,256
NF,363,78,9,Serpentine,15,425,256
NF,363,79,9,Serpentine,15,425,256
NF,363,80,9,Serpentine,15,425,256
NF,363,81,9,Serpentine,15,425,256
NF,363,82,9,Serpentine,15,425,256
NF,363,83,9,Serpentine,15,425,256
NF,363,84,9,Serpentine,15,425,256
NF,363,85,9,Serpentine,15,425,256
NF,363,86,9,Serpentine,15,425,256
NF,363,87,9,Serpentine,15,425,256
NF,363,88,9,Serpentine,15,425,256
NF,363,89,9,Serpentine,15,425,256
NF,363,182,6,Mg-Carbonate,10,425,256
NF,363,183,6,Mg-Carbonate,10,425,256
NF,363,184,6,Mg-Carbonate,10,425,256
NF,363,185,6,Mg-Carbonate,10,425,256
NF,363,186,6,Mg-Carbonate,10,425,256
NF,363,187,6,Mg-Carbonate,10,425,256
NF,363,188,6,Mg-Carbonate,10,425,256
NF,363,189,6,Mg-Carbonate,10,425,256
NF,363,190,6,Mg-Carbonate,10,425,256
NF,363,191,6,Mg-Carbonate,10,425,256
NF,363,274,9,Serpentine,15,425,256
NF,363,275,9,Serpentine,15,425,256
NF,363,276,9,Serpentine,15,425,256
NF,363,277,9,Serpentine,15,425,256
NF,363,278,9,Serpentine,15,425,256
NF,363,279,9,Serpentine,15,425,256
NF,363,280,9,Serpentine,15,425,256
NF,363,281,9,Serpentine,15,425,256
NF,363,282,9,Serpentine,15,425,256
NF,363,283,9,Serpentine,15,425,256
NF,363,499,1,Fe-Olivine,5,425,256
NF,363,500,1,Fe-Olivine,5,425,256
NF,363,501,1,Fe-Olivine,5,425,256
NF,363,502,1,Fe-Olivine,5,425,256
NF,363,503,1,Fe-Olivine,5,425,256
NF,363,504,1,Fe-Olivine,5,425,256
NF,363,505,1,Fe-Olivine,5,425,256
NF,363,506,1,Fe-Olivine,5,425,256
NF,363,507,1,Fe-Olivine,5,425,256
NF,363,508,1,Fe-Olivine,5,425,256
NF,363,509,1,Fe-Olivine,5,425,256
NF,363,510,1,Fe-Olivine,5,425,256
NF,363,511,1,Fe-Olivine,5,425,256
NF,363,512,1,Fe-Olivine,5,425,256
NF,363,513,1,Fe-Olivine,5,425,256
NF,363,514,1,Fe-Olivine,5,425,256
NF,363,515,1,Fe-Olivine,5,425,256
NF,363,516,1,Fe-Olivine,5,425,256
NF,363,517,1,Fe-Olivine,5,425,256
NF,363,518,1,Fe-Olivine,5,425,256
NF,363,519,1,Fe-Olivine,5,425,256
NF,363,520,1,Fe-Olivine,5,425,256
NF,364,77,9,Serpentine,15,425,256
NF,364,78,9,Serpentine,15,425,256
NF,364,79,9,Serpentine,15,425,256
NF,364,80,9,Serpentine,15,425,256
NF,364,81,9,Serpentine,15,425,256
NF,364,82,9,Serpentine,15,425,256
NF,364,83,9,Serpentine,15,425,256
NF,364,84,9,Serpentine,15,425,256
NF,364,85,9,Serpentine,15,425,256
NF,364,86,9,Serpentine,15,425,256
NF,364,87,9,Serpentine,15,425,256
NF,364,88,9,Serpentine,15,425,256
NF,364,89,9,Serpentine,15,425,256
NF,364,90,9,Serpentine,15,425,256
NF,364,91,9,Serpentine,15,425,256
NF,364,92,9,Serpentine,15,425,256
NF,364,181,6,Mg-Carbonate,10,425,256
NF,364,182,6,Mg-Carbonate,10,425,256
NF,364,183,6,Mg-Carbonate,10,425,256
NF,364,184,6,Mg-Carbonate,10,425,256
NF,364,185,6,Mg-Carbonate,10,425,256
NF,364,186,6,Mg-Carbonate,10,425,256
NF,364,187,6,Mg-Carbonate,10,425,256
NF,364,188,6,Mg-Carbonate,10,425,256
NF,364,189,6,Mg-Carbonate,10,425,256
NF,364,190,6,Mg-Carbonate,10,425,256
NF,364,274,9,Serpentine,15,425,256
NF,364,275,9,Serpentine,15,425,256
NF,364,276,9,Serpentine,15,425,256
NF,364,277,9,Serpentine,15,425,256
NF,364,278,9,Serpentine,15,425,256
NF,364,279,9,Serpentine,15,425,256
NF,364,280,9,Serpentine,15,425,256
NF,364,281,9,Serpentine,15,425,256
NF,364,282,9,Serpentine,15,425,256
NF,364,283,9,Serpentine,15,425,256
NF,364,503,1,Fe-Olivine,5,425,256
NF,364,504,1,Fe-Olivine,5,425,256
NF,364,505,1,Fe-Olivine,5,425,256
NF,364,506,1,Fe-Olivine,5,425,256
NF,364,507,1,Fe-Olivine,5,425,256
NF,364,508,1,Fe-Olivine,5,425,256
NF,364,509,1,Fe-Olivine,5,425,256
NF,364,510,1,Fe-Olivine,5,425,256
NF,364,511,1,Fe-Olivine,5,425,256
NF,364,512,1,Fe-Olivine,5,425,256
NF,364,513,1,Fe-Olivine,5,425,256
NF,364,514,1,Fe-Olivine,5,425,256
NF,364,515,1,Fe-Olivine,5,425,256
NF,364,516,1,Fe-Olivine,5,425,256
NF,364,517,1,Fe-Olivine,5,425,256
NF,364,518,1,Fe-Olivine,5,425,256
NF,364,519,1,Fe-Olivine,5,425,256
NF,364,520,1,Fe-Olivine,5,425,256
NF,364,521,1,Fe-Olivine,5,425,256
NF,365,77,9,Serpentine,15,425,256
NF,365,78,9,Serpentine,15,425,256
NF,365,79,9,Serpentine,15,425,256
NF,365,80,9,Serpentine,15,425,256
NF,365,81,9,Serpentine,15,425,256
NF,365,82,9,Serpentine,15,425,256
NF,365,83,9,Serpentine,15,425,256
NF,365,84,9,Serpentine,15,425,256
NF,365,85,9,Serpentine,15,425,256
NF,365,86,9,Serpentine,15,425,256
NF,365,87,9,Serpentine,15,425,256
NF,365,88,9,Serpentine,15,425,256
NF,365,89,9,Serpentine,15,425,256
NF,365,90,9,Serpentine,15,425,256
NF,365,91,9,Serpentine,15,425,256
NF,365,92,9,Serpentine,15,425,256
NF,365,93,9,Serpentine,15,425,256
NF,365,94,9,Serpentine,15,425,256
NF,365,95,9,Serpentine,15,425,256
NF,365,181,6,Mg-Carbonate,10,425,256
NF,365,182,6,Mg-Carbonate,10,425,256
NF,365,183,6,Mg-Carbonate,10,425,256
NF,365,184,6,Mg-Carbonate,10,425,256
NF,365,185,6,Mg-Carbonate,10,425,256
NF,365,186,6,Mg-Carbonate,10,425,256
NF,365,187,6,Mg-Carbonate,10,425,256
NF,365,188,6,Mg-Carbonate,10,425,256
NF,365,189,6,Mg-Carbonate,10,425,256
NF,365,190,6,Mg-Carbonate,10,425,256
NF,365,274,9,Serpentine,15,425,256
NF,365,275,9,Serpentine,15,425,256
NF,365,276,9,Serpentine,15,425,256
NF,365,277,9,Serpentine,15,425,256
NF,365,278,9,Serpentine,15,425,256
NF,365,279,9,Serpentine,15,425,256
NF,365,280,9,Serpentine,15,425,256
NF,365,281,9,Serpentine,15,425,256
NF,365,282,9,Serpentine,15,425,256
NF,365,283,9,Serpentine,15,425,256
NF,365,306,9,Serpentine,15,425,256
NF,365,307,9,Serpentine,15,425,256
NF,365,308,9,Serpentine,15,425,256
NF,365,309,9,Serpentine,15,425,256
NF,365,340,1,Fe-Olivine,5,425,256
NF,365,341,1,Fe-Olivine,5,425,256
NF,365,342,1,Fe-Olivine,5,425,256
NF,365,343,1,Fe-Olivine,5,425,256
NF,365,344,1,Fe-Olivine,5,425,256
NF,365,505,1,Fe-Olivine,5,425,256
NF,365,506,1,Fe-Olivine,5,425,256
NF,365,507,1,Fe-Olivine,5,425,256
NF,365,508,1,Fe-Olivine,5,425,256
NF,365,509,1,Fe-Olivine,5,425,256
NF,365,510,1,Fe-Olivine,5,425,256
NF,365,511,1,Fe-Olivine,5,425,256
NF,365,512,1,Fe-Olivine,5,425,256
NF,365,513,1,Fe-Olivine,5,425,256
NF,365,514,1,Fe-Olivine,5,425,256
NF,365,515,1,Fe-Olivine,5,425,256
NF,365,516,1,Fe-Olivine,5,425,256
NF,365,517,1,Fe-Olivine,5,425,256
NF,365,518,1,Fe-Olivine,5,425,256
NF,365,519,1,Fe-Olivine,5,425,256
NF,365,520,1,Fe-Olivine,5,425,256
NF,365,521,1,Fe-Olivine,5,425,256
NF,365,522,1,Fe-Olivine,5,425,256
NF,366,77,9,Serpentine,15,425,256
NF,366,78,9,Serpentine,15,425,256
NF,366,79,9,Serpentine,15,425,256
NF,366,80,9,Serpentine,15,425,256
NF,366,81,9,Serpentine,15,425,256
NF,366,82,9,Serpentine,15,425,256
NF,366,83,9,Serpentine,15,425,256
NF,366,84,9,Serpentine,15,425,256
NF,366,85,9,Serpentine,15,425,256
NF,366,86,9,Serpentine,15,425,256
NF,366,87,9,Serpentine,15,425,256
NF,366,88,9,Serpentine,15,425,256
NF,366,89,9,Serpentine,15,425,256
NF,366,90,9,Serpentine,15,425,256
NF,366,91,9,Serpentine,15,425,256
NF,366,92,9,Serpentine,15,425,256
NF,366,93,9,Serpentine,15,425,256
NF,366,94,9,Serpentine,15,425,256
NF,366,95,9,Serpentine,15,425,256
NF,366,96,9,Serpentine,15,425,256
NF,366,97,9,Serpentine,15,425,256
NF,366,181,6,Mg-Carbonate,10,425,256
NF,366,182,6,Mg-Carbonate,10,425,256
NF,366,183,6,Mg-Carbonate,10,425,256
NF,366,184,6,Mg-Carbonate,10,425,256
NF,366,185,6,Mg-Carbonate,10,425,256
NF,366,186,6,Mg-Carbonate,10,425,256
NF,366,187,6,Mg-Carbonate,10,425,256
NF,366,188,6,Mg-Carbonate,10,425,256
NF,366,189,6,Mg-Carbonate,10,425,256
NF,366,273,9,Serpentine,15,425,256
NF,366,274,9,Serpentine,15,425,256
NF,366,275,9,Serpentine,15,425,256
NF,366,276,9,Serpentine,15,425,256
NF,366,277,9,Serpentine,15,425,256
NF,366,278,9,Serpentine,15,425,256
NF,366,279,9,Serpentine,15,425,256
NF,366,280,9,Serpentine,15,425,256
NF,366,281,9,Serpentine,15,425,256
NF,366,282,9,Serpentine,15,425,256
NF,366,283,9,Serpentine,15,425,256
NF,366,304,9,Serpentine,15,425,256
NF,366,305,9,Serpentine,15,425,256
NF,366,306,9,Serpentine,15,425,256
NF,366,307,9,Serpentine,15,425,256
NF,366,308,9,Serpentine,15,425,256
NF,366,309,9,Serpentine,15,425,256
NF,366,310,9,Serpentine,15,425,256
NF,366,339,1,Fe-Olivine,5,425,256
NF,366,340,1,Fe-Olivine,5,425,256
NF,366,341,1,Fe-Olivine,5,425,256
NF,366,342,1,Fe-Olivine,5,425,256
NF,366,343,1,Fe-Olivine,5,425,256
NF,366,344,1,Fe-Olivine,5,425,256
NF,366,345,1,Fe-Olivine,5,425,256
NF,366,508,1,Fe-Olivine,5,425,256
NF,366,509,1,Fe-Olivine,5,425,256
NF,366,510,1,Fe-Olivine,5,425,256
NF,366,511,1,Fe-Olivine,5,425,256
NF,366,512,1,Fe-Olivine,5,425,256
NF,366,513,1,Fe-Olivine,5,425,256
NF,366,514,1,Fe-Olivine,5,425,256
NF,366,515,1,Fe-Olivine,5,425,256
NF,366,516,1,Fe-Olivine,5,425,256
NF,366,517,1,Fe-Olivine,5,425,256
NF,366,518,1,Fe-Olivine,5,425,256
NF,366,519,1,Fe-Olivine,5,425,256
NF,366,520,1,Fe-Olivine,5,425,256
NF,366,521,1,Fe-Olivine,5,425,256
NF,366,522,1,Fe-Olivine,5,425,256
NF,367,77,9,Serpentine,15,425,256
NF,367,78,9,Serpentine,15,425,256
NF,367,79,9,Serpentine,15,425,256
NF,367,80,9,Serpentine,15,425,256
NF,367,81,9,Serpentine,15,425,256
NF,367,82,9,Serpentine,15,425,256
NF,367,83,9,Serpentine,15,425,256
NF,367,84,9,Serpentine,15,425,256
NF,367,85,9,Serpentine,15,425,256
NF,367,86,9,Serpentine,15,425,256
NF,367,87,9,Serpentine,15,425,256
NF,367,88,9,Serpentine,15,425,256
NF,367,89,9,Serpentine,15,425,256
NF,367,90,9,Serpentine,15,425,256
NF,367,91,9,Serpentine,15,425,256
NF,367,92,9,Serpentine,15,425,256
NF,367,93,9,Serpentine,15,425,256
NF,367,94,9,Serpentine,15,425,256
NF,367,95,9,Serpentine,15,425,256
NF,367,96,9,Serpentine,15,425,256
NF,367,97,9,Serpentine,15,425,256
NF,367,98,9,Serpentine,15,425,256
NF,367,99,9,Serpentine,15,425,256
NF,367,181,6,Mg-Carbonate,10,425,256
NF,367,182,6,Mg-Carbonate,10,425,256
NF,367,183,6,Mg-Carbonate,10,425,256
NF,367,184,6,Mg-Carbonate,10,425,256
NF,367,185,6,Mg-Carbonate,10,425,256
NF,367,186,6,Mg-Carbonate,10,425,256
NF,367,187,6,Mg-Carbonate,10,425,256
NF,367,188,6,Mg-Carbonate,10,425,256
NF,367,273,9,Serpentine,15,425,256
NF,367,274,9,Serpentine,15,425,256
NF,367,275,9,Serpentine,15,425,256
NF,367,276,9,Serpentine,15,425,256
NF,367,277,9,Serpentine,15,425,256
NF,367,278,9,Serpentine,15,425,256
NF,367,279,9,Serpentine,15,425,256
NF,367,280,9,Serpentine,15,425,256
NF,367,281,9,Serpentine,15,425,256
NF,367,282,9,Serpentine,15,425,256
NF,367,283,9,Serpentine,15,425,256
NF,367,304,9,Serpentine,15,425,256
NF,367,305,9,Serpentine,15,425,256
NF,367,306,9,Serpentine,15,425,256
NF,367,307,9,Serpentine,15,425,256
NF,367,308,9,Serpentine,15,425,256
NF,367,309,9,Serpentine,15,425,256
NF,367,310,9,Serpentine,15,425,256
NF,367,311,9,Serpentine,15,425,256
NF,367,339,1,Fe-Olivine,5,425,256
NF,367,340,1,Fe-Olivine,5,425,256
NF,367,341,1,Fe-Olivine,5,425,256
NF,367,342,1,Fe-Olivine,5,425,256
NF,367,343,1,Fe-Olivine,5,425,256
NF,367,344,1,Fe-Olivine,5,425,256
NF,367,345,1,Fe-Olivine,5,425,256
NF,367,346,1,Fe-Olivine,5,425,256
NF,367,347,1,Fe-Olivine,5,425,256
NF,367,510,1,Fe-Olivine,5,425,256
NF,367,511,1,Fe-Olivine,5,425,256
NF,367,512,1,Fe-Olivine,5,425,256
NF,367,513,1,Fe-Olivine,5,425,256
NF,367,514,1,Fe-Olivine,5,425,256
NF,367,515,1,Fe-Olivine,5,425,256
NF,367,516,1,Fe-Olivine,5,425,256
NF,367,517,1,Fe-Olivine,5,425,256
NF,367,518,1,Fe-Olivine,5,425,256
NF,367,519,1,Fe-Olivine,5,425,256
NF,367,520,1,Fe-Olivine,5,425,256
NF,367,521,1,Fe-Olivine,5,425,256
NF,368,78,9,Serpentine,15,425,256
NF,368,79,9,Serpentine,15,425,256
NF,368,80,9,Serpentine,15,425,256
NF,368,81,9,Serpentine,15,425,256
NF,368,82,9,Serpentine,15,425,256
NF,368,83,9,Serpentine,15,425,256
NF,368,84,9,Serpentine,15,425,256
NF,368,85,9,Serpentine,15,425,256
NF,368,86,9,Serpentine,15,425,256
NF,368,87,9,Serpentine,15,425,256
NF,368,88,9,Serpentine,15,425,256
NF,368,89,9,Serpentine,15,425,256
NF,368,90,9,Serpentine,15,425,256
NF,368,91,9,Serpentine,15,425,256
NF,368,92,9,Serpentine,15,425,256
NF,368,93,9,Serpentine,15,425,256
NF,368,94,9,Serpentine,15,425,256
NF,368,95,9,Serpentine,15,425,256
NF,368,96,9,Serpentine,15,425,256
NF,368,97,9,Serpentine,15,425,256
NF,368,98,9,Serpentine,15,425,256
NF,368,99,9,Serpentine,15,425,256
NF,368,100,9,Serpentine,15,425,256
NF,368,181,6,Mg-Carbonate,10,425,256
NF,368,182,6,Mg-Carbonate,10,425,256
NF,368,183,6,Mg-Carbonate,10,425,256
NF,368,184,6,Mg-Carbonate,10,425,256
NF,368,185,6,Mg-Carbonate,10,425,256
NF,368,186,6,Mg-Carbonate,10,425,256
NF,368,187,6,Mg-Carbonate,10,425,256
NF,368,273,9,Serpentine,15,425,256
NF,368,274,9,Serpentine,15,425,256
NF,368,275,9,Serpentine,15,425,256
NF,368,276,9,Serpentine,15,425,256
NF,368,277,9,Serpentine,15,425,256
NF,368,278,9,Serpentine,15,425,256
NF,368,279,9,Serpentine,15,425,256
NF,368,280,9,Serpentine,15,425,256
NF,368,281,9,Serpentine,15,425,256
NF,368,282,9,Serpentine,15,425,256
NF,368,283,9,Serpentine,15,425,256
NF,368,305,9,Serpentine,15,425,256
NF,368,306,9,Serpentine,15,425,256
NF,368,307,9,Serpentine,15,425,256
NF,368,308,9,Serpentine,15,425,256
NF,368,309,9,Serpentine,15,425,256
NF,368,310,9,Serpentine,15,425,256
NF,368,311,9,Serpentine,15,425,256
NF,368,312,9,Serpentine,15,425,256
NF,368,339,1,Fe-Olivine,5,425,256
NF,368,340,1,Fe-Olivine,5,425,256
NF,368,341,1,Fe-Olivine,5,425,256
NF,368,342,1,Fe-Olivine,5,425,256
NF,368,343,1,Fe-Olivine,5,425,256
NF,368,344,1,Fe-Olivine,5,425,256
NF,368,345,1,Fe-Olivine,5,425,256
NF,368,346,1,Fe-Olivine,5,425,256
NF,368,347,1,Fe-Olivine,5,425,256
NF,368,348,1,Fe-Olivine,5,425,256
NF,368,349,1,Fe-Olivine,5,425,256
NF,368,516,1,Fe-Olivine,5,425,256
NF,368,517,1,Fe-Olivine,5,425,256
NF,368,518,1,Fe-Olivine,5,425,256
NF,368,519,1,Fe-Olivine,5,425,256
NF,368,520,1,Fe-Olivine,5,425,256
NF,368,521,1,Fe-Olivine,5,425,256
NF,369,78,9,Serpentine,15,425,256
NF,369,79,9,Serpentine,15,425,256
NF,369,80,9,Serpentine,15,425,256
NF,369,81,9,Serpentine,15,425,256
NF,369,82,9,Serpentine,15,425,256
NF,369,83,9,Serpentine,15,425,256
NF,369,84,9,Serpentine,15,425,256
NF,369,85,9,Serpentine,15,425,256
NF,369,86,9,Serpentine,15,425,256
NF,369,87,9,Serpentine,15,425,256
NF,369,88,9,Serpentine,15,425,256
NF,369,89,9,Serpentine,15,425,256
NF,369,90,9,Serpentine,15,425,256
NF,369,91,9,Serpentine,15,425,256
NF,369,92,9,Serpentine,15,425,256
NF,369,93,9,Serpentine,15,425,256
NF,369,94,9,Serpentine,15,425,256
NF,369,95,9,Serpentine,15,425,256
NF,369,96,9,Serpentine,15,425,256
NF,369,97,9,Serpentine,15,425,256
NF,369,98,9,Serpentine,15,425,256
NF,369,99,9,Serpentine,15,425,256
NF,369,100,9,Serpentine,15,425,256
NF,369,181,6,Mg-Carbonate,10,425,256
NF,369,182,6,Mg-Carbonate,10,425,256
NF,369,183,6,Mg-Carbonate,10,425,256
NF,369,184,6,Mg-Carbonate,10,425,256
NF,369,185,6,Mg-Carbonate,10,425,256
NF,369,186,6,Mg-Carbonate,10,425,256
NF,369,274,9,Serpentine,15,425,256
NF,369,275,9,Serpentine,15,425,256
NF,369,276,9,Serpentine,15,425,256
NF,369,277,9,Serpentine,15,425,256
NF,369,278,9,Serpentine,15,425,256
NF,369,279,9,Serpentine,15,425,256
NF,369,280,9,Serpentine,15,425,256
NF,369,281,9,Serpentine,15,425,256
NF,369,282,9,Serpentine,15,425,256
NF,369,305,9,Serpentine,15,425,256
NF,369,306,9,Serpentine,15,425,256
NF,369,307,9,Serpentine,15,425,256
NF,369,308,9,Serpentine,15,425,256
NF,369,309,9,Serpentine,15,425,256
NF,369,310,9,Serpentine,15,425,256
NF,369,311,9,Serpentine,15,425,256
NF,369,312,9,Serpentine,15,425,256
NF,369,313,9,Serpentine,15,425,256
NF,369,339,1,Fe-Olivine,5,425,256
NF,369,340,1,Fe-Olivine,5,425,256
NF,369,341,1,Fe-Olivine,5,425,256
NF,369,342,1,Fe-Olivine,5,425,256
NF,369,343,1,Fe-Olivine,5,425,256
NF,369,344,1,Fe-Olivine,5,425,256
NF,369,345,1,Fe-Olivine,5,425,256
NF,369,346,1,Fe-Olivine,5,425,256
NF,369,347,1,Fe-Olivine,5,425,256
NF,369,348,1,Fe-Olivine,5,425,256
NF,369,349,1,Fe-Olivine,5,425,256
NF,369,350,1,Fe-Olivine,5,425,256
NF,369,351,1,Fe-Olivine,5,425,256
NF,369,352,1,Fe-Olivine,5,425,256
NF,369,519,1,Fe-Olivine,5,425,256
NF,369,520,1,Fe-Olivine,5,425,256
NF,369,521,1,Fe-Olivine,5,425,256
NF,370,78,9,Serpentine,15,425,256
NF,370,79,9,Serpentine,15,425,256
NF,370,80,9,Serpentine,15,425,256
NF,370,81,9,Serpentine,15,425,256
NF,370,82,9,Serpentine,15,425,256
NF,370,83,9,Serpentine,15,425,256
NF,370,84,9,Serpentine,15,425,256
NF,370,85,9,Serpentine,15,425,256
NF,370,86,9,Serpentine,15,425,256
NF,370,87,9,Serpentine,15,425,256
NF,370,88,9,Serpentine,15,425,256
NF,370,89,9,Serpentine,15,425,256
NF,370,90,9,Serpentine,15,425,256
NF,370,91,9,Serpentine,15,425,256
NF,370,92,9,Serpentine,15,425,256
NF,370,93,9,Serpentine,15,425,256
NF,370,94,9,Serpentine,15,425,256
NF,370,95,9,Serpentine,15,425,256
NF,370,96,9,Serpentine,15,425,256
NF,370,97,9,Serpentine,15,425,256
NF,370,98,9,Serpentine,15,425,256
NF,370,99,9,Serpentine,15,425,256
NF,370,100,9,Serpentine,15,425,256
NF,370,182,6,Mg-Carbonate,10,425,256
NF,370,183,6,Mg-Carbonate,10,425,256
NF,370,184,6,Mg-Carbonate,10,425,256
NF,370,274,9,Serpentine,15,425,256
NF,370,275,9,Serpentine,15,425,256
NF,370,276,9,Serpentine,15,425,256
NF,370,277,9,Serpentine,15,425,256
NF,370,278,9,Serpentine,15,425,256
NF,370,279,9,Serpentine,15,425,256
NF,370,280,9,Serpentine,15,425,256
NF,370,281,9,Serpentine,15,425,256
NF,370,282,9,Serpentine,15,425,256
NF,370,306,9,Serpentine,15,425,256
NF,370,307,9,Serpentine,15,425,256
NF,370,308,9,Serpentine,15,425,256
NF,370,309,9,Serpentine,15,425,256
NF,370,310,9,Serpentine,15,425,256
NF,370,311,9,Serpentine,15,425,256
NF,370,312,9,Serpentine,15,425,256
NF,370,313,9,Serpentine,15,425,256
NF,370,341,1,Fe-Olivine,5,425,256
NF,370,342,1,Fe-Olivine,5,425,256
NF,370,343,1,Fe-Olivine,5,425,256
NF,370,344,1,Fe-Olivine,5,425,256
NF,370,345,1,Fe-Olivine,5,425,256
NF,370,346,1,Fe-Olivine,5,425,256
NF,370,347,1,Fe-Olivine,5,425,256
NF,370,348,1,Fe-Olivine,5,425,256
NF,370,349,1,Fe-Olivine,5,425,256
NF,370,350,1,Fe-Olivine,5,425,256
NF,370,351,1,Fe-Olivine,5,425,256
NF,370,352,1,Fe-Olivine,5,425,256
NF,370,353,1,Fe-Olivine,5,425,256
NF,370,354,1,Fe-Olivine,5,425,256
NF,370,355,1,Fe-Olivine,5,425,256
NF,371,79,9,Serpentine,15,425,256
NF,371,80,9,Serpentine,15,425,256
NF,371,81,9,Serpentine,15,425,256
NF,371,82,9,Serpentine,15,425,256
NF,371,83,9,Serpentine,15,425,256
NF,371,84,9,Serpentine,15,425,256
NF,371,85,9,Serpentine,15,425,256
NF,371,86,9,Serpentine,15,425,256
NF,371,87,9,Serpentine,15,425,256
NF,371,88,9,Serpentine,15,425,256
NF,371,89,9,Serpentine,15,425,256
NF,371,90,9,Serpentine,15,425,256
NF,371,91,9,Serpentine,15,425,256
NF,371,92,9,Serpentine,15,425,256
NF,371,93,9,Serpentine,15,425,256
NF,371,94,9,Serpentine,15,425,256
NF,371,95,9,Serpentine,15,425,256
NF,371,96,9,Serpentine,15,425,256
NF,371,97,9,Serpentine,15,425,256
NF,371,98,9,Serpentine,15,425,256
NF,371,99,9,Serpentine,15,425,256
NF,371,274,9,Serpentine,15,425,256
NF,371,275,9,Serpentine,15,425,256
NF,371,276,9,Serpentine,15,425,256
NF,371,277,9,Serpentine,15,425,256
NF,371,278,9,Serpentine,15,425,256
NF,371,279,9,Serpentine,15,425,256
NF,371,280,9,Serpentine,15,425,256
NF,371,281,9,Serpentine,15,425,256
NF,371,307,9,Serpentine,15,425,256
NF,371,308,9,Serpentine,15,425,256
NF,371,309,9,Serpentine,15,425,256
NF,371,310,9,Serpentine,15,425,256
NF,371,311,9,Serpentine,15,425,256
NF,371,312,9,Serpentine,15,425,256
NF,371,313,9,Serpentine,15,425,256
NF,371,314,9,Serpentine,15,425,256
NF,371,344,1,Fe-Olivine,5,425,256
NF,371,345,1,Fe-Olivine,5,425,256
NF,371,346,1,Fe-Olivine,5,425,256
NF,371,347,1,Fe-Olivine,5,425,256
NF,371,348,1,Fe-Olivine,5,425,256
NF,371,349,1,Fe-Olivine,5,425,256
NF,371,350,1,Fe-Olivine,5,425,256
NF,371,351,1,Fe-Olivine,5,425,256
NF,371,352,1,Fe-Olivine,5,425,256
NF,371,353,1,Fe-Olivine,5,425,256
NF,371,354,1,Fe-Olivine,5,425,256
NF,371,355,1,Fe-Olivine,5,425,256
NF,372,79,9,Serpentine,15,425,256
NF,372,80,9,Serpentine,15,425,256
NF,372,81,9,Serpentine,15,425,256
NF,372,82,9,Serpentine,15,425,256
NF,372,83,9,Serpentine,15,425,256
NF,372,84,9,Serpentine,15,425,256
NF,372,85,9,Serpentine,15,425,256
NF,372,86,9,Serpentine,15,425,256
NF,372,87,9,Serpentine,15,425,256
NF,372,88,9,Serpentine,15,425,256
NF,372,89,9,Serpentine,15,425,256
NF,372,90,9,Serpentine,15,425,256
NF,372,91,9,Serpentine,15,425,256
NF,372,92,9,Serpentine,15,425,256
NF,372,93,9,Serpentine,15,425,256
NF,372,94,9,Serpentine,15,425,256
NF,372,95,9,Serpentine,15,425,256
NF,372,96,9,Serpentine,15,425,256
NF,372,97,9,Serpentine,15,425,256
NF,372,98,9,Serpentine,15,425,256
NF,372,276,9,Serpentine,15,425,256
NF,372,277,9,Serpentine,15,425,256
NF,372,278,9,Serpentine,15,425,256
NF,372,279,9,Serpentine,15,425,256
NF,372,309,9,Serpentine,15,425,256
NF,372,310,9,Serpentine,15,425,256
NF,372,311,9,Serpentine,15,425,256
NF,372,312,9,Serpentine,15,425,256
NF,372,313,9,Serpentine,15,425,256
NF,372,314,9,Serpentine,15,425,256
NF,372,315,9,Serpentine,15,425,256
NF,372,347,1,Fe-Olivine,5,425,256
NF,372,348,1,Fe-Olivine,5,425,256
NF,372,349,1,Fe-Olivine,5,425,256
NF,372,350,1,Fe-Olivine,5,425,256
NF,372,351,1,Fe-Olivine,5,425,256
NF,372,352,1,Fe-Olivine,5,425,256
NF,372,353,1,Fe-Olivine,5,425,256
NF,372,354,1,Fe-Olivine,5,425,256
NF,372,355,1,Fe-Olivine,5,425,256
NF,373,80,9,Serpentine,15,425,256
NF,373,81,9,Serpentine,15,425,256
NF,373,82,9,Serpentine,15,425,256
NF,373,83,9,Serpentine,15,425,256
NF,373,84,9,Serpentine,15,425,256
NF,373,85,9,Serpentine,15,425,256
NF,373,86,9,Serpentine,15,425,256
NF,373,87,9,Serpentine,15,425,256
NF,373,88,9,Serpentine,15,425,256
NF,373,89,9,Serpentine,15,425,256
NF,373,90,9,Serpentine,15,425,256
NF,373,91,9,Serpentine,15,425,256
NF,373,92,9,Serpentine,15,425,256
NF,373,93,9,Serpentine,15,425,256
NF,373,94,9,Serpentine,15,425,256
NF,373,95,9,Serpentine,15,425,256
NF,373,96,9,Serpentine,15,425,256
NF,373,97,9,Serpentine,15,425,256
NF,373,310,9,Serpentine,15,425,256
NF,373,311,9,Serpentine,15,425,256
NF,373,312,9,Serpentine,15,425,256
NF,373,313,9,Serpentine,15,425,256
NF,373,314,9,Serpentine,15,425,256
NF,373,315,9,Serpentine,15,425,256
NF,373,316,9,Serpentine,15,425,256
NF,373,317,9,Serpentine,15,425,256
NF,373,318,9,Serpentine,15,425,256
NF,373,350,1,Fe-Olivine,5,425,256
NF,373,351,1,Fe-Olivine,5,425,256
NF,373,352,1,Fe-Olivine,5,425,256
NF,373,353,1,Fe-Olivine,5,425,256
NF,373,354,1,Fe-Olivine,5,425,256
NF,373,355,1,Fe-Olivine,5,425,256
NF,374,81,9,Serpentine,15,425,256
NF,374,82,9,Serpentine,15,425,256
NF,374,83,9,Serpentine,15,425,256
NF,374,84,9,Serpentine,15,425,256
NF,374,85,9,Serpentine,15,425,256
NF,374,86,9,Serpentine,15,425,256
NF,374,87,9,Serpentine,15,425,256
NF,374,88,9,Serpentine,15,425,256
NF,374,89,9,Serpentine,15,425,256
NF,374,90,9,Serpentine,15,425,256
NF,374,91,9,Serpentine,15,425,256
NF,374,92,9,Serpentine,15,425,256
NF,374,93,9,Serpentine,15,425,256
NF,374,94,9,Serpentine,15,425,256
NF,374,95,9,Serpentine,15,425,256
NF,374,311,9,Serpentine,15,425,256
NF,374,312,9,Serpentine,15,425,256
NF,374,313,9,Serpentine,15,425,256
NF,374,314,9,Serpentine,15,425,256
NF,374,315,9,Serpentine,15,425,256
NF,374,316,9,Serpentine,15,425,256
NF,374,317,9,Serpentine,15,425,256
NF,374,318,9,Serpentine,15,425,256
NF,374,559,9,Serpentine,15,425,256
NF,374,560,9,Serpentine,15,425,256
NF,375,81,9,Serpentine,15,425,256
NF,375,82,9,Serpentine,15,425,256
NF,375,83,9,Serpentine,15,425,256
NF,375,84,9,Serpentine,15,425,256
NF,375,85,9,Serpentine,15,425,256
NF,375,86,9,Serpentine,15,425,256
NF,375,87,9,Serpentine,15,425,256
NF,375,88,9,Serpentine,15,425,256
NF,375,89,9,Serpentine,15,425,256
NF,375,90,9,Serpentine,15,425,256
NF,375,91,9,Serpentine,15,425,256
NF,375,92,9,Serpentine,15,425,256
NF,375,93,9,Serpentine,15,425,256
NF,375,102,6,Mg-Carbonate,10,425,256
NF,375,103,6,Mg-Carbonate,10,425,256
NF,375,104,6,Mg-Carbonate,10,425,256
NF,375,105,6,Mg-Carbonate,10,425,256
NF,375,106,6,Mg-Carbonate,10,425,256
NF,375,312,9,Serpentine,15,425,256
NF,375,313,9,Serpentine,15,425,256
NF,375,314,9,Serpentine,15,425,256
NF,375,315,9,Serpentine,15,425,256
NF,375,316,9,Serpentine,15,425,256
NF,375,317,9,Serpentine,15,425,256
NF,375,318,9,Serpentine,15,425,256
NF,375,319,9,Serpentine,15,425,256
NF,375,550,9,Serpentine,15,425,256
NF,375,551,9,Serpentine,15,425,256
NF,375,552,9,Serpentine,15,425,256
NF,375,553,9,Serpentine,15,425,256
NF,375,554,9,Serpentine,15,425,256
NF,375,555,9,Serpentine,15,425,256
NF,375,556,9,Serpentine,15,425,256
NF,375,557,9,Serpentine,15,425,256
NF,375,558,9,Serpentine,15,425,256
NF,375,559,9,Serpentine,15,425,256
NF,375,560,9,Serpentine,15,425,256
NF,375,561,9,Serpentine,15,425,256
NF,375,562,9,Serpentine,15,425,256
NF,376,82,9,Serpentine,15,425,256
NF,376,83,9,Serpentine,15,425,256
NF,376,84,9,Serpentine,15,425,256
NF,376,85,9,Serpentine,15,425,256
NF,376,86,9,Serpentine,15,425,256
NF,376,87,9,Serpentine,15,425,256
NF,376,88,9,Serpentine,15,425,256
NF,376,89,9,Serpentine,15,425,256
NF,376,90,9,Serpentine,15,425,256
NF,376,91,9,Serpentine,15,425,256
NF,376,92,9,Serpentine,15,425,256
NF,376,93,9,Serpentine,15,425,256
NF,376,102,6,Mg-Carbonate,10,425,256
NF,376,103,6,Mg-Carbonate,10,425,256
NF,376,104,6,Mg-Carbonate,10,425,256
NF,376,105,6,Mg-Carbonate,10,425,256
NF,376,106,6,Mg-Carbonate,10,425,256
NF,376,107,6,Mg-Carbonate,10,425,256
NF,376,160,2,Epidote,4,425,256
NF,376,161,2,Epidote,4,425,256
NF,376,162,2,Epidote,4,425,256
NF,376,163,2,Epidote,4,425,256
NF,376,313,9,Serpentine,15,425,256
NF,376,314,9,Serpentine,15,425,256
NF,376,315,9,Serpentine,15,425,256
NF,376,316,9,Serpentine,15,425,256
NF,376,317,9,Serpentine,15,425,256
NF,376,318,9,Serpentine,15,425,256
NF,376,319,9,Serpentine,15,425,256
NF,376,549,9,Serpentine,15,425,256
NF,376,550,9,Serpentine,15,425,256
NF,376,551,9,Serpentine,15,425,256
NF,376,552,9,Serpentine,15,425,256
NF,376,553,9,Serpentine,15,425,256
NF,376,554,9,Serpentine,15,425,256
NF,376,555,9,Serpentine,15,425,256
NF,376,556,9,Serpentine,15,425,256
NF,376,557,9,Serpentine,15,425,256
NF,376,558,9,Serpentine,15,425,256
NF,376,559,9,Serpentine,15,425,256
NF,376,560,9,Serpentine,15,425,256
NF,376,561,9,Serpentine,15,425,256
NF,376,562,9,Serpentine,15,425,256
NF,376,563,9,Serpentine,15,425,256
NF,377,82,9,Serpentine,15,425,256
NF,377,83,9,Serpentine,15,425,256
NF,377,84,9,Serpentine,15,425,256
NF,377,85,9,Serpentine,15,425,256
NF,377,86,9,Serpentine,15,425,256
NF,377,87,9,Serpentine,15,425,256
NF,377,88,9,Serpentine,15,425,256
NF,377,89,9,Serpentine,15,425,256
NF,377,90,9,Serpentine,15,425,256
NF,377,91,9,Serpentine,15,425,256
NF,377,92,9,Serpentine,15,425,256
NF,377,93,9,Serpentine,15,425,256
NF,377,102,6,Mg-Carbonate,10,425,256
NF,377,103,6,Mg-Carbonate,10,425,256
NF,377,104,6,Mg-Carbonate,10,425,256
NF,377,105,6,Mg-Carbonate,10,425,256
NF,377,106,6,Mg-Carbonate,10,425,256
NF,377,107,6,Mg-Carbonate,10,425,256
NF,377,108,6,Mg-Carbonate,10,425,256
NF,377,109,6,Mg-Carbonate,10,425,256
NF,377,160,2,Epidote,4,425,256
NF,377,161,2,Epidote,4,425,256
NF,377,162,2,Epidote,4,425,256
NF,377,163,2,Epidote,4,425,256
NF,377,164,2,Epidote,4,425,256
NF,377,315,9,Serpentine,15,425,256
NF,377,316,9,Serpentine,15,425,256
NF,377,317,9,Serpentine,15,425,256
NF,377,318,9,Serpentine,15,425,256
NF,377,319,9,Serpentine,15,425,256
NF,377,549,9,Serpentine,15,425,256
NF,377,550,9,Serpentine,15,425,256
NF,377,551,9,Serpentine,15,425,256
NF,377,552,9,Serpentine,15,425,256
NF,377,553,9,Serpentine,15,425,256
NF,377,554,9,Serpentine,15,425,256
NF,377,555,9,Serpentine,15,425,256
NF,377,556,9,Serpentine,15,425,256
NF,377,557,9,Serpentine,15,425,256
NF,377,558,9,Serpentine,15,425,256
NF,377,559,9,Serpentine,15,425,256
NF,377,560,9,Serpentine,15,425,256
NF,377,561,9,Serpentine,15,425,256
NF,377,562,9,Serpentine,15,425,256
NF,377,563,9,Serpentine,15,425,256
NF,378,83,9,Serpentine,15,425,256
NF,378,84,9,Serpentine,15,425,256
NF,378,85,9,Serpentine,15,425,256
NF,378,86,9,Serpentine,15,425,256
NF,378,87,9,Serpentine,15,425,256
NF,378,88,9,Serpentine,15,425,256
NF,378,89,9,Serpentine,15,425,256
NF,378,90,9,Serpentine,15,425,256
NF,378,91,9,Serpentine,15,425,256
NF,378,92,9,Serpentine,15,425,256
NF,378,93,9,Serpentine,15,425,256
NF,378,94,9,Serpentine,15,425,256
NF,378,102,6,Mg-Carbonate,10,425,256
NF,378,103,6,Mg-Carbonate,10,425,256
NF,378,104,6,Mg-Carbonate,10,425,256
NF,378,105,6,Mg-Carbonate,10,425,256
NF,378,106,6,Mg-Carbonate,10,425,256
NF,378,107,6,Mg-Carbonate,10,425,256
NF,378,108,6,Mg-Carbonate,10,425,256
NF,378,109,6,Mg-Carbonate,10,425,256
NF,378,110,6,Mg-Carbonate,10,425,256
NF,378,161,2,Epidote,4,425,256
NF,378,162,2,Epidote,4,425,256
NF,378,163,2,Epidote,4,425,256
NF,378,164,2,Epidote,4,425,256
NF,378,316,9,Serpentine,15,425,256
NF,378,317,9,Serpentine,15,425,256
NF,378,318,9,Serpentine,15,425,256
NF,378,319,9,Serpentine,15,425,256
NF,378,320,9,Serpentine,15,425,256
NF,378,549,9,Serpentine,15,425,256
NF,378,550,9,Serpentine,15,425,256
NF,378,551,9,Serpentine,15,425,256
NF,378,552,9,Serpentine,15,425,256
NF,378,553,9,Serpentine,15,425,256
NF,378,554,9,Serpentine,15,425,256
NF,378,555,9,Serpentine,15,425,256
NF,378,556,9,Serpentine,15,425,256
NF,378,557,9,Serpentine,15,425,256
NF,378,558,9,Serpentine,15,425,256
NF,378,559,9,Serpentine,15,425,256
NF,378,560,9,Serpentine,15,425,256
NF,378,561,9,Serpentine,15,425,256
NF,378,562,9,Serpentine,15,425,256
NF,379,83,9,Serpentine,15,425,256
NF,379,84,9,Serpentine,15,425,256
NF,379,85,9,Serpentine,15,425,256
NF,379,86,9,Serpentine,15,425,256
NF,379,87,9,Serpentine,15,425,256
NF,379,88,9,Serpentine,15,425,256
NF,379,89,9,Serpentine,15,425,256
NF,379,90,9,Serpentine,15,425,256
NF,379,91,9,Serpentine,15,425,256
NF,379,92,9,Serpentine,15,425,256
NF,379,93,9,Serpentine,15,425,256
NF,379,94,9,Serpentine,15,425,256
NF,379,95,9,Serpentine,15,425,256
NF,379,96,9,Serpentine,15,425,256
NF,379,104,6,Mg-Carbonate,10,425,256
NF,379,105,6,Mg-Carbonate,10,425,256
NF,379,106,6,Mg-Carbonate,10,425,256
NF,379,107,6,Mg-Carbonate,10,425,256
NF,379,108,6,Mg-Carbonate,10,425,256
NF,379,109,6,Mg-Carbonate,10,425,256
NF,379,110,6,Mg-Carbonate,10,425,256
NF,379,111,6,Mg-Carbonate,10,425,256
NF,379,161,2,Epidote,4,425,256
NF,379,162,2,Epidote,4,425,256
NF,379,163,2,Epidote,4,425,256
NF,379,164,2,Epidote,4,425,256
NF,379,165,2,Epidote,4,425,256
NF,379,316,9,Serpentine,15,425,256
NF,379,317,9,Serpentine,15,425,256
NF,379,318,9,Serpentine,15,425,256
NF,379,319,9,Serpentine,15,425,256
NF,379,320,9,Serpentine,15,425,256
NF,380,83,9,Serpentine,15,425,256
NF,380,84,9,Serpentine,15,425,256
NF,380,85,9,Serpentine,15,425,256
NF,380,86,9,Serpentine,15,425,256
NF,380,87,9,Serpentine,15,425,256
NF,380,88,9,Serpentine,15,425,256
NF,380,89,9,Serpentine,15,425,256
NF,380,90,9,Serpentine,15,425,256
NF,380,91,9,Serpentine,15,425,256
NF,380,92,9,Serpentine,15,425,256
NF,380,93,9,Serpentine,15,425,256
NF,380,94,9,Serpentine,15,425,256
NF,380,95,9,Serpentine,15,425,256
NF,380,96,9,Serpentine,15,425,256
NF,380,97,9,Serpentine,15,425,256
NF,380,105,6,Mg-Carbonate,10,425,256
NF,380,106,6,Mg-Carbonate,10,425,256
NF,380,107,6,Mg-Carbonate,10,425,256
NF,380,108,6,Mg-Carbonate,10,425,256
NF,380,109,6,Mg-Carbonate,10,425,256
NF,380,110,6,Mg-Carbonate,10,425,256
NF,380,111,6,Mg-Carbonate,10,425,256
NF,380,112,6,Mg-Carbonate,10,425,256
NF,380,162,2,Epidote,4,425,256
NF,380,163,2,Epidote,4,425,256
NF,380,164,2,Epidote,4,425,256
NF,380,165,2,Epidote,4,425,256
NF,380,317,9,Serpentine,15,425,256
NF,380,318,9,Serpentine,15,425,256
NF,380,319,9,Serpentine,15,425,256
NF,380,320,9,Serpentine,15,425,256
NF,381,84,9,Serpentine,15,425,256
NF,381,85,9,Serpentine,15,425,256
NF,381,86,9,Serpentine,15,425,256
NF,381,87,9,Serpentine,15,425,256
NF,381,88,9,Serpentine,15,425,256
NF,381,89,9,Serpentine,15,425,256
NF,381,90,9,Serpentine,15,425,256
NF,381,91,9,Serpentine,15,425,256
NF,381,92,9,Serpentine,15,425,256
NF,381,93,9,Serpentine,15,425,256
NF,381,94,9,Serpentine,15,425,256
NF,381,95,9,Serpentine,15,425,256
NF,381,96,9,Serpentine,15,425,256
NF,381,97,9,Serpentine,15,425,256
NF,381,98,9,Serpentine,15,425,256
NF,381,99,9,Serpentine,15,425,256
NF,381,106,6,Mg-Carbonate,10,425,256
NF,381,107,6,Mg-Carbonate,10,425,256
NF,381,108,6,Mg-Carbonate,10,425,256
NF,381,109,6,Mg-Carbonate,10,425,256
NF,381,110,6,Mg-Carbonate,10,425,256
NF,381,111,6,Mg-Carbonate,10,425,256
NF,381,112,6,Mg-Carbonate,10,425,256
NF,381,113,6,Mg-Carbonate,10,425,256
NF,381,163,2,Epidote,4,425,256
NF,381,164,2,Epidote,4,425,256
NF,381,165,2,Epidote,4,425,256
NF,381,166,2,Epidote,4,425,256
NF,381,318,9,Serpentine,15,425,256
NF,381,319,9,Serpentine,15,425,256
NF,381,320,9,Serpentine,15,425,256
NF,381,367,1,Fe-Olivine,5,425,256
NF,381,368,1,Fe-Olivine,5,425,256
NF,381,369,1,Fe-Olivine,5,425,256
NF,381,370,1,Fe-Olivine,5,425,256
NF,381,371,1,Fe-Olivine,5,425,256
NF,382,84,9,Serpentine,15,425,256
NF,382,85,9,Serpentine,15,425,256
NF,382,86,9,Serpentine,15,425,256
NF,382,87,9,Serpentine,15,425,256
NF,382,88,9,Serpentine,15,425,256
NF,382,89,9,Serpentine,15,425,256
NF,382,90,9,Serpentine,15,425,256
NF,382,91,9,Serpentine,15,425,256
NF,382,92,9,Serpentine,15,425,256
NF,382,93,9,Serpentine,15,425,256
NF,382,94,9,Serpentine,15,425,256
NF,382,95,9,Serpentine,15,425,256
NF,382,96,9,Serpentine,15,425,256
NF,382,97,9,Serpentine,15,425,256
NF,382,98,9,Serpentine,15,425,256
NF,382,99,9,Serpentine,15,425,256
NF,382,100,9,Serpentine,15,425,256
NF,382,101,9,Serpentine,15,425,256
NF,382,108,6,Mg-Carbonate,10,425,256
NF,382,109,6,Mg-Carbonate,10,425,256
NF,382,110,6,Mg-Carbonate,10,425,256
NF,382,111,6,Mg-Carbonate,10,425,256
NF,382,112,6,Mg-Carbonate,10,425,256
NF,382,113,6,Mg-Carbonate,10,425,256
NF,382,114,6,Mg-Carbonate,10,425,256
NF,382,115,6,Mg-Carbonate,10,425,256
NF,382,164,2,Epidote,4,425,256
NF,382,165,2,Epidote,4,425,256
NF,382,166,2,Epidote,4,425,256
NF,382,365,1,Fe-Olivine,5,425,256
NF,382,366,1,Fe-Olivine,5,425,256
NF,382,367,1,Fe-Olivine,5,425,256
NF,382,368,1,Fe-Olivine,5,425,256
NF,382,369,1,Fe-Olivine,5,425,256
NF,382,370,1,Fe-Olivine,5,425,256
NF,382,371,1,Fe-Olivine,5,425,256
NF,382,428,2,Epidote,4,425,256
NF,382,429,2,Epidote,4,425,256
NF,382,430,2,Epidote,4,425,256
NF,382,431,2,Epidote,4,425,256
NF,382,432,2,Epidote,4,425,256
NF,383,84,9,Serpentine,15,425,256
NF,383,85,9,Serpentine,15,425,256
NF,383,86,9,Serpentine,15,425,256
NF,383,87,9,Serpentine,15,425,256
NF,383,88,9,Serpentine,15,425,256
NF,383,89,9,Serpentine,15,425,256
NF,383,90,9,Serpentine,15,425,256
NF,383,91,9,Serpentine,15,425,256
NF,383,92,9,Serpentine,15,425,256
NF,383,93,9,Serpentine,15,425,256
NF,383,94,9,Serpentine,15,425,256
NF,383,95,9,Serpentine,15,425,256
NF,383,96,9,Serpentine,15,425,256
NF,383,97,9,Serpentine,15,425,256
NF,383,98,9,Serpentine,15,425,256
NF,383,99,9,Serpentine,15,425,256
NF,383,100,9,Serpentine,15,425,256
NF,383,101,9,Serpentine,15,425,256
NF,383,109,6,Mg-Carbonate,10,425,256
NF,383,110,6,Mg-Carbonate,10,425,256
NF,383,111,6,Mg-Carbonate,10,425,256
NF,383,112,6,Mg-Carbonate,10,425,256
NF,383,113,6,Mg-Carbonate,10,425,256
NF,383,114,6,Mg-Carbonate,10,425,256
NF,383,115,6,Mg-Carbonate,10,425,256
NF,383,116,6,Mg-Carbonate,10,425,256
NF,383,117,6,Mg-Carbonate,10,425,256
NF,383,165,2,Epidote,4,425,256
NF,383,166,2,Epidote,4,425,256
NF,383,365,1,Fe-Olivine,5,425,256
NF,383,366,1,Fe-Olivine,5,425,256
NF,383,367,1,Fe-Olivine,5,425,256
NF,383,368,1,Fe-Olivine,5,425,256
NF,383,369,1,Fe-Olivine,5,425,256
NF,383,370,1,Fe-Olivine,5,425,256
NF,383,371,1,Fe-Olivine,5,425,256
NF,383,426,2,Epidote,4,425,256
NF,383,427,2,Epidote,4,425,256
NF,383,428,2,Epidote,4,425,256
NF,383,429,2,Epidote,4,425,256
NF,383,430,2,Epidote,4,425,256
NF,383,431,2,Epidote,4,425,256
NF,383,432,2,Epidote,4,425,256
NF,384,3,4,Bassanite,2,425,256
NF,384,4,4,Bassanite,2,425,256
NF,384,5,4,Bassanite,2,425,256
NF,384,6,4,Bassanite,2,425,256
NF,384,85,9,Serpentine,15,425,256
NF,384,86,9,Serpentine,15,425,256
NF,384,87,9,Serpentine,15,425,256
NF,384,88,9,Serpentine,15,425,256
NF,384,89,9,Serpentine,15,425,256
NF,384,90,9,Serpentine,15,425,256
NF,384,91,9,Serpentine,15,425,256
NF,384,92,9,Serpentine,15,425,256
NF,384,93,9,Serpentine,15,425,256
NF,384,94,9,Serpentine,15,425,256
NF,384,95,9,Serpentine,15,425,256
NF,384,96,9,Serpentine,15,425,256
NF,384,97,9,Serpentine,15,425,256
NF,384,98,9,Serpentine,15,425,256
NF,384,99,9,Serpentine,15,425,256
NF,384,100,9,Serpentine,15,425,256
NF,384,101,9,Serpentine,15,425,256
NF,384,110,6,Mg-Carbonate,10,425,256
NF,384,111,6,Mg-Carbonate,10,425,256
NF,384,112,6,Mg-Carbonate,10,425,256
NF,384,113,6,Mg-Carbonate,10,425,256
NF,384,114,6,Mg-Carbonate,10,425,256
NF,384,115,6,Mg-Carbonate,10,425,256
NF,384,116,6,Mg-Carbonate,10,425,256
NF,384,117,6,Mg-Carbonate,10,425,256
NF,384,118,6,Mg-Carbonate,10,425,256
NF,384,119,6,Mg-Carbonate,10,425,256
NF,384,364,1,Fe-Olivine,5,425,256
NF,384,365,1,Fe-Olivine,5,425,256
NF,384,366,1,Fe-Olivine,5,425,256
NF,384,367,1,Fe-Olivine,5,425,256
NF,384,368,1,Fe-Olivine,5,425,256
NF,384,369,1,Fe-Olivine,5,425,256
NF,384,370,1,Fe-Olivine,5,425,256
NF,384,371,1,Fe-Olivine,5,425,256
NF,384,426,2,Epidote,4,425,256
NF,384,427,2,Epidote,4,425,256
NF,384,428,2,Epidote,4,425,256
NF,384,429,2,Epidote,4,425,256
NF,385,3,4,Bassanite,2,425,256
NF,385,4,4,Bassanite,2,425,256
NF,385,5,4,Bassanite,2,425,256
NF,385,6,4,Bassanite,2,425,256
NF,385,7,4,Bassanite,2,425,256
NF,385,8,4,Bassanite,2,425,256
NF,385,86,9,Serpentine,15,425,256
NF,385,87,9,Serpentine,15,425,256
NF,385,88,9,Serpentine,15,425,256
NF,385,89,9,Serpentine,15,425,256
NF,385,90,9,Serpentine,15,425,256
NF,385,91,9,Serpentine,15,425,256
NF,385,92,9,Serpentine,15,425,256
NF,385,93,9,Serpentine,15,425,256
NF,385,94,9,Serpentine,15,425,256
NF,385,95,9,Serpentine,15,425,256
NF,385,96,9,Serpentine,15,425,256
NF,385,97,9,Serpentine,15,425,256
NF,385,98,9,Serpentine,15,425,256
NF,385,99,9,Serpentine,15,425,256
NF,385,100,9,Serpentine,15,425,256
NF,385,101,9,Serpentine,15,425,256
NF,385,102,9,Serpentine,15,425,256
NF,385,103,9,Serpentine,15,425,256
NF,385,113,6,Mg-Carbonate,10,425,256
NF,385,114,6,Mg-Carbonate,10,425,256
NF,385,115,6,Mg-Carbonate,10,425,256
NF,385,116,6,Mg-Carbonate,10,425,256
NF,385,117,6,Mg-Carbonate,10,425,256
NF,385,118,6,Mg-Carbonate,10,425,256
NF,385,119,6,Mg-Carbonate,10,425,256
NF,385,120,6,Mg-Carbonate,10,425,256
NF,385,363,1,Fe-Olivine,5,425,256
NF,385,364,1,Fe-Olivine,5,425,256
NF,385,365,1,Fe-Olivine,5,425,256
NF,385,366,1,Fe-Olivine,5,425,256
NF,385,367,1,Fe-Olivine,5,425,256
NF,385,368,1,Fe-Olivine,5,425,256
NF,385,369,1,Fe-Olivine,5,425,256
NF,385,370,1,Fe-Olivine,5,425,256
NF,385,426,2,Epidote,4,425,256
NF,385,427,2,Epidote,4,425,256
NF,386,2,4,Bassanite,2,425,256
NF,386,3,4,Bassanite,2,425,256
NF,386,4,4,Bassanite,2,425,256
NF,386,5,4,Bassanite,2,425,256
NF,386,6,4,Bassanite,2,425,256
NF,386,7,4,Bassanite,2,425,256
NF,386,8,4,Bassanite,2,425,256
NF,386,9,4,Bassanite,2,425,256
NF,386,87,9,Serpentine,15,425,256
NF,386,88,9,Serpentine,15,425,256
NF,386,89,9,Serpentine,15,425,256
NF,386,90,9,Serpentine,15,425,256
NF,386,91,9,Serpentine,15,425,256
NF,386,92,9,Serpentine,15,425,256
NF,386,93,9,Serpentine,15,425,256
NF,386,94,9,Serpentine,15,425,256
NF,386,95,9,Serpentine,15,425,256
NF,386,96,9,Serpentine,15,425,256
NF,386,97,9,Serpentine,15,425,256
NF,386,98,9,Serpentine,15,425,256
NF,386,99,9,Serpentine,15,425,256
NF,386,100,9,Serpentine,15,425,256
NF,386,101,9,Serpentine,15,425,256
NF,386,102,9,Serpentine,15,425,256
NF,386,103,9,Serpentine,15,425,256
NF,386,104,9,Serpentine,15,425,256
NF,386,114,6,Mg-Carbonate,10,425,256
NF,386,115,6,Mg-Carbonate,10,425,256
NF,386,116,6,Mg-Carbonate,10,425,256
NF,386,117,6,Mg-Carbonate,10,425,256
NF,386,118,6,Mg-Carbonate,10,425,256
NF,386,119,6,Mg-Carbonate,10,425,256
NF,386,120,6,Mg-Carbonate,10,425,256
NF,386,121,6,Mg-Carbonate,10,425,256
NF,386,255,6,Mg-Carbonate,10,425,256
NF,386,256,6,Mg-Carbonate,10,425,256
NF,386,362,1,Fe-Olivine,5,425,256
NF,386,363,1,Fe-Olivine,5,425,256
NF,386,364,1,Fe-Olivine,5,425,256
NF,386,365,1,Fe-Olivine,5,425,256
NF,386,366,1,Fe-Olivine,5,425,256
NF,386,367,1,Fe-Olivine,5,425,256
NF,386,368,1,Fe-Olivine,5,425,256
NF,386,369,1,Fe-Olivine,5,425,256
NF,386,370,1,Fe-Olivine,5,425,256
NF,387,2,4,Bassanite,2,425,256
NF,387,3,4,Bassanite,2,425,256
NF,387,4,4,Bassanite,2,425,256
NF,387,5,4,Bassanite,2,425,256
NF,387,6,4,Bassanite,2,425,256
NF,387,7,4,Bassanite,2,425,256
NF,387,8,4,Bassanite,2,425,256
NF,387,9,4,Bassanite,2,425,256
NF,387,10,4,Bassanite,2,425,256
NF,387,11,4,Bassanite,2,425,256
NF,387,88,9,Serpentine,15,425,256
NF,387,89,9,Serpentine,15,425,256
NF,387,90,9,Serpentine,15,425,256
NF,387,91,9,Serpentine,15,425,256
NF,387,92,9,Serpentine,15,425,256
NF,387,93,9,Serpentine,15,425,256
NF,387,94,9,Serpentine,15,425,256
NF,387,95,9,Serpentine,15,425,256
NF,387,96,9,Serpentine,15,425,256
NF,387,97,9,Serpentine,15,425,256
NF,387,98,9,Serpentine,15,425,256
NF,387,99,9,Serpentine,15,425,256
NF,387,100,9,Serpentine,15,425,256
NF,387,101,9,Serpentine,15,425,256
NF,387,102,9,Serpentine,15,425,256
NF,387,103,9,Serpentine,15,425,256
NF,387,104,9,Serpentine,15,425,256
NF,387,105,9,Serpentine,15,425,256
NF,387,106,9,Serpentine,15,425,256
NF,387,115,6,Mg-Carbonate,10,425,256
NF,387,116,6,Mg-Carbonate,10,425,256
NF,387,117,6,Mg-Carbonate,10,425,256
NF,387,118,6,Mg-Carbonate,10,425,256
NF,387,119,6,Mg-Carbonate,10,425,256
NF,387,120,6,Mg-Carbonate,10,425,256
NF,387,121,6,Mg-Carbonate,10,425,256
NF,387,122,6,Mg-Carbonate,10,425,256
NF,387,123,6,Mg-Carbonate,10,425,256
NF,387,254,6,Mg-Carbonate,10,425,256
NF,387,255,6,Mg-Carbonate,10,425,256
NF,387,256,6,Mg-Carbonate,10,425,256
NF,387,257,6,Mg-Carbonate,10,425,256
NF,387,362,1,Fe-Olivine,5,425,256
NF,387,363,1,Fe-Olivine,5,425,256
NF,387,364,1,Fe-Olivine,5,425,256
NF,387,365,1,Fe-Olivine,5,425,256
NF,387,366,1,Fe-Olivine,5,425,256
NF,387,367,1,Fe-Olivine,5,425,256
NF,387,368,1,Fe-Olivine,5,425,256
NF,387,369,1,Fe-Olivine,5,425,256
NF,387,370,1,Fe-Olivine,5,425,256
NF,387,557,9,Serpentine,15,425,256
NF,387,558,9,Serpentine,15,425,256
NF,387,559,9,Serpentine,15,425,256
NF,387,560,9,Serpentine,15,425,256
NF,387,561,9,Serpentine,15,425,256
NF,387,562,9,Serpentine,15,425,256
NF,387,563,9,Serpentine,15,425,256
NF,388,2,4,Bassanite,2,425,256
NF,388,3,4,Bassanite,2,425,256
NF,388,4,4,Bassanite,2,425,256
NF,388,5,4,Bassanite,2,425,256
NF,388,6,4,Bassanite,2,425,256
NF,388,7,4,Bassanite,2,425,256
NF,388,8,4,Bassanite,2,425,256
NF,388,9,4,Bassanite,2,425,256
NF,388,10,4,Bassanite,2,425,256
NF,388,11,4,Bassanite,2,425,256
NF,388,89,9,Serpentine,15,425,256
NF,388,90,9,Serpentine,15,425,256
NF,388,91,9,Serpentine,15,425,256
NF,388,92,9,Serpentine,15,425,256
NF,388,93,9,Serpentine,15,425,256
NF,388,94,9,Serpentine,15,425,256
NF,388,95,9,Serpentine,15,425,256
NF,388,96,9,Serpentine,15,425,256
NF,388,97,9,Serpentine,15,425,256
NF,388,98,9,Serpentine,15,425,256
NF,388,99,9,Serpentine,15,425,256
NF,388,100,9,Serpentine,15,425,256
NF,388,101,9,Serpentine,15,425,256
NF,388,102,9,Serpentine,15,425,256
NF,388,103,9,Serpentine,15,425,256
NF,388,104,9,Serpentine,15,425,256
NF,388,105,9,Serpentine,15,425,256
NF,388,106,9,Serpentine,15,425,256
NF,388,107,9,Serpentine,15,425,256
NF,388,118,6,Mg-Carbonate,10,425,256
NF,388,119,6,Mg-Carbonate,10,425,256
NF,388,120,6,Mg-Carbonate,10,425,256
NF,388,121,6,Mg-Carbonate,10,425,256
NF,388,122,6,Mg-Carbonate,10,425,256
NF,388,123,6,Mg-Carbonate,10,425,256
NF,388,124,6,Mg-Carbonate,10,425,256
NF,388,254,6,Mg-Carbonate,10,425,256
NF,388,255,6,Mg-Carbonate,10,425,256
NF,388,256,6,Mg-Carbonate,10,425,256
NF,388,257,6,Mg-Carbonate,10,425,256
NF,388,360,1,Fe-Olivine,5,425,256
NF,388,361,1,Fe-Olivine,5,425,256
NF,388,362,1,Fe-Olivine,5,425,256
NF,388,363,1,Fe-Olivine,5,425,256
NF,388,364,1,Fe-Olivine,5,425,256
NF,388,365,1,Fe-Olivine,5,425,256
NF,388,366,1,Fe-Olivine,5,425,256
NF,388,367,1,Fe-Olivine,5,425,256
NF,388,368,1,Fe-Olivine,5,425,256
NF,388,369,1,Fe-Olivine,5,425,256
NF,388,370,1,Fe-Olivine,5,425,256
NF,388,555,9,Serpentine,15,425,256
NF,388,556,9,Serpentine,15,425,256
NF,388,557,9,Serpentine,15,425,256
NF,388,558,9,Serpentine,15,425,256
NF,388,559,9,Serpentine,15,425,256
NF,388,560,9,Serpentine,15,425,256
NF,388,561,9,Serpentine,15,425,256
NF,388,562,9,Serpentine,15,425,256
NF,388,563,9,Serpentine,15,425,256
NF,388,564,9,Serpentine,15,425,256
NF,389,2,4,Bassanite,2,425,256
NF,389,3,4,Bassanite,2,425,256
NF,389,4,4,Bassanite,2,425,256
NF,389,5,4,Bassanite,2,425,256
NF,389,6,4,Bassanite,2,425,256
NF,389,7,4,Bassanite,2,425,256
NF,389,8,4,Bassanite,2,425,256
NF,389,9,4,Bassanite,2,425,256
NF,389,10,4,Bassanite,2,425,256
NF,389,11,4,Bassanite,2,425,256
NF,389,12,4,Bassanite,2,425,256
NF,389,13,4,Bassanite,2,425,256
NF,389,92,9,Serpentine,15,425,256
NF,389,93,9,Serpentine,15,425,256
NF,389,94,9,Serpentine,15,425,256
NF,389,95,9,Serpentine,15,425,256
NF,389,96,9,Serpentine,15,425,256
NF,389,97,9,Serpentine,15,425,256
NF,389,98,9,Serpentine,15,425,256
NF,389,99,9,Serpentine,15,425,256
NF,389,100,9,Serpentine,15,425,256
NF,389,101,9,Serpentine,15,425,256
NF,389,102,9,Serpentine,15,425,256
NF,389,103,9,Serpentine,15,425,256
NF,389,104,9,Serpentine,15,425,256
NF,389,105,9,Serpentine,15,425,256
NF,389,106,9,Serpentine,15,425,256
NF,389,107,9,Serpentine,15,425,256
NF,389,108,9,Serpentine,15,425,256
NF,389,109,9,Serpentine,15,425,256
NF,389,110,9,Serpentine,15,425,256
NF,389,111,9,Serpentine,15,425,256
NF,389,112,9,Serpentine,15,425,256
NF,389,119,6,Mg-Carbonate,10,425,256
NF,389,120,6,Mg-Carbonate,10,425,256
NF,389,121,6,Mg-Carbonate,10,425,256
NF,389,122,6,Mg-Carbonate,10,425,256
NF,389,123,6,Mg-Carbonate,10,425,256
NF,389,124,6,Mg-Carbonate,10,425,256
NF,389,125,6,Mg-Carbonate,10,425,256
NF,389,126,6,Mg-Carbonate,10,425,256
NF,389,254,6,Mg-Carbonate,10,425,256
NF,389,255,6,Mg-Carbonate,10,425,256
NF,389,256,6,Mg-Carbonate,10,425,256
NF,389,257,6,Mg-Carbonate,10,425,256
NF,389,358,1,Fe-Olivine,5,425,256
NF,389,359,1,Fe-Olivine,5,425,256
NF,389,360,1,Fe-Olivine,5,425,256
NF,389,361,1,Fe-Olivine,5,425,256
NF,389,362,1,Fe-Olivine,5,425,256
NF,389,363,1,Fe-Olivine,5,425,256
NF,389,364,1,Fe-Olivine,5,425,256
NF,389,365,1,Fe-Olivine,5,425,256
NF,389,366,1,Fe-Olivine,5,425,256
NF,389,367,1,Fe-Olivine,5,425,256
NF,389,368,1,Fe-Olivine,5,425,256
NF,389,369,1,Fe-Olivine,5,425,256
NF,389,552,9,Serpentine,15,425,256
NF,389,553,9,Serpentine,15,425,256
NF,389,554,9,Serpentine,15,425,256
NF,389,555,9,Serpentine,15,425,256
NF,389,556,9,Serpentine,15,425,256
NF,389,557,9,Serpentine,15,425,256
NF,389,558,9,Serpentine,15,425,256
NF,389,559,9,Serpentine,15,425,256
NF,389,560,9,Serpentine,15,425,256
NF,389,561,9,Serpentine,15,425,256
NF,389,562,9,Serpentine,15,425,256
NF,389,563,9,Serpentine,15,425,256
NF,389,564,9,Serpentine,15,425,256
NF,390,2,4,Bassanite,2,425,256
NF,390,3,4,Bassanite,2,425,256
NF,390,4,4,Bassanite,2,425,256
NF,390,5,4,Bassanite,2,425,256
NF,390,6,4,Bassanite,2,425,256
NF,390,7,4,Bassanite,2,425,256
NF,390,8,4,Bassanite,2,425,256
NF,390,9,4,Bassanite,2,425,256
NF,390,10,4,Bassanite,2,425,256
NF,390,11,4,Bassanite,2,425,256
NF,390,12,4,Bassanite,2,425,256
NF,390,13,4,Bassanite,2,425,256
NF,390,94,9,Serpentine,15,425,256
NF,390,95,9,Serpentine,15,425,256
NF,390,96,9,Serpentine,15,425,256
NF,390,97,9,Serpentine,15,425,256
NF,390,98,9,Serpentine,15,425,256
NF,390,99,9,Serpentine,15,425,256
NF,390,100,9,Serpentine,15,425,256
NF,390,101,9,Serpentine,15,425,256
NF,390,102,9,Serpentine,15,425,256
NF,390,103,9,Serpentine,15,425,256
NF,390,104,9,Serpentine,15,425,256
NF,390,105,9,Serpentine,15,425,256
NF,390,106,9,Serpentine,15,425,256
NF,390,107,9,Serpentine,15,425,256
NF,390,108,9,Serpentine,15,425,256
NF,390,109,9,Serpentine,15,425,256
NF,390,110,9,Serpentine,15,425,256
NF,390,111,9,Serpentine,15,425,256
NF,390,112,9,Serpentine,15,425,256
NF,390,113,9,Serpentine,15,425,256
NF,390,121,6,Mg-Carbonate,10,425,256
NF,390,122,6,Mg-Carbonate,10,425,256
NF,390,123,6,Mg-Carbonate,10,425,256
NF,390,124,6,Mg-Carbonate,10,425,256
NF,390,125,6,Mg-Carbonate,10,425,256
NF,390,126,6,Mg-Carbonate,10,425,256
NF,390,252,6,Mg-Carbonate,10,425,256
NF,390,253,6,Mg-Carbonate,10,425,256
NF,390,254,6,Mg-Carbonate,10,425,256
NF,390,255,6,Mg-Carbonate,10,425,256
NF,390,256,6,Mg-Carbonate,10,425,256
NF,390,257,6,Mg-Carbonate,10,425,256
NF,390,266,9,Serpentine,15,425,256
NF,390,267,9,Serpentine,15,425,256
NF,390,356,1,Fe-Olivine,5,425,256
NF,390,357,1,Fe-Olivine,5,425,256
NF,390,358,1,Fe-Olivine,5,425,256
NF,390,359,1,Fe-Olivine,5,425,256
NF,390,360,1,Fe-Olivine,5,425,256
NF,390,361,1,Fe-Olivine,5,425,256
NF,390,362,1,Fe-Olivine,5,425,256
NF,390,363,1,Fe-Olivine,5,425,256
NF,390,364,1,Fe-Olivine,5,425,256
NF,390,365,1,Fe-Olivine,5,425,256
NF,390,366,1,Fe-Olivine,5,425,256
NF,390,367,1,Fe-Olivine,5,425,256
NF,390,368,1,Fe-Olivine,5,425,256
NF,390,369,1,Fe-Olivine,5,425,256
NF,390,550,9,Serpentine,15,425,256
NF,390,551,9,Serpentine,15,425,256
NF,390,552,9,Serpentine,15,425,256
NF,390,553,9,Serpentine,15,425,256
NF,390,554,9,Serpentine,15,425,256
NF,390,555,9,Serpentine,15,425,256
NF,390,556,9,Serpentine,15,425,256
NF,390,557,9,Serpentine,15,425,256
NF,390,558,9,Serpentine,15,425,256
NF,390,559,9,Serpentine,15,425,256
NF,390,560,9,Serpentine,15,425,256
NF,390,561,9,Serpentine,15,425,256
NF,390,562,9,Serpentine,15,425,256
NF,390,563,9,Serpentine,15,425,256
NF,390,564,9,Serpentine,15,425,256
NF,391,1,4,Bassanite,2,425,256
NF,391,2,4,Bassanite,2,425,256
NF,391,3,4,Bassanite,2,425,256
NF,391,4,4,Bassanite,2,425,256
NF,391,5,4,Bassanite,2,425,256
NF,391,6,4,Bassanite,2,425,256
NF,391,7,4,Bassanite,2,425,256
NF,391,8,4,Bassanite,2,425,256
NF,391,9,4,Bassanite,2,425,256
NF,391,10,4,Bassanite,2,425,256
NF,391,11,4,Bassanite,2,425,256
NF,391,12,4,Bassanite,2,425,256
NF,391,13,4,Bassanite,2,425,256
NF,391,14,4,Bassanite,2,425,256
NF,391,94,9,Serpentine,15,425,256
NF,391,95,9,Serpentine,15,425,256
NF,391,96,9,Serpentine,15,425,256
NF,391,97,9,Serpentine,15,425,256
NF,391,98,9,Serpentine,15,425,256
NF,391,99,9,Serpentine,15,425,256
NF,391,100,9,Serpentine,15,425,256
NF,391,101,9,Serpentine,15,425,256
NF,391,102,9,Serpentine,15,425,256
NF,391,103,9,Serpentine,15,425,256
NF,391,104,9,Serpentine,15,425,256
NF,391,105,9,Serpentine,15,425,256
NF,391,106,9,Serpentine,15,425,256
NF,391,107,9,Serpentine,15,425,256
NF,391,108,9,Serpentine,15,425,256
NF,391,109,9,Serpentine,15,425,256
NF,391,110,9,Serpentine,15,425,256
NF,391,111,9,Serpentine,15,425,256
NF,391,112,9,Serpentine,15,425,256
NF,391,113,9,Serpentine,15,425,256
NF,391,114,9,Serpentine,15,425,256
NF,391,115,9,Serpentine,15,425,256
NF,391,116,9,Serpentine,15,425,256
NF,391,117,9,Serpentine,15,425,256
NF,391,122,6,Mg-Carbonate,10,425,256
NF,391,123,6,Mg-Carbonate,10,425,256
NF,391,124,6,Mg-Carbonate,10,425,256
NF,391,125,6,Mg-Carbonate,10,425,256
NF,391,126,6,Mg-Carbonate,10,425,256
NF,391,251,6,Mg-Carbonate,10,425,256
NF,391,252,6,Mg-Carbonate,10,425,256
NF,391,253,6,Mg-Carbonate,10,425,256
NF,391,254,6,Mg-Carbonate,10,425,256
NF,391,255,6,Mg-Carbonate,10,425,256
NF,391,256,6,Mg-Carbonate,10,425,256
NF,391,257,6,Mg-Carbonate,10,425,256
NF,391,265,9,Serpentine,15,425,256
NF,391,266,9,Serpentine,15,425,256
NF,391,267,9,Serpentine,15,425,256
NF,391,268,9,Serpentine,15,425,256
NF,391,351,1,Fe-Olivine,5,425,256
NF,391,352,1,Fe-Olivine,5,425,256
NF,391,353,1,Fe-Olivine,5,425,256
NF,391,354,1,Fe-Olivine,5,425,256
NF,391,355,1,Fe-Olivine,5,425,256
NF,391,356,1,Fe-Olivine,5,425,256
NF,391,357,1,Fe-Olivine,5,425,256
NF,391,358,1,Fe-Olivine,5,425,256
NF,391,359,1,Fe-Olivine,5,425,256
NF,391,360,1,Fe-Olivine,5,425,256
NF,391,361,1,Fe-Olivine,5,425,256
NF,391,362,1,Fe-Olivine,5,425,256
NF,391,363,1,Fe-Olivine,5,425,256
NF,391,364,1,Fe-Olivine,5,425,256
NF,391,365,1,Fe-Olivine,5,425,256
NF,391,366,1,Fe-Olivine,5,425,256
NF,391,367,1,Fe-Olivine,5,425,256
NF,391,368,1,Fe-Olivine,5,425,256
NF,391,369,1,Fe-Olivine,5,425,256
NF,391,549,9,Serpentine,15,425,256
NF,391,550,9,Serpentine,15,425,256
NF,391,551,9,Serpentine,15,425,256
NF,391,552,9,Serpentine,15,425,256
NF,391,553,9,Serpentine,15,425,256
NF,391,554,9,Serpentine,15,425,256
NF,391,555,9,Serpentine,15,425,256
NF,391,556,9,Serpentine,15,425,256
NF,391,560,9,Serpentine,15,425,256
NF,391,561,9,Serpentine,15,425,256
NF,391,562,9,Serpentine,15,425,256
NF,391,563,9,Serpentine,15,425,256
NF,391,564,9,Serpentine,15,425,256
NF,392,1,4,Bassanite,2,425,256
NF,392,2,4,Bassanite,2,425,256
NF,392,3,4,Bassanite,2,425,256
NF,392,4,4,Bassanite,2,425,256
NF,392,5,4,Bassanite,2,425,256
NF,392,6,4,Bassanite,2,425,256
NF,392,7,4,Bassanite,2,425,256
NF,392,8,4,Bassanite,2,425,256
NF,392,9,4,Bassanite,2,425,256
NF,392,10,4,Bassanite,2,425,256
NF,392,11,4,Bassanite,2,425,256
NF,392,12,4,Bassanite,2,425,256
NF,392,13,4,Bassanite,2,425,256
NF,392,14,4,Bassanite,2,425,256
NF,392,96,9,Serpentine,15,425,256
NF,392,97,9,Serpentine,15,425,256
NF,392,98,9,Serpentine,15,425,256
NF,392,99,9,Serpentine,15,425,256
NF,392,100,9,Serpentine,15,425,256
NF,392,101,9,Serpentine,15,425,256
NF,392,102,9,Serpentine,15,425,256
NF,392,103,9,Serpentine,15,425,256
NF,392,104,9,Serpentine,15,425,256
NF,392,105,9,Serpentine,15,425,256
NF,392,106,9,Serpentine,15,425,256
NF,392,107,9,Serpentine,15,425,256
NF,392,108,9,Serpentine,15,425,256
NF,392,109,9,Serpentine,15,425,256
NF,392,110,9,Serpentine,15,425,256
NF,392,111,9,Serpentine,15,425,256
NF,392,112,9,Serpentine,15,425,256
NF,392,113,9,Serpentine,15,425,256
NF,392,114,9,Serpentine,15,425,256
NF,392,115,9,Serpentine,15,425,256
NF,392,116,9,Serpentine,15,425,256
NF,392,117,9,Serpentine,15,425,256
NF,392,118,9,Serpentine,15,425,256
NF,392,250,6,Mg-Carbonate,10,425,256
NF,392,251,6,Mg-Carbonate,10,425,256
NF,392,252,6,Mg-Carbonate,10,425,256
NF,392,253,6,Mg-Carbonate,10,425,256
NF,392,254,6,Mg-Carbonate,10,425,256
NF,392,255,6,Mg-Carbonate,10,425,256
NF,392,256,6,Mg-Carbonate,10,425,256
NF,392,265,9,Serpentine,15,425,256
NF,392,266,9,Serpentine,15,425,256
NF,392,267,9,Serpentine,15,425,256
NF,392,268,9,Serpentine,15,425,256
NF,392,346,1,Fe-Olivine,5,425,256
NF,392,347,1,Fe-Olivine,5,425,256
NF,392,348,1,Fe-Olivine,5,425,256
NF,392,349,1,Fe-Olivine,5,425,256
NF,392,350,1,Fe-Olivine,5,425,256
NF,392,351,1,Fe-Olivine,5,425,256
NF,392,352,1,Fe-Olivine,5,425,256
NF,392,353,1,Fe-Olivine,5,425,256
NF,392,354,1,Fe-Olivine,5,425,256
NF,392,355,1,Fe-Olivine,5,425,256
NF,392,356,1,Fe-Olivine,5,425,256
NF,392,357,1,Fe-Olivine,5,425,256
NF,392,358,1,Fe-Olivine,5,425,256
NF,392,359,1,Fe-Olivine,5,425,256
NF,392,360,1,Fe-Olivine,5,425,256
NF,392,361,1,Fe-Olivine,5,425,256
NF,392,362,1,Fe-Olivine,5,425,256
NF,392,363,1,Fe-Olivine,5,425,256
NF,392,364,1,Fe-Olivine,5,425,256
NF,392,365,1,Fe-Olivine,5,425,256
NF,392,366,1,Fe-Olivine,5,425,256
NF,392,367,1,Fe-Olivine,5,425,256
NF,392,368,1,Fe-Olivine,5,425,256
NF,392,549,9,Serpentine,15,425,256
NF,392,550,9,Serpentine,15,425,256
NF,392,551,9,Serpentine,15,425,256
NF,392,552,9,Serpentine,15,425,256
NF,392,553,9,Serpentine,15,425,256
NF,392,554,9,Serpentine,15,425,256
NF,392,561,9,Serpentine,15,425,256
NF,392,562,9,Serpentine,15,425,256
NF,392,563,9,Serpentine,15,425,256
NF,392,564,9,Serpentine,15,425,256
NF,393,1,4,Bassanite,2,425,256
NF,393,2,4,Bassanite,2,425,256
NF,393,3,4,Bassanite,2,425,256
NF,393,4,4,Bassanite,2,425,256
NF,393,5,4,Bassanite,2,425,256
NF,393,6,4,Bassanite,2,425,256
NF,393,7,4,Bassanite,2,425,256
NF,393,8,4,Bassanite,2,425,256
NF,393,9,4,Bassanite,2,425,256
NF,393,10,4,Bassanite,2,425,256
NF,393,11,4,Bassanite,2,425,256
NF,393,12,4,Bassanite,2,425,256
NF,393,13,4,Bassanite,2,425,256
NF,393,14,4,Bassanite,2,425,256
NF,393,97,9,Serpentine,15,425,256
NF,393,98,9,Serpentine,15,425,256
NF,393,99,9,Serpentine,15,425,256
NF,393,100,9,Serpentine,15,425,256
NF,393,101,9,Serpentine,15,425,256
NF,393,102,9,Serpentine,15,425,256
NF,393,103,9,Serpentine,15,425,256
NF,393,104,9,Serpentine,15,425,256
NF,393,105,9,Serpentine,15,425,256
NF,393,106,9,Serpentine,15,425,256
NF,393,107,9,Serpentine,15,425,256
NF,393,108,9,Serpentine,15,425,256
NF,393,109,9,Serpentine,15,425,256
NF,393,110,9,Serpentine,15,425,256
NF,393,111,9,Serpentine,15,425,256
NF,393,112,9,Serpentine,15,425,256
NF,393,113,9,Serpentine,15,425,256
NF,393,114,9,Serpentine,15,425,256
NF,393,115,9,Serpentine,15,425,256
NF,393,116,9,Serpentine,15,425,256
NF,393,117,9,Serpentine,15,425,256
NF,393,118,9,Serpentine,15,425,256
NF,393,119,9,Serpentine,15,425,256
NF,393,249,6,Mg-Carbonate,10,425,256
NF,393,250,6,Mg-Carbonate,10,425,256
NF,393,251,6,Mg-Carbonate,10,425,256
NF,393,252,6,Mg-Carbonate,10,425,256
NF,393,253,6,Mg-Carbonate,10,425,256
NF,393,254,6,Mg-Carbonate,10,425,256
NF,393,255,6,Mg-Carbonate,10,425,256
NF,393,265,9,Serpentine,15,425,256
NF,393,266,9,Serpentine,15,425,256
NF,393,267,9,Serpentine,15,425,256
NF,393,268,9,Serpentine,15,425,256
NF,393,345,1,Fe-Olivine,5,425,256
NF,393,346,1,Fe-Olivine,5,425,256
NF,393,347,1,Fe-Olivine,5,425,256
NF,393,348,1,Fe-Olivine,5,425,256
NF,393,349,1,Fe-Olivine,5,425,256
NF,393,350,1,Fe-Olivine,5,425,256
NF,393,351,1,Fe-Olivine,5,425,256
NF,393,352,1,Fe-Olivine,5,425,256
NF,393,353,1,Fe-Olivine,5,425,256
NF,393,354,1,Fe-Olivine,5,425,256
NF,393,355,1,Fe-Olivine,5,425,256
NF,393,356,1,Fe-Olivine,5,425,256
NF,393,357,1,Fe-Olivine,5,425,256
NF,393,358,1,Fe-Olivine,5,425,256
NF,393,359,1,Fe-Olivine,5,425,256
NF,393,360,1,Fe-Olivine,5,425,256
NF,393,361,1,Fe-Olivine,5,425,256
NF,393,362,1,Fe-Olivine,5,425,256
NF,393,363,1,Fe-Olivine,5,425,256
NF,393,364,1,Fe-Olivine,5,425,256
NF,393,365,1,Fe-Olivine,5,425,256
NF,393,366,1,Fe-Olivine,5,425,256
NF,393,367,1,Fe-Olivine,5,425,256
NF,393,368,1,Fe-Olivine,5,425,256
NF,393,549,9,Serpentine,15,425,256
NF,393,550,9,Serpentine,15,425,256
NF,393,551,9,Serpentine,15,425,256
NF,394,1,4,Bassanite,2,425,256
NF,394,2,4,Bassanite,2,425,256
NF,394,3,4,Bassanite,2,425,256
NF,394,4,4,Bassanite,2,425,256
NF,394,5,4,Bassanite,2,425,256
NF,394,6,4,Bassanite,2,425,256
NF,394,7,4,Bassanite,2,425,256
NF,394,8,4,Bassanite,2,425,256
NF,394,9,4,Bassanite,2,425,256
NF,394,10,4,Bassanite,2,425,256
NF,394,11,4,Bassanite,2,425,256
NF,394,12,4,Bassanite,2,425,256
NF,394,13,4,Bassanite,2,425,256
NF,394,14,4,Bassanite,2,425,256
NF,394,99,9,Serpentine,15,425,256
NF,394,100,9,Serpentine,15,425,256
NF,394,101,9,Serpentine,15,425,256
NF,394,102,9,Serpentine,15,425,256
NF,394,103,9,Serpentine,15,425,256
NF,394,104,9,Serpentine,15,425,256
NF,394,105,9,Serpentine,15,425,256
NF,394,106,9,Serpentine,15,425,256
NF,394,107,9,Serpentine,15,425,256
NF,394,108,9,Serpentine,15,425,256
NF,394,109,9,Serpentine,15,425,256
NF,394,110,9,Serpentine,15,425,256
NF,394,111,9,Serpentine,15,425,256
NF,394,112,9,Serpentine,15,425,256
NF,394,113,9,Serpentine,15,425,256
NF,394,114,9,Serpentine,15,425,256
NF,394,115,9,Serpentine,15,425,256
NF,394,116,9,Serpentine,15,425,256
NF,394,117,9,Serpentine,15,425,256
NF,394,118,9,Serpentine,15,425,256
NF,394,119,9,Serpentine,15,425,256
NF,394,120,9,Serpentine,15,425,256
NF,394,121,9,Serpentine,15,425,256
NF,394,122,9,Serpentine,15,425,256
NF,394,249,6,Mg-Carbonate,10,425,256
NF,394,250,6,Mg-Carbonate,10,425,256
NF,394,251,6,Mg-Carbonate,10,425,256
NF,394,252,6,Mg-Carbonate,10,425,256
NF,394,253,6,Mg-Carbonate,10,425,256
NF,394,254,6,Mg-Carbonate,10,425,256
NF,394,265,9,Serpentine,15,425,256
NF,394,266,9,Serpentine,15,425,256
NF,394,267,9,Serpentine,15,425,256
NF,394,268,9,Serpentine,15,425,256
NF,394,344,1,Fe-Olivine,5,425,256
NF,394,345,1,Fe-Olivine,5,425,256
NF,394,346,1,Fe-Olivine,5,425,256
NF,394,347,1,Fe-Olivine,5,425,256
NF,394,348,1,Fe-Olivine,5,425,256
NF,394,349,1,Fe-Olivine,5,425,256
NF,394,350,1,Fe-Olivine,5,425,256
NF,394,351,1,Fe-Olivine,5,425,256
NF,394,352,1,Fe-Olivine,5,425,256
NF,394,353,1,Fe-Olivine,5,425,256
NF,394,354,1,Fe-Olivine,5,425,256
NF,394,355,1,Fe-Olivine,5,425,256
NF,394,356,1,Fe-Olivine,5,425,256
NF,394,357,1,Fe-Olivine,5,425,256
NF,394,358,1,Fe-Olivine,5,425,256
NF,394,359,1,Fe-Olivine,5,425,256
NF,394,360,1,Fe-Olivine,5,425,256
NF,394,361,1,Fe-Olivine,5,425,256
NF,394,362,1,Fe-Olivine,5,425,256
NF,394,363,1,Fe-Olivine,5,425,256
NF,394,364,1,Fe-Olivine,5,425,256
NF,394,365,1,Fe-Olivine,5,425,256
NF,394,366,1,Fe-Olivine,5,425,256
NF,394,367,1,Fe-Olivine,5,425,256
NF,394,368,1,Fe-Olivine,5,425,256
NF,395,1,4,Bassanite,2,425,256
NF,395,2,4,Bassanite,2,425,256
NF,395,3,4,Bassanite,2,425,256
NF,395,4,4,Bassanite,2,425,256
NF,395,5,4,Bassanite,2,425,256
NF,395,6,4,Bassanite,2,425,256
NF,395,7,4,Bassanite,2,425,256
NF,395,8,4,Bassanite,2,425,256
NF,395,9,4,Bassanite,2,425,256
NF,395,10,4,Bassanite,2,425,256
NF,395,11,4,Bassanite,2,425,256
NF,395,12,4,Bassanite,2,425,256
NF,395,13,4,Bassanite,2,425,256
NF,395,14,4,Bassanite,2,425,256
NF,395,101,9,Serpentine,15,425,256
NF,395,102,9,Serpentine,15,425,256
NF,395,103,9,Serpentine,15,425,256
NF,395,104,9,Serpentine,15,425,256
NF,395,105,9,Serpentine,15,425,256
NF,395,106,9,Serpentine,15,425,256
NF,395,107,9,Serpentine,15,425,256
NF,395,108,9,Serpentine,15,425,256
NF,395,109,9,Serpentine,15,425,256
NF,395,110,9,Serpentine,15,425,256
NF,395,111,9,Serpentine,15,425,256
NF,395,112,9,Serpentine,15,425,256
NF,395,113,9,Serpentine,15,425,256
NF,395,114,9,Serpentine,15,425,256
NF,395,115,9,Serpentine,15,425,256
NF,395,116,9,Serpentine,15,425,256
NF,395,117,9,Serpentine,15,425,256
NF,395,118,9,Serpentine,15,425,256
NF,395,119,9,Serpentine,15,425,256
NF,395,120,9,Serpentine,15,425,256
NF,395,121,9,Serpentine,15,425,256
NF,395,122,9,Serpentine,15,425,256
NF,395,123,9,Serpentine,15,425,256
NF,395,248,6,Mg-Carbonate,10,425,256
NF,395,249,6,Mg-Carbonate,10,425,256
NF,395,250,6,Mg-Carbonate,10,425,256
NF,395,251,6,Mg-Carbonate,10,425,256
NF,395,252,6,Mg-Carbonate,10,425,256
NF,395,253,6,Mg-Carbonate,10,425,256
NF,395,265,9,Serpentine,15,425,256
NF,395,266,9,Serpentine,15,425,256
NF,395,267,9,Serpentine,15,425,256
NF,395,268,9,Serpentine,15,425,256
NF,395,344,1,Fe-Olivine,5,425,256
NF,395,345,1,Fe-Olivine,5,425,256
NF,395,346,1,Fe-Olivine,5,425,256
NF,395,347,1,Fe-Olivine,5,425,256
NF,395,348,1,Fe-Olivine,5,425,256
NF,395,349,1,Fe-Olivine,5,425,256
NF,395,350,1,Fe-Olivine,5,425,256
NF,395,351,1,Fe-Olivine,5,425,256
NF,395,352,1,Fe-Olivine,5,425,256
NF,395,353,1,Fe-Olivine,5,425,256
NF,395,354,1,Fe-Olivine,5,425,256
NF,395,355,1,Fe-Olivine,5,425,256
NF,395,356,1,Fe-Olivine,5,425,256
NF,395,357,1,Fe-Olivine,5,425,256
NF,395,358,1,Fe-Olivine,5,425,256
NF,395,359,1,Fe-Olivine,5,425,256
NF,395,360,1,Fe-Olivine,5,425,256
NF,395,361,1,Fe-Olivine,5,425,256
NF,395,362,1,Fe-Olivine,5,425,256
NF,395,363,1,Fe-Olivine,5,425,256
NF,395,364,1,Fe-Olivine,5,425,256
NF,395,365,1,Fe-Olivine,5,425,256
NF,395,366,1,Fe-Olivine,5,425,256
NF,395,367,1,Fe-Olivine,5,425,256
NF,395,368,1,Fe-Olivine,5,425,256
NF,395,369,1,Fe-Olivine,5,425,256
NF,396,1,4,Bassanite,2,425,256
NF,396,2,4,Bassanite,2,425,256
NF,396,3,4,Bassanite,2,425,256
NF,396,4,4,Bassanite,2,425,256
NF,396,5,4,Bassanite,2,425,256
NF,396,6,4,Bassanite,2,425,256
NF,396,7,4,Bassanite,2,425,256
NF,396,8,4,Bassanite,2,425,256
NF,396,9,4,Bassanite,2,425,256
NF,396,10,4,Bassanite,2,425,256
NF,396,11,4,Bassanite,2,425,256
NF,396,12,4,Bassanite,2,425,256
NF,396,13,4,Bassanite,2,425,256
NF,396,14,4,Bassanite,2,425,256
NF,396,103,9,Serpentine,15,425,256
NF,396,104,9,Serpentine,15,425,256
NF,396,105,9,Serpentine,15,425,256
NF,396,106,9,Serpentine,15,425,256
NF,396,107,9,Serpentine,15,425,256
NF,396,108,9,Serpentine,15,425,256
NF,396,109,9,Serpentine,15,425,256
NF,396,110,9,Serpentine,15,425,256
NF,396,111,9,Serpentine,15,425,256
NF,396,112,9,Serpentine,15,425,256
NF,396,113,9,Serpentine,15,425,256
NF,396,114,9,Serpentine,15,425,256
NF,396,115,9,Serpentine,15,425,256
NF,396,116,9,Serpentine,15,425,256
NF,396,117,9,Serpentine,15,425,256
NF,396,118,9,Serpentine,15,425,256
NF,396,119,9,Serpentine,15,425,256
NF,396,120,9,Serpentine,15,425,256
NF,396,121,9,Serpentine,15,425,256
NF,396,122,9,Serpentine,15,425,256
NF,396,123,9,Serpentine,15,425,256
NF,396,248,6,Mg-Carbonate,10,425,256
NF,396,249,6,Mg-Carbonate,10,425,256
NF,396,250,6,Mg-Carbonate,10,425,256
NF,396,251,6,Mg-Carbonate,10,425,256
NF,396,252,6,Mg-Carbonate,10,425,256
NF,396,253,6,Mg-Carbonate,10,425,256
NF,396,344,1,Fe-Olivine,5,425,256
NF,396,345,1,Fe-Olivine,5,425,256
NF,396,346,1,Fe-Olivine,5,425,256
NF,396,347,1,Fe-Olivine,5,425,256
NF,396,348,1,Fe-Olivine,5,425,256
NF,396,349,1,Fe-Olivine,5,425,256
NF,396,350,1,Fe-Olivine,5,425,256
NF,396,351,1,Fe-Olivine,5,425,256
NF,396,352,1,Fe-Olivine,5,425,256
NF,396,353,1,Fe-Olivine,5,425,256
NF,396,354,1,Fe-Olivine,5,425,256
NF,396,355,1,Fe-Olivine,5,425,256
NF,396,356,1,Fe-Olivine,5,425,256
NF,396,357,1,Fe-Olivine,5,425,256
NF,396,358,1,Fe-Olivine,5,425,256
NF,396,359,1,Fe-Olivine,5,425,256
NF,396,360,1,Fe-Olivine,5,425,256
NF,396,361,1,Fe-Olivine,5,425,256
NF,396,362,1,Fe-Olivine,5,425,256
NF,396,363,1,Fe-Olivine,5,425,256
NF,396,364,1,Fe-Olivine,5,425,256
NF,396,365,1,Fe-Olivine,5,425,256
NF,396,366,1,Fe-Olivine,5,425,256
NF,396,367,1,Fe-Olivine,5,425,256
NF,396,368,1,Fe-Olivine,5,425,256
NF,396,369,1,Fe-Olivine,5,425,256
NF,397,2,4,Bassanite,2,425,256
NF,397,3,4,Bassanite,2,425,256
NF,397,4,4,Bassanite,2,425,256
NF,397,5,4,Bassanite,2,425,256
NF,397,6,4,Bassanite,2,425,256
NF,397,7,4,Bassanite,2,425,256
NF,397,8,4,Bassanite,2,425,256
NF,397,9,4,Bassanite,2,425,256
NF,397,10,4,Bassanite,2,425,256
NF,397,11,4,Bassanite,2,425,256
NF,397,12,4,Bassanite,2,425,256
NF,397,13,4,Bassanite,2,425,256
NF,397,14,4,Bassanite,2,425,256
NF,397,105,9,Serpentine,15,425,256
NF,397,106,9,Serpentine,15,425,256
NF,397,107,9,Serpentine,15,425,256
NF,397,108,9,Serpentine,15,425,256
NF,397,109,9,Serpentine,15,425,256
NF,397,110,9,Serpentine,15,425,256
NF,397,111,9,Serpentine,15,425,256
NF,397,112,9,Serpentine,15,425,256
NF,397,113,9,Serpentine,15,425,256
NF,397,114,9,Serpentine,15,425,256
NF,397,115,9,Serpentine,15,425,256
NF,397,116,9,Serpentine,15,425,256
NF,397,117,9,Serpentine,15,425,256
NF,397,118,9,Serpentine,15,425,256
NF,397,119,9,Serpentine,15,425,256
NF,397,120,9,Serpentine,15,425,256
NF,397,121,9,Serpentine,15,425,256
NF,397,122,9,Serpentine,15,425,256
NF,397,123,9,Serpentine,15,425,256
NF,397,124,9,Serpentine,15,425,256
NF,397,125,9,Serpentine,15,425,256
NF,397,248,6,Mg-Carbonate,10,425,256
NF,397,249,6,Mg-Carbonate,10,425,256
NF,397,250,6,Mg-Carbonate,10,425,256
NF,397,251,6,Mg-Carbonate,10,425,256
NF,397,252,6,Mg-Carbonate,10,425,256
NF,397,253,6,Mg-Carbonate,10,425,256
NF,397,345,1,Fe-Olivine,5,425,256
NF,397,346,1,Fe-Olivine,5,425,256
NF,397,347,1,Fe-Olivine,5,425,256
NF,397,348,1,Fe-Olivine,5,425,256
NF,397,349,1,Fe-Olivine,5,425,256
NF,397,350,1,Fe-Olivine,5,425,256
NF,397,351,1,Fe-Olivine,5,425,256
NF,397,352,1,Fe-Olivine,5,425,256
NF,397,353,1,Fe-Olivine,5,425,256
NF,397,354,1,Fe-Olivine,5,425,256
NF,397,355,1,Fe-Olivine,5,425,256
NF,397,356,1,Fe-Olivine,5,425,256
NF,397,357,1,Fe-Olivine,5,425,256
NF,397,358,1,Fe-Olivine,5,425,256
NF,397,359,1,Fe-Olivine,5,425,256
NF,397,360,1,Fe-Olivine,5,425,256
NF,397,361,1,Fe-Olivine,5,425,256
NF,397,362,1,Fe-Olivine,5,425,256
NF,397,363,1,Fe-Olivine,5,425,256
NF,397,364,1,Fe-Olivine,5,425,256
NF,397,365,1,Fe-Olivine,5,425,256
NF,397,366,1,Fe-Olivine,5,425,256
NF,397,367,1,Fe-Olivine,5,425,256
NF,397,368,1,Fe-Olivine,5,425,256
NF,397,369,1,Fe-Olivine,5,425,256
NF,397,370,1,Fe-Olivine,5,425,256
NF,398,3,4,Bassanite,2,425,256
NF,398,4,4,Bassanite,2,425,256
NF,398,5,4,Bassanite,2,425,256
NF,398,6,4,Bassanite,2,425,256
NF,398,7,4,Bassanite,2,425,256
NF,398,8,4,Bassanite,2,425,256
NF,398,9,4,Bassanite,2,425,256
NF,398,10,4,Bassanite,2,425,256
NF,398,11,4,Bassanite,2,425,256
NF,398,12,4,Bassanite,2,425,256
NF,398,13,4,Bassanite,2,425,256
NF,398,106,9,Serpentine,15,425,256
NF,398,107,9,Serpentine,15,425,256
NF,398,108,9,Serpentine,15,425,256
NF,398,109,9,Serpentine,15,425,256
NF,398,110,9,Serpentine,15,425,256
NF,398,111,9,Serpentine,15,425,256
NF,398,112,9,Serpentine,15,425,256
NF,398,113,9,Serpentine,15,425,256
NF,398,114,9,Serpentine,15,425,256
NF,398,115,9,Serpentine,15,425,256
NF,398,116,9,Serpentine,15,425,256
NF,398,117,9,Serpentine,15,425,256
NF,398,118,9,Serpentine,15,425,256
NF,398,119,9,Serpentine,15,425,256
NF,398,120,9,Serpentine,15,425,256
NF,398,121,9,Serpentine,15,425,256
NF,398,122,9,Serpentine,15,425,256
NF,398,123,9,Serpentine,15,425,256
NF,398,124,9,Serpentine,15,425,256
NF,398,125,9,Serpentine,15,425,256
NF,398,126,9,Serpentine,15,425,256
NF,398,248,6,Mg-Carbonate,10,425,256
NF,398,249,6,Mg-Carbonate,10,425,256
NF,398,250,6,Mg-Carbonate,10,425,256
NF,398,251,6,Mg-Carbonate,10,425,256
NF,398,252,6,Mg-Carbonate,10,425,256
NF,398,253,6,Mg-Carbonate,10,425,256
NF,398,263,9,Serpentine,15,425,256
NF,398,264,9,Serpentine,15,425,256
NF,398,265,9,Serpentine,15,425,256
NF,398,266,9,Serpentine,15,425,256
NF,398,267,9,Serpentine,15,425,256
NF,398,268,9,Serpentine,15,425,256
NF,398,269,9,Serpentine,15,425,256
NF,398,270,9,Serpentine,15,425,256
NF,398,347,1,Fe-Olivine,5,425,256
NF,398,348,1,Fe-Olivine,5,425,256
NF,398,349,1,Fe-Olivine,5,425,256
NF,398,350,1,Fe-Olivine,5,425,256
NF,398,351,1,Fe-Olivine,5,425,256
NF,398,352,1,Fe-Olivine,5,425,256
NF,398,353,1,Fe-Olivine,5,425,256
NF,398,354,1,Fe-Olivine,5,425,256
NF,398,355,1,Fe-Olivine,5,425,256
NF,398,356,1,Fe-Olivine,5,425,256
NF,398,357,1,Fe-Olivine,5,425,256
NF,398,358,1,Fe-Olivine,5,425,256
NF,398,359,1,Fe-Olivine,5,425,256
NF,398,360,1,Fe-Olivine,5,425,256
NF,398,361,1,Fe-Olivine,5,425,256
NF,398,362,1,Fe-Olivine,5,425,256
NF,398,363,1,Fe-Olivine,5,425,256
NF,398,364,1,Fe-Olivine,5,425,256
NF,398,365,1,Fe-Olivine,5,425,256
NF,398,366,1,Fe-Olivine,5,425,256
NF,398,367,1,Fe-Olivine,5,425,256
NF,398,368,1,Fe-Olivine,5,425,256
NF,398,369,1,Fe-Olivine,5,425,256
NF,398,370,1,Fe-Olivine,5,425,256
NF,399,6,4,Bassanite,2,425,256
NF,399,7,4,Bassanite,2,425,256
NF,399,8,4,Bassanite,2,425,256
NF,399,9,4,Bassanite,2,425,256
NF,399,10,4,Bassanite,2,425,256
NF,399,11,4,Bassanite,2,425,256
NF,399,110,9,Serpentine,15,425,256
NF,399,111,9,Serpentine,15,425,256
NF,399,112,9,Serpentine,15,425,256
NF,399,113,9,Serpentine,15,425,256
NF,399,114,9,Serpentine,15,425,256
NF,399,115,9,Serpentine,15,425,256
NF,399,116,9,Serpentine,15,425,256
NF,399,117,9,Serpentine,15,425,256
NF,399,118,9,Serpentine,15,425,256
NF,399,119,9,Serpentine,15,425,256
NF,399,120,9,Serpentine,15,425,256
NF,399,121,9,Serpentine,15,425,256
NF,399,122,9,Serpentine,15,425,256
NF,399,123,9,Serpentine,15,425,256
NF,399,124,9,Serpentine,15,425,256
NF,399,125,9,Serpentine,15,425,256
NF,399,126,9,Serpentine,15,425,256
NF,399,248,6,Mg-Carbonate,10,425,256
NF,399,249,6,Mg-Carbonate,10,425,256
NF,399,250,6,Mg-Carbonate,10,425,256
NF,399,251,6,Mg-Carbonate,10,425,256
NF,399,252,6,Mg-Carbonate,10,425,256
NF,399,253,6,Mg-Carbonate,10,425,256
NF,399,262,9,Serpentine,15,425,256
NF,399,263,9,Serpentine,15,425,256
NF,399,264,9,Serpentine,15,425,256
NF,399,265,9,Serpentine,15,425,256
NF,399,266,9,Serpentine,15,425,256
NF,399,267,9,Serpentine,15,425,256
NF,399,268,9,Serpentine,15,425,256
NF,399,269,9,Serpentine,15,425,256
NF,399,270,9,Serpentine,15,425,256
NF,399,271,9,Serpentine,15,425,256
NF,399,349,1,Fe-Olivine,5,425,256
NF,399,350,1,Fe-Olivine,5,425,256
NF,399,351,1,Fe-Olivine,5,425,256
NF,399,352,1,Fe-Olivine,5,425,256
NF,399,353,1,Fe-Olivine,5,425,256
NF,399,354,1,Fe-Olivine,5,425,256
NF,399,355,1,Fe-Olivine,5,425,256
NF,399,356,1,Fe-Olivine,5,425,256
NF,399,357,1,Fe-Olivine,5,425,256
NF,399,358,1,Fe-Olivine,5,425,256
NF,399,359,1,Fe-Olivine,5,425,256
NF,399,360,1,Fe-Olivine,5,425,256
NF,399,361,1,Fe-Olivine,5,425,256
NF,399,362,1,Fe-Olivine,5,425,256
NF,399,363,1,Fe-Olivine,5,425,256
NF,399,364,1,Fe-Olivine,5,425,256
NF,399,365,1,Fe-Olivine,5,425,256
NF,399,366,1,Fe-Olivine,5,425,256
NF,399,367,1,Fe-Olivine,5,425,256
NF,399,368,1,Fe-Olivine,5,425,256
NF,399,369,1,Fe-Olivine,5,425,256
NF,399,370,1,Fe-Olivine,5,425,256
NF,399,553,1,Fe-Olivine,5,425,256
NF,399,554,1,Fe-Olivine,5,425,256
NF,399,555,1,Fe-Olivine,5,425,256
NF,399,556,1,Fe-Olivine,5,425,256
NF,399,557,1,Fe-Olivine,5,425,256
NF,399,558,1,Fe-Olivine,5,425,256
NF,399,559,1,Fe-Olivine,5,425,256
NF,400,112,9,Serpentine,15,425,256
NF,400,113,9,Serpentine,15,425,256
NF,400,114,9,Serpentine,15,425,256
NF,400,115,9,Serpentine,15,425,256
NF,400,116,9,Serpentine,15,425,256
NF,400,117,9,Serpentine,15,425,256
NF,400,118,9,Serpentine,15,425,256
NF,400,119,9,Serpentine,15,425,256
NF,400,120,9,Serpentine,15,425,256
NF,400,121,9,Serpentine,15,425,256
NF,400,122,9,Serpentine,15,425,256
NF,400,123,9,Serpentine,15,425,256
NF,400,124,9,Serpentine,15,425,256
NF,400,125,9,Serpentine,15,425,256
NF,400,126,9,Serpentine,15,425,256
NF,400,249,6,Mg-Carbonate,10,425,256
NF,400,250,6,Mg-Carbonate,10,425,256
NF,400,251,6,Mg-Carbonate,10,425,256
NF,400,252,6,Mg-Carbonate,10,425,256
NF,400,253,6,Mg-Carbonate,10,425,256
NF,400,262,9,Serpentine,15,425,256
NF,400,263,9,Serpentine,15,425,256
NF,400,264,9,Serpentine,15,425,256
NF,400,265,9,Serpentine,15,425,256
NF,400,266,9,Serpentine,15,425,256
NF,400,267,9,Serpentine,15,425,256
NF,400,268,9,Serpentine,15,425,256
NF,400,269,9,Serpentine,15,425,256
NF,400,270,9,Serpentine,15,425,256
NF,400,271,9,Serpentine,15,425,256
NF,400,351,1,Fe-Olivine,5,425,256
NF,400,352,1,Fe-Olivine,5,425,256
NF,400,353,1,Fe-Olivine,5,425,256
NF,400,354,1,Fe-Olivine,5,425,256
NF,400,355,1,Fe-Olivine,5,425,256
NF,400,356,1,Fe-Olivine,5,425,256
NF,400,357,1,Fe-Olivine,5,425,256
NF,400,358,1,Fe-Olivine,5,425,256
NF,400,359,1,Fe-Olivine,5,425,256
NF,400,360,1,Fe-Olivine,5,425,256
NF,400,361,1,Fe-Olivine,5,425,256
NF,400,362,1,Fe-Olivine,5,425,256
NF,400,363,1,Fe-Olivine,5,425,256
NF,400,364,1,Fe-Olivine,5,425,256
NF,400,365,1,Fe-Olivine,5,425,256
NF,400,366,1,Fe-Olivine,5,425,256
NF,400,367,1,Fe-Olivine,5,425,256
NF,400,368,1,Fe-Olivine,5,425,256
NF,400,369,1,Fe-Olivine,5,425,256
NF,400,370,1,Fe-Olivine,5,425,256
NF,400,371,1,Fe-Olivine,5,425,256
NF,400,551,1,Fe-Olivine,5,425,256
NF,400,552,1,Fe-Olivine,5,425,256
NF,400,553,1,Fe-Olivine,5,425,256
NF,400,554,1,Fe-Olivine,5,425,256
NF,400,555,1,Fe-Olivine,5,425,256
NF,400,556,1,Fe-Olivine,5,425,256
NF,400,557,1,Fe-Olivine,5,425,256
NF,400,558,1,Fe-Olivine,5,425,256
NF,400,559,1,Fe-Olivine,5,425,256
NF,400,560,1,Fe-Olivine,5,425,256
NF,400,561,1,Fe-Olivine,5,425,256
NF,400,562,1,Fe-Olivine,5,425,256
NF,400,575,7,Plagioclase,13,425,256
NF,400,576,7,Plagioclase,13,425,256
NF,400,577,7,Plagioclase,13,425,256
NF,400,578,7,Plagioclase,13,425,256
NF,401,114,9,Serpentine,15,425,256
NF,401,115,9,Serpentine,15,425,256
NF,401,116,9,Serpentine,15,425,256
NF,401,117,9,Serpentine,15,425,256
NF,401,118,9,Serpentine,15,425,256
NF,401,119,9,Serpentine,15,425,256
NF,401,120,9,Serpentine,15,425,256
NF,401,121,9,Serpentine,15,425,256
NF,401,122,9,Serpentine,15,425,256
NF,401,123,9,Serpentine,15,425,256
NF,401,124,9,Serpentine,15,425,256
NF,401,125,9,Serpentine,15,425,256
NF,401,126,9,Serpentine,15,425,256
NF,401,249,6,Mg-Carbonate,10,425,256
NF,401,250,6,Mg-Carbonate,10,425,256
NF,401,251,6,Mg-Carbonate,10,425,256
NF,401,252,6,Mg-Carbonate,10,425,256
NF,401,253,6,Mg-Carbonate,10,425,256
NF,401,262,9,Serpentine,15,425,256
NF,401,263,9,Serpentine,15,425,256
NF,401,264,9,Serpentine,15,425,256
NF,401,265,9,Serpentine,15,425,256
NF,401,266,9,Serpentine,15,425,256
NF,401,267,9,Serpentine,15,425,256
NF,401,268,9,Serpentine,15,425,256
NF,401,269,9,Serpentine,15,425,256
NF,401,270,9,Serpentine,15,425,256
NF,401,271,9,Serpentine,15,425,256
NF,401,353,1,Fe-Olivine,5,425,256
NF,401,354,1,Fe-Olivine,5,425,256
NF,401,355,1,Fe-Olivine,5,425,256
NF,401,356,1,Fe-Olivine,5,425,256
NF,401,357,1,Fe-Olivine,5,425,256
NF,401,358,1,Fe-Olivine,5,425,256
NF,401,359,1,Fe-Olivine,5,425,256
NF,401,360,1,Fe-Olivine,5,425,256
NF,401,361,1,Fe-Olivine,5,425,256
NF,401,362,1,Fe-Olivine,5,425,256
NF,401,363,1,Fe-Olivine,5,425,256
NF,401,364,1,Fe-Olivine,5,425,256
NF,401,365,1,Fe-Olivine,5,425,256
NF,401,366,1,Fe-Olivine,5,425,256
NF,401,367,1,Fe-Olivine,5,425,256
NF,401,368,1,Fe-Olivine,5,425,256
NF,401,369,1,Fe-Olivine,5,425,256
NF,401,370,1,Fe-Olivine,5,425,256
NF,401,371,1,Fe-Olivine,5,425,256
NF,401,491,2,Epidote,4,425,256
NF,401,492,2,Epidote,4,425,256
NF,401,493,2,Epidote,4,425,256
NF,401,494,2,Epidote,4,425,256
NF,401,549,1,Fe-Olivine,5,425,256
NF,401,550,1,Fe-Olivine,5,425,256
NF,401,551,1,Fe-Olivine,5,425,256
NF,401,552,1,Fe-Olivine,5,425,256
NF,401,553,1,Fe-Olivine,5,425,256
NF,401,554,1,Fe-Olivine,5,425,256
NF,401,555,1,Fe-Olivine,5,425,256
NF,401,556,1,Fe-Olivine,5,425,256
NF,401,557,1,Fe-Olivine,5,425,256
NF,401,558,1,Fe-Olivine,5,425,256
NF,401,559,1,Fe-Olivine,5,425,256
NF,401,560,1,Fe-Olivine,5,425,256
NF,401,561,1,Fe-Olivine,5,425,256
NF,401,562,1,Fe-Olivine,5,425,256
NF,401,575,7,Plagioclase,13,425,256
NF,401,576,7,Plagioclase,13,425,256
NF,401,577,7,Plagioclase,13,425,256
NF,401,578,7,Plagioclase,13,425,256
NF,401,579,7,Plagioclase,13,425,256
NF,402,116,9,Serpentine,15,425,256
NF,402,117,9,Serpentine,15,425,256
NF,402,118,9,Serpentine,15,425,256
NF,402,119,9,Serpentine,15,425,256
NF,402,120,9,Serpentine,15,425,256
NF,402,121,9,Serpentine,15,425,256
NF,402,122,9,Serpentine,15,425,256
NF,402,135,6,Mg-Carbonate,10,425,256
NF,402,136,6,Mg-Carbonate,10,425,256
NF,402,137,6,Mg-Carbonate,10,425,256
NF,402,138,6,Mg-Carbonate,10,425,256
NF,402,139,6,Mg-Carbonate,10,425,256
NF,402,140,6,Mg-Carbonate,10,425,256
NF,402,249,6,Mg-Carbonate,10,425,256
NF,402,250,6,Mg-Carbonate,10,425,256
NF,402,251,6,Mg-Carbonate,10,425,256
NF,402,252,6,Mg-Carbonate,10,425,256
NF,402,263,9,Serpentine,15,425,256
NF,402,264,9,Serpentine,15,425,256
NF,402,265,9,Serpentine,15,425,256
NF,402,266,9,Serpentine,15,425,256
NF,402,267,9,Serpentine,15,425,256
NF,402,268,9,Serpentine,15,425,256
NF,402,269,9,Serpentine,15,425,256
NF,402,270,9,Serpentine,15,425,256
NF,402,358,1,Fe-Olivine,5,425,256
NF,402,359,1,Fe-Olivine,5,425,256
NF,402,360,1,Fe-Olivine,5,425,256
NF,402,361,1,Fe-Olivine,5,425,256
NF,402,362,1,Fe-Olivine,5,425,256
NF,402,363,1,Fe-Olivine,5,425,256
NF,402,364,1,Fe-Olivine,5,425,256
NF,402,365,1,Fe-Olivine,5,425,256
NF,402,366,1,Fe-Olivine,5,425,256
NF,402,367,1,Fe-Olivine,5,425,256
NF,402,368,1,Fe-Olivine,5,425,256
NF,402,369,1,Fe-Olivine,5,425,256
NF,402,370,1,Fe-Olivine,5,425,256
NF,402,371,1,Fe-Olivine,5,425,256
NF,402,491,2,Epidote,4,425,256
NF,402,492,2,Epidote,4,425,256
NF,402,493,2,Epidote,4,425,256
NF,402,494,2,Epidote,4,425,256
NF,402,547,1,Fe-Olivine,5,425,256
NF,402,548,1,Fe-Olivine,5,425,256
NF,402,549,1,Fe-Olivine,5,425,256
NF,402,550,1,Fe-Olivine,5,425,256
NF,402,551,1,Fe-Olivine,5,425,256
NF,402,552,1,Fe-Olivine,5,425,256
NF,402,553,1,Fe-Olivine,5,425,256
NF,402,554,1,Fe-Olivine,5,425,256
NF,402,555,1,Fe-Olivine,5,425,256
NF,402,556,1,Fe-Olivine,5,425,256
NF,402,557,1,Fe-Olivine,5,425,256
NF,402,558,1,Fe-Olivine,5,425,256
NF,402,559,1,Fe-Olivine,5,425,256
NF,402,560,1,Fe-Olivine,5,425,256
NF,402,561,1,Fe-Olivine,5,425,256
NF,402,562,1,Fe-Olivine,5,425,256
NF,402,563,1,Fe-Olivine,5,425,256
NF,402,575,7,Plagioclase,13,425,256
NF,402,576,7,Plagioclase,13,425,256
NF,402,577,7,Plagioclase,13,425,256
NF,402,578,7,Plagioclase,13,425,256
NF,402,579,7,Plagioclase,13,425,256
NF,403,135,6,Mg-Carbonate,10,425,256
NF,403,136,6,Mg-Carbonate,10,425,256
NF,403,137,6,Mg-Carbonate,10,425,256
NF,403,138,6,Mg-Carbonate,10,425,256
NF,403,139,6,Mg-Carbonate,10,425,256
NF,403,140,6,Mg-Carbonate,10,425,256
NF,403,141,6,Mg-Carbonate,10,425,256
NF,403,249,6,Mg-Carbonate,10,425,256
NF,403,250,6,Mg-Carbonate,10,425,256
NF,403,251,6,Mg-Carbonate,10,425,256
NF,403,252,6,Mg-Carbonate,10,425,256
NF,403,362,1,Fe-Olivine,5,425,256
NF,403,363,1,Fe-Olivine,5,425,256
NF,403,364,1,Fe-Olivine,5,425,256
NF,403,365,1,Fe-Olivine,5,425,256
NF,403,366,1,Fe-Olivine,5,425,256
NF,403,367,1,Fe-Olivine,5,425,256
NF,403,368,1,Fe-Olivine,5,425,256
NF,403,369,1,Fe-Olivine,5,425,256
NF,403,370,1,Fe-Olivine,5,425,256
NF,403,371,1,Fe-Olivine,5,425,256
NF,403,491,2,Epidote,4,425,256
NF,403,492,2,Epidote,4,425,256
NF,403,493,2,Epidote,4,425,256
NF,403,494,2,Epidote,4,425,256
NF,403,546,1,Fe-Olivine,5,425,256
NF,403,547,1,Fe-Olivine,5,425,256
NF,403,548,1,Fe-Olivine,5,425,256
NF,403,549,1,Fe-Olivine,5,425,256
NF,403,550,1,Fe-Olivine,5,425,256
NF,403,551,1,Fe-Olivine,5,425,256
NF,403,552,1,Fe-Olivine,5,425,256
NF,403,553,1,Fe-Olivine,5,425,256
NF,403,554,1,Fe-Olivine,5,425,256
NF,403,555,1,Fe-Olivine,5,425,256
NF,403,556,1,Fe-Olivine,5,425,256
NF,403,557,1,Fe-Olivine,5,425,256
NF,403,558,1,Fe-Olivine,5,425,256
NF,403,559,1,Fe-Olivine,5,425,256
NF,403,560,1,Fe-Olivine,5,425,256
NF,403,561,1,Fe-Olivine,5,425,256
NF,403,562,1,Fe-Olivine,5,425,256
NF,403,563,1,Fe-Olivine,5,425,256
NF,403,564,1,Fe-Olivine,5,425,256
NF,403,575,7,Plagioclase,13,425,256
NF,403,576,7,Plagioclase,13,425,256
NF,403,577,7,Plagioclase,13,425,256
NF,403,578,7,Plagioclase,13,425,256
NF,403,579,7,Plagioclase,13,425,256
NF,403,580,7,Plagioclase,13,425,256
NF,404,134,6,Mg-Carbonate,10,425,256
NF,404,135,6,Mg-Carbonate,10,425,256
NF,404,136,6,Mg-Carbonate,10,425,256
NF,404,137,6,Mg-Carbonate,10,425,256
NF,404,138,6,Mg-Carbonate,10,425,256
NF,404,139,6,Mg-Carbonate,10,425,256
NF,404,140,6,Mg-Carbonate,10,425,256
NF,404,141,6,Mg-Carbonate,10,425,256
NF,404,248,6,Mg-Carbonate,10,425,256
NF,404,249,6,Mg-Carbonate,10,425,256
NF,404,250,6,Mg-Carbonate,10,425,256
NF,404,251,6,Mg-Carbonate,10,425,256
NF,404,252,6,Mg-Carbonate,10,425,256
NF,404,367,1,Fe-Olivine,5,425,256
NF,404,368,1,Fe-Olivine,5,425,256
NF,404,369,1,Fe-Olivine,5,425,256
NF,404,370,1,Fe-Olivine,5,425,256
NF,404,491,2,Epidote,4,425,256
NF,404,492,2,Epidote,4,425,256
NF,404,493,2,Epidote,4,425,256
NF,404,494,2,Epidote,4,425,256
NF,404,546,1,Fe-Olivine,5,425,256
NF,404,547,1,Fe-Olivine,5,425,256
NF,404,548,1,Fe-Olivine,5,425,256
NF,404,549,1,Fe-Olivine,5,425,256
NF,404,550,1,Fe-Olivine,5,425,256
NF,404,551,1,Fe-Olivine,5,425,256
NF,404,552,1,Fe-Olivine,5,425,256
NF,404,553,1,Fe-Olivine,5,425,256
NF,404,554,1,Fe-Olivine,5,425,256
NF,404,555,1,Fe-Olivine,5,425,256
NF,404,556,1,Fe-Olivine,5,425,256
NF,404,557,1,Fe-Olivine,5,425,256
NF,404,558,1,Fe-Olivine,5,425,256
NF,404,559,1,Fe-Olivine,5,425,256
NF,404,560,1,Fe-Olivine,5,425,256
NF,404,561,1,Fe-Olivine,5,425,256
NF,404,562,1,Fe-Olivine,5,425,256
NF,404,563,1,Fe-Olivine,5,425,256
NF,404,564,1,Fe-Olivine,5,425,256
NF,404,576,7,Plagioclase,13,425,256
NF,404,577,7,Plagioclase,13,425,256
NF,404,578,7,Plagioclase,13,425,256
NF,404,579,7,Plagioclase,13,425,256
NF,404,580,7,Plagioclase,13,425,256
NF,404,581,7,Plagioclase,13,425,256
NF,405,134,6,Mg-Carbonate,10,425,256
NF,405,135,6,Mg-Carbonate,10,425,256
NF,405,136,6,Mg-Carbonate,10,425,256
NF,405,137,6,Mg-Carbonate,10,425,256
NF,405,138,6,Mg-Carbonate,10,425,256
NF,405,139,6,Mg-Carbonate,10,425,256
NF,405,140,6,Mg-Carbonate,10,425,256
NF,405,141,6,Mg-Carbonate,10,425,256
NF,405,142,6,Mg-Carbonate,10,425,256
NF,405,248,6,Mg-Carbonate,10,425,256
NF,405,249,6,Mg-Carbonate,10,425,256
NF,405,250,6,Mg-Carbonate,10,425,256
NF,405,251,6,Mg-Carbonate,10,425,256
NF,405,252,6,Mg-Carbonate,10,425,256
NF,405,275,9,Serpentine,15,425,256
NF,405,276,9,Serpentine,15,425,256
NF,405,277,9,Serpentine,15,425,256
NF,405,278,9,Serpentine,15,425,256
NF,405,491,2,Epidote,4,425,256
NF,405,492,2,Epidote,4,425,256
NF,405,493,2,Epidote,4,425,256
NF,405,494,2,Epidote,4,425,256
NF,405,545,1,Fe-Olivine,5,425,256
NF,405,546,1,Fe-Olivine,5,425,256
NF,405,547,1,Fe-Olivine,5,425,256
NF,405,548,1,Fe-Olivine,5,425,256
NF,405,549,1,Fe-Olivine,5,425,256
NF,405,550,1,Fe-Olivine,5,425,256
NF,405,551,1,Fe-Olivine,5,425,256
NF,405,552,1,Fe-Olivine,5,425,256
NF,405,553,1,Fe-Olivine,5,425,256
NF,405,554,1,Fe-Olivine,5,425,256
NF,405,555,1,Fe-Olivine,5,425,256
NF,405,556,1,Fe-Olivine,5,425,256
NF,405,557,1,Fe-Olivine,5,425,256
NF,405,558,1,Fe-Olivine,5,425,256
NF,405,559,1,Fe-Olivine,5,425,256
NF,405,560,1,Fe-Olivine,5,425,256
NF,405,561,1,Fe-Olivine,5,425,256
NF,405,562,1,Fe-Olivine,5,425,256
NF,405,563,1,Fe-Olivine,5,425,256
NF,405,564,1,Fe-Olivine,5,425,256
NF,405,576,7,Plagioclase,13,425,256
NF,405,577,7,Plagioclase,13,425,256
NF,405,578,7,Plagioclase,13,425,256
NF,405,579,7,Plagioclase,13,425,256
NF,405,580,7,Plagioclase,13,425,256
NF,405,581,7,Plagioclase,13,425,256
NF,406,134,6,Mg-Carbonate,10,425,256
NF,406,135,6,Mg-Carbonate,10,425,256
NF,406,136,6,Mg-Carbonate,10,425,256
NF,406,137,6,Mg-Carbonate,10,425,256
NF,406,138,6,Mg-Carbonate,10,425,256
NF,406,139,6,Mg-Carbonate,10,425,256
NF,406,140,6,Mg-Carbonate,10,425,256
NF,406,141,6,Mg-Carbonate,10,425,256
NF,406,142,6,Mg-Carbonate,10,425,256
NF,406,143,6,Mg-Carbonate,10,425,256
NF,406,247,6,Mg-Carbonate,10,425,256
NF,406,248,6,Mg-Carbonate,10,425,256
NF,406,249,6,Mg-Carbonate,10,425,256
NF,406,250,6,Mg-Carbonate,10,425,256
NF,406,251,6,Mg-Carbonate,10,425,256
NF,406,252,6,Mg-Carbonate,10,425,256
NF,406,275,9,Serpentine,15,425,256
NF,406,276,9,Serpentine,15,425,256
NF,406,277,9,Serpentine,15,425,256
NF,406,278,9,Serpentine,15,425,256
NF,406,279,9,Serpentine,15,425,256
NF,406,280,9,Serpentine,15,425,256
NF,406,281,9,Serpentine,15,425,256
NF,406,544,1,Fe-Olivine,5,425,256
NF,406,545,1,Fe-Olivine,5,425,256
NF,406,546,1,Fe-Olivine,5,425,256
NF,406,547,1,Fe-Olivine,5,425,256
NF,406,548,1,Fe-Olivine,5,425,256
NF,406,549,1,Fe-Olivine,5,425,256
NF,406,550,1,Fe-Olivine,5,425,256
NF,406,551,1,Fe-Olivine,5,425,256
NF,406,552,1,Fe-Olivine,5,425,256
NF,406,553,1,Fe-Olivine,5,425,256
NF,406,554,1,Fe-Olivine,5,425,256
NF,406,555,1,Fe-Olivine,5,425,256
NF,406,556,1,Fe-Olivine,5,425,256
NF,406,557,1,Fe-Olivine,5,425,256
NF,406,558,1,Fe-Olivine,5,425,256
NF,406,559,1,Fe-Olivine,5,425,256
NF,406,560,1,Fe-Olivine,5,425,256
NF,406,561,1,Fe-Olivine,5,425,256
NF,406,562,1,Fe-Olivine,5,425,256
NF,406,563,1,Fe-Olivine,5,425,256
NF,406,564,1,Fe-Olivine,5,425,256
NF,406,577,7,Plagioclase,13,425,256
NF,406,578,7,Plagioclase,13,425,256
NF,406,579,7,Plagioclase,13,425,256
NF,406,580,7,Plagioclase,13,425,256
NF,406,581,7,Plagioclase,13,425,256
NF,407,133,6,Mg-Carbonate,10,425,256
NF,407,134,6,Mg-Carbonate,10,425,256
NF,407,135,6,Mg-Carbonate,10,425,256
NF,407,136,6,Mg-Carbonate,10,425,256
NF,407,137,6,Mg-Carbonate,10,425,256
NF,407,138,6,Mg-Carbonate,10,425,256
NF,407,139,6,Mg-Carbonate,10,425,256
NF,407,140,6,Mg-Carbonate,10,425,256
NF,407,141,6,Mg-Carbonate,10,425,256
NF,407,142,6,Mg-Carbonate,10,425,256
NF,407,143,6,Mg-Carbonate,10,425,256
NF,407,247,6,Mg-Carbonate,10,425,256
NF,407,248,6,Mg-Carbonate,10,425,256
NF,407,249,6,Mg-Carbonate,10,425,256
NF,407,250,6,Mg-Carbonate,10,425,256
NF,407,251,6,Mg-Carbonate,10,425,256
NF,407,275,9,Serpentine,15,425,256
NF,407,276,9,Serpentine,15,425,256
NF,407,277,9,Serpentine,15,425,256
NF,407,278,9,Serpentine,15,425,256
NF,407,279,9,Serpentine,15,425,256
NF,407,280,9,Serpentine,15,425,256
NF,407,281,9,Serpentine,15,425,256
NF,407,282,9,Serpentine,15,425,256
NF,407,544,1,Fe-Olivine,5,425,256
NF,407,545,1,Fe-Olivine,5,425,256
NF,407,546,1,Fe-Olivine,5,425,256
NF,407,547,1,Fe-Olivine,5,425,256
NF,407,548,1,Fe-Olivine,5,425,256
NF,407,549,1,Fe-Olivine,5,425,256
NF,407,550,1,Fe-Olivine,5,425,256
NF,407,551,1,Fe-Olivine,5,425,256
NF,407,552,1,Fe-Olivine,5,425,256
NF,407,553,1,Fe-Olivine,5,425,256
NF,407,554,1,Fe-Olivine,5,425,256
NF,407,555,1,Fe-Olivine,5,425,256
NF,407,556,1,Fe-Olivine,5,425,256
NF,407,557,1,Fe-Olivine,5,425,256
NF,407,558,1,Fe-Olivine,5,425,256
NF,407,559,1,Fe-Olivine,5,425,256
NF,407,560,1,Fe-Olivine,5,425,256
NF,407,561,1,Fe-Olivine,5,425,256
NF,407,562,1,Fe-Olivine,5,425,256
NF,407,563,1,Fe-Olivine,5,425,256
NF,407,564,1,Fe-Olivine,5,425,256
NF,407,577,7,Plagioclase,13,425,256
NF,407,578,7,Plagioclase,13,425,256
NF,407,579,7,Plagioclase,13,425,256
NF,407,580,7,Plagioclase,13,425,256
NF,407,581,7,Plagioclase,13,425,256
NF,408,133,6,Mg-Carbonate,10,425,256
NF,408,134,6,Mg-Carbonate,10,425,256
NF,408,135,6,Mg-Carbonate,10,425,256
NF,408,136,6,Mg-Carbonate,10,425,256
NF,408,137,6,Mg-Carbonate,10,425,256
NF,408,138,6,Mg-Carbonate,10,425,256
NF,408,139,6,Mg-Carbonate,10,425,256
NF,408,140,6,Mg-Carbonate,10,425,256
NF,408,141,6,Mg-Carbonate,10,425,256
NF,408,142,6,Mg-Carbonate,10,425,256
NF,408,143,6,Mg-Carbonate,10,425,256
NF,408,247,6,Mg-Carbonate,10,425,256
NF,408,248,6,Mg-Carbonate,10,425,256
NF,408,249,6,Mg-Carbonate,10,425,256
NF,408,250,6,Mg-Carbonate,10,425,256
NF,408,251,6,Mg-Carbonate,10,425,256
NF,408,275,9,Serpentine,15,425,256
NF,408,276,9,Serpentine,15,425,256
NF,408,277,9,Serpentine,15,425,256
NF,408,278,9,Serpentine,15,425,256
NF,408,279,9,Serpentine,15,425,256
NF,408,280,9,Serpentine,15,425,256
NF,408,281,9,Serpentine,15,425,256
NF,408,282,9,Serpentine,15,425,256
NF,408,283,9,Serpentine,15,425,256
NF,408,544,1,Fe-Olivine,5,425,256
NF,408,545,1,Fe-Olivine,5,425,256
NF,408,546,1,Fe-Olivine,5,425,256
NF,408,547,1,Fe-Olivine,5,425,256
NF,408,548,1,Fe-Olivine,5,425,256
NF,408,549,1,Fe-Olivine,5,425,256
NF,408,550,1,Fe-Olivine,5,425,256
NF,408,551,1,Fe-Olivine,5,425,256
NF,408,552,1,Fe-Olivine,5,425,256
NF,408,553,1,Fe-Olivine,5,425,256
NF,408,554,1,Fe-Olivine,5,425,256
NF,408,555,1,Fe-Olivine,5,425,256
NF,408,556,1,Fe-Olivine,5,425,256
NF,408,557,1,Fe-Olivine,5,425,256
NF,408,558,1,Fe-Olivine,5,425,256
NF,408,559,1,Fe-Olivine,5,425,256
NF,408,560,1,Fe-Olivine,5,425,256
NF,408,561,1,Fe-Olivine,5,425,256
NF,408,562,1,Fe-Olivine,5,425,256
NF,408,563,1,Fe-Olivine,5,425,256
NF,408,564,1,Fe-Olivine,5,425,256
NF,408,578,7,Plagioclase,13,425,256
NF,408,579,7,Plagioclase,13,425,256
NF,408,580,7,Plagioclase,13,425,256
NF,408,581,7,Plagioclase,13,425,256
NF,409,133,6,Mg-Carbonate,10,425,256
NF,409,134,6,Mg-Carbonate,10,425,256
NF,409,135,6,Mg-Carbonate,10,425,256
NF,409,136,6,Mg-Carbonate,10,425,256
NF,409,137,6,Mg-Carbonate,10,425,256
NF,409,138,6,Mg-Carbonate,10,425,256
NF,409,139,6,Mg-Carbonate,10,425,256
NF,409,140,6,Mg-Carbonate,10,425,256
NF,409,141,6,Mg-Carbonate,10,425,256
NF,409,142,6,Mg-Carbonate,10,425,256
NF,409,143,6,Mg-Carbonate,10,425,256
NF,409,144,6,Mg-Carbonate,10,425,256
NF,409,247,6,Mg-Carbonate,10,425,256
NF,409,248,6,Mg-Carbonate,10,425,256
NF,409,249,6,Mg-Carbonate,10,425,256
NF,409,250,6,Mg-Carbonate,10,425,256
NF,409,251,6,Mg-Carbonate,10,425,256
NF,409,275,9,Serpentine,15,425,256
NF,409,276,9,Serpentine,15,425,256
NF,409,277,9,Serpentine,15,425,256
NF,409,278,9,Serpentine,15,425,256
NF,409,279,9,Serpentine,15,425,256
NF,409,280,9,Serpentine,15,425,256
NF,409,281,9,Serpentine,15,425,256
NF,409,282,9,Serpentine,15,425,256
NF,409,283,9,Serpentine,15,425,256
NF,409,544,1,Fe-Olivine,5,425,256
NF,409,545,1,Fe-Olivine,5,425,256
NF,409,546,1,Fe-Olivine,5,425,256
NF,409,547,1,Fe-Olivine,5,425,256
NF,409,548,1,Fe-Olivine,5,425,256
NF,409,549,1,Fe-Olivine,5,425,256
NF,409,550,1,Fe-Olivine,5,425,256
NF,409,551,1,Fe-Olivine,5,425,256
NF,409,552,1,Fe-Olivine,5,425,256
NF,409,553,1,Fe-Olivine,5,425,256
NF,409,554,1,Fe-Olivine,5,425,256
NF,409,555,1,Fe-Olivine,5,425,256
NF,409,556,1,Fe-Olivine,5,425,256
NF,409,557,1,Fe-Olivine,5,425,256
NF,409,558,1,Fe-Olivine,5,425,256
NF,409,559,1,Fe-Olivine,5,425,256
NF,409,560,1,Fe-Olivine,5,425,256
NF,409,561,1,Fe-Olivine,5,425,256
NF,409,562,1,Fe-Olivine,5,425,256
NF,409,563,1,Fe-Olivine,5,425,256
NF,409,564,1,Fe-Olivine,5,425,256
NF,410,133,6,Mg-Carbonate,10,425,256
NF,410,134,6,Mg-Carbonate,10,425,256
NF,410,135,6,Mg-Carbonate,10,425,256
NF,410,136,6,Mg-Carbonate,10,425,256
NF,410,137,6,Mg-Carbonate,10,425,256
NF,410,138,6,Mg-Carbonate,10,425,256
NF,410,139,6,Mg-Carbonate,10,425,256
NF,410,140,6,Mg-Carbonate,10,425,256
NF,410,141,6,Mg-Carbonate,10,425,256
NF,410,142,6,Mg-Carbonate,10,425,256
NF,410,143,6,Mg-Carbonate,10,425,256
NF,410,144,6,Mg-Carbonate,10,425,256
NF,410,145,6,Mg-Carbonate,10,425,256
NF,410,248,6,Mg-Carbonate,10,425,256
NF,410,249,6,Mg-Carbonate,10,425,256
NF,410,250,6,Mg-Carbonate,10,425,256
NF,410,277,9,Serpentine,15,425,256
NF,410,278,9,Serpentine,15,425,256
NF,410,279,9,Serpentine,15,425,256
NF,410,280,9,Serpentine,15,425,256
NF,410,281,9,Serpentine,15,425,256
NF,410,282,9,Serpentine,15,425,256
NF,410,283,9,Serpentine,15,425,256
NF,410,543,1,Fe-Olivine,5,425,256
NF,410,544,1,Fe-Olivine,5,425,256
NF,410,545,1,Fe-Olivine,5,425,256
NF,410,546,1,Fe-Olivine,5,425,256
NF,410,547,1,Fe-Olivine,5,425,256
NF,410,548,1,Fe-Olivine,5,425,256
NF,410,549,1,Fe-Olivine,5,425,256
NF,410,550,1,Fe-Olivine,5,425,256
NF,410,551,1,Fe-Olivine,5,425,256
NF,410,552,1,Fe-Olivine,5,425,256
NF,410,553,1,Fe-Olivine,5,425,256
NF,410,554,1,Fe-Olivine,5,425,256
NF,410,555,1,Fe-Olivine,5,425,256
NF,410,556,1,Fe-Olivine,5,425,256
NF,410,557,1,Fe-Olivine,5,425,256
NF,410,558,1,Fe-Olivine,5,425,256
NF,410,559,1,Fe-Olivine,5,425,256
NF,410,560,1,Fe-Olivine,5,425,256
NF,410,561,1,Fe-Olivine,5,425,256
NF,410,562,1,Fe-Olivine,5,425,256
NF,410,563,1,Fe-Olivine,5,425,256
NF,410,564,1,Fe-Olivine,5,425,256
NF,411,135,6,Mg-Carbonate,10,425,256
NF,411,136,6,Mg-Carbonate,10,425,256
NF,411,137,6,Mg-Carbonate,10,425,256
NF,411,138,6,Mg-Carbonate,10,425,256
NF,411,139,6,Mg-Carbonate,10,425,256
NF,411,140,6,Mg-Carbonate,10,425,256
NF,411,141,6,Mg-Carbonate,10,425,256
NF,411,142,6,Mg-Carbonate,10,425,256
NF,411,143,6,Mg-Carbonate,10,425,256
NF,411,144,6,Mg-Carbonate,10,425,256
NF,411,145,6,Mg-Carbonate,10,425,256
NF,411,279,9,Serpentine,15,425,256
NF,411,280,9,Serpentine,15,425,256
NF,411,281,9,Serpentine,15,425,256
NF,411,282,9,Serpentine,15,425,256
NF,411,283,9,Serpentine,15,425,256
NF,411,543,1,Fe-Olivine,5,425,256
NF,411,544,1,Fe-Olivine,5,425,256
NF,411,545,1,Fe-Olivine,5,425,256
NF,411,546,1,Fe-Olivine,5,425,256
NF,411,547,1,Fe-Olivine,5,425,256
NF,411,548,1,Fe-Olivine,5,425,256
NF,411,549,1,Fe-Olivine,5,425,256
NF,411,550,1,Fe-Olivine,5,425,256
NF,411,551,1,Fe-Olivine,5,425,256
NF,411,552,1,Fe-Olivine,5,425,256
NF,411,553,1,Fe-Olivine,5,425,256
NF,411,554,1,Fe-Olivine,5,425,256
NF,411,555,1,Fe-Olivine,5,425,256
NF,411,556,1,Fe-Olivine,5,425,256
NF,411,557,1,Fe-Olivine,5,425,256
NF,411,558,1,Fe-Olivine,5,425,256
NF,411,559,1,Fe-Olivine,5,425,256
NF,411,560,1,Fe-Olivine,5,425,256
NF,411,561,1,Fe-Olivine,5,425,256
NF,411,562,1,Fe-Olivine,5,425,256
NF,411,563,1,Fe-Olivine,5,425,256
NF,412,135,6,Mg-Carbonate,10,425,256
NF,412,136,6,Mg-Carbonate,10,425,256
NF,412,137,6,Mg-Carbonate,10,425,256
NF,412,138,6,Mg-Carbonate,10,425,256
NF,412,139,6,Mg-Carbonate,10,425,256
NF,412,140,6,Mg-Carbonate,10,425,256
NF,412,141,6,Mg-Carbonate,10,425,256
NF,412,142,6,Mg-Carbonate,10,425,256
NF,412,143,6,Mg-Carbonate,10,425,256
NF,412,144,6,Mg-Carbonate,10,425,256
NF,412,145,6,Mg-Carbonate,10,425,256
NF,412,280,9,Serpentine,15,425,256
NF,412,281,9,Serpentine,15,425,256
NF,412,282,9,Serpentine,15,425,256
NF,412,495,2,Epidote,4,425,256
NF,412,496,2,Epidote,4,425,256
NF,412,497,2,Epidote,4,425,256
NF,412,498,2,Epidote,4,425,256
NF,412,499,2,Epidote,4,425,256
NF,412,500,2,Epidote,4,425,256
NF,412,501,2,Epidote,4,425,256
NF,412,502,2,Epidote,4,425,256
NF,412,544,1,Fe-Olivine,5,425,256
NF,412,545,1,Fe-Olivine,5,425,256
NF,412,546,1,Fe-Olivine,5,425,256
NF,412,547,1,Fe-Olivine,5,425,256
NF,412,548,1,Fe-Olivine,5,425,256
NF,412,549,1,Fe-Olivine,5,425,256
NF,412,550,1,Fe-Olivine,5,425,256
NF,412,551,1,Fe-Olivine,5,425,256
NF,412,552,1,Fe-Olivine,5,425,256
NF,412,553,1,Fe-Olivine,5,425,256
NF,412,554,1,Fe-Olivine,5,425,256
NF,412,555,1,Fe-Olivine,5,425,256
NF,412,556,1,Fe-Olivine,5,425,256
NF,412,557,1,Fe-Olivine,5,425,256
NF,412,558,1,Fe-Olivine,5,425,256
NF,412,559,1,Fe-Olivine,5,425,256
NF,412,560,1,Fe-Olivine,5,425,256
NF,412,561,1,Fe-Olivine,5,425,256
NF,412,562,1,Fe-Olivine,5,425,256
NF,412,563,1,Fe-Olivine,5,425,256
NF,413,135,6,Mg-Carbonate,10,425,256
NF,413,136,6,Mg-Carbonate,10,425,256
NF,413,137,6,Mg-Carbonate,10,425,256
NF,413,138,6,Mg-Carbonate,10,425,256
NF,413,139,6,Mg-Carbonate,10,425,256
NF,413,140,6,Mg-Carbonate,10,425,256
NF,413,141,6,Mg-Carbonate,10,425,256
NF,413,142,6,Mg-Carbonate,10,425,256
NF,413,143,6,Mg-Carbonate,10,425,256
NF,413,144,6,Mg-Carbonate,10,425,256
NF,413,145,6,Mg-Carbonate,10,425,256
NF,413,493,2,Epidote,4,425,256
NF,413,494,2,Epidote,4,425,256
NF,413,495,2,Epidote,4,425,256
NF,413,496,2,Epidote,4,425,256
NF,413,497,2,Epidote,4,425,256
NF,413,498,2,Epidote,4,425,256
NF,413,499,2,Epidote,4,425,256
NF,413,500,2,Epidote,4,425,256
NF,413,501,2,Epidote,4,425,256
NF,413,502,2,Epidote,4,425,256
NF,413,544,1,Fe-Olivine,5,425,256
NF,413,545,1,Fe-Olivine,5,425,256
NF,413,546,1,Fe-Olivine,5,425,256
NF,413,547,1,Fe-Olivine,5,425,256
NF,413,548,1,Fe-Olivine,5,425,256
NF,413,549,1,Fe-Olivine,5,425,256
NF,413,550,1,Fe-Olivine,5,425,256
NF,413,551,1,Fe-Olivine,5,425,256
NF,413,552,1,Fe-Olivine,5,425,256
NF,413,553,1,Fe-Olivine,5,425,256
NF,413,554,1,Fe-Olivine,5,425,256
NF,413,555,1,Fe-Olivine,5,425,256
NF,413,556,1,Fe-Olivine,5,425,256
NF,413,557,1,Fe-Olivine,5,425,256
NF,413,558,1,Fe-Olivine,5,425,256
NF,413,559,1,Fe-Olivine,5,425,256
NF,413,560,1,Fe-Olivine,5,425,256
NF,413,561,1,Fe-Olivine,5,425,256
NF,413,562,1,Fe-Olivine,5,425,256
NF,413,563,1,Fe-Olivine,5,425,256
NF,414,135,6,Mg-Carbonate,10,425,256
NF,414,136,6,Mg-Carbonate,10,425,256
NF,414,137,6,Mg-Carbonate,10,425,256
NF,414,138,6,Mg-Carbonate,10,425,256
NF,414,139,6,Mg-Carbonate,10,425,256
NF,414,140,6,Mg-Carbonate,10,425,256
NF,414,141,6,Mg-Carbonate,10,425,256
NF,414,142,6,Mg-Carbonate,10,425,256
NF,414,143,6,Mg-Carbonate,10,425,256
NF,414,144,6,Mg-Carbonate,10,425,256
NF,414,145,6,Mg-Carbonate,10,425,256
NF,414,146,6,Mg-Carbonate,10,425,256
NF,414,258,6,Mg-Carbonate,10,425,256
NF,414,259,6,Mg-Carbonate,10,425,256
NF,414,260,6,Mg-Carbonate,10,425,256
NF,414,420,2,Epidote,4,425,256
NF,414,421,2,Epidote,4,425,256
NF,414,422,2,Epidote,4,425,256
NF,414,493,2,Epidote,4,425,256
NF,414,494,2,Epidote,4,425,256
NF,414,495,2,Epidote,4,425,256
NF,414,496,2,Epidote,4,425,256
NF,414,497,2,Epidote,4,425,256
NF,414,498,2,Epidote,4,425,256
NF,414,544,1,Fe-Olivine,5,425,256
NF,414,545,1,Fe-Olivine,5,425,256
NF,414,546,1,Fe-Olivine,5,425,256
NF,414,547,1,Fe-Olivine,5,425,256
NF,414,548,1,Fe-Olivine,5,425,256
NF,414,549,1,Fe-Olivine,5,425,256
NF,414,550,1,Fe-Olivine,5,425,256
NF,414,551,1,Fe-Olivine,5,425,256
NF,414,552,1,Fe-Olivine,5,425,256
NF,414,553,1,Fe-Olivine,5,425,256
NF,414,554,1,Fe-Olivine,5,425,256
NF,414,555,1,Fe-Olivine,5,425,256
NF,414,556,1,Fe-Olivine,5,425,256
NF,414,557,1,Fe-Olivine,5,425,256
NF,414,558,1,Fe-Olivine,5,425,256
NF,414,559,1,Fe-Olivine,5,425,256
NF,414,560,1,Fe-Olivine,5,425,256
NF,414,561,1,Fe-Olivine,5,425,256
NF,414,562,1,Fe-Olivine,5,425,256
NF,414,563,1,Fe-Olivine,5,425,256
NF,415,135,6,Mg-Carbonate,10,425,256
NF,415,136,6,Mg-Carbonate,10,425,256
NF,415,137,6,Mg-Carbonate,10,425,256
NF,415,138,6,Mg-Carbonate,10,425,256
NF,415,139,6,Mg-Carbonate,10,425,256
NF,415,140,6,Mg-Carbonate,10,425,256
NF,415,141,6,Mg-Carbonate,10,425,256
NF,415,142,6,Mg-Carbonate,10,425,256
NF,415,143,6,Mg-Carbonate,10,425,256
NF,415,144,6,Mg-Carbonate,10,425,256
NF,415,145,6,Mg-Carbonate,10,425,256
NF,415,146,6,Mg-Carbonate,10,425,256
NF,415,258,6,Mg-Carbonate,10,425,256
NF,415,259,6,Mg-Carbonate,10,425,256
NF,415,260,6,Mg-Carbonate,10,425,256
NF,415,261,6,Mg-Carbonate,10,425,256
NF,415,262,6,Mg-Carbonate,10,425,256
NF,415,419,2,Epidote,4,425,256
NF,415,420,2,Epidote,4,425,256
NF,415,421,2,Epidote,4,425,256
NF,415,422,2,Epidote,4,425,256
NF,415,423,2,Epidote,4,425,256
NF,415,492,2,Epidote,4,425,256
NF,415,493,2,Epidote,4,425,256
NF,415,494,2,Epidote,4,425,256
NF,415,495,2,Epidote,4,425,256
NF,415,545,1,Fe-Olivine,5,425,256
NF,415,546,1,Fe-Olivine,5,425,256
NF,415,547,1,Fe-Olivine,5,425,256
NF,415,548,1,Fe-Olivine,5,425,256
NF,415,549,1,Fe-Olivine,5,425,256
NF,415,550,1,Fe-Olivine,5,425,256
NF,415,551,1,Fe-Olivine,5,425,256
NF,415,552,1,Fe-Olivine,5,425,256
NF,415,553,1,Fe-Olivine,5,425,256
NF,415,554,1,Fe-Olivine,5,425,256
NF,415,555,1,Fe-Olivine,5,425,256
NF,415,556,1,Fe-Olivine,5,425,256
NF,415,557,1,Fe-Olivine,5,425,256
NF,415,558,1,Fe-Olivine,5,425,256
NF,415,559,1,Fe-Olivine,5,425,256
NF,415,560,1,Fe-Olivine,5,425,256
NF,415,561,1,Fe-Olivine,5,425,256
NF,415,562,1,Fe-Olivine,5,425,256
NF,415,563,1,Fe-Olivine,5,425,256
NF,416,135,6,Mg-Carbonate,10,425,256
NF,416,136,6,Mg-Carbonate,10,425,256
NF,416,137,6,Mg-Carbonate,10,425,256
NF,416,138,6,Mg-Carbonate,10,425,256
NF,416,139,6,Mg-Carbonate,10,425,256
NF,416,140,6,Mg-Carbonate,10,425,256
NF,416,141,6,Mg-Carbonate,10,425,256
NF,416,142,6,Mg-Carbonate,10,425,256
NF,416,143,6,Mg-Carbonate,10,425,256
NF,416,144,6,Mg-Carbonate,10,425,256
NF,416,145,6,Mg-Carbonate,10,425,256
NF,416,146,6,Mg-Carbonate,10,425,256
NF,416,147,6,Mg-Carbonate,10,425,256
NF,416,259,6,Mg-Carbonate,10,425,256
NF,416,260,6,Mg-Carbonate,10,425,256
NF,416,261,6,Mg-Carbonate,10,425,256
NF,416,262,6,Mg-Carbonate,10,425,256
NF,416,263,6,Mg-Carbonate,10,425,256
NF,416,264,6,Mg-Carbonate,10,425,256
NF,416,265,6,Mg-Carbonate,10,425,256
NF,416,266,6,Mg-Carbonate,10,425,256
NF,416,267,6,Mg-Carbonate,10,425,256
NF,416,268,6,Mg-Carbonate,10,425,256
NF,416,269,6,Mg-Carbonate,10,425,256
NF,416,270,6,Mg-Carbonate,10,425,256
NF,416,271,6,Mg-Carbonate,10,425,256
NF,416,272,6,Mg-Carbonate,10,425,256
NF,416,273,6,Mg-Carbonate,10,425,256
NF,416,274,6,Mg-Carbonate,10,425,256
NF,416,418,2,Epidote,4,425,256
NF,416,419,2,Epidote,4,425,256
NF,416,420,2,Epidote,4,425,256
NF,416,421,2,Epidote,4,425,256
NF,416,422,2,Epidote,4,425,256
NF,416,423,2,Epidote,4,425,256
NF,416,492,2,Epidote,4,425,256
NF,416,493,2,Epidote,4,425,256
NF,416,494,2,Epidote,4,425,256
NF,416,545,1,Fe-Olivine,5,425,256
NF,416,546,1,Fe-Olivine,5,425,256
NF,416,547,1,Fe-Olivine,5,425,256
NF,416,548,1,Fe-Olivine,5,425,256
NF,416,549,1,Fe-Olivine,5,425,256
NF,416,550,1,Fe-Olivine,5,425,256
NF,416,551,1,Fe-Olivine,5,425,256
NF,416,552,1,Fe-Olivine,5,425,256
NF,416,553,1,Fe-Olivine,5,425,256
NF,416,554,1,Fe-Olivine,5,425,256
NF,416,555,1,Fe-Olivine,5,425,256
NF,416,556,1,Fe-Olivine,5,425,256
NF,416,557,1,Fe-Olivine,5,425,256
NF,416,558,1,Fe-Olivine,5,425,256
NF,416,559,1,Fe-Olivine,5,425,256
NF,416,560,1,Fe-Olivine,5,425,256
NF,416,561,1,Fe-Olivine,5,425,256
NF,416,562,1,Fe-Olivine,5,425,256
NF,417,136,6,Mg-Carbonate,10,425,256
NF,417,137,6,Mg-Carbonate,10,425,256
NF,417,138,6,Mg-Carbonate,10,425,256
NF,417,139,6,Mg-Carbonate,10,425,256
NF,417,140,6,Mg-Carbonate,10,425,256
NF,417,141,6,Mg-Carbonate,10,425,256
NF,417,142,6,Mg-Carbonate,10,425,256
NF,417,143,6,Mg-Carbonate,10,425,256
NF,417,144,6,Mg-Carbonate,10,425,256
NF,417,145,6,Mg-Carbonate,10,425,256
NF,417,146,6,Mg-Carbonate,10,425,256
NF,417,147,6,Mg-Carbonate,10,425,256
NF,417,148,6,Mg-Carbonate,10,425,256
NF,417,260,6,Mg-Carbonate,10,425,256
NF,417,261,6,Mg-Carbonate,10,425,256
NF,417,262,6,Mg-Carbonate,10,425,256
NF,417,263,6,Mg-Carbonate,10,425,256
NF,417,264,6,Mg-Carbonate,10,425,256
NF,417,265,6,Mg-Carbonate,10,425,256
NF,417,266,6,Mg-Carbonate,10,425,256
NF,417,267,6,Mg-Carbonate,10,425,256
NF,417,268,6,Mg-Carbonate,10,425,256
NF,417,269,6,Mg-Carbonate,10,425,256
NF,417,270,6,Mg-Carbonate,10,425,256
NF,417,271,6,Mg-Carbonate,10,425,256
NF,417,272,6,Mg-Carbonate,10,425,256
NF,417,273,6,Mg-Carbonate,10,425,256
NF,417,274,6,Mg-Carbonate,10,425,256
NF,417,275,6,Mg-Carbonate,10,425,256
NF,417,276,6,Mg-Carbonate,10,425,256
NF,417,277,6,Mg-Carbonate,10,425,256
NF,417,278,6,Mg-Carbonate,10,425,256
NF,417,279,6,Mg-Carbonate,10,425,256
NF,417,418,2,Epidote,4,425,256
NF,417,419,2,Epidote,4,425,256
NF,417,420,2,Epidote,4,425,256
NF,417,421,2,Epidote,4,425,256
NF,417,422,2,Epidote,4,425,256
NF,417,423,2,Epidote,4,425,256
NF,417,492,2,Epidote,4,425,256
NF,417,493,2,Epidote,4,425,256
NF,417,494,2,Epidote,4,425,256
NF,417,546,1,Fe-Olivine,5,425,256
NF,417,547,1,Fe-Olivine,5,425,256
NF,417,548,1,Fe-Olivine,5,425,256
NF,417,549,1,Fe-Olivine,5,425,256
NF,417,550,1,Fe-Olivine,5,425,256
NF,417,551,1,Fe-Olivine,5,425,256
NF,417,552,1,Fe-Olivine,5,425,256
NF,417,553,1,Fe-Olivine,5,425,256
NF,417,554,1,Fe-Olivine,5,425,256
NF,417,555,1,Fe-Olivine,5,425,256
NF,417,556,1,Fe-Olivine,5,425,256
NF,417,557,1,Fe-Olivine,5,425,256
NF,417,558,1,Fe-Olivine,5,425,256
NF,417,559,1,Fe-Olivine,5,425,256
NF,417,560,1,Fe-Olivine,5,425,256
NF,417,561,1,Fe-Olivine,5,425,256
NF,418,136,6,Mg-Carbonate,10,425,256
NF,418,137,6,Mg-Carbonate,10,425,256
NF,418,138,6,Mg-Carbonate,10,425,256
NF,418,139,6,Mg-Carbonate,10,425,256
NF,418,140,6,Mg-Carbonate,10,425,256
NF,418,141,6,Mg-Carbonate,10,425,256
NF,418,142,6,Mg-Carbonate,10,425,256
NF,418,143,6,Mg-Carbonate,10,425,256
NF,418,144,6,Mg-Carbonate,10,425,256
NF,418,145,6,Mg-Carbonate,10,425,256
NF,418,146,6,Mg-Carbonate,10,425,256
NF,418,147,6,Mg-Carbonate,10,425,256
NF,418,148,6,Mg-Carbonate,10,425,256
NF,418,262,6,Mg-Carbonate,10,425,256
NF,418,263,6,Mg-Carbonate,10,425,256
NF,418,264,6,Mg-Carbonate,10,425,256
NF,418,265,6,Mg-Carbonate,10,425,256
NF,418,266,6,Mg-Carbonate,10,425,256
NF,418,267,6,Mg-Carbonate,10,425,256
NF,418,268,6,Mg-Carbonate,10,425,256
NF,418,269,6,Mg-Carbonate,10,425,256
NF,418,270,6,Mg-Carbonate,10,425,256
NF,418,271,6,Mg-Carbonate,10,425,256
NF,418,272,6,Mg-Carbonate,10,425,256
NF,418,273,6,Mg-Carbonate,10,425,256
NF,418,274,6,Mg-Carbonate,10,425,256
NF,418,275,6,Mg-Carbonate,10,425,256
NF,418,276,6,Mg-Carbonate,10,425,256
NF,418,277,6,Mg-Carbonate,10,425,256
NF,418,278,6,Mg-Carbonate,10,425,256
NF,418,279,6,Mg-Carbonate,10,425,256
NF,418,418,2,Epidote,4,425,256
NF,418,419,2,Epidote,4,425,256
NF,418,420,2,Epidote,4,425,256
NF,418,421,2,Epidote,4,425,256
NF,418,422,2,Epidote,4,425,256
NF,418,548,1,Fe-Olivine,5,425,256
NF,418,549,1,Fe-Olivine,5,425,256
NF,418,550,1,Fe-Olivine,5,425,256
NF,418,551,1,Fe-Olivine,5,425,256
NF,418,552,1,Fe-Olivine,5,425,256
NF,418,553,1,Fe-Olivine,5,425,256
NF,418,554,1,Fe-Olivine,5,425,256
NF,418,555,1,Fe-Olivine,5,425,256
NF,418,556,1,Fe-Olivine,5,425,256
NF,418,557,1,Fe-Olivine,5,425,256
NF,418,558,1,Fe-Olivine,5,425,256
NF,418,559,1,Fe-Olivine,5,425,256
NF,418,560,1,Fe-Olivine,5,425,256
NF,419,63,6,Mg-Carbonate,10,425,256
NF,419,64,6,Mg-Carbonate,10,425,256
NF,419,65,6,Mg-Carbonate,10,425,256
NF,419,137,6,Mg-Carbonate,10,425,256
NF,419,138,6,Mg-Carbonate,10,425,256
NF,419,139,6,Mg-Carbonate,10,425,256
NF,419,140,6,Mg-Carbonate,10,425,256
NF,419,141,6,Mg-Carbonate,10,425,256
NF,419,142,6,Mg-Carbonate,10,425,256
NF,419,143,6,Mg-Carbonate,10,425,256
NF,419,144,6,Mg-Carbonate,10,425,256
NF,419,145,6,Mg-Carbonate,10,425,256
NF,419,146,6,Mg-Carbonate,10,425,256
NF,419,147,6,Mg-Carbonate,10,425,256
NF,419,148,6,Mg-Carbonate,10,425,256
NF,419,269,6,Mg-Carbonate,10,425,256
NF,419,270,6,Mg-Carbonate,10,425,256
NF,419,271,6,Mg-Carbonate,10,425,256
NF,419,272,6,Mg-Carbonate,10,425,256
NF,419,273,6,Mg-Carbonate,10,425,256
NF,419,419,2,Epidote,4,425,256
NF,419,420,2,Epidote,4,425,256
NF,419,421,2,Epidote,4,425,256
NF,419,500,2,Epidote,4,425,256
NF,419,501,2,Epidote,4,425,256
NF,419,551,1,Fe-Olivine,5,425,256
NF,419,552,1,Fe-Olivine,5,425,256
NF,419,553,1,Fe-Olivine,5,425,256
NF,419,554,1,Fe-Olivine,5,425,256
NF,419,555,1,Fe-Olivine,5,425,256
NF,419,556,1,Fe-Olivine,5,425,256
NF,419,557,1,Fe-Olivine,5,425,256
NF,419,558,1,Fe-Olivine,5,425,256
NF,419,559,1,Fe-Olivine,5,425,256
NF,420,60,6,Mg-Carbonate,10,425,256
NF,420,61,6,Mg-Carbonate,10,425,256
NF,420,62,6,Mg-Carbonate,10,425,256
NF,420,63,6,Mg-Carbonate,10,425,256
NF,420,64,6,Mg-Carbonate,10,425,256
NF,420,65,6,Mg-Carbonate,10,425,256
NF,420,66,6,Mg-Carbonate,10,425,256
NF,420,67,6,Mg-Carbonate,10,425,256
NF,420,68,6,Mg-Carbonate,10,425,256
NF,420,137,6,Mg-Carbonate,10,425,256
NF,420,138,6,Mg-Carbonate,10,425,256
NF,420,139,6,Mg-Carbonate,10,425,256
NF,420,140,6,Mg-Carbonate,10,425,256
NF,420,141,6,Mg-Carbonate,10,425,256
NF,420,142,6,Mg-Carbonate,10,425,256
NF,420,143,6,Mg-Carbonate,10,425,256
NF,420,144,6,Mg-Carbonate,10,425,256
NF,420,145,6,Mg-Carbonate,10,425,256
NF,420,146,6,Mg-Carbonate,10,425,256
NF,420,147,6,Mg-Carbonate,10,425,256
NF,420,148,6,Mg-Carbonate,10,425,256
NF,420,149,6,Mg-Carbonate,10,425,256
NF,420,500,2,Epidote,4,425,256
NF,420,501,2,Epidote,4,425,256
NF,420,502,2,Epidote,4,425,256
NF,420,503,2,Epidote,4,425,256
NF,421,53,6,Mg-Carbonate,10,425,256
NF,421,54,6,Mg-Carbonate,10,425,256
NF,421,55,6,Mg-Carbonate,10,425,256
NF,421,56,6,Mg-Carbonate,10,425,256
NF,421,57,6,Mg-Carbonate,10,425,256
NF,421,58,6,Mg-Carbonate,10,425,256
NF,421,59,6,Mg-Carbonate,10,425,256
NF,421,60,6,Mg-Carbonate,10,425,256
NF,421,61,6,Mg-Carbonate,10,425,256
NF,421,62,6,Mg-Carbonate,10,425,256
NF,421,63,6,Mg-Carbonate,10,425,256
NF,421,64,6,Mg-Carbonate,10,425,256
NF,421,65,6,Mg-Carbonate,10,425,256
NF,421,66,6,Mg-Carbonate,10,425,256
NF,421,67,6,Mg-Carbonate,10,425,256
NF,421,68,6,Mg-Carbonate,10,425,256
NF,421,69,6,Mg-Carbonate,10,425,256
NF,421,70,6,Mg-Carbonate,10,425,256
NF,421,71,6,Mg-Carbonate,10,425,256
NF,421,138,6,Mg-Carbonate,10,425,256
NF,421,139,6,Mg-Carbonate,10,425,256
NF,421,140,6,Mg-Carbonate,10,425,256
NF,421,141,6,Mg-Carbonate,10,425,256
NF,421,142,6,Mg-Carbonate,10,425,256
NF,421,143,6,Mg-Carbonate,10,425,256
NF,421,144,6,Mg-Carbonate,10,425,256
NF,421,145,6,Mg-Carbonate,10,425,256
NF,421,146,6,Mg-Carbonate,10,425,256
NF,421,147,6,Mg-Carbonate,10,425,256
NF,421,148,6,Mg-Carbonate,10,425,256
NF,421,149,6,Mg-Carbonate,10,425,256
NF,421,501,2,Epidote,4,425,256
NF,421,502,2,Epidote,4,425,256
NF,421,503,2,Epidote,4,425,256
NF,421,504,2,Epidote,4,425,256
NF,421,505,2,Epidote,4,425,256
NF,421,506,2,Epidote,4,425,256
NF,422,50,6,Mg-Carbonate,10,425,256
NF,422,51,6,Mg-Carbonate,10,425,256
NF,422,52,6,Mg-Carbonate,10,425,256
NF,422,53,6,Mg-Carbonate,10,425,256
NF,422,54,6,Mg-Carbonate,10,425,256
NF,422,55,6,Mg-Carbonate,10,425,256
NF,422,56,6,Mg-Carbonate,10,425,256
NF,422,57,6,Mg-Carbonate,10,425,256
NF,422,58,6,Mg-Carbonate,10,425,256
NF,422,59,6,Mg-Carbonate,10,425,256
NF,422,60,6,Mg-Carbonate,10,425,256
NF,422,61,6,Mg-Carbonate,10,425,256
NF,422,62,6,Mg-Carbonate,10,425,256
NF,422,63,6,Mg-Carbonate,10,425,256
NF,422,64,6,Mg-Carbonate,10,425,256
NF,422,65,6,Mg-Carbonate,10,425,256
NF,422,66,6,Mg-Carbonate,10,425,256
NF,422,67,6,Mg-Carbonate,10,425,256
NF,422,68,6,Mg-Carbonate,10,425,256
NF,422,69,6,Mg-Carbonate,10,425,256
NF,422,70,6,Mg-Carbonate,10,425,256
NF,422,71,6,Mg-Carbonate,10,425,256
NF,422,72,6,Mg-Carbonate,10,425,256
NF,422,73,6,Mg-Carbonate,10,425,256
NF,422,74,6,Mg-Carbonate,10,425,256
NF,422,75,6,Mg-Carbonate,10,425,256
NF,422,138,6,Mg-Carbonate,10,425,256
NF,422,139,6,Mg-Carbonate,10,425,256
NF,422,140,6,Mg-Carbonate,10,425,256
NF,422,141,6,Mg-Carbonate,10,425,256
NF,422,142,6,Mg-Carbonate,10,425,256
NF,422,143,6,Mg-Carbonate,10,425,256
NF,422,144,6,Mg-Carbonate,10,425,256
NF,422,145,6,Mg-Carbonate,10,425,256
NF,422,146,6,Mg-Carbonate,10,425,256
NF,422,147,6,Mg-Carbonate,10,425,256
NF,422,148,6,Mg-Carbonate,10,425,256
NF,422,149,6,Mg-Carbonate,10,425,256
NF,422,150,6,Mg-Carbonate,10,425,256
NF,422,503,2,Epidote,4,425,256
NF,422,504,2,Epidote,4,425,256
NF,422,505,2,Epidote,4,425,256
NF,422,506,2,Epidote,4,425,256
NF,422,507,2,Epidote,4,425,256
NF,423,49,6,Mg-Carbonate,10,425,256
NF,423,50,6,Mg-Carbonate,10,425,256
NF,423,51,6,Mg-Carbonate,10,425,256
NF,423,52,6,Mg-Carbonate,10,425,256
NF,423,53,6,Mg-Carbonate,10,425,256
NF,423,54,6,Mg-Carbonate,10,425,256
NF,423,55,6,Mg-Carbonate,10,425,256
NF,423,56,6,Mg-Carbonate,10,425,256
NF,423,57,6,Mg-Carbonate,10,425,256
NF,423,58,6,Mg-Carbonate,10,425,256
NF,423,59,6,Mg-Carbonate,10,425,256
NF,423,60,6,Mg-Carbonate,10,425,256
NF,423,61,6,Mg-Carbonate,10,425,256
NF,423,62,6,Mg-Carbonate,10,425,256
NF,423,63,6,Mg-Carbonate,10,425,256
NF,423,64,6,Mg-Carbonate,10,425,256
NF,423,65,6,Mg-Carbonate,10,425,256
NF,423,66,6,Mg-Carbonate,10,425,256
NF,423,67,6,Mg-Carbonate,10,425,256
NF,423,68,6,Mg-Carbonate,10,425,256
NF,423,69,6,Mg-Carbonate,10,425,256
NF,423,70,6,Mg-Carbonate,10,425,256
NF,423,71,6,Mg-Carbonate,10,425,256
NF,423,72,6,Mg-Carbonate,10,425,256
NF,423,73,6,Mg-Carbonate,10,425,256
NF,423,74,6,Mg-Carbonate,10,425,256
NF,423,75,6,Mg-Carbonate,10,425,256
NF,423,76,6,Mg-Carbonate,10,425,256
NF,423,77,6,Mg-Carbonate,10,425,256
NF,423,78,6,Mg-Carbonate,10,425,256
NF,423,79,6,Mg-Carbonate,10,425,256
NF,423,80,6,Mg-Carbonate,10,425,256
NF,423,138,6,Mg-Carbonate,10,425,256
NF,423,139,6,Mg-Carbonate,10,425,256
NF,423,140,6,Mg-Carbonate,10,425,256
NF,423,141,6,Mg-Carbonate,10,425,256
NF,423,142,6,Mg-Carbonate,10,425,256
NF,423,143,6,Mg-Carbonate,10,425,256
NF,423,144,6,Mg-Carbonate,10,425,256
NF,423,145,6,Mg-Carbonate,10,425,256
NF,423,146,6,Mg-Carbonate,10,425,256
NF,423,147,6,Mg-Carbonate,10,425,256
NF,423,148,6,Mg-Carbonate,10,425,256
NF,423,149,6,Mg-Carbonate,10,425,256
NF,423,150,6,Mg-Carbonate,10,425,256
NF,423,151,6,Mg-Carbonate,10,425,256
NF,423,504,2,Epidote,4,425,256
NF,423,505,2,Epidote,4,425,256
NF,423,506,2,Epidote,4,425,256
NF,423,507,2,Epidote,4,425,256
NF,423,508,2,Epidote,4,425,256
NF,423,509,2,Epidote,4,425,256
NF,423,510,2,Epidote,4,425,256
NF,423,511,2,Epidote,4,425,256
NF,423,512,2,Epidote,4,425,256
NF,424,48,6,Mg-Carbonate,10,425,256
NF,424,49,6,Mg-Carbonate,10,425,256
NF,424,50,6,Mg-Carbonate,10,425,256
NF,424,51,6,Mg-Carbonate,10,425,256
NF,424,52,6,Mg-Carbonate,10,425,256
NF,424,53,6,Mg-Carbonate,10,425,256
NF,424,54,6,Mg-Carbonate,10,425,256
NF,424,55,6,Mg-Carbonate,10,425,256
NF,424,56,6,Mg-Carbonate,10,425,256
NF,424,57,6,Mg-Carbonate,10,425,256
NF,424,58,6,Mg-Carbonate,10,425,256
NF,424,59,6,Mg-Carbonate,10,425,256
NF,424,60,6,Mg-Carbonate,10,425,256
NF,424,61,6,Mg-Carbonate,10,425,256
NF,424,62,6,Mg-Carbonate,10,425,256
NF,424,63,6,Mg-Carbonate,10,425,256
NF,424,64,6,Mg-Carbonate,10,425,256
NF,424,65,6,Mg-Carbonate,10,425,256
NF,424,66,6,Mg-Carbonate,10,425,256
NF,424,67,6,Mg-Carbonate,10,425,256
NF,424,68,6,Mg-Carbonate,10,425,256
NF,424,69,6,Mg-Carbonate,10,425,256
NF,424,70,6,Mg-Carbonate,10,425,256
NF,424,71,6,Mg-Carbonate,10,425,256
NF,424,72,6,Mg-Carbonate,10,425,256
NF,424,73,6,Mg-Carbonate,10,425,256
NF,424,74,6,Mg-Carbonate,10,425,256
NF,424,75,6,Mg-Carbonate,10,425,256
NF,424,76,6,Mg-Carbonate,10,425,256
NF,424,77,6,Mg-Carbonate,10,425,256
NF,424,78,6,Mg-Carbonate,10,425,256
NF,424,79,6,Mg-Carbonate,10,425,256
NF,424,80,6,Mg-Carbonate,10,425,256
NF,424,81,6,Mg-Carbonate,10,425,256
NF,424,139,6,Mg-Carbonate,10,425,256
NF,424,140,6,Mg-Carbonate,10,425,256
NF,424,141,6,Mg-Carbonate,10,425,256
NF,424,142,6,Mg-Carbonate,10,425,256
NF,424,143,6,Mg-Carbonate,10,425,256
NF,424,144,6,Mg-Carbonate,10,425,256
NF,424,145,6,Mg-Carbonate,10,425,256
NF,424,146,6,Mg-Carbonate,10,425,256
NF,424,147,6,Mg-Carbonate,10,425,256
NF,424,148,6,Mg-Carbonate,10,425,256
NF,424,149,6,Mg-Carbonate,10,425,256
NF,424,150,6,Mg-Carbonate,10,425,256
NF,424,151,6,Mg-Carbonate,10,425,256
NF,424,181,6,Mg-Carbonate,10,425,256
NF,424,182,6,Mg-Carbonate,10,425,256
NF,424,505,2,Epidote,4,425,256
NF,424,506,2,Epidote,4,425,256
NF,424,507,2,Epidote,4,425,256
NF,424,508,2,Epidote,4,425,256
NF,424,509,2,Epidote,4,425,256
NF,424,510,2,Epidote,4,425,256
NF,424,511,2,Epidote,4,425,256
NF,424,512,2,Epidote,4,425,256
NF,425,45,6,Mg-Carbonate,10,425,256
NF,425,46,6,Mg-Carbonate,10,425,256
NF,425,47,6,Mg-Carbonate,10,425,256
NF,425,48,6,Mg-Carbonate,10,425,256
NF,425,49,6,Mg-Carbonate,10,425,256
NF,425,50,6,Mg-Carbonate,10,425,256
NF,425,51,6,Mg-Carbonate,10,425,256
NF,425,52,6,Mg-Carbonate,10,425,256
NF,425,53,6,Mg-Carbonate,10,425,256
NF,425,54,6,Mg-Carbonate,10,425,256
NF,425,55,6,Mg-Carbonate,10,425,256
NF,425,56,6,Mg-Carbonate,10,425,256
NF,425,57,6,Mg-Carbonate,10,425,256
NF,425,58,6,Mg-Carbonate,10,425,256
NF,425,59,6,Mg-Carbonate,10,425,256
NF,425,60,6,Mg-Carbonate,10,425,256
NF,425,61,6,Mg-Carbonate,10,425,256
NF,425,62,6,Mg-Carbonate,10,425,256
NF,425,63,6,Mg-Carbonate,10,425,256
NF,425,64,6,Mg-Carbonate,10,425,256
NF,425,65,6,Mg-Carbonate,10,425,256
NF,425,66,6,Mg-Carbonate,10,425,256
NF,425,67,6,Mg-Carbonate,10,425,256
NF,425,68,6,Mg-Carbonate,10,425,256
NF,425,69,6,Mg-Carbonate,10,425,256
NF,425,70,6,Mg-Carbonate,10,425,256
NF,425,71,6,Mg-Carbonate,10,425,256
NF,425,72,6,Mg-Carbonate,10,425,256
NF,425,73,6,Mg-Carbonate,10,425,256
NF,425,74,6,Mg-Carbonate,10,425,256
NF,425,75,6,Mg-Carbonate,10,425,256
NF,425,76,6,Mg-Carbonate,10,425,256
NF,425,77,6,Mg-Carbonate,10,425,256
NF,425,78,6,Mg-Carbonate,10,425,256
NF,425,79,6,Mg-Carbonate,10,425,256
NF,425,80,6,Mg-Carbonate,10,425,256
NF,425,81,6,Mg-Carbonate,10,425,256
NF,425,139,6,Mg-Carbonate,10,425,256
NF,425,140,6,Mg-Carbonate,10,425,256
NF,425,141,6,Mg-Carbonate,10,425,256
NF,425,142,6,Mg-Carbonate,10,425,256
NF,425,143,6,Mg-Carbonate,10,425,256
NF,425,144,6,Mg-Carbonate,10,425,256
NF,425,145,6,Mg-Carbonate,10,425,256
NF,425,146,6,Mg-Carbonate,10,425,256
NF,425,147,6,Mg-Carbonate,10,425,256
NF,425,148,6,Mg-Carbonate,10,425,256
NF,425,149,6,Mg-Carbonate,10,425,256
NF,425,150,6,Mg-Carbonate,10,425,256
NF,425,151,6,Mg-Carbonate,10,425,256
NF,425,180,6,Mg-Carbonate,10,425,256
NF,425,181,6,Mg-Carbonate,10,425,256
NF,425,182,6,Mg-Carbonate,10,425,256
NF,425,183,6,Mg-Carbonate,10,425,256
NF,425,184,6,Mg-Carbonate,10,425,256
NF,425,185,6,Mg-Carbonate,10,425,256
NF,425,186,6,Mg-Carbonate,10,425,256
NF,426,42,6,Mg-Carbonate,10,425,256
NF,426,43,6,Mg-Carbonate,10,425,256
NF,426,44,6,Mg-Carbonate,10,425,256
NF,426,45,6,Mg-Carbonate,10,425,256
NF,426,46,6,Mg-Carbonate,10,425,256
NF,426,47,6,Mg-Carbonate,10,425,256
NF,426,48,6,Mg-Carbonate,10,425,256
NF,426,49,6,Mg-Carbonate,10,425,256
NF,426,50,6,Mg-Carbonate,10,425,256
NF,426,51,6,Mg-Carbonate,10,425,256
NF,426,52,6,Mg-Carbonate,10,425,256
NF,426,53,6,Mg-Carbonate,10,425,256
NF,426,54,6,Mg-Carbonate,10,425,256
NF,426,55,6,Mg-Carbonate,10,425,256
NF,426,56,6,Mg-Carbonate,10,425,256
NF,426,57,6,Mg-Carbonate,10,425,256
NF,426,58,6,Mg-Carbonate,10,425,256
NF,426,59,6,Mg-Carbonate,10,425,256
NF,426,60,6,Mg-Carbonate,10,425,256
NF,426,61,6,Mg-Carbonate,10,425,256
NF,426,62,6,Mg-Carbonate,10,425,256
NF,426,63,6,Mg-Carbonate,10,425,256
NF,426,64,6,Mg-Carbonate,10,425,256
NF,426,65,6,Mg-Carbonate,10,425,256
NF,426,66,6,Mg-Carbonate,10,425,256
NF,426,67,6,Mg-Carbonate,10,425,256
NF,426,68,6,Mg-Carbonate,10,425,256
NF,426,69,6,Mg-Carbonate,10,425,256
NF,426,70,6,Mg-Carbonate,10,425,256
NF,426,71,6,Mg-Carbonate,10,425,256
NF,426,72,6,Mg-Carbonate,10,425,256
NF,426,73,6,Mg-Carbonate,10,425,256
NF,426,74,6,Mg-Carbonate,10,425,256
NF,426,75,6,Mg-Carbonate,10,425,256
NF,426,76,6,Mg-Carbonate,10,425,256
NF,426,77,6,Mg-Carbonate,10,425,256
NF,426,78,6,Mg-Carbonate,10,425,256
NF,426,79,6,Mg-Carbonate,10,425,256
NF,426,80,6,Mg-Carbonate,10,425,256
NF,426,81,6,Mg-Carbonate,10,425,256
NF,426,140,6,Mg-Carbonate,10,425,256
NF,426,141,6,Mg-Carbonate,10,425,256
NF,426,142,6,Mg-Carbonate,10,425,256
NF,426,143,6,Mg-Carbonate,10,425,256
NF,426,144,6,Mg-Carbonate,10,425,256
NF,426,145,6,Mg-Carbonate,10,425,256
NF,426,146,6,Mg-Carbonate,10,425,256
NF,426,147,6,Mg-Carbonate,10,425,256
NF,426,148,6,Mg-Carbonate,10,425,256
NF,426,149,6,Mg-Carbonate,10,425,256
NF,426,150,6,Mg-Carbonate,10,425,256
NF,426,151,6,Mg-Carbonate,10,425,256
NF,426,178,6,Mg-Carbonate,10,425,256
NF,426,179,6,Mg-Carbonate,10,425,256
NF,426,180,6,Mg-Carbonate,10,425,256
NF,426,181,6,Mg-Carbonate,10,425,256
NF,426,182,6,Mg-Carbonate,10,425,256
NF,426,183,6,Mg-Carbonate,10,425,256
NF,426,184,6,Mg-Carbonate,10,425,256
NF,426,185,6,Mg-Carbonate,10,425,256
NF,426,186,6,Mg-Carbonate,10,425,256
NF,426,187,6,Mg-Carbonate,10,425,256
NF,426,188,6,Mg-Carbonate,10,425,256
NF,427,40,6,Mg-Carbonate,10,425,256
NF,427,41,6,Mg-Carbonate,10,425,256
NF,427,42,6,Mg-Carbonate,10,425,256
NF,427,43,6,Mg-Carbonate,10,425,256
NF,427,44,6,Mg-Carbonate,10,425,256
NF,427,45,6,Mg-Carbonate,10,425,256
NF,427,46,6,Mg-Carbonate,10,425,256
NF,427,47,6,Mg-Carbonate,10,425,256
NF,427,48,6,Mg-Carbonate,10,425,256
NF,427,49,6,Mg-Carbonate,10,425,256
NF,427,50,6,Mg-Carbonate,10,425,256
NF,427,51,6,Mg-Carbonate,10,425,256
NF,427,52,6,Mg-Carbonate,10,425,256
NF,427,53,6,Mg-Carbonate,10,425,256
NF,427,54,6,Mg-Carbonate,10,425,256
NF,427,55,6,Mg-Carbonate,10,425,256
NF,427,56,6,Mg-Carbonate,10,425,256
NF,427,57,6,Mg-Carbonate,10,425,256
NF,427,58,6,Mg-Carbonate,10,425,256
NF,427,59,6,Mg-Carbonate,10,425,256
NF,427,60,6,Mg-Carbonate,10,425,256
NF,427,61,6,Mg-Carbonate,10,425,256
NF,427,74,6,Mg-Carbonate,10,425,256
NF,427,75,6,Mg-Carbonate,10,425,256
NF,427,76,6,Mg-Carbonate,10,425,256
NF,427,77,6,Mg-Carbonate,10,425,256
NF,427,78,6,Mg-Carbonate,10,425,256
NF,427,79,6,Mg-Carbonate,10,425,256
NF,427,80,6,Mg-Carbonate,10,425,256
NF,427,81,6,Mg-Carbonate,10,425,256
NF,427,141,6,Mg-Carbonate,10,425,256
NF,427,142,6,Mg-Carbonate,10,425,256
NF,427,143,6,Mg-Carbonate,10,425,256
NF,427,144,6,Mg-Carbonate,10,425,256
NF,427,145,6,Mg-Carbonate,10,425,256
NF,427,146,6,Mg-Carbonate,10,425,256
NF,427,147,6,Mg-Carbonate,10,425,256
NF,427,148,6,Mg-Carbonate,10,425,256
NF,427,149,6,Mg-Carbonate,10,425,256
NF,427,150,6,Mg-Carbonate,10,425,256
NF,427,151,6,Mg-Carbonate,10,425,256
NF,427,178,6,Mg-Carbonate,10,425,256
NF,427,179,6,Mg-Carbonate,10,425,256
NF,427,180,6,Mg-Carbonate,10,425,256
NF,427,181,6,Mg-Carbonate,10,425,256
NF,427,182,6,Mg-Carbonate,10,425,256
NF,427,183,6,Mg-Carbonate,10,425,256
NF,427,184,6,Mg-Carbonate,10,425,256
NF,427,185,6,Mg-Carbonate,10,425,256
NF,427,186,6,Mg-Carbonate,10,425,256
NF,427,187,6,Mg-Carbonate,10,425,256
NF,427,188,6,Mg-Carbonate,10,425,256
NF,427,189,6,Mg-Carbonate,10,425,256
NF,427,190,6,Mg-Carbonate,10,425,256
NF,428,39,6,Mg-Carbonate,10,425,256
NF,428,40,6,Mg-Carbonate,10,425,256
NF,428,41,6,Mg-Carbonate,10,425,256
NF,428,42,6,Mg-Carbonate,10,425,256
NF,428,43,6,Mg-Carbonate,10,425,256
NF,428,44,6,Mg-Carbonate,10,425,256
NF,428,45,6,Mg-Carbonate,10,425,256
NF,428,46,6,Mg-Carbonate,10,425,256
NF,428,47,6,Mg-Carbonate,10,425,256
NF,428,48,6,Mg-Carbonate,10,425,256
NF,428,49,6,Mg-Carbonate,10,425,256
NF,428,50,6,Mg-Carbonate,10,425,256
NF,428,51,6,Mg-Carbonate,10,425,256
NF,428,52,6,Mg-Carbonate,10,425,256
NF,428,53,6,Mg-Carbonate,10,425,256
NF,428,54,6,Mg-Carbonate,10,425,256
NF,428,55,6,Mg-Carbonate,10,425,256
NF,428,56,6,Mg-Carbonate,10,425,256
NF,428,57,6,Mg-Carbonate,10,425,256
NF,428,58,6,Mg-Carbonate,10,425,256
NF,428,59,6,Mg-Carbonate,10,425,256
NF,428,60,6,Mg-Carbonate,10,425,256
NF,428,61,6,Mg-Carbonate,10,425,256
NF,428,79,6,Mg-Carbonate,10,425,256
NF,428,80,6,Mg-Carbonate,10,425,256
NF,428,81,6,Mg-Carbonate,10,425,256
NF,428,143,6,Mg-Carbonate,10,425,256
NF,428,144,6,Mg-Carbonate,10,425,256
NF,428,145,6,Mg-Carbonate,10,425,256
NF,428,146,6,Mg-Carbonate,10,425,256
NF,428,147,6,Mg-Carbonate,10,425,256
NF,428,148,6,Mg-Carbonate,10,425,256
NF,428,149,6,Mg-Carbonate,10,425,256
NF,428,150,6,Mg-Carbonate,10,425,256
NF,428,151,6,Mg-Carbonate,10,425,256
NF,428,177,6,Mg-Carbonate,10,425,256
NF,428,178,6,Mg-Carbonate,10,425,256
NF,428,179,6,Mg-Carbonate,10,425,256
NF,428,180,6,Mg-Carbonate,10,425,256
NF,428,181,6,Mg-Carbonate,10,425,256
NF,428,182,6,Mg-Carbonate,10,425,256
NF,428,183,6,Mg-Carbonate,10,425,256
NF,428,184,6,Mg-Carbonate,10,425,256
NF,428,185,6,Mg-Carbonate,10,425,256
NF,428,186,6,Mg-Carbonate,10,425,256
NF,428,187,6,Mg-Carbonate,10,425,256
NF,428,188,6,Mg-Carbonate,10,425,256
NF,428,189,6,Mg-Carbonate,10,425,256
NF,428,190,6,Mg-Carbonate,10,425,256
NF,428,191,6,Mg-Carbonate,10,425,256
NF,429,38,6,Mg-Carbonate,10,425,256
NF,429,39,6,Mg-Carbonate,10,425,256
NF,429,40,6,Mg-Carbonate,10,425,256
NF,429,41,6,Mg-Carbonate,10,425,256
NF,429,42,6,Mg-Carbonate,10,425,256
NF,429,43,6,Mg-Carbonate,10,425,256
NF,429,44,6,Mg-Carbonate,10,425,256
NF,429,45,6,Mg-Carbonate,10,425,256
NF,429,46,6,Mg-Carbonate,10,425,256
NF,429,47,6,Mg-Carbonate,10,425,256
NF,429,48,6,Mg-Carbonate,10,425,256
NF,429,49,6,Mg-Carbonate,10,425,256
NF,429,50,6,Mg-Carbonate,10,425,256
NF,429,51,6,Mg-Carbonate,10,425,256
NF,429,52,6,Mg-Carbonate,10,425,256
NF,429,53,6,Mg-Carbonate,10,425,256
NF,429,54,6,Mg-Carbonate,10,425,256
NF,429,55,6,Mg-Carbonate,10,425,256
NF,429,56,6,Mg-Carbonate,10,425,256
NF,429,57,6,Mg-Carbonate,10,425,256
NF,429,58,6,Mg-Carbonate,10,425,256
NF,429,59,6,Mg-Carbonate,10,425,256
NF,429,60,6,Mg-Carbonate,10,425,256
NF,429,146,6,Mg-Carbonate,10,425,256
NF,429,147,6,Mg-Carbonate,10,425,256
NF,429,148,6,Mg-Carbonate,10,425,256
NF,429,149,6,Mg-Carbonate,10,425,256
NF,429,150,6,Mg-Carbonate,10,425,256
NF,429,177,6,Mg-Carbonate,10,425,256
NF,429,178,6,Mg-Carbonate,10,425,256
NF,429,179,6,Mg-Carbonate,10,425,256
NF,429,180,6,Mg-Carbonate,10,425,256
NF,429,181,6,Mg-Carbonate,10,425,256
NF,429,182,6,Mg-Carbonate,10,425,256
NF,429,183,6,Mg-Carbonate,10,425,256
NF,429,184,6,Mg-Carbonate,10,425,256
NF,429,185,6,Mg-Carbonate,10,425,256
NF,429,186,6,Mg-Carbonate,10,425,256
NF,429,187,6,Mg-Carbonate,10,425,256
NF,429,188,6,Mg-Carbonate,10,425,256
NF,429,189,6,Mg-Carbonate,10,425,256
NF,429,190,6,Mg-Carbonate,10,425,256
NF,429,191,6,Mg-Carbonate,10,425,256
NF,429,192,6,Mg-Carbonate,10,425,256
NF,429,193,6,Mg-Carbonate,10,425,256
NF,429,194,6,Mg-Carbonate,10,425,256
NF,430,37,6,Mg-Carbonate,10,425,256
NF,430,38,6,Mg-Carbonate,10,425,256
NF,430,39,6,Mg-Carbonate,10,425,256
NF,430,40,6,Mg-Carbonate,10,425,256
NF,430,41,6,Mg-Carbonate,10,425,256
NF,430,42,6,Mg-Carbonate,10,425,256
NF,430,43,6,Mg-Carbonate,10,425,256
NF,430,44,6,Mg-Carbonate,10,425,256
NF,430,45,6,Mg-Carbonate,10,425,256
NF,430,46,6,Mg-Carbonate,10,425,256
NF,430,47,6,Mg-Carbonate,10,425,256
NF,430,48,6,Mg-Carbonate,10,425,256
NF,430,49,6,Mg-Carbonate,10,425,256
NF,430,50,6,Mg-Carbonate,10,425,256
NF,430,51,6,Mg-Carbonate,10,425,256
NF,430,52,6,Mg-Carbonate,10,425,256
NF,430,53,6,Mg-Carbonate,10,425,256
NF,430,54,6,Mg-Carbonate,10,425,256
NF,430,55,6,Mg-Carbonate,10,425,256
NF,430,56,6,Mg-Carbonate,10,425,256
NF,430,57,6,Mg-Carbonate,10,425,256
NF,430,58,6,Mg-Carbonate,10,425,256
NF,430,59,6,Mg-Carbonate,10,425,256
NF,430,177,6,Mg-Carbonate,10,425,256
NF,430,178,6,Mg-Carbonate,10,425,256
NF,430,179,6,Mg-Carbonate,10,425,256
NF,430,180,6,Mg-Carbonate,10,425,256
NF,430,181,6,Mg-Carbonate,10,425,256
NF,430,182,6,Mg-Carbonate,10,425,256
NF,430,183,6,Mg-Carbonate,10,425,256
NF,430,184,6,Mg-Carbonate,10,425,256
NF,430,185,6,Mg-Carbonate,10,425,256
NF,430,186,6,Mg-Carbonate,10,425,256
NF,430,187,6,Mg-Carbonate,10,425,256
NF,430,188,6,Mg-Carbonate,10,425,256
NF,430,189,6,Mg-Carbonate,10,425,256
NF,430,190,6,Mg-Carbonate,10,425,256
NF,430,191,6,Mg-Carbonate,10,425,256
NF,430,192,6,Mg-Carbonate,10,425,256
NF,430,193,6,Mg-Carbonate,10,425,256
NF,430,194,6,Mg-Carbonate,10,425,256
NF,430,195,6,Mg-Carbonate,10,425,256
NF,430,196,6,Mg-Carbonate,10,425,256
NF,430,197,6,Mg-Carbonate,10,425,256
NF,431,37,6,Mg-Carbonate,10,425,256
NF,431,38,6,Mg-Carbonate,10,425,256
NF,431,39,6,Mg-Carbonate,10,425,256
NF,431,40,6,Mg-Carbonate,10,425,256
NF,431,41,6,Mg-Carbonate,10,425,256
NF,431,42,6,Mg-Carbonate,10,425,256
NF,431,43,6,Mg-Carbonate,10,425,256
NF,431,44,6,Mg-Carbonate,10,425,256
NF,431,45,6,Mg-Carbonate,10,425,256
NF,431,46,6,Mg-Carbonate,10,425,256
NF,431,47,6,Mg-Carbonate,10,425,256
NF,431,48,6,Mg-Carbonate,10,425,256
NF,431,49,6,Mg-Carbonate,10,425,256
NF,431,50,6,Mg-Carbonate,10,425,256
NF,431,51,6,Mg-Carbonate,10,425,256
NF,431,52,6,Mg-Carbonate,10,425,256
NF,431,53,6,Mg-Carbonate,10,425,256
NF,431,54,6,Mg-Carbonate,10,425,256
NF,431,55,6,Mg-Carbonate,10,425,256
NF,431,56,6,Mg-Carbonate,10,425,256
NF,431,57,6,Mg-Carbonate,10,425,256
NF,431,58,6,Mg-Carbonate,10,425,256
NF,431,59,6,Mg-Carbonate,10,425,256
NF,431,184,6,Mg-Carbonate,10,425,256
NF,431,185,6,Mg-Carbonate,10,425,256
NF,431,186,6,Mg-Carbonate,10,425,256
NF,431,187,6,Mg-Carbonate,10,425,256
NF,431,188,6,Mg-Carbonate,10,425,256
NF,431,189,6,Mg-Carbonate,10,425,256
NF,431,190,6,Mg-Carbonate,10,425,256
NF,431,191,6,Mg-Carbonate,10,425,256
NF,431,192,6,Mg-Carbonate,10,425,256
NF,431,193,6,Mg-Carbonate,10,425,256
NF,431,194,6,Mg-Carbonate,10,425,256
NF,431,195,6,Mg-Carbonate,10,425,256
NF,431,196,6,Mg-Carbonate,10,425,256
NF,431,197,6,Mg-Carbonate,10,425,256
NF,431,198,6,Mg-Carbonate,10,425,256
NF,431,199,6,Mg-Carbonate,10,425,256
NF,432,36,6,Mg-Carbonate,10,425,256
NF,432,37,6,Mg-Carbonate,10,425,256
NF,432,38,6,Mg-Carbonate,10,425,256
NF,432,39,6,Mg-Carbonate,10,425,256
NF,432,40,6,Mg-Carbonate,10,425,256
NF,432,41,6,Mg-Carbonate,10,425,256
NF,432,42,6,Mg-Carbonate,10,425,256
NF,432,43,6,Mg-Carbonate,10,425,256
NF,432,44,6,Mg-Carbonate,10,425,256
NF,432,45,6,Mg-Carbonate,10,425,256
NF,432,46,6,Mg-Carbonate,10,425,256
NF,432,47,6,Mg-Carbonate,10,425,256
NF,432,48,6,Mg-Carbonate,10,425,256
NF,432,49,6,Mg-Carbonate,10,425,256
NF,432,50,6,Mg-Carbonate,10,425,256
NF,432,51,6,Mg-Carbonate,10,425,256
NF,432,52,6,Mg-Carbonate,10,425,256
NF,432,53,6,Mg-Carbonate,10,425,256
NF,432,54,6,Mg-Carbonate,10,425,256
NF,432,55,6,Mg-Carbonate,10,425,256
NF,432,56,6,Mg-Carbonate,10,425,256
NF,432,57,6,Mg-Carbonate,10,425,256
NF,432,58,6,Mg-Carbonate,10,425,256
NF,432,187,6,Mg-Carbonate,10,425,256
NF,432,188,6,Mg-Carbonate,10,425,256
NF,432,189,6,Mg-Carbonate,10,425,256
NF,432,190,6,Mg-Carbonate,10,425,256
NF,432,191,6,Mg-Carbonate,10,425,256
NF,432,192,6,Mg-Carbonate,10,425,256
NF,432,193,6,Mg-Carbonate,10,425,256
NF,432,194,6,Mg-Carbonate,10,425,256
NF,432,195,6,Mg-Carbonate,10,425,256
NF,432,196,6,Mg-Carbonate,10,425,256
NF,432,197,6,Mg-Carbonate,10,425,256
NF,432,198,6,Mg-Carbonate,10,425,256
NF,432,199,6,Mg-Carbonate,10,425,256
NF,432,200,6,Mg-Carbonate,10,425,256
NF,433,36,6,Mg-Carbonate,10,425,256
NF,433,37,6,Mg-Carbonate,10,425,256
NF,433,38,6,Mg-Carbonate,10,425,256
NF,433,39,6,Mg-Carbonate,10,425,256
NF,433,40,6,Mg-Carbonate,10,425,256
NF,433,41,6,Mg-Carbonate,10,425,256
NF,433,42,6,Mg-Carbonate,10,425,256
NF,433,43,6,Mg-Carbonate,10,425,256
NF,433,44,6,Mg-Carbonate,10,425,256
NF,433,45,6,Mg-Carbonate,10,425,256
NF,433,46,6,Mg-Carbonate,10,425,256
NF,433,47,6,Mg-Carbonate,10,425,256
NF,433,48,6,Mg-Carbonate,10,425,256
NF,433,49,6,Mg-Carbonate,10,425,256
NF,433,50,6,Mg-Carbonate,10,425,256
NF,433,51,6,Mg-Carbonate,10,425,256
NF,433,52,6,Mg-Carbonate,10,425,256
NF,433,53,6,Mg-Carbonate,10,425,256
NF,433,54,6,Mg-Carbonate,10,425,256
NF,433,55,6,Mg-Carbonate,10,425,256
NF,433,56,6,Mg-Carbonate,10,425,256
NF,433,57,6,Mg-Carbonate,10,425,256
NF,433,189,6,Mg-Carbonate,10,425,256
NF,433,190,6,Mg-Carbonate,10,425,256
NF,433,191,6,Mg-Carbonate,10,425,256
NF,433,192,6,Mg-Carbonate,10,425,256
NF,433,193,6,Mg-Carbonate,10,425,256
NF,433,194,6,Mg-Carbonate,10,425,256
NF,433,195,6,Mg-Carbonate,10,425,256
NF,433,196,6,Mg-Carbonate,10,425,256
NF,433,197,6,Mg-Carbonate,10,425,256
NF,433,198,6,Mg-Carbonate,10,425,256
NF,433,199,6,Mg-Carbonate,10,425,256
NF,433,200,6,Mg-Carbonate,10,425,256
NF,433,201,6,Mg-Carbonate,10,425,256
NF,433,202,6,Mg-Carbonate,10,425,256
NF,434,36,6,Mg-Carbonate,10,425,256
NF,434,37,6,Mg-Carbonate,10,425,256
NF,434,38,6,Mg-Carbonate,10,425,256
NF,434,39,6,Mg-Carbonate,10,425,256
NF,434,40,6,Mg-Carbonate,10,425,256
NF,434,41,6,Mg-Carbonate,10,425,256
NF,434,42,6,Mg-Carbonate,10,425,256
NF,434,43,6,Mg-Carbonate,10,425,256
NF,434,44,6,Mg-Carbonate,10,425,256
NF,434,45,6,Mg-Carbonate,10,425,256
NF,434,46,6,Mg-Carbonate,10,425,256
NF,434,47,6,Mg-Carbonate,10,425,256
NF,434,48,6,Mg-Carbonate,10,425,256
NF,434,49,6,Mg-Carbonate,10,425,256
NF,434,50,6,Mg-Carbonate,10,425,256
NF,434,51,6,Mg-Carbonate,10,425,256
NF,434,52,6,Mg-Carbonate,10,425,256
NF,434,53,6,Mg-Carbonate,10,425,256
NF,434,54,6,Mg-Carbonate,10,425,256
NF,434,55,6,Mg-Carbonate,10,425,256
NF,434,56,6,Mg-Carbonate,10,425,256
NF,434,57,6,Mg-Carbonate,10,425,256
NF,434,192,6,Mg-Carbonate,10,425,256
NF,434,193,6,Mg-Carbonate,10,425,256
NF,434,194,6,Mg-Carbonate,10,425,256
NF,434,195,6,Mg-Carbonate,10,425,256
NF,434,196,6,Mg-Carbonate,10,425,256
NF,434,197,6,Mg-Carbonate,10,425,256
NF,434,198,6,Mg-Carbonate,10,425,256
NF,434,199,6,Mg-Carbonate,10,425,256
NF,434,200,6,Mg-Carbonate,10,425,256
NF,434,201,6,Mg-Carbonate,10,425,256
NF,434,202,6,Mg-Carbonate,10,425,256
NF,434,203,6,Mg-Carbonate,10,425,256
NF,434,204,6,Mg-Carbonate,10,425,256
NF,434,205,6,Mg-Carbonate,10,425,256
NF,434,206,6,Mg-Carbonate,10,425,256
NF,435,36,6,Mg-Carbonate,10,425,256
NF,435,37,6,Mg-Carbonate,10,425,256
NF,435,38,6,Mg-Carbonate,10,425,256
NF,435,39,6,Mg-Carbonate,10,425,256
NF,435,40,6,Mg-Carbonate,10,425,256
NF,435,41,6,Mg-Carbonate,10,425,256
NF,435,42,6,Mg-Carbonate,10,425,256
NF,435,43,6,Mg-Carbonate,10,425,256
NF,435,44,6,Mg-Carbonate,10,425,256
NF,435,45,6,Mg-Carbonate,10,425,256
NF,435,46,6,Mg-Carbonate,10,425,256
NF,435,47,6,Mg-Carbonate,10,425,256
NF,435,48,6,Mg-Carbonate,10,425,256
NF,435,49,6,Mg-Carbonate,10,425,256
NF,435,50,6,Mg-Carbonate,10,425,256
NF,435,51,6,Mg-Carbonate,10,425,256
NF,435,52,6,Mg-Carbonate,10,425,256
NF,435,53,6,Mg-Carbonate,10,425,256
NF,435,54,6,Mg-Carbonate,10,425,256
NF,435,55,6,Mg-Carbonate,10,425,256
NF,435,56,6,Mg-Carbonate,10,425,256
NF,435,194,6,Mg-Carbonate,10,425,256
NF,435,195,6,Mg-Carbonate,10,425,256
NF,435,196,6,Mg-Carbonate,10,425,256
NF,435,197,6,Mg-Carbonate,10,425,256
NF,435,198,6,Mg-Carbonate,10,425,256
NF,435,199,6,Mg-Carbonate,10,425,256
NF,435,200,6,Mg-Carbonate,10,425,256
NF,435,201,6,Mg-Carbonate,10,425,256
NF,435,202,6,Mg-Carbonate,10,425,256
NF,435,203,6,Mg-Carbonate,10,425,256
NF,435,204,6,Mg-Carbonate,10,425,256
NF,435,205,6,Mg-Carbonate,10,425,256
NF,435,206,6,Mg-Carbonate,10,425,256
NF,435,207,6,Mg-Carbonate,10,425,256
NF,435,208,6,Mg-Carbonate,10,425,256
NF,435,209,6,Mg-Carbonate,10,425,256
NF,435,210,6,Mg-Carbonate,10,425,256
NF,436,36,6,Mg-Carbonate,10,425,256
NF,436,37,6,Mg-Carbonate,10,425,256
NF,436,38,6,Mg-Carbonate,10,425,256
NF,436,39,6,Mg-Carbonate,10,425,256
NF,436,40,6,Mg-Carbonate,10,425,256
NF,436,41,6,Mg-Carbonate,10,425,256
NF,436,42,6,Mg-Carbonate,10,425,256
NF,436,43,6,Mg-Carbonate,10,425,256
NF,436,44,6,Mg-Carbonate,10,425,256
NF,436,45,6,Mg-Carbonate,10,425,256
NF,436,46,6,Mg-Carbonate,10,425,256
NF,436,47,6,Mg-Carbonate,10,425,256
NF,436,48,6,Mg-Carbonate,10,425,256
NF,436,49,6,Mg-Carbonate,10,425,256
NF,436,50,6,Mg-Carbonate,10,425,256
NF,436,51,6,Mg-Carbonate,10,425,256
NF,436,52,6,Mg-Carbonate,10,425,256
NF,436,53,6,Mg-Carbonate,10,425,256
NF,436,54,6,Mg-Carbonate,10,425,256
NF,436,55,6,Mg-Carbonate,10,425,256
NF,436,56,6,Mg-Carbonate,10,425,256
NF,436,196,6,Mg-Carbonate,10,425,256
NF,436,197,6,Mg-Carbonate,10,425,256
NF,436,198,6,Mg-Carbonate,10,425,256
NF,436,199,6,Mg-Carbonate,10,425,256
NF,436,200,6,Mg-Carbonate,10,425,256
NF,436,201,6,Mg-Carbonate,10,425,256
NF,436,202,6,Mg-Carbonate,10,425,256
NF,436,203,6,Mg-Carbonate,10,425,256
NF,436,204,6,Mg-Carbonate,10,425,256
NF,436,205,6,Mg-Carbonate,10,425,256
NF,436,206,6,Mg-Carbonate,10,425,256
NF,436,207,6,Mg-Carbonate,10,425,256
NF,436,208,6,Mg-Carbonate,10,425,256
NF,436,209,6,Mg-Carbonate,10,425,256
NF,436,210,6,Mg-Carbonate,10,425,256
NF,436,211,6,Mg-Carbonate,10,425,256
NF,436,212,6,Mg-Carbonate,10,425,256
NF,436,213,6,Mg-Carbonate,10,425,256
NF,436,214,6,Mg-Carbonate,10,425,256
NF,436,567,2,Epidote,4,425,256
NF,436,568,2,Epidote,4,425,256
NF,436,569,2,Epidote,4,425,256
NF,436,570,2,Epidote,4,425,256
NF,437,36,6,Mg-Carbonate,10,425,256
NF,437,37,6,Mg-Carbonate,10,425,256
NF,437,38,6,Mg-Carbonate,10,425,256
NF,437,39,6,Mg-Carbonate,10,425,256
NF,437,40,6,Mg-Carbonate,10,425,256
NF,437,41,6,Mg-Carbonate,10,425,256
NF,437,42,6,Mg-Carbonate,10,425,256
NF,437,43,6,Mg-Carbonate,10,425,256
NF,437,44,6,Mg-Carbonate,10,425,256
NF,437,45,6,Mg-Carbonate,10,425,256
NF,437,46,6,Mg-Carbonate,10,425,256
NF,437,47,6,Mg-Carbonate,10,425,256
NF,437,48,6,Mg-Carbonate,10,425,256
NF,437,49,6,Mg-Carbonate,10,425,256
NF,437,50,6,Mg-Carbonate,10,425,256
NF,437,51,6,Mg-Carbonate,10,425,256
NF,437,52,6,Mg-Carbonate,10,425,256
NF,437,53,6,Mg-Carbonate,10,425,256
NF,437,54,6,Mg-Carbonate,10,425,256
NF,437,55,6,Mg-Carbonate,10,425,256
NF,437,198,6,Mg-Carbonate,10,425,256
NF,437,199,6,Mg-Carbonate,10,425,256
NF,437,200,6,Mg-Carbonate,10,425,256
NF,437,201,6,Mg-Carbonate,10,425,256
NF,437,202,6,Mg-Carbonate,10,425,256
NF,437,203,6,Mg-Carbonate,10,425,256
NF,437,204,6,Mg-Carbonate,10,425,256
NF,437,205,6,Mg-Carbonate,10,425,256
NF,437,206,6,Mg-Carbonate,10,425,256
NF,437,207,6,Mg-Carbonate,10,425,256
NF,437,208,6,Mg-Carbonate,10,425,256
NF,437,209,6,Mg-Carbonate,10,425,256
NF,437,210,6,Mg-Carbonate,10,425,256
NF,437,211,6,Mg-Carbonate,10,425,256
NF,437,212,6,Mg-Carbonate,10,425,256
NF,437,213,6,Mg-Carbonate,10,425,256
NF,437,214,6,Mg-Carbonate,10,425,256
NF,437,215,6,Mg-Carbonate,10,425,256
NF,437,567,2,Epidote,4,425,256
NF,437,568,2,Epidote,4,425,256
NF,437,569,2,Epidote,4,425,256
NF,437,570,2,Epidote,4,425,256
NF,438,36,6,Mg-Carbonate,10,425,256
NF,438,37,6,Mg-Carbonate,10,425,256
NF,438,38,6,Mg-Carbonate,10,425,256
NF,438,39,6,Mg-Carbonate,10,425,256
NF,438,40,6,Mg-Carbonate,10,425,256
NF,438,41,6,Mg-Carbonate,10,425,256
NF,438,42,6,Mg-Carbonate,10,425,256
NF,438,43,6,Mg-Carbonate,10,425,256
NF,438,44,6,Mg-Carbonate,10,425,256
NF,438,45,6,Mg-Carbonate,10,425,256
NF,438,46,6,Mg-Carbonate,10,425,256
NF,438,47,6,Mg-Carbonate,10,425,256
NF,438,48,6,Mg-Carbonate,10,425,256
NF,438,49,6,Mg-Carbonate,10,425,256
NF,438,50,6,Mg-Carbonate,10,425,256
NF,438,51,6,Mg-Carbonate,10,425,256
NF,438,52,6,Mg-Carbonate,10,425,256
NF,438,53,6,Mg-Carbonate,10,425,256
NF,438,204,6,Mg-Carbonate,10,425,256
NF,438,205,6,Mg-Carbonate,10,425,256
NF,438,206,6,Mg-Carbonate,10,425,256
NF,438,207,6,Mg-Carbonate,10,425,256
NF,438,208,6,Mg-Carbonate,10,425,256
NF,438,209,6,Mg-Carbonate,10,425,256
NF,438,210,6,Mg-Carbonate,10,425,256
NF,438,211,6,Mg-Carbonate,10,425,256
NF,438,212,6,Mg-Carbonate,10,425,256
NF,438,213,6,Mg-Carbonate,10,425,256
NF,438,214,6,Mg-Carbonate,10,425,256
NF,438,215,6,Mg-Carbonate,10,425,256
NF,438,216,6,Mg-Carbonate,10,425,256
NF,439,36,6,Mg-Carbonate,10,425,256
NF,439,37,6,Mg-Carbonate,10,425,256
NF,439,38,6,Mg-Carbonate,10,425,256
NF,439,39,6,Mg-Carbonate,10,425,256
NF,439,40,6,Mg-Carbonate,10,425,256
NF,439,41,6,Mg-Carbonate,10,425,256
NF,439,42,6,Mg-Carbonate,10,425,256
NF,439,43,6,Mg-Carbonate,10,425,256
NF,439,44,6,Mg-Carbonate,10,425,256
NF,439,45,6,Mg-Carbonate,10,425,256
NF,439,46,6,Mg-Carbonate,10,425,256
NF,439,47,6,Mg-Carbonate,10,425,256
NF,439,48,6,Mg-Carbonate,10,425,256
NF,439,49,6,Mg-Carbonate,10,425,256
NF,439,50,6,Mg-Carbonate,10,425,256
NF,439,51,6,Mg-Carbonate,10,425,256
NF,439,52,6,Mg-Carbonate,10,425,256
NF,439,208,6,Mg-Carbonate,10,425,256
NF,439,209,6,Mg-Carbonate,10,425,256
NF,439,210,6,Mg-Carbonate,10,425,256
NF,439,211,6,Mg-Carbonate,10,425,256
NF,439,212,6,Mg-Carbonate,10,425,256
NF,439,213,6,Mg-Carbonate,10,425,256
NF,439,214,6,Mg-Carbonate,10,425,256
NF,439,215,6,Mg-Carbonate,10,425,256
NF,439,216,6,Mg-Carbonate,10,425,256
NF,439,552,9,Serpentine,15,425,256
NF,439,553,9,Serpentine,15,425,256
NF,440,37,6,Mg-Carbonate,10,425,256
NF,440,38,6,Mg-Carbonate,10,425,256
NF,440,39,6,Mg-Carbonate,10,425,256
NF,440,40,6,Mg-Carbonate,10,425,256
NF,440,41,6,Mg-Carbonate,10,425,256
NF,440,42,6,Mg-Carbonate,10,425,256
NF,440,43,6,Mg-Carbonate,10,425,256
NF,440,44,6,Mg-Carbonate,10,425,256
NF,440,45,6,Mg-Carbonate,10,425,256
NF,440,46,6,Mg-Carbonate,10,425,256
NF,440,47,6,Mg-Carbonate,10,425,256
NF,440,48,6,Mg-Carbonate,10,425,256
NF,440,49,6,Mg-Carbonate,10,425,256
NF,440,50,6,Mg-Carbonate,10,425,256
NF,440,51,6,Mg-Carbonate,10,425,256
NF,440,209,6,Mg-Carbonate,10,425,256
NF,440,210,6,Mg-Carbonate,10,425,256
NF,440,211,6,Mg-Carbonate,10,425,256
NF,440,212,6,Mg-Carbonate,10,425,256
NF,440,213,6,Mg-Carbonate,10,425,256
NF,440,214,6,Mg-Carbonate,10,425,256
NF,440,215,6,Mg-Carbonate,10,425,256
NF,440,216,6,Mg-Carbonate,10,425,256
NF,440,551,9,Serpentine,15,425,256
NF,440,552,9,Serpentine,15,425,256
NF,440,553,9,Serpentine,15,425,256
NF,440,570,2,Epidote,4,425,256
NF,440,571,2,Epidote,4,425,256
NF,440,572,2,Epidote,4,425,256
NF,440,573,2,Epidote,4,425,256
NF,440,574,2,Epidote,4,425,256
NF,441,37,6,Mg-Carbonate,10,425,256
NF,441,38,6,Mg-Carbonate,10,425,256
NF,441,39,6,Mg-Carbonate,10,425,256
NF,441,40,6,Mg-Carbonate,10,425,256
NF,441,41,6,Mg-Carbonate,10,425,256
NF,441,42,6,Mg-Carbonate,10,425,256
NF,441,43,6,Mg-Carbonate,10,425,256
NF,441,44,6,Mg-Carbonate,10,425,256
NF,441,45,6,Mg-Carbonate,10,425,256
NF,441,46,6,Mg-Carbonate,10,425,256
NF,441,47,6,Mg-Carbonate,10,425,256
NF,441,48,6,Mg-Carbonate,10,425,256
NF,441,49,6,Mg-Carbonate,10,425,256
NF,441,212,6,Mg-Carbonate,10,425,256
NF,441,213,6,Mg-Carbonate,10,425,256
NF,441,214,6,Mg-Carbonate,10,425,256
NF,441,215,6,Mg-Carbonate,10,425,256
NF,441,216,6,Mg-Carbonate,10,425,256
NF,441,550,9,Serpentine,15,425,256
NF,441,551,9,Serpentine,15,425,256
NF,441,552,9,Serpentine,15,425,256
NF,441,553,9,Serpentine,15,425,256
NF,441,568,2,Epidote,4,425,256
NF,441,569,2,Epidote,4,425,256
NF,441,570,2,Epidote,4,425,256
NF,441,571,2,Epidote,4,425,256
NF,441,572,2,Epidote,4,425,256
NF,441,573,2,Epidote,4,425,256
NF,441,574,2,Epidote,4,425,256
NF,441,575,2,Epidote,4,425,256
NF,441,576,2,Epidote,4,425,256
NF,442,37,6,Mg-Carbonate,10,425,256
NF,442,38,6,Mg-Carbonate,10,425,256
NF,442,39,6,Mg-Carbonate,10,425,256
NF,442,40,6,Mg-Carbonate,10,425,256
NF,442,41,6,Mg-Carbonate,10,425,256
NF,442,42,6,Mg-Carbonate,10,425,256
NF,442,43,6,Mg-Carbonate,10,425,256
NF,442,44,6,Mg-Carbonate,10,425,256
NF,442,45,6,Mg-Carbonate,10,425,256
NF,442,46,6,Mg-Carbonate,10,425,256
NF,442,47,6,Mg-Carbonate,10,425,256
NF,442,159,4,Bassanite,2,425,256
NF,442,160,4,Bassanite,2,425,256
NF,442,161,4,Bassanite,2,425,256
NF,442,549,9,Serpentine,15,425,256
NF,442,550,9,Serpentine,15,425,256
NF,442,551,9,Serpentine,15,425,256
NF,442,552,9,Serpentine,15,425,256
NF,442,553,9,Serpentine,15,425,256
NF,442,568,2,Epidote,4,425,256
NF,442,569,2,Epidote,4,425,256
NF,442,570,2,Epidote,4,425,256
NF,442,571,2,Epidote,4,425,256
NF,442,572,2,Epidote,4,425,256
NF,442,573,2,Epidote,4,425,256
NF,442,574,2,Epidote,4,425,256
NF,442,575,2,Epidote,4,425,256
NF,442,576,2,Epidote,4,425,256
NF,443,38,6,Mg-Carbonate,10,425,256
NF,443,39,6,Mg-Carbonate,10,425,256
NF,443,40,6,Mg-Carbonate,10,425,256
NF,443,41,6,Mg-Carbonate,10,425,256
NF,443,42,6,Mg-Carbonate,10,425,256
NF,443,43,6,Mg-Carbonate,10,425,256
NF,443,44,6,Mg-Carbonate,10,425,256
NF,443,45,6,Mg-Carbonate,10,425,256
NF,443,157,4,Bassanite,2,425,256
NF,443,158,4,Bassanite,2,425,256
NF,443,159,4,Bassanite,2,425,256
NF,443,160,4,Bassanite,2,425,256
NF,443,161,4,Bassanite,2,425,256
NF,443,162,4,Bassanite,2,425,256
NF,443,163,4,Bassanite,2,425,256
NF,443,164,4,Bassanite,2,425,256
NF,443,413,2,Epidote,4,425,256
NF,443,414,2,Epidote,4,425,256
NF,443,415,2,Epidote,4,425,256
NF,443,416,2,Epidote,4,425,256
NF,443,417,2,Epidote,4,425,256
NF,443,549,9,Serpentine,15,425,256
NF,443,550,9,Serpentine,15,425,256
NF,443,551,9,Serpentine,15,425,256
NF,443,552,9,Serpentine,15,425,256
NF,443,568,2,Epidote,4,425,256
NF,443,569,2,Epidote,4,425,256
NF,443,574,2,Epidote,4,425,256
NF,443,575,2,Epidote,4,425,256
NF,443,576,2,Epidote,4,425,256
NF,443,580,7,Plagioclase,13,425,256
NF,443,581,7,Plagioclase,13,425,256
NF,443,582,7,Plagioclase,13,425,256
NF,443,583,7,Plagioclase,13,425,256
NF,444,157,4,Bassanite,2,425,256
NF,444,158,4,Bassanite,2,425,256
NF,444,159,4,Bassanite,2,425,256
NF,444,160,4,Bassanite,2,425,256
NF,444,161,4,Bassanite,2,425,256
NF,444,162,4,Bassanite,2,425,256
NF,444,163,4,Bassanite,2,425,256
NF,444,164,4,Bassanite,2,425,256
NF,444,165,4,Bassanite,2,425,256
NF,444,166,4,Bassanite,2,425,256
NF,444,412,2,Epidote,4,425,256
NF,444,413,2,Epidote,4,425,256
NF,444,414,2,Epidote,4,425,256
NF,444,415,2,Epidote,4,425,256
NF,444,416,2,Epidote,4,425,256
NF,444,417,2,Epidote,4,425,256
NF,444,548,9,Serpentine,15,425,256
NF,444,549,9,Serpentine,15,425,256
NF,444,550,9,Serpentine,15,425,256
NF,444,551,9,Serpentine,15,425,256
NF,444,552,9,Serpentine,15,425,256
NF,444,579,7,Plagioclase,13,425,256
NF,444,580,7,Plagioclase,13,425,256
NF,444,581,7,Plagioclase,13,425,256
NF,444,582,7,Plagioclase,13,425,256
NF,444,583,7,Plagioclase,13,425,256
NF,444,584,7,Plagioclase,13,425,256
NF,445,157,4,Bassanite,2,425,256
NF,445,158,4,Bassanite,2,425,256
NF,445,159,4,Bassanite,2,425,256
NF,445,160,4,Bassanite,2,425,256
NF,445,161,4,Bassanite,2,425,256
NF,445,162,4,Bassanite,2,425,256
NF,445,163,4,Bassanite,2,425,256
NF,445,164,4,Bassanite,2,425,256
NF,445,165,4,Bassanite,2,425,256
NF,445,166,4,Bassanite,2,425,256
NF,445,167,4,Bassanite,2,425,256
NF,445,168,4,Bassanite,2,425,256
NF,445,169,4,Bassanite,2,425,256
NF,445,411,2,Epidote,4,425,256
NF,445,412,2,Epidote,4,425,256
NF,445,413,2,Epidote,4,425,256
NF,445,414,2,Epidote,4,425,256
NF,445,415,2,Epidote,4,425,256
NF,445,416,2,Epidote,4,425,256
NF,445,417,2,Epidote,4,425,256
NF,445,547,9,Serpentine,15,425,256
NF,445,548,9,Serpentine,15,425,256
NF,445,549,9,Serpentine,15,425,256
NF,445,550,9,Serpentine,15,425,256
NF,445,551,9,Serpentine,15,425,256
NF,445,552,9,Serpentine,15,425,256
NF,445,578,7,Plagioclase,13,425,256
NF,445,579,7,Plagioclase,13,425,256
NF,445,580,7,Plagioclase,13,425,256
NF,445,581,7,Plagioclase,13,425,256
NF,445,582,7,Plagioclase,13,425,256
NF,445,583,7,Plagioclase,13,425,256
NF,445,584,7,Plagioclase,13,425,256
NF,446,158,4,Bassanite,2,425,256
NF,446,159,4,Bassanite,2,425,256
NF,446,160,4,Bassanite,2,425,256
NF,446,161,4,Bassanite,2,425,256
NF,446,162,4,Bassanite,2,425,256
NF,446,163,4,Bassanite,2,425,256
NF,446,164,4,Bassanite,2,425,256
NF,446,165,4,Bassanite,2,425,256
NF,446,166,4,Bassanite,2,425,256
NF,446,167,4,Bassanite,2,425,256
NF,446,168,4,Bassanite,2,425,256
NF,446,169,4,Bassanite,2,425,256
NF,446,170,4,Bassanite,2,425,256
NF,446,171,4,Bassanite,2,425,256
NF,446,411,2,Epidote,4,425,256
NF,446,412,2,Epidote,4,425,256
NF,446,413,2,Epidote,4,425,256
NF,446,414,2,Epidote,4,425,256
NF,446,415,2,Epidote,4,425,256
NF,446,416,2,Epidote,4,425,256
NF,446,417,2,Epidote,4,425,256
NF,446,546,9,Serpentine,15,425,256
NF,446,547,9,Serpentine,15,425,256
NF,446,548,9,Serpentine,15,425,256
NF,446,549,9,Serpentine,15,425,256
NF,446,550,9,Serpentine,15,425,256
NF,446,551,9,Serpentine,15,425,256
NF,446,552,9,Serpentine,15,425,256
NF,446,553,9,Serpentine,15,425,256
NF,446,578,7,Plagioclase,13,425,256
NF,446,579,7,Plagioclase,13,425,256
NF,446,580,7,Plagioclase,13,425,256
NF,446,581,7,Plagioclase,13,425,256
NF,446,582,7,Plagioclase,13,425,256
NF,446,583,7,Plagioclase,13,425,256
NF,446,584,7,Plagioclase,13,425,256
NF,447,159,4,Bassanite,2,425,256
NF,447,160,4,Bassanite,2,425,256
NF,447,161,4,Bassanite,2,425,256
NF,447,162,4,Bassanite,2,425,256
NF,447,163,4,Bassanite,2,425,256
NF,447,164,4,Bassanite,2,425,256
NF,447,165,4,Bassanite,2,425,256
NF,447,166,4,Bassanite,2,425,256
NF,447,167,4,Bassanite,2,425,256
NF,447,168,4,Bassanite,2,425,256
NF,447,169,4,Bassanite,2,425,256
NF,447,170,4,Bassanite,2,425,256
NF,447,171,4,Bassanite,2,425,256
NF,447,172,4,Bassanite,2,425,256
NF,447,173,4,Bassanite,2,425,256
NF,447,410,2,Epidote,4,425,256
NF,447,411,2,Epidote,4,425,256
NF,447,412,2,Epidote,4,425,256
NF,447,413,2,Epidote,4,425,256
NF,447,414,2,Epidote,4,425,256
NF,447,415,2,Epidote,4,425,256
NF,447,416,2,Epidote,4,425,256
NF,447,417,2,Epidote,4,425,256
NF,447,546,9,Serpentine,15,425,256
NF,447,547,9,Serpentine,15,425,256
NF,447,548,9,Serpentine,15,425,256
NF,447,549,9,Serpentine,15,425,256
NF,447,550,9,Serpentine,15,425,256
NF,447,551,9,Serpentine,15,425,256
NF,447,552,9,Serpentine,15,425,256
NF,447,553,9,Serpentine,15,425,256
NF,447,578,7,Plagioclase,13,425,256
NF,447,579,7,Plagioclase,13,425,256
NF,447,580,7,Plagioclase,13,425,256
NF,447,581,7,Plagioclase,13,425,256
NF,447,582,7,Plagioclase,13,425,256
NF,447,583,7,Plagioclase,13,425,256
NF,447,584,7,Plagioclase,13,425,256
NF,448,160,4,Bassanite,2,425,256
NF,448,161,4,Bassanite,2,425,256
NF,448,162,4,Bassanite,2,425,256
NF,448,163,4,Bassanite,2,425,256
NF,448,164,4,Bassanite,2,425,256
NF,448,165,4,Bassanite,2,425,256
NF,448,166,4,Bassanite,2,425,256
NF,448,167,4,Bassanite,2,425,256
NF,448,168,4,Bassanite,2,425,256
NF,448,169,4,Bassanite,2,425,256
NF,448,170,4,Bassanite,2,425,256
NF,448,171,4,Bassanite,2,425,256
NF,448,172,4,Bassanite,2,425,256
NF,448,173,4,Bassanite,2,425,256
NF,448,174,4,Bassanite,2,425,256
NF,448,175,4,Bassanite,2,425,256
NF,448,176,4,Bassanite,2,425,256
NF,448,410,2,Epidote,4,425,256
NF,448,411,2,Epidote,4,425,256
NF,448,412,2,Epidote,4,425,256
NF,448,413,2,Epidote,4,425,256
NF,448,414,2,Epidote,4,425,256
NF,448,415,2,Epidote,4,425,256
NF,448,416,2,Epidote,4,425,256
NF,448,417,2,Epidote,4,425,256
NF,448,546,9,Serpentine,15,425,256
NF,448,547,9,Serpentine,15,425,256
NF,448,548,9,Serpentine,15,425,256
NF,448,549,9,Serpentine,15,425,256
NF,448,550,9,Serpentine,15,425,256
NF,448,551,9,Serpentine,15,425,256
NF,448,552,9,Serpentine,15,425,256
NF,448,553,9,Serpentine,15,425,256
NF,448,578,7,Plagioclase,13,425,256
NF,448,579,7,Plagioclase,13,425,256
NF,448,580,7,Plagioclase,13,425,256
NF,448,581,7,Plagioclase,13,425,256
NF,448,582,7,Plagioclase,13,425,256
NF,448,583,7,Plagioclase,13,425,256
NF,449,161,4,Bassanite,2,425,256
NF,449,162,4,Bassanite,2,425,256
NF,449,163,4,Bassanite,2,425,256
NF,449,164,4,Bassanite,2,425,256
NF,449,165,4,Bassanite,2,425,256
NF,449,166,4,Bassanite,2,425,256
NF,449,167,4,Bassanite,2,425,256
NF,449,168,4,Bassanite,2,425,256
NF,449,169,4,Bassanite,2,425,256
NF,449,170,4,Bassanite,2,425,256
NF,449,171,4,Bassanite,2,425,256
NF,449,172,4,Bassanite,2,425,256
NF,449,173,4,Bassanite,2,425,256
NF,449,174,4,Bassanite,2,425,256
NF,449,175,4,Bassanite,2,425,256
NF,449,176,4,Bassanite,2,425,256
NF,449,177,4,Bassanite,2,425,256
NF,449,178,4,Bassanite,2,425,256
NF,449,409,2,Epidote,4,425,256
NF,449,410,2,Epidote,4,425,256
NF,449,411,2,Epidote,4,425,256
NF,449,412,2,Epidote,4,425,256
NF,449,413,2,Epidote,4,425,256
NF,449,414,2,Epidote,4,425,256
NF,449,415,2,Epidote,4,425,256
NF,449,416,2,Epidote,4,425,256
NF,449,546,9,Serpentine,15,425,256
NF,449,547,9,Serpentine,15,425,256
NF,449,548,9,Serpentine,15,425,256
NF,449,549,9,Serpentine,15,425,256
NF,449,550,9,Serpentine,15,425,256
NF,449,551,9,Serpentine,15,425,256
NF,449,552,9,Serpentine,15,425,256
NF,449,553,9,Serpentine,15,425,256
NF,449,554,9,Serpentine,15,425,256
NF,449,578,7,Plagioclase,13,425,256
NF,449,579,7,Plagioclase,13,425,256
NF,449,580,7,Plagioclase,13,425,256
NF,449,581,7,Plagioclase,13,425,256
NF,450,162,4,Bassanite,2,425,256
NF,450,163,4,Bassanite,2,425,256
NF,450,164,4,Bassanite,2,425,256
NF,450,165,4,Bassanite,2,425,256
NF,450,166,4,Bassanite,2,425,256
NF,450,167,4,Bassanite,2,425,256
NF,450,168,4,Bassanite,2,425,256
NF,450,169,4,Bassanite,2,425,256
NF,450,170,4,Bassanite,2,425,256
NF,450,171,4,Bassanite,2,425,256
NF,450,172,4,Bassanite,2,425,256
NF,450,173,4,Bassanite,2,425,256
NF,450,174,4,Bassanite,2,425,256
NF,450,175,4,Bassanite,2,425,256
NF,450,176,4,Bassanite,2,425,256
NF,450,177,4,Bassanite,2,425,256
NF,450,178,4,Bassanite,2,425,256
NF,450,179,4,Bassanite,2,425,256
NF,450,180,4,Bassanite,2,425,256
NF,450,181,4,Bassanite,2,425,256
NF,450,409,2,Epidote,4,425,256
NF,450,410,2,Epidote,4,425,256
NF,450,411,2,Epidote,4,425,256
NF,450,412,2,Epidote,4,425,256
NF,450,413,2,Epidote,4,425,256
NF,450,414,2,Epidote,4,425,256
NF,450,415,2,Epidote,4,425,256
NF,450,416,2,Epidote,4,425,256
NF,450,546,9,Serpentine,15,425,256
NF,450,547,9,Serpentine,15,425,256
NF,450,548,9,Serpentine,15,425,256
NF,450,549,9,Serpentine,15,425,256
NF,450,550,9,Serpentine,15,425,256
NF,450,551,9,Serpentine,15,425,256
NF,450,552,9,Serpentine,15,425,256
NF,450,553,9,Serpentine,15,425,256
NF,450,554,9,Serpentine,15,425,256
NF,451,81,9,Serpentine,15,425,256
NF,451,82,9,Serpentine,15,425,256
NF,451,83,9,Serpentine,15,425,256
NF,451,84,9,Serpentine,15,425,256
NF,451,85,9,Serpentine,15,425,256
NF,451,86,9,Serpentine,15,425,256
NF,451,87,9,Serpentine,15,425,256
NF,451,88,9,Serpentine,15,425,256
NF,451,89,9,Serpentine,15,425,256
NF,451,90,9,Serpentine,15,425,256
NF,451,91,9,Serpentine,15,425,256
NF,451,92,9,Serpentine,15,425,256
NF,451,93,9,Serpentine,15,425,256
NF,451,94,9,Serpentine,15,425,256
NF,451,95,9,Serpentine,15,425,256
NF,451,96,9,Serpentine,15,425,256
NF,451,97,9,Serpentine,15,425,256
NF,451,98,9,Serpentine,15,425,256
NF,451,162,4,Bassanite,2,425,256
NF,451,163,4,Bassanite,2,425,256
NF,451,164,4,Bassanite,2,425,256
NF,451,165,4,Bassanite,2,425,256
NF,451,166,4,Bassanite,2,425,256
NF,451,167,4,Bassanite,2,425,256
NF,451,168,4,Bassanite,2,425,256
NF,451,169,4,Bassanite,2,425,256
NF,451,170,4,Bassanite,2,425,256
NF,451,171,4,Bassanite,2,425,256
NF,451,172,4,Bassanite,2,425,256
NF,451,173,4,Bassanite,2,425,256
NF,451,174,4,Bassanite,2,425,256
NF,451,175,4,Bassanite,2,425,256
NF,451,176,4,Bassanite,2,425,256
NF,451,177,4,Bassanite,2,425,256
NF,451,178,4,Bassanite,2,425,256
NF,451,179,4,Bassanite,2,425,256
NF,451,180,4,Bassanite,2,425,256
NF,451,181,4,Bassanite,2,425,256
NF,451,182,4,Bassanite,2,425,256
NF,451,183,4,Bassanite,2,425,256
NF,451,409,2,Epidote,4,425,256
NF,451,410,2,Epidote,4,425,256
NF,451,411,2,Epidote,4,425,256
NF,451,412,2,Epidote,4,425,256
NF,451,413,2,Epidote,4,425,256
NF,451,414,2,Epidote,4,425,256
NF,451,415,2,Epidote,4,425,256
NF,451,416,2,Epidote,4,425,256
NF,451,546,9,Serpentine,15,425,256
NF,451,547,9,Serpentine,15,425,256
NF,451,548,9,Serpentine,15,425,256
NF,451,549,9,Serpentine,15,425,256
NF,451,550,9,Serpentine,15,425,256
NF,451,551,9,Serpentine,15,425,256
NF,451,552,9,Serpentine,15,425,256
NF,451,553,9,Serpentine,15,425,256
NF,451,554,9,Serpentine,15,425,256
NF,452,79,9,Serpentine,15,425,256
NF,452,80,9,Serpentine,15,425,256
NF,452,81,9,Serpentine,15,425,256
NF,452,82,9,Serpentine,15,425,256
NF,452,83,9,Serpentine,15,425,256
NF,452,84,9,Serpentine,15,425,256
NF,452,85,9,Serpentine,15,425,256
NF,452,86,9,Serpentine,15,425,256
NF,452,87,9,Serpentine,15,425,256
NF,452,88,9,Serpentine,15,425,256
NF,452,89,9,Serpentine,15,425,256
NF,452,90,9,Serpentine,15,425,256
NF,452,91,9,Serpentine,15,425,256
NF,452,92,9,Serpentine,15,425,256
NF,452,93,9,Serpentine,15,425,256
NF,452,94,9,Serpentine,15,425,256
NF,452,95,9,Serpentine,15,425,256
NF,452,96,9,Serpentine,15,425,256
NF,452,97,9,Serpentine,15,425,256
NF,452,98,9,Serpentine,15,425,256
NF,452,99,9,Serpentine,15,425,256
NF,452,100,9,Serpentine,15,425,256
NF,452,165,4,Bassanite,2,425,256
NF,452,166,4,Bassanite,2,425,256
NF,452,167,4,Bassanite,2,425,256
NF,452,168,4,Bassanite,2,425,256
NF,452,169,4,Bassanite,2,425,256
NF,452,170,4,Bassanite,2,425,256
NF,452,171,4,Bassanite,2,425,256
NF,452,172,4,Bassanite,2,425,256
NF,452,173,4,Bassanite,2,425,256
NF,452,174,4,Bassanite,2,425,256
NF,452,175,4,Bassanite,2,425,256
NF,452,176,4,Bassanite,2,425,256
NF,452,177,4,Bassanite,2,425,256
NF,452,178,4,Bassanite,2,425,256
NF,452,179,4,Bassanite,2,425,256
NF,452,180,4,Bassanite,2,425,256
NF,452,181,4,Bassanite,2,425,256
NF,452,182,4,Bassanite,2,425,256
NF,452,183,4,Bassanite,2,425,256
NF,452,184,4,Bassanite,2,425,256
NF,452,185,4,Bassanite,2,425,256
NF,452,186,4,Bassanite,2,425,256
NF,452,187,4,Bassanite,2,425,256
NF,452,188,4,Bassanite,2,425,256
NF,452,189,4,Bassanite,2,425,256
NF,452,190,4,Bassanite,2,425,256
NF,452,409,2,Epidote,4,425,256
NF,452,410,2,Epidote,4,425,256
NF,452,411,2,Epidote,4,425,256
NF,452,412,2,Epidote,4,425,256
NF,452,413,2,Epidote,4,425,256
NF,452,414,2,Epidote,4,425,256
NF,452,415,2,Epidote,4,425,256
NF,452,416,2,Epidote,4,425,256
NF,452,546,9,Serpentine,15,425,256
NF,452,547,9,Serpentine,15,425,256
NF,452,548,9,Serpentine,15,425,256
NF,452,549,9,Serpentine,15,425,256
NF,452,550,9,Serpentine,15,425,256
NF,452,551,9,Serpentine,15,425,256
NF,452,552,9,Serpentine,15,425,256
NF,452,553,9,Serpentine,15,425,256
NF,452,554,9,Serpentine,15,425,256
NF,453,76,9,Serpentine,15,425,256
NF,453,77,9,Serpentine,15,425,256
NF,453,78,9,Serpentine,15,425,256
NF,453,79,9,Serpentine,15,425,256
NF,453,80,9,Serpentine,15,425,256
NF,453,81,9,Serpentine,15,425,256
NF,453,82,9,Serpentine,15,425,256
NF,453,83,9,Serpentine,15,425,256
NF,453,84,9,Serpentine,15,425,256
NF,453,85,9,Serpentine,15,425,256
NF,453,86,9,Serpentine,15,425,256
NF,453,87,9,Serpentine,15,425,256
NF,453,88,9,Serpentine,15,425,256
NF,453,89,9,Serpentine,15,425,256
NF,453,90,9,Serpentine,15,425,256
NF,453,91,9,Serpentine,15,425,256
NF,453,92,9,Serpentine,15,425,256
NF,453,93,9,Serpentine,15,425,256
NF,453,94,9,Serpentine,15,425,256
NF,453,95,9,Serpentine,15,425,256
NF,453,96,9,Serpentine,15,425,256
NF,453,97,9,Serpentine,15,425,256
NF,453,98,9,Serpentine,15,425,256
NF,453,99,9,Serpentine,15,425,256
NF,453,100,9,Serpentine,15,425,256
NF,453,101,9,Serpentine,15,425,256
NF,453,102,9,Serpentine,15,425,256
NF,453,103,9,Serpentine,15,425,256
NF,453,166,4,Bassanite,2,425,256
NF,453,167,4,Bassanite,2,425,256
NF,453,168,4,Bassanite,2,425,256
NF,453,169,4,Bassanite,2,425,256
NF,453,170,4,Bassanite,2,425,256
NF,453,171,4,Bassanite,2,425,256
NF,453,172,4,Bassanite,2,425,256
NF,453,173,4,Bassanite,2,425,256
NF,453,174,4,Bassanite,2,425,256
NF,453,175,4,Bassanite,2,425,256
NF,453,176,4,Bassanite,2,425,256
NF,453,177,4,Bassanite,2,425,256
NF,453,178,4,Bassanite,2,425,256
NF,453,179,4,Bassanite,2,425,256
NF,453,180,4,Bassanite,2,425,256
NF,453,181,4,Bassanite,2,425,256
NF,453,182,4,Bassanite,2,425,256
NF,453,183,4,Bassanite,2,425,256
NF,453,184,4,Bassanite,2,425,256
NF,453,185,4,Bassanite,2,425,256
NF,453,186,4,Bassanite,2,425,256
NF,453,187,4,Bassanite,2,425,256
NF,453,188,4,Bassanite,2,425,256
NF,453,189,4,Bassanite,2,425,256
NF,453,190,4,Bassanite,2,425,256
NF,453,191,4,Bassanite,2,425,256
NF,453,408,2,Epidote,4,425,256
NF,453,409,2,Epidote,4,425,256
NF,453,410,2,Epidote,4,425,256
NF,453,411,2,Epidote,4,425,256
NF,453,412,2,Epidote,4,425,256
NF,453,413,2,Epidote,4,425,256
NF,453,414,2,Epidote,4,425,256
NF,453,415,2,Epidote,4,425,256
NF,453,546,9,Serpentine,15,425,256
NF,453,547,9,Serpentine,15,425,256
NF,453,548,9,Serpentine,15,425,256
NF,453,549,9,Serpentine,15,425,256
NF,453,550,9,Serpentine,15,425,256
NF,453,551,9,Serpentine,15,425,256
NF,453,552,9,Serpentine,15,425,256
NF,453,553,9,Serpentine,15,425,256
NF,453,554,9,Serpentine,15,425,256
NF,454,69,9,Serpentine,15,425,256
NF,454,70,9,Serpentine,15,425,256
NF,454,71,9,Serpentine,15,425,256
NF,454,72,9,Serpentine,15,425,256
NF,454,73,9,Serpentine,15,425,256
NF,454,74,9,Serpentine,15,425,256
NF,454,75,9,Serpentine,15,425,256
NF,454,76,9,Serpentine,15,425,256
NF,454,77,9,Serpentine,15,425,256
NF,454,78,9,Serpentine,15,425,256
NF,454,79,9,Serpentine,15,425,256
NF,454,80,9,Serpentine,15,425,256
NF,454,81,9,Serpentine,15,425,256
NF,454,82,9,Serpentine,15,425,256
NF,454,83,9,Serpentine,15,425,256
NF,454,84,9,Serpentine,15,425,256
NF,454,85,9,Serpentine,15,425,256
NF,454,86,9,Serpentine,15,425,256
NF,454,87,9,Serpentine,15,425,256
NF,454,88,9,Serpentine,15,425,256
NF,454,89,9,Serpentine,15,425,256
NF,454,90,9,Serpentine,15,425,256
NF,454,91,9,Serpentine,15,425,256
NF,454,92,9,Serpentine,15,425,256
NF,454,93,9,Serpentine,15,425,256
NF,454,94,9,Serpentine,15,425,256
NF,454,95,9,Serpentine,15,425,256
NF,454,96,9,Serpentine,15,425,256
NF,454,97,9,Serpentine,15,425,256
NF,454,98,9,Serpentine,15,425,256
NF,454,99,9,Serpentine,15,425,256
NF,454,100,9,Serpentine,15,425,256
NF,454,101,9,Serpentine,15,425,256
NF,454,102,9,Serpentine,15,425,256
NF,454,103,9,Serpentine,15,425,256
NF,454,104,9,Serpentine,15,425,256
NF,454,105,9,Serpentine,15,425,256
NF,454,106,9,Serpentine,15,425,256
NF,454,107,9,Serpentine,15,425,256
NF,454,108,9,Serpentine,15,425,256
NF,454,168,4,Bassanite,2,425,256
NF,454,169,4,Bassanite,2,425,256
NF,454,170,4,Bassanite,2,425,256
NF,454,171,4,Bassanite,2,425,256
NF,454,172,4,Bassanite,2,425,256
NF,454,173,4,Bassanite,2,425,256
NF,454,174,4,Bassanite,2,425,256
NF,454,175,4,Bassanite,2,425,256
NF,454,176,4,Bassanite,2,425,256
NF,454,177,4,Bassanite,2,425,256
NF,454,178,4,Bassanite,2,425,256
NF,454,179,4,Bassanite,2,425,256
NF,454,180,4,Bassanite,2,425,256
NF,454,181,4,Bassanite,2,425,256
NF,454,182,4,Bassanite,2,425,256
NF,454,183,4,Bassanite,2,425,256
NF,454,184,4,Bassanite,2,425,256
NF,454,185,4,Bassanite,2,425,256
NF,454,186,4,Bassanite,2,425,256
NF,454,187,4,Bassanite,2,425,256
NF,454,188,4,Bassanite,2,425,256
NF,454,189,4,Bassanite,2,425,256
NF,454,190,4,Bassanite,2,425,256
NF,454,191,4,Bassanite,2,425,256
NF,454,192,4,Bassanite,2,425,256
NF,454,397,2,Epidote,4,425,256
NF,454,398,2,Epidote,4,425,256
NF,454,403,2,Epidote,4,425,256
NF,454,404,2,Epidote,4,425,256
NF,454,405,2,Epidote,4,425,256
NF,454,406,2,Epidote,4,425,256
NF,454,407,2,Epidote,4,425,256
NF,454,408,2,Epidote,4,425,256
NF,454,409,2,Epidote,4,425,256
NF,454,410,2,Epidote,4,425,256
NF,454,411,2,Epidote,4,425,256
NF,454,412,2,Epidote,4,425,256
NF,454,413,2,Epidote,4,425,256
NF,454,414,2,Epidote,4,425,256
NF,454,429,5,Illite/Muscovite,7,425,256
NF,454,430,5,Illite/Muscovite,7,425,256
NF,454,431,5,Illite/Muscovite,7,425,256
NF,454,546,9,Serpentine,15,425,256
NF,454,547,9,Serpentine,15,425,256
NF,454,548,9,Serpentine,15,425,256
NF,454,549,9,Serpentine,15,425,256
NF,454,550,9,Serpentine,15,425,256
NF,454,551,9,Serpentine,15,425,256
NF,454,552,9,Serpentine,15,425,256
NF,454,553,9,Serpentine,15,425,256
NF,454,554,9,Serpentine,15,425,256
NF,455,66,9,Serpentine,15,425,256
NF,455,67,9,Serpentine,15,425,256
NF,455,68,9,Serpentine,15,425,256
NF,455,69,9,Serpentine,15,425,256
NF,455,70,9,Serpentine,15,425,256
NF,455,71,9,Serpentine,15,425,256
NF,455,72,9,Serpentine,15,425,256
NF,455,73,9,Serpentine,15,425,256
NF,455,74,9,Serpentine,15,425,256
NF,455,75,9,Serpentine,15,425,256
NF,455,76,9,Serpentine,15,425,256
NF,455,77,9,Serpentine,15,425,256
NF,455,78,9,Serpentine,15,425,256
NF,455,79,9,Serpentine,15,425,256
NF,455,80,9,Serpentine,15,425,256
NF,455,81,9,Serpentine,15,425,256
NF,455,82,9,Serpentine,15,425,256
NF,455,83,9,Serpentine,15,425,256
NF,455,84,9,Serpentine,15,425,256
NF,455,85,9,Serpentine,15,425,256
NF,455,86,9,Serpentine,15,425,256
NF,455,87,9,Serpentine,15,425,256
NF,455,88,9,Serpentine,15,425,256
NF,455,89,9,Serpentine,15,425,256
NF,455,90,9,Serpentine,15,425,256
NF,455,91,9,Serpentine,15,425,256
NF,455,92,9,Serpentine,15,425,256
NF,455,93,9,Serpentine,15,425,256
NF,455,94,9,Serpentine,15,425,256
NF,455,95,9,Serpentine,15,425,256
NF,455,96,9,Serpentine,15,425,256
NF,455,97,9,Serpentine,15,425,256
NF,455,98,9,Serpentine,15,425,256
NF,455,99,9,Serpentine,15,425,256
NF,455,100,9,Serpentine,15,425,256
NF,455,101,9,Serpentine,15,425,256
NF,455,102,9,Serpentine,15,425,256
NF,455,103,9,Serpentine,15,425,256
NF,455,104,9,Serpentine,15,425,256
NF,455,105,9,Serpentine,15,425,256
NF,455,106,9,Serpentine,15,425,256
NF,455,107,9,Serpentine,15,425,256
NF,455,108,9,Serpentine,15,425,256
NF,455,109,9,Serpentine,15,425,256
NF,455,110,9,Serpentine,15,425,256
NF,455,169,4,Bassanite,2,425,256
NF,455,170,4,Bassanite,2,425,256
NF,455,171,4,Bassanite,2,425,256
NF,455,172,4,Bassanite,2,425,256
NF,455,173,4,Bassanite,2,425,256
NF,455,174,4,Bassanite,2,425,256
NF,455,175,4,Bassanite,2,425,256
NF,455,176,4,Bassanite,2,425,256
NF,455,177,4,Bassanite,2,425,256
NF,455,178,4,Bassanite,2,425,256
NF,455,179,4,Bassanite,2,425,256
NF,455,180,4,Bassanite,2,425,256
NF,455,181,4,Bassanite,2,425,256
NF,455,182,4,Bassanite,2,425,256
NF,455,183,4,Bassanite,2,425,256
NF,455,184,4,Bassanite,2,425,256
NF,455,185,4,Bassanite,2,425,256
NF,455,186,4,Bassanite,2,425,256
NF,455,187,4,Bassanite,2,425,256
NF,455,188,4,Bassanite,2,425,256
NF,455,189,4,Bassanite,2,425,256
NF,455,190,4,Bassanite,2,425,256
NF,455,191,4,Bassanite,2,425,256
NF,455,192,4,Bassanite,2,425,256
NF,455,193,4,Bassanite,2,425,256
NF,455,396,2,Epidote,4,425,256
NF,455,397,2,Epidote,4,425,256
NF,455,398,2,Epidote,4,425,256
NF,455,399,2,Epidote,4,425,256
NF,455,400,2,Epidote,4,425,256
NF,455,401,2,Epidote,4,425,256
NF,455,402,2,Epidote,4,425,256
NF,455,403,2,Epidote,4,425,256
NF,455,404,2,Epidote,4,425,256
NF,455,405,2,Epidote,4,425,256
NF,455,406,2,Epidote,4,425,256
NF,455,407,2,Epidote,4,425,256
NF,455,408,2,Epidote,4,425,256
NF,455,409,2,Epidote,4,425,256
NF,455,410,2,Epidote,4,425,256
NF,455,411,2,Epidote,4,425,256
NF,455,412,2,Epidote,4,425,256
NF,455,413,2,Epidote,4,425,256
NF,455,429,5,Illite/Muscovite,7,425,256
NF,455,430,5,Illite/Muscovite,7,425,256
NF,455,431,5,Illite/Muscovite,7,425,256
NF,455,432,5,Illite/Muscovite,7,425,256
NF,455,546,9,Serpentine,15,425,256
NF,455,547,9,Serpentine,15,425,256
NF,455,548,9,Serpentine,15,425,256
NF,455,549,9,Serpentine,15,425,256
NF,455,550,9,Serpentine,15,425,256
NF,455,551,9,Serpentine,15,425,256
NF,455,552,9,Serpentine,15,425,256
NF,455,553,9,Serpentine,15,425,256
NF,455,584,3,Chlorite,3,425,256
NF,455,585,3,Chlorite,3,425,256
NF,455,586,3,Chlorite,3,425,256
NF,456,62,9,Serpentine,15,425,256
NF,456,63,9,Serpentine,15,425,256
NF,456,64,9,Serpentine,15,425,256
NF,456,65,9,Serpentine,15,425,256
NF,456,66,9,Serpentine,15,425,256
NF,456,67,9,Serpentine,15,425,256
NF,456,68,9,Serpentine,15,425,256
NF,456,69,9,Serpentine,15,425,256
NF,456,70,9,Serpentine,15,425,256
NF,456,71,9,Serpentine,15,425,256
NF,456,72,9,Serpentine,15,425,256
NF,456,73,9,Serpentine,15,425,256
NF,456,74,9,Serpentine,15,425,256
NF,456,75,9,Serpentine,15,425,256
NF,456,76,9,Serpentine,15,425,256
NF,456,77,9,Serpentine,15,425,256
NF,456,78,9,Serpentine,15,425,256
NF,456,79,9,Serpentine,15,425,256
NF,456,80,9,Serpentine,15,425,256
NF,456,81,9,Serpentine,15,425,256
NF,456,82,9,Serpentine,15,425,256
NF,456,83,9,Serpentine,15,425,256
NF,456,84,9,Serpentine,15,425,256
NF,456,85,9,Serpentine,15,425,256
NF,456,86,9,Serpentine,15,425,256
NF,456,87,9,Serpentine,15,425,256
NF,456,88,9,Serpentine,15,425,256
NF,456,89,9,Serpentine,15,425,256
NF,456,90,9,Serpentine,15,425,256
NF,456,91,9,Serpentine,15,425,256
NF,456,92,9,Serpentine,15,425,256
NF,456,93,9,Serpentine,15,425,256
NF,456,94,9,Serpentine,15,425,256
NF,456,95,9,Serpentine,15,425,256
NF,456,96,9,Serpentine,15,425,256
NF,456,97,9,Serpentine,15,425,256
NF,456,98,9,Serpentine,15,425,256
NF,456,99,9,Serpentine,15,425,256
NF,456,100,9,Serpentine,15,425,256
NF,456,101,9,Serpentine,15,425,256
NF,456,102,9,Serpentine,15,425,256
NF,456,103,9,Serpentine,15,425,256
NF,456,104,9,Serpentine,15,425,256
NF,456,105,9,Serpentine,15,425,256
NF,456,106,9,Serpentine,15,425,256
NF,456,107,9,Serpentine,15,425,256
NF,456,108,9,Serpentine,15,425,256
NF,456,109,9,Serpentine,15,425,256
NF,456,110,9,Serpentine,15,425,256
NF,456,111,9,Serpentine,15,425,256
NF,456,112,9,Serpentine,15,425,256
NF,456,172,4,Bassanite,2,425,256
NF,456,173,4,Bassanite,2,425,256
NF,456,174,4,Bassanite,2,425,256
NF,456,175,4,Bassanite,2,425,256
NF,456,176,4,Bassanite,2,425,256
NF,456,177,4,Bassanite,2,425,256
NF,456,178,4,Bassanite,2,425,256
NF,456,179,4,Bassanite,2,425,256
NF,456,180,4,Bassanite,2,425,256
NF,456,181,4,Bassanite,2,425,256
NF,456,182,4,Bassanite,2,425,256
NF,456,183,4,Bassanite,2,425,256
NF,456,184,4,Bassanite,2,425,256
NF,456,185,4,Bassanite,2,425,256
NF,456,186,4,Bassanite,2,425,256
NF,456,187,4,Bassanite,2,425,256
NF,456,188,4,Bassanite,2,425,256
NF,456,189,4,Bassanite,2,425,256
NF,456,190,4,Bassanite,2,425,256
NF,456,191,4,Bassanite,2,425,256
NF,456,192,4,Bassanite,2,425,256
NF,456,193,4,Bassanite,2,425,256
NF,456,194,4,Bassanite,2,425,256
NF,456,396,2,Epidote,4,425,256
NF,456,397,2,Epidote,4,425,256
NF,456,398,2,Epidote,4,425,256
NF,456,399,2,Epidote,4,425,256
NF,456,400,2,Epidote,4,425,256
NF,456,401,2,Epidote,4,425,256
NF,456,402,2,Epidote,4,425,256
NF,456,403,2,Epidote,4,425,256
NF,456,404,2,Epidote,4,425,256
NF,456,405,2,Epidote,4,425,256
NF,456,406,2,Epidote,4,425,256
NF,456,407,2,Epidote,4,425,256
NF,456,408,2,Epidote,4,425,256
NF,456,409,2,Epidote,4,425,256
NF,456,410,2,Epidote,4,425,256
NF,456,411,2,Epidote,4,425,256
NF,456,412,2,Epidote,4,425,256
NF,456,430,5,Illite/Muscovite,7,425,256
NF,456,431,5,Illite/Muscovite,7,425,256
NF,456,432,5,Illite/Muscovite,7,425,256
NF,456,433,5,Illite/Muscovite,7,425,256
NF,456,434,5,Illite/Muscovite,7,425,256
NF,456,532,7,Plagioclase,13,425,256
NF,456,533,7,Plagioclase,13,425,256
NF,456,534,7,Plagioclase,13,425,256
NF,456,535,7,Plagioclase,13,425,256
NF,456,536,7,Plagioclase,13,425,256
NF,456,546,9,Serpentine,15,425,256
NF,456,547,9,Serpentine,15,425,256
NF,456,548,9,Serpentine,15,425,256
NF,456,549,9,Serpentine,15,425,256
NF,456,550,9,Serpentine,15,425,256
NF,456,551,9,Serpentine,15,425,256
NF,456,552,9,Serpentine,15,425,256
NF,456,553,9,Serpentine,15,425,256
NF,456,580,7,Plagioclase,13,425,256
NF,456,581,7,Plagioclase,13,425,256
NF,456,582,7,Plagioclase,13,425,256
NF,456,584,3,Chlorite,3,425,256
NF,456,585,3,Chlorite,3,425,256
NF,456,586,3,Chlorite,3,425,256
NF,457,61,9,Serpentine,15,425,256
NF,457,62,9,Serpentine,15,425,256
NF,457,63,9,Serpentine,15,425,256
NF,457,64,9,Serpentine,15,425,256
NF,457,65,9,Serpentine,15,425,256
NF,457,66,9,Serpentine,15,425,256
NF,457,67,9,Serpentine,15,425,256
NF,457,68,9,Serpentine,15,425,256
NF,457,69,9,Serpentine,15,425,256
NF,457,70,9,Serpentine,15,425,256
NF,457,71,9,Serpentine,15,425,256
NF,457,72,9,Serpentine,15,425,256
NF,457,73,9,Serpentine,15,425,256
NF,457,74,9,Serpentine,15,425,256
NF,457,75,9,Serpentine,15,425,256
NF,457,76,9,Serpentine,15,425,256
NF,457,77,9,Serpentine,15,425,256
NF,457,78,9,Serpentine,15,425,256
NF,457,79,9,Serpentine,15,425,256
NF,457,80,9,Serpentine,15,425,256
NF,457,81,9,Serpentine,15,425,256
NF,457,82,9,Serpentine,15,425,256
NF,457,83,9,Serpentine,15,425,256
NF,457,84,9,Serpentine,15,425,256
NF,457,85,9,Serpentine,15,425,256
NF,457,86,9,Serpentine,15,425,256
NF,457,87,9,Serpentine,15,425,256
NF,457,88,9,Serpentine,15,425,256
NF,457,89,9,Serpentine,15,425,256
NF,457,90,9,Serpentine,15,425,256
NF,457,91,9,Serpentine,15,425,256
NF,457,92,9,Serpentine,15,425,256
NF,457,93,9,Serpentine,15,425,256
NF,457,94,9,Serpentine,15,425,256
NF,457,95,9,Serpentine,15,425,256
NF,457,96,9,Serpentine,15,425,256
NF,457,97,9,Serpentine,15,425,256
NF,457,98,9,Serpentine,15,425,256
NF,457,99,9,Serpentine,15,425,256
NF,457,100,9,Serpentine,15,425,256
NF,457,101,9,Serpentine,15,425,256
NF,457,102,9,Serpentine,15,425,256
NF,457,103,9,Serpentine,15,425,256
NF,457,104,9,Serpentine,15,425,256
NF,457,105,9,Serpentine,15,425,256
NF,457,106,9,Serpentine,15,425,256
NF,457,107,9,Serpentine,15,425,256
NF,457,108,9,Serpentine,15,425,256
NF,457,109,9,Serpentine,15,425,256
NF,457,110,9,Serpentine,15,425,256
NF,457,111,9,Serpentine,15,425,256
NF,457,112,9,Serpentine,15,425,256
NF,457,113,9,Serpentine,15,425,256
NF,457,179,4,Bassanite,2,425,256
NF,457,180,4,Bassanite,2,425,256
NF,457,181,4,Bassanite,2,425,256
NF,457,182,4,Bassanite,2,425,256
NF,457,183,4,Bassanite,2,425,256
NF,457,184,4,Bassanite,2,425,256
NF,457,185,4,Bassanite,2,425,256
NF,457,186,4,Bassanite,2,425,256
NF,457,187,4,Bassanite,2,425,256
NF,457,188,4,Bassanite,2,425,256
NF,457,189,4,Bassanite,2,425,256
NF,457,190,4,Bassanite,2,425,256
NF,457,191,4,Bassanite,2,425,256
NF,457,192,4,Bassanite,2,425,256
NF,457,193,4,Bassanite,2,425,256
NF,457,396,2,Epidote,4,425,256
NF,457,397,2,Epidote,4,425,256
NF,457,398,2,Epidote,4,425,256
NF,457,399,2,Epidote,4,425,256
NF,457,400,2,Epidote,4,425,256
NF,457,401,2,Epidote,4,425,256
NF,457,402,2,Epidote,4,425,256
NF,457,403,2,Epidote,4,425,256
NF,457,404,2,Epidote,4,425,256
NF,457,405,2,Epidote,4,425,256
NF,457,406,2,Epidote,4,425,256
NF,457,407,2,Epidote,4,425,256
NF,457,408,2,Epidote,4,425,256
NF,457,409,2,Epidote,4,425,256
NF,457,431,5,Illite/Muscovite,7,425,256
NF,457,432,5,Illite/Muscovite,7,425,256
NF,457,433,5,Illite/Muscovite,7,425,256
NF,457,434,5,Illite/Muscovite,7,425,256
NF,457,435,5,Illite/Muscovite,7,425,256
NF,457,532,7,Plagioclase,13,425,256
NF,457,533,7,Plagioclase,13,425,256
NF,457,534,7,Plagioclase,13,425,256
NF,457,535,7,Plagioclase,13,425,256
NF,457,536,7,Plagioclase,13,425,256
NF,457,537,7,Plagioclase,13,425,256
NF,457,546,9,Serpentine,15,425,256
NF,457,547,9,Serpentine,15,425,256
NF,457,548,9,Serpentine,15,425,256
NF,457,549,9,Serpentine,15,425,256
NF,457,550,9,Serpentine,15,425,256
NF,457,551,9,Serpentine,15,425,256
NF,457,552,9,Serpentine,15,425,256
NF,457,578,7,Plagioclase,13,425,256
NF,457,579,7,Plagioclase,13,425,256
NF,457,580,7,Plagioclase,13,425,256
NF,457,581,7,Plagioclase,13,425,256
NF,457,582,7,Plagioclase,13,425,256
NF,457,584,3,Chlorite,3,425,256
NF,457,585,3,Chlorite,3,425,256
NF,457,586,3,Chlorite,3,425,256
NF,458,59,9,Serpentine,15,425,256
NF,458,60,9,Serpentine,15,425,256
NF,458,61,9,Serpentine,15,425,256
NF,458,62,9,Serpentine,15,425,256
NF,458,63,9,Serpentine,15,425,256
NF,458,64,9,Serpentine,15,425,256
NF,458,65,9,Serpentine,15,425,256
NF,458,66,9,Serpentine,15,425,256
NF,458,67,9,Serpentine,15,425,256
NF,458,68,9,Serpentine,15,425,256
NF,458,69,9,Serpentine,15,425,256
NF,458,70,9,Serpentine,15,425,256
NF,458,71,9,Serpentine,15,425,256
NF,458,72,9,Serpentine,15,425,256
NF,458,73,9,Serpentine,15,425,256
NF,458,74,9,Serpentine,15,425,256
NF,458,75,9,Serpentine,15,425,256
NF,458,76,9,Serpentine,15,425,256
NF,458,77,9,Serpentine,15,425,256
NF,458,78,9,Serpentine,15,425,256
NF,458,79,9,Serpentine,15,425,256
NF,458,80,9,Serpentine,15,425,256
NF,458,81,9,Serpentine,15,425,256
NF,458,82,9,Serpentine,15,425,256
NF,458,83,9,Serpentine,15,425,256
NF,458,84,9,Serpentine,15,425,256
NF,458,85,9,Serpentine,15,425,256
NF,458,86,9,Serpentine,15,425,256
NF,458,87,9,Serpentine,15,425,256
NF,458,88,9,Serpentine,15,425,256
NF,458,89,9,Serpentine,15,425,256
NF,458,90,9,Serpentine,15,425,256
NF,458,91,9,Serpentine,15,425,256
NF,458,92,9,Serpentine,15,425,256
NF,458,93,9,Serpentine,15,425,256
NF,458,94,9,Serpentine,15,425,256
NF,458,95,9,Serpentine,15,425,256
NF,458,96,9,Serpentine,15,425,256
NF,458,97,9,Serpentine,15,425,256
NF,458,98,9,Serpentine,15,425,256
NF,458,99,9,Serpentine,15,425,256
NF,458,100,9,Serpentine,15,425,256
NF,458,101,9,Serpentine,15,425,256
NF,458,102,9,Serpentine,15,425,256
NF,458,103,9,Serpentine,15,425,256
NF,458,104,9,Serpentine,15,425,256
NF,458,105,9,Serpentine,15,425,256
NF,458,106,9,Serpentine,15,425,256
NF,458,107,9,Serpentine,15,425,256
NF,458,108,9,Serpentine,15,425,256
NF,458,109,9,Serpentine,15,425,256
NF,458,110,9,Serpentine,15,425,256
NF,458,111,9,Serpentine,15,425,256
NF,458,112,9,Serpentine,15,425,256
NF,458,113,9,Serpentine,15,425,256
NF,458,114,9,Serpentine,15,425,256
NF,458,185,4,Bassanite,2,425,256
NF,458,186,4,Bassanite,2,425,256
NF,458,187,4,Bassanite,2,425,256
NF,458,188,4,Bassanite,2,425,256
NF,458,398,2,Epidote,4,425,256
NF,458,399,2,Epidote,4,425,256
NF,458,400,2,Epidote,4,425,256
NF,458,401,2,Epidote,4,425,256
NF,458,402,2,Epidote,4,425,256
NF,458,403,2,Epidote,4,425,256
NF,458,404,2,Epidote,4,425,256
NF,458,405,2,Epidote,4,425,256
NF,458,406,2,Epidote,4,425,256
NF,458,431,5,Illite/Muscovite,7,425,256
NF,458,432,5,Illite/Muscovite,7,425,256
NF,458,433,5,Illite/Muscovite,7,425,256
NF,458,434,5,Illite/Muscovite,7,425,256
NF,458,435,5,Illite/Muscovite,7,425,256
NF,458,532,7,Plagioclase,13,425,256
NF,458,533,7,Plagioclase,13,425,256
NF,458,534,7,Plagioclase,13,425,256
NF,458,535,7,Plagioclase,13,425,256
NF,458,536,7,Plagioclase,13,425,256
NF,458,537,7,Plagioclase,13,425,256
NF,458,546,9,Serpentine,15,425,256
NF,458,547,9,Serpentine,15,425,256
NF,458,548,9,Serpentine,15,425,256
NF,458,549,9,Serpentine,15,425,256
NF,458,550,9,Serpentine,15,425,256
NF,458,551,9,Serpentine,15,425,256
NF,458,552,9,Serpentine,15,425,256
NF,458,578,7,Plagioclase,13,425,256
NF,458,579,7,Plagioclase,13,425,256
NF,458,580,7,Plagioclase,13,425,256
NF,458,581,7,Plagioclase,13,425,256
NF,458,582,7,Plagioclase,13,425,256
NF,458,584,3,Chlorite,3,425,256
NF,458,585,3,Chlorite,3,425,256
NF,458,586,3,Chlorite,3,425,256
NF,459,54,9,Serpentine,15,425,256
NF,459,55,9,Serpentine,15,425,256
NF,459,56,9,Serpentine,15,425,256
NF,459,57,9,Serpentine,15,425,256
NF,459,58,9,Serpentine,15,425,256
NF,459,59,9,Serpentine,15,425,256
NF,459,60,9,Serpentine,15,425,256
NF,459,61,9,Serpentine,15,425,256
NF,459,62,9,Serpentine,15,425,256
NF,459,63,9,Serpentine,15,425,256
NF,459,64,9,Serpentine,15,425,256
NF,459,65,9,Serpentine,15,425,256
NF,459,66,9,Serpentine,15,425,256
NF,459,67,9,Serpentine,15,425,256
NF,459,68,9,Serpentine,15,425,256
NF,459,69,9,Serpentine,15,425,256
NF,459,70,9,Serpentine,15,425,256
NF,459,71,9,Serpentine,15,425,256
NF,459,72,9,Serpentine,15,425,256
NF,459,73,9,Serpentine,15,425,256
NF,459,74,9,Serpentine,15,425,256
NF,459,75,9,Serpentine,15,425,256
NF,459,76,9,Serpentine,15,425,256
NF,459,77,9,Serpentine,15,425,256
NF,459,78,9,Serpentine,15,425,256
NF,459,79,9,Serpentine,15,425,256
NF,459,80,9,Serpentine,15,425,256
NF,459,81,9,Serpentine,15,425,256
NF,459,82,9,Serpentine,15,425,256
NF,459,83,9,Serpentine,15,425,256
NF,459,84,9,Serpentine,15,425,256
NF,459,85,9,Serpentine,15,425,256
NF,459,86,9,Serpentine,15,425,256
NF,459,87,9,Serpentine,15,425,256
NF,459,88,9,Serpentine,15,425,256
NF,459,89,9,Serpentine,15,425,256
NF,459,90,9,Serpentine,15,425,256
NF,459,91,9,Serpentine,15,425,256
NF,459,92,9,Serpentine,15,425,256
NF,459,93,9,Serpentine,15,425,256
NF,459,94,9,Serpentine,15,425,256
NF,459,95,9,Serpentine,15,425,256
NF,459,96,9,Serpentine,15,425,256
NF,459,97,9,Serpentine,15,425,256
NF,459,98,9,Serpentine,15,425,256
NF,459,99,9,Serpentine,15,425,256
NF,459,100,9,Serpentine,15,425,256
NF,459,101,9,Serpentine,15,425,256
NF,459,102,9,Serpentine,15,425,256
NF,459,103,9,Serpentine,15,425,256
NF,459,104,9,Serpentine,15,425,256
NF,459,105,9,Serpentine,15,425,256
NF,459,106,9,Serpentine,15,425,256
NF,459,107,9,Serpentine,15,425,256
NF,459,108,9,Serpentine,15,425,256
NF,459,109,9,Serpentine,15,425,256
NF,459,110,9,Serpentine,15,425,256
NF,459,111,9,Serpentine,15,425,256
NF,459,112,9,Serpentine,15,425,256
NF,459,113,9,Serpentine,15,425,256
NF,459,114,9,Serpentine,15,425,256
NF,459,115,9,Serpentine,15,425,256
NF,459,433,5,Illite/Muscovite,7,425,256
NF,459,434,5,Illite/Muscovite,7,425,256
NF,459,435,5,Illite/Muscovite,7,425,256
NF,459,534,7,Plagioclase,13,425,256
NF,459,535,7,Plagioclase,13,425,256
NF,459,536,7,Plagioclase,13,425,256
NF,459,578,7,Plagioclase,13,425,256
NF,459,579,7,Plagioclase,13,425,256
NF,459,580,7,Plagioclase,13,425,256
NF,459,581,7,Plagioclase,13,425,256
NF,459,582,7,Plagioclase,13,425,256
NF,459,584,3,Chlorite,3,425,256
NF,459,585,3,Chlorite,3,425,256
NF,459,586,3,Chlorite,3,425,256
NF,460,53,9,Serpentine,15,425,256
NF,460,54,9,Serpentine,15,425,256
NF,460,55,9,Serpentine,15,425,256
NF,460,56,9,Serpentine,15,425,256
NF,460,57,9,Serpentine,15,425,256
NF,460,58,9,Serpentine,15,425,256
NF,460,59,9,Serpentine,15,425,256
NF,460,60,9,Serpentine,15,425,256
NF,460,61,9,Serpentine,15,425,256
NF,460,62,9,Serpentine,15,425,256
NF,460,63,9,Serpentine,15,425,256
NF,460,64,9,Serpentine,15,425,256
NF,460,65,9,Serpentine,15,425,256
NF,460,66,9,Serpentine,15,425,256
NF,460,67,9,Serpentine,15,425,256
NF,460,68,9,Serpentine,15,425,256
NF,460,69,9,Serpentine,15,425,256
NF,460,70,9,Serpentine,15,425,256
NF,460,71,9,Serpentine,15,425,256
NF,460,72,9,Serpentine,15,425,256
NF,460,73,9,Serpentine,15,425,256
NF,460,74,9,Serpentine,15,425,256
NF,460,75,9,Serpentine,15,425,256
NF,460,76,9,Serpentine,15,425,256
NF,460,77,9,Serpentine,15,425,256
NF,460,78,9,Serpentine,15,425,256
NF,460,79,9,Serpentine,15,425,256
NF,460,80,9,Serpentine,15,425,256
NF,460,81,9,Serpentine,15,425,256
NF,460,82,9,Serpentine,15,425,256
NF,460,83,9,Serpentine,15,425,256
NF,460,84,9,Serpentine,15,425,256
NF,460,85,9,Serpentine,15,425,256
NF,460,86,9,Serpentine,15,425,256
NF,460,87,9,Serpentine,15,425,256
NF,460,88,9,Serpentine,15,425,256
NF,460,89,9,Serpentine,15,425,256
NF,460,90,9,Serpentine,15,425,256
NF,460,91,9,Serpentine,15,425,256
NF,460,92,9,Serpentine,15,425,256
NF,460,93,9,Serpentine,15,425,256
NF,460,94,9,Serpentine,15,425,256
NF,460,95,9,Serpentine,15,425,256
NF,460,96,9,Serpentine,15,425,256
NF,460,97,9,Serpentine,15,425,256
NF,460,98,9,Serpentine,15,425,256
NF,460,99,9,Serpentine,15,425,256
NF,460,100,9,Serpentine,15,425,256
NF,460,101,9,Serpentine,15,425,256
NF,460,102,9,Serpentine,15,425,256
NF,460,103,9,Serpentine,15,425,256
NF,460,104,9,Serpentine,15,425,256
NF,460,105,9,Serpentine,15,425,256
NF,460,106,9,Serpentine,15,425,256
NF,460,107,9,Serpentine,15,425,256
NF,460,108,9,Serpentine,15,425,256
NF,460,109,9,Serpentine,15,425,256
NF,460,110,9,Serpentine,15,425,256
NF,460,111,9,Serpentine,15,425,256
NF,460,112,9,Serpentine,15,425,256
NF,460,113,9,Serpentine,15,425,256
NF,460,114,9,Serpentine,15,425,256
NF,460,115,9,Serpentine,15,425,256
NF,460,268,9,Serpentine,15,425,256
NF,460,269,9,Serpentine,15,425,256
NF,460,270,9,Serpentine,15,425,256
NF,460,271,9,Serpentine,15,425,256
NF,460,272,9,Serpentine,15,425,256
NF,460,578,7,Plagioclase,13,425,256
NF,460,579,7,Plagioclase,13,425,256
NF,460,580,7,Plagioclase,13,425,256
NF,460,581,7,Plagioclase,13,425,256
NF,460,582,7,Plagioclase,13,425,256
NF,460,584,3,Chlorite,3,425,256
NF,460,585,3,Chlorite,3,425,256
NF,460,586,3,Chlorite,3,425,256
NF,461,53,9,Serpentine,15,425,256
NF,461,54,9,Serpentine,15,425,256
NF,461,55,9,Serpentine,15,425,256
NF,461,56,9,Serpentine,15,425,256
NF,461,57,9,Serpentine,15,425,256
NF,461,58,9,Serpentine,15,425,256
NF,461,59,9,Serpentine,15,425,256
NF,461,60,9,Serpentine,15,425,256
NF,461,61,9,Serpentine,15,425,256
NF,461,62,9,Serpentine,15,425,256
NF,461,63,9,Serpentine,15,425,256
NF,461,64,9,Serpentine,15,425,256
NF,461,65,9,Serpentine,15,425,256
NF,461,66,9,Serpentine,15,425,256
NF,461,67,9,Serpentine,15,425,256
NF,461,68,9,Serpentine,15,425,256
NF,461,69,9,Serpentine,15,425,256
NF,461,70,9,Serpentine,15,425,256
NF,461,71,9,Serpentine,15,425,256
NF,461,72,9,Serpentine,15,425,256
NF,461,73,9,Serpentine,15,425,256
NF,461,74,9,Serpentine,15,425,256
NF,461,75,9,Serpentine,15,425,256
NF,461,76,9,Serpentine,15,425,256
NF,461,77,9,Serpentine,15,425,256
NF,461,78,9,Serpentine,15,425,256
NF,461,79,9,Serpentine,15,425,256
NF,461,80,9,Serpentine,15,425,256
NF,461,81,9,Serpentine,15,425,256
NF,461,82,9,Serpentine,15,425,256
NF,461,83,9,Serpentine,15,425,256
NF,461,84,9,Serpentine,15,425,256
NF,461,85,9,Serpentine,15,425,256
NF,461,86,9,Serpentine,15,425,256
NF,461,87,9,Serpentine,15,425,256
NF,461,88,9,Serpentine,15,425,256
NF,461,89,9,Serpentine,15,425,256
NF,461,90,9,Serpentine,15,425,256
NF,461,91,9,Serpentine,15,425,256
NF,461,92,9,Serpentine,15,425,256
NF,461,93,9,Serpentine,15,425,256
NF,461,94,9,Serpentine,15,425,256
NF,461,95,9,Serpentine,15,425,256
NF,461,96,9,Serpentine,15,425,256
NF,461,97,9,Serpentine,15,425,256
NF,461,98,9,Serpentine,15,425,256
NF,461,99,9,Serpentine,15,425,256
NF,461,100,9,Serpentine,15,425,256
NF,461,101,9,Serpentine,15,425,256
NF,461,102,9,Serpentine,15,425,256
NF,461,103,9,Serpentine,15,425,256
NF,461,104,9,Serpentine,15,425,256
NF,461,105,9,Serpentine,15,425,256
NF,461,106,9,Serpentine,15,425,256
NF,461,107,9,Serpentine,15,425,256
NF,461,108,9,Serpentine,15,425,256
NF,461,109,9,Serpentine,15,425,256
NF,461,110,9,Serpentine,15,425,256
NF,461,111,9,Serpentine,15,425,256
NF,461,112,9,Serpentine,15,425,256
NF,461,113,9,Serpentine,15,425,256
NF,461,114,9,Serpentine,15,425,256
NF,461,115,9,Serpentine,15,425,256
NF,461,116,9,Serpentine,15,425,256
NF,461,265,9,Serpentine,15,425,256
NF,461,266,9,Serpentine,15,425,256
NF,461,267,9,Serpentine,15,425,256
NF,461,268,9,Serpentine,15,425,256
NF,461,269,9,Serpentine,15,425,256
NF,461,270,9,Serpentine,15,425,256
NF,461,271,9,Serpentine,15,425,256
NF,461,272,9,Serpentine,15,425,256
NF,461,273,9,Serpentine,15,425,256
NF,461,274,9,Serpentine,15,425,256
NF,461,275,9,Serpentine,15,425,256
NF,461,537,9,Serpentine,15,425,256
NF,461,538,9,Serpentine,15,425,256
NF,461,539,9,Serpentine,15,425,256
NF,461,540,9,Serpentine,15,425,256
NF,461,578,7,Plagioclase,13,425,256
NF,461,579,7,Plagioclase,13,425,256
NF,461,580,7,Plagioclase,13,425,256
NF,461,581,7,Plagioclase,13,425,256
NF,461,584,3,Chlorite,3,425,256
NF,461,585,3,Chlorite,3,425,256
NF,461,586,3,Chlorite,3,425,256
NF,462,53,9,Serpentine,15,425,256
NF,462,54,9,Serpentine,15,425,256
NF,462,55,9,Serpentine,15,425,256
NF,462,56,9,Serpentine,15,425,256
NF,462,57,9,Serpentine,15,425,256
NF,462,58,9,Serpentine,15,425,256
NF,462,59,9,Serpentine,15,425,256
NF,462,60,9,Serpentine,15,425,256
NF,462,61,9,Serpentine,15,425,256
NF,462,62,9,Serpentine,15,425,256
NF,462,63,9,Serpentine,15,425,256
NF,462,64,9,Serpentine,15,425,256
NF,462,65,9,Serpentine,15,425,256
NF,462,66,9,Serpentine,15,425,256
NF,462,67,9,Serpentine,15,425,256
NF,462,68,9,Serpentine,15,425,256
NF,462,69,9,Serpentine,15,425,256
NF,462,70,9,Serpentine,15,425,256
NF,462,71,9,Serpentine,15,425,256
NF,462,72,9,Serpentine,15,425,256
NF,462,73,9,Serpentine,15,425,256
NF,462,74,9,Serpentine,15,425,256
NF,462,75,9,Serpentine,15,425,256
NF,462,76,9,Serpentine,15,425,256
NF,462,77,9,Serpentine,15,425,256
NF,462,78,9,Serpentine,15,425,256
NF,462,79,9,Serpentine,15,425,256
NF,462,80,9,Serpentine,15,425,256
NF,462,81,9,Serpentine,15,425,256
NF,462,82,9,Serpentine,15,425,256
NF,462,83,9,Serpentine,15,425,256
NF,462,84,9,Serpentine,15,425,256
NF,462,85,9,Serpentine,15,425,256
NF,462,86,9,Serpentine,15,425,256
NF,462,87,9,Serpentine,15,425,256
NF,462,88,9,Serpentine,15,425,256
NF,462,89,9,Serpentine,15,425,256
NF,462,90,9,Serpentine,15,425,256
NF,462,91,9,Serpentine,15,425,256
NF,462,92,9,Serpentine,15,425,256
NF,462,93,9,Serpentine,15,425,256
NF,462,94,9,Serpentine,15,425,256
NF,462,95,9,Serpentine,15,425,256
NF,462,96,9,Serpentine,15,425,256
NF,462,97,9,Serpentine,15,425,256
NF,462,98,9,Serpentine,15,425,256
NF,462,99,9,Serpentine,15,425,256
NF,462,100,9,Serpentine,15,425,256
NF,462,101,9,Serpentine,15,425,256
NF,462,102,9,Serpentine,15,425,256
NF,462,103,9,Serpentine,15,425,256
NF,462,104,9,Serpentine,15,425,256
NF,462,105,9,Serpentine,15,425,256
NF,462,106,9,Serpentine,15,425,256
NF,462,107,9,Serpentine,15,425,256
NF,462,108,9,Serpentine,15,425,256
NF,462,109,9,Serpentine,15,425,256
NF,462,110,9,Serpentine,15,425,256
NF,462,111,9,Serpentine,15,425,256
NF,462,112,9,Serpentine,15,425,256
NF,462,113,9,Serpentine,15,425,256
NF,462,114,9,Serpentine,15,425,256
NF,462,115,9,Serpentine,15,425,256
NF,462,116,9,Serpentine,15,425,256
NF,462,117,9,Serpentine,15,425,256
NF,462,190,4,Bassanite,2,425,256
NF,462,191,4,Bassanite,2,425,256
NF,462,192,4,Bassanite,2,425,256
NF,462,193,4,Bassanite,2,425,256
NF,462,194,4,Bassanite,2,425,256
NF,462,195,4,Bassanite,2,425,256
NF,462,196,4,Bassanite,2,425,256
NF,462,197,4,Bassanite,2,425,256
NF,462,198,4,Bassanite,2,425,256
NF,462,199,4,Bassanite,2,425,256
NF,462,200,4,Bassanite,2,425,256
NF,462,201,4,Bassanite,2,425,256
NF,462,202,4,Bassanite,2,425,256
NF,462,203,4,Bassanite,2,425,256
NF,462,204,4,Bassanite,2,425,256
NF,462,205,4,Bassanite,2,425,256
NF,462,206,4,Bassanite,2,425,256
NF,462,207,4,Bassanite,2,425,256
NF,462,208,4,Bassanite,2,425,256
NF,462,209,4,Bassanite,2,425,256
NF,462,263,9,Serpentine,15,425,256
NF,462,264,9,Serpentine,15,425,256
NF,462,265,9,Serpentine,15,425,256
NF,462,266,9,Serpentine,15,425,256
NF,462,267,9,Serpentine,15,425,256
NF,462,268,9,Serpentine,15,425,256
NF,462,269,9,Serpentine,15,425,256
NF,462,270,9,Serpentine,15,425,256
NF,462,271,9,Serpentine,15,425,256
NF,462,272,9,Serpentine,15,425,256
NF,462,273,9,Serpentine,15,425,256
NF,462,274,9,Serpentine,15,425,256
NF,462,275,9,Serpentine,15,425,256
NF,462,276,9,Serpentine,15,425,256
NF,462,449,5,Illite/Muscovite,7,425,256
NF,462,450,5,Illite/Muscovite,7,425,256
NF,462,536,9,Serpentine,15,425,256
NF,462,537,9,Serpentine,15,425,256
NF,462,538,9,Serpentine,15,425,256
NF,462,539,9,Serpentine,15,425,256
NF,462,540,9,Serpentine,15,425,256
NF,462,541,9,Serpentine,15,425,256
NF,462,578,7,Plagioclase,13,425,256
NF,462,579,7,Plagioclase,13,425,256
NF,462,580,7,Plagioclase,13,425,256
NF,462,581,7,Plagioclase,13,425,256
NF,463,52,9,Serpentine,15,425,256
NF,463,53,9,Serpentine,15,425,256
NF,463,54,9,Serpentine,15,425,256
NF,463,55,9,Serpentine,15,425,256
NF,463,56,9,Serpentine,15,425,256
NF,463,57,9,Serpentine,15,425,256
NF,463,58,9,Serpentine,15,425,256
NF,463,59,9,Serpentine,15,425,256
NF,463,60,9,Serpentine,15,425,256
NF,463,61,9,Serpentine,15,425,256
NF,463,62,9,Serpentine,15,425,256
NF,463,63,9,Serpentine,15,425,256
NF,463,64,9,Serpentine,15,425,256
NF,463,65,9,Serpentine,15,425,256
NF,463,66,9,Serpentine,15,425,256
NF,463,67,9,Serpentine,15,425,256
NF,463,68,9,Serpentine,15,425,256
NF,463,69,9,Serpentine,15,425,256
NF,463,70,9,Serpentine,15,425,256
NF,463,71,9,Serpentine,15,425,256
NF,463,72,9,Serpentine,15,425,256
NF,463,73,9,Serpentine,15,425,256
NF,463,74,9,Serpentine,15,425,256
NF,463,75,9,Serpentine,15,425,256
NF,463,76,9,Serpentine,15,425,256
NF,463,77,9,Serpentine,15,425,256
NF,463,78,9,Serpentine,15,425,256
NF,463,79,9,Serpentine,15,425,256
NF,463,80,9,Serpentine,15,425,256
NF,463,81,9,Serpentine,15,425,256
NF,463,82,9,Serpentine,15,425,256
NF,463,83,9,Serpentine,15,425,256
NF,463,84,9,Serpentine,15,425,256
NF,463,85,9,Serpentine,15,425,256
NF,463,86,9,Serpentine,15,425,256
NF,463,87,9,Serpentine,15,425,256
NF,463,88,9,Serpentine,15,425,256
NF,463,89,9,Serpentine,15,425,256
NF,463,90,9,Serpentine,15,425,256
NF,463,91,9,Serpentine,15,425,256
NF,463,92,9,Serpentine,15,425,256
NF,463,93,9,Serpentine,15,425,256
NF,463,94,9,Serpentine,15,425,256
NF,463,95,9,Serpentine,15,425,256
NF,463,96,9,Serpentine,15,425,256
NF,463,97,9,Serpentine,15,425,256
NF,463,98,9,Serpentine,15,425,256
NF,463,99,9,Serpentine,15,425,256
NF,463,100,9,Serpentine,15,425,256
NF,463,101,9,Serpentine,15,425,256
NF,463,102,9,Serpentine,15,425,256
NF,463,103,9,Serpentine,15,425,256
NF,463,104,9,Serpentine,15,425,256
NF,463,105,9,Serpentine,15,425,256
NF,463,106,9,Serpentine,15,425,256
NF,463,107,9,Serpentine,15,425,256
NF,463,108,9,Serpentine,15,425,256
NF,463,109,9,Serpentine,15,425,256
NF,463,110,9,Serpentine,15,425,256
NF,463,111,9,Serpentine,15,425,256
NF,463,112,9,Serpentine,15,425,256
NF,463,113,9,Serpentine,15,425,256
NF,463,114,9,Serpentine,15,425,256
NF,463,115,9,Serpentine,15,425,256
NF,463,116,9,Serpentine,15,425,256
NF,463,117,9,Serpentine,15,425,256
NF,463,118,9,Serpentine,15,425,256
NF,463,185,4,Bassanite,2,425,256
NF,463,186,4,Bassanite,2,425,256
NF,463,187,4,Bassanite,2,425,256
NF,463,188,4,Bassanite,2,425,256
NF,463,189,4,Bassanite,2,425,256
NF,463,190,4,Bassanite,2,425,256
NF,463,191,4,Bassanite,2,425,256
NF,463,192,4,Bassanite,2,425,256
NF,463,193,4,Bassanite,2,425,256
NF,463,194,4,Bassanite,2,425,256
NF,463,195,4,Bassanite,2,425,256
NF,463,196,4,Bassanite,2,425,256
NF,463,197,4,Bassanite,2,425,256
NF,463,198,4,Bassanite,2,425,256
NF,463,199,4,Bassanite,2,425,256
NF,463,200,4,Bassanite,2,425,256
NF,463,201,4,Bassanite,2,425,256
NF,463,202,4,Bassanite,2,425,256
NF,463,203,4,Bassanite,2,425,256
NF,463,204,4,Bassanite,2,425,256
NF,463,205,4,Bassanite,2,425,256
NF,463,206,4,Bassanite,2,425,256
NF,463,207,4,Bassanite,2,425,256
NF,463,208,4,Bassanite,2,425,256
NF,463,209,4,Bassanite,2,425,256
NF,463,210,4,Bassanite,2,425,256
NF,463,211,4,Bassanite,2,425,256
NF,463,262,9,Serpentine,15,425,256
NF,463,263,9,Serpentine,15,425,256
NF,463,264,9,Serpentine,15,425,256
NF,463,265,9,Serpentine,15,425,256
NF,463,266,9,Serpentine,15,425,256
NF,463,267,9,Serpentine,15,425,256
NF,463,268,9,Serpentine,15,425,256
NF,463,269,9,Serpentine,15,425,256
NF,463,270,9,Serpentine,15,425,256
NF,463,271,9,Serpentine,15,425,256
NF,463,272,9,Serpentine,15,425,256
NF,463,273,9,Serpentine,15,425,256
NF,463,274,9,Serpentine,15,425,256
NF,463,275,9,Serpentine,15,425,256
NF,463,276,9,Serpentine,15,425,256
NF,463,277,9,Serpentine,15,425,256
NF,463,354,2,Epidote,4,425,256
NF,463,355,2,Epidote,4,425,256
NF,463,356,2,Epidote,4,425,256
NF,463,357,2,Epidote,4,425,256
NF,463,536,9,Serpentine,15,425,256
NF,463,537,9,Serpentine,15,425,256
NF,463,538,9,Serpentine,15,425,256
NF,463,539,9,Serpentine,15,425,256
NF,463,540,9,Serpentine,15,425,256
NF,463,541,9,Serpentine,15,425,256
NF,463,578,7,Plagioclase,13,425,256
NF,463,579,7,Plagioclase,13,425,256
NF,463,580,7,Plagioclase,13,425,256
NF,463,581,7,Plagioclase,13,425,256
NF,464,52,9,Serpentine,15,425,256
NF,464,53,9,Serpentine,15,425,256
NF,464,54,9,Serpentine,15,425,256
NF,464,55,9,Serpentine,15,425,256
NF,464,56,9,Serpentine,15,425,256
NF,464,57,9,Serpentine,15,425,256
NF,464,58,9,Serpentine,15,425,256
NF,464,59,9,Serpentine,15,425,256
NF,464,60,9,Serpentine,15,425,256
NF,464,61,9,Serpentine,15,425,256
NF,464,62,9,Serpentine,15,425,256
NF,464,63,9,Serpentine,15,425,256
NF,464,64,9,Serpentine,15,425,256
NF,464,65,9,Serpentine,15,425,256
NF,464,66,9,Serpentine,15,425,256
NF,464,67,9,Serpentine,15,425,256
NF,464,68,9,Serpentine,15,425,256
NF,464,69,9,Serpentine,15,425,256
NF,464,70,9,Serpentine,15,425,256
NF,464,71,9,Serpentine,15,425,256
NF,464,72,9,Serpentine,15,425,256
NF,464,73,9,Serpentine,15,425,256
NF,464,74,9,Serpentine,15,425,256
NF,464,75,9,Serpentine,15,425,256
NF,464,76,9,Serpentine,15,425,256
NF,464,77,9,Serpentine,15,425,256
NF,464,78,9,Serpentine,15,425,256
NF,464,79,9,Serpentine,15,425,256
NF,464,80,9,Serpentine,15,425,256
NF,464,81,9,Serpentine,15,425,256
NF,464,82,9,Serpentine,15,425,256
NF,464,83,9,Serpentine,15,425,256
NF,464,84,9,Serpentine,15,425,256
NF,464,85,9,Serpentine,15,425,256
NF,464,86,9,Serpentine,15,425,256
NF,464,87,9,Serpentine,15,425,256
NF,464,88,9,Serpentine,15,425,256
NF,464,89,9,Serpentine,15,425,256
NF,464,90,9,Serpentine,15,425,256
NF,464,91,9,Serpentine,15,425,256
NF,464,92,9,Serpentine,15,425,256
NF,464,93,9,Serpentine,15,425,256
NF,464,94,9,Serpentine,15,425,256
NF,464,95,9,Serpentine,15,425,256
NF,464,96,9,Serpentine,15,425,256
NF,464,97,9,Serpentine,15,425,256
NF,464,98,9,Serpentine,15,425,256
NF,464,99,9,Serpentine,15,425,256
NF,464,100,9,Serpentine,15,425,256
NF,464,101,9,Serpentine,15,425,256
NF,464,102,9,Serpentine,15,425,256
NF,464,103,9,Serpentine,15,425,256
NF,464,104,9,Serpentine,15,425,256
NF,464,105,9,Serpentine,15,425,256
NF,464,106,9,Serpentine,15,425,256
NF,464,107,9,Serpentine,15,425,256
NF,464,108,9,Serpentine,15,425,256
NF,464,109,9,Serpentine,15,425,256
NF,464,110,9,Serpentine,15,425,256
NF,464,111,9,Serpentine,15,425,256
NF,464,112,9,Serpentine,15,425,256
NF,464,113,9,Serpentine,15,425,256
NF,464,114,9,Serpentine,15,425,256
NF,464,115,9,Serpentine,15,425,256
NF,464,116,9,Serpentine,15,425,256
NF,464,117,9,Serpentine,15,425,256
NF,464,118,9,Serpentine,15,425,256
NF,464,119,9,Serpentine,15,425,256
NF,464,182,4,Bassanite,2,425,256
NF,464,183,4,Bassanite,2,425,256
NF,464,184,4,Bassanite,2,425,256
NF,464,185,4,Bassanite,2,425,256
NF,464,186,4,Bassanite,2,425,256
NF,464,187,4,Bassanite,2,425,256
NF,464,188,4,Bassanite,2,425,256
NF,464,189,4,Bassanite,2,425,256
NF,464,190,4,Bassanite,2,425,256
NF,464,191,4,Bassanite,2,425,256
NF,464,192,4,Bassanite,2,425,256
NF,464,193,4,Bassanite,2,425,256
NF,464,194,4,Bassanite,2,425,256
NF,464,195,4,Bassanite,2,425,256
NF,464,196,4,Bassanite,2,425,256
NF,464,197,4,Bassanite,2,425,256
NF,464,198,4,Bassanite,2,425,256
NF,464,199,4,Bassanite,2,425,256
NF,464,200,4,Bassanite,2,425,256
NF,464,201,4,Bassanite,2,425,256
NF,464,202,4,Bassanite,2,425,256
NF,464,203,4,Bassanite,2,425,256
NF,464,204,4,Bassanite,2,425,256
NF,464,205,4,Bassanite,2,425,256
NF,464,206,4,Bassanite,2,425,256
NF,464,207,4,Bassanite,2,425,256
NF,464,208,4,Bassanite,2,425,256
NF,464,209,4,Bassanite,2,425,256
NF,464,210,4,Bassanite,2,425,256
NF,464,211,4,Bassanite,2,425,256
NF,464,212,4,Bassanite,2,425,256
NF,464,213,4,Bassanite,2,425,256
NF,464,262,9,Serpentine,15,425,256
NF,464,263,9,Serpentine,15,425,256
NF,464,264,9,Serpentine,15,425,256
NF,464,265,9,Serpentine,15,425,256
NF,464,266,9,Serpentine,15,425,256
NF,464,267,9,Serpentine,15,425,256
NF,464,268,9,Serpentine,15,425,256
NF,464,269,9,Serpentine,15,425,256
NF,464,270,9,Serpentine,15,425,256
NF,464,271,9,Serpentine,15,425,256
NF,464,272,9,Serpentine,15,425,256
NF,464,273,9,Serpentine,15,425,256
NF,464,274,9,Serpentine,15,425,256
NF,464,275,9,Serpentine,15,425,256
NF,464,276,9,Serpentine,15,425,256
NF,464,277,9,Serpentine,15,425,256
NF,464,278,9,Serpentine,15,425,256
NF,464,354,2,Epidote,4,425,256
NF,464,355,2,Epidote,4,425,256
NF,464,356,2,Epidote,4,425,256
NF,464,357,2,Epidote,4,425,256
NF,464,465,5,Illite/Muscovite,7,425,256
NF,464,466,5,Illite/Muscovite,7,425,256
NF,464,467,5,Illite/Muscovite,7,425,256
NF,464,468,5,Illite/Muscovite,7,425,256
NF,464,536,9,Serpentine,15,425,256
NF,464,537,9,Serpentine,15,425,256
NF,464,538,9,Serpentine,15,425,256
NF,464,539,9,Serpentine,15,425,256
NF,464,540,9,Serpentine,15,425,256
NF,464,541,9,Serpentine,15,425,256
NF,464,578,7,Plagioclase,13,425,256
NF,464,579,7,Plagioclase,13,425,256
NF,464,580,7,Plagioclase,13,425,256
NF,464,581,7,Plagioclase,13,425,256
NF,465,52,9,Serpentine,15,425,256
NF,465,53,9,Serpentine,15,425,256
NF,465,54,9,Serpentine,15,425,256
NF,465,55,9,Serpentine,15,425,256
NF,465,56,9,Serpentine,15,425,256
NF,465,57,9,Serpentine,15,425,256
NF,465,58,9,Serpentine,15,425,256
NF,465,59,9,Serpentine,15,425,256
NF,465,60,9,Serpentine,15,425,256
NF,465,61,9,Serpentine,15,425,256
NF,465,62,9,Serpentine,15,425,256
NF,465,63,9,Serpentine,15,425,256
NF,465,64,9,Serpentine,15,425,256
NF,465,65,9,Serpentine,15,425,256
NF,465,66,9,Serpentine,15,425,256
NF,465,67,9,Serpentine,15,425,256
NF,465,68,9,Serpentine,15,425,256
NF,465,69,9,Serpentine,15,425,256
NF,465,70,9,Serpentine,15,425,256
NF,465,71,9,Serpentine,15,425,256
NF,465,72,9,Serpentine,15,425,256
NF,465,73,9,Serpentine,15,425,256
NF,465,74,9,Serpentine,15,425,256
NF,465,75,9,Serpentine,15,425,256
NF,465,76,9,Serpentine,15,425,256
NF,465,77,9,Serpentine,15,425,256
NF,465,78,9,Serpentine,15,425,256
NF,465,79,9,Serpentine,15,425,256
NF,465,80,9,Serpentine,15,425,256
NF,465,81,9,Serpentine,15,425,256
NF,465,82,9,Serpentine,15,425,256
NF,465,83,9,Serpentine,15,425,256
NF,465,84,9,Serpentine,15,425,256
NF,465,85,9,Serpentine,15,425,256
NF,465,86,9,Serpentine,15,425,256
NF,465,87,9,Serpentine,15,425,256
NF,465,88,9,Serpentine,15,425,256
NF,465,89,9,Serpentine,15,425,256
NF,465,90,9,Serpentine,15,425,256
NF,465,91,9,Serpentine,15,425,256
NF,465,92,9,Serpentine,15,425,256
NF,465,93,9,Serpentine,15,425,256
NF,465,94,9,Serpentine,15,425,256
NF,465,95,9,Serpentine,15,425,256
NF,465,96,9,Serpentine,15,425,256
NF,465,97,9,Serpentine,15,425,256
NF,465,98,9,Serpentine,15,425,256
NF,465,99,9,Serpentine,15,425,256
NF,465,100,9,Serpentine,15,425,256
NF,465,101,9,Serpentine,15,425,256
NF,465,102,9,Serpentine,15,425,256
NF,465,103,9,Serpentine,15,425,256
NF,465,104,9,Serpentine,15,425,256
NF,465,105,9,Serpentine,15,425,256
NF,465,106,9,Serpentine,15,425,256
NF,465,107,9,Serpentine,15,425,256
NF,465,108,9,Serpentine,15,425,256
NF,465,109,9,Serpentine,15,425,256
NF,465,110,9,Serpentine,15,425,256
NF,465,111,9,Serpentine,15,425,256
NF,465,112,9,Serpentine,15,425,256
NF,465,113,9,Serpentine,15,425,256
NF,465,114,9,Serpentine,15,425,256
NF,465,115,9,Serpentine,15,425,256
NF,465,116,9,Serpentine,15,425,256
NF,465,117,9,Serpentine,15,425,256
NF,465,118,9,Serpentine,15,425,256
NF,465,119,9,Serpentine,15,425,256
NF,465,175,4,Bassanite,2,425,256
NF,465,176,4,Bassanite,2,425,256
NF,465,177,4,Bassanite,2,425,256
NF,465,178,4,Bassanite,2,425,256
NF,465,179,4,Bassanite,2,425,256
NF,465,180,4,Bassanite,2,425,256
NF,465,181,4,Bassanite,2,425,256
NF,465,182,4,Bassanite,2,425,256
NF,465,183,4,Bassanite,2,425,256
NF,465,184,4,Bassanite,2,425,256
NF,465,185,4,Bassanite,2,425,256
NF,465,186,4,Bassanite,2,425,256
NF,465,187,4,Bassanite,2,425,256
NF,465,188,4,Bassanite,2,425,256
NF,465,189,4,Bassanite,2,425,256
NF,465,190,4,Bassanite,2,425,256
NF,465,191,4,Bassanite,2,425,256
NF,465,192,4,Bassanite,2,425,256
NF,465,193,4,Bassanite,2,425,256
NF,465,194,4,Bassanite,2,425,256
NF,465,195,4,Bassanite,2,425,256
NF,465,196,4,Bassanite,2,425,256
NF,465,197,4,Bassanite,2,425,256
NF,465,198,4,Bassanite,2,425,256
NF,465,199,4,Bassanite,2,425,256
NF,465,200,4,Bassanite,2,425,256
NF,465,201,4,Bassanite,2,425,256
NF,465,202,4,Bassanite,2,425,256
NF,465,203,4,Bassanite,2,425,256
NF,465,204,4,Bassanite,2,425,256
NF,465,205,4,Bassanite,2,425,256
NF,465,206,4,Bassanite,2,425,256
NF,465,207,4,Bassanite,2,425,256
NF,465,208,4,Bassanite,2,425,256
NF,465,209,4,Bassanite,2,425,256
NF,465,210,4,Bassanite,2,425,256
NF,465,211,4,Bassanite,2,425,256
NF,465,212,4,Bassanite,2,425,256
NF,465,213,4,Bassanite,2,425,256
NF,465,214,4,Bassanite,2,425,256
NF,465,262,9,Serpentine,15,425,256
NF,465,263,9,Serpentine,15,425,256
NF,465,264,9,Serpentine,15,425,256
NF,465,265,9,Serpentine,15,425,256
NF,465,266,9,Serpentine,15,425,256
NF,465,267,9,Serpentine,15,425,256
NF,465,268,9,Serpentine,15,425,256
NF,465,269,9,Serpentine,15,425,256
NF,465,270,9,Serpentine,15,425,256
NF,465,271,9,Serpentine,15,425,256
NF,465,272,9,Serpentine,15,425,256
NF,465,273,9,Serpentine,15,425,256
NF,465,274,9,Serpentine,15,425,256
NF,465,275,9,Serpentine,15,425,256
NF,465,276,9,Serpentine,15,425,256
NF,465,277,9,Serpentine,15,425,256
NF,465,278,9,Serpentine,15,425,256
NF,465,354,2,Epidote,4,425,256
NF,465,355,2,Epidote,4,425,256
NF,465,356,2,Epidote,4,425,256
NF,465,357,2,Epidote,4,425,256
NF,465,465,5,Illite/Muscovite,7,425,256
NF,465,466,5,Illite/Muscovite,7,425,256
NF,465,467,5,Illite/Muscovite,7,425,256
NF,465,468,5,Illite/Muscovite,7,425,256
NF,465,469,5,Illite/Muscovite,7,425,256
NF,465,535,9,Serpentine,15,425,256
NF,465,536,9,Serpentine,15,425,256
NF,465,537,9,Serpentine,15,425,256
NF,465,538,9,Serpentine,15,425,256
NF,465,539,9,Serpentine,15,425,256
NF,465,540,9,Serpentine,15,425,256
NF,465,541,9,Serpentine,15,425,256
NF,465,578,7,Plagioclase,13,425,256
NF,465,579,7,Plagioclase,13,425,256
NF,465,580,7,Plagioclase,13,425,256
NF,465,581,7,Plagioclase,13,425,256
NF,466,52,9,Serpentine,15,425,256
NF,466,53,9,Serpentine,15,425,256
NF,466,54,9,Serpentine,15,425,256
NF,466,55,9,Serpentine,15,425,256
NF,466,56,9,Serpentine,15,425,256
NF,466,57,9,Serpentine,15,425,256
NF,466,58,9,Serpentine,15,425,256
NF,466,59,9,Serpentine,15,425,256
NF,466,60,9,Serpentine,15,425,256
NF,466,61,9,Serpentine,15,425,256
NF,466,62,9,Serpentine,15,425,256
NF,466,63,9,Serpentine,15,425,256
NF,466,64,9,Serpentine,15,425,256
NF,466,65,9,Serpentine,15,425,256
NF,466,66,9,Serpentine,15,425,256
NF,466,67,9,Serpentine,15,425,256
NF,466,68,9,Serpentine,15,425,256
NF,466,69,9,Serpentine,15,425,256
NF,466,70,9,Serpentine,15,425,256
NF,466,71,9,Serpentine,15,425,256
NF,466,72,9,Serpentine,15,425,256
NF,466,73,9,Serpentine,15,425,256
NF,466,74,9,Serpentine,15,425,256
NF,466,75,9,Serpentine,15,425,256
NF,466,76,9,Serpentine,15,425,256
NF,466,77,9,Serpentine,15,425,256
NF,466,78,9,Serpentine,15,425,256
NF,466,79,9,Serpentine,15,425,256
NF,466,80,9,Serpentine,15,425,256
NF,466,81,9,Serpentine,15,425,256
NF,466,82,9,Serpentine,15,425,256
NF,466,83,9,Serpentine,15,425,256
NF,466,84,9,Serpentine,15,425,256
NF,466,85,9,Serpentine,15,425,256
NF,466,86,9,Serpentine,15,425,256
NF,466,87,9,Serpentine,15,425,256
NF,466,88,9,Serpentine,15,425,256
NF,466,89,9,Serpentine,15,425,256
NF,466,90,9,Serpentine,15,425,256
NF,466,91,9,Serpentine,15,425,256
NF,466,92,9,Serpentine,15,425,256
NF,466,93,9,Serpentine,15,425,256
NF,466,94,9,Serpentine,15,425,256
NF,466,95,9,Serpentine,15,425,256
NF,466,96,9,Serpentine,15,425,256
NF,466,97,9,Serpentine,15,425,256
NF,466,98,9,Serpentine,15,425,256
NF,466,99,9,Serpentine,15,425,256
NF,466,100,9,Serpentine,15,425,256
NF,466,101,9,Serpentine,15,425,256
NF,466,102,9,Serpentine,15,425,256
NF,466,103,9,Serpentine,15,425,256
NF,466,104,9,Serpentine,15,425,256
NF,466,105,9,Serpentine,15,425,256
NF,466,106,9,Serpentine,15,425,256
NF,466,107,9,Serpentine,15,425,256
NF,466,108,9,Serpentine,15,425,256
NF,466,109,9,Serpentine,15,425,256
NF,466,110,9,Serpentine,15,425,256
NF,466,111,9,Serpentine,15,425,256
NF,466,112,9,Serpentine,15,425,256
NF,466,113,9,Serpentine,15,425,256
NF,466,114,9,Serpentine,15,425,256
NF,466,115,9,Serpentine,15,425,256
NF,466,116,9,Serpentine,15,425,256
NF,466,117,9,Serpentine,15,425,256
NF,466,118,9,Serpentine,15,425,256
NF,466,119,9,Serpentine,15,425,256
NF,466,120,9,Serpentine,15,425,256
NF,466,173,4,Bassanite,2,425,256
NF,466,174,4,Bassanite,2,425,256
NF,466,175,4,Bassanite,2,425,256
NF,466,176,4,Bassanite,2,425,256
NF,466,177,4,Bassanite,2,425,256
NF,466,178,4,Bassanite,2,425,256
NF,466,179,4,Bassanite,2,425,256
NF,466,180,4,Bassanite,2,425,256
NF,466,181,4,Bassanite,2,425,256
NF,466,182,4,Bassanite,2,425,256
NF,466,183,4,Bassanite,2,425,256
NF,466,184,4,Bassanite,2,425,256
NF,466,185,4,Bassanite,2,425,256
NF,466,186,4,Bassanite,2,425,256
NF,466,187,4,Bassanite,2,425,256
NF,466,188,4,Bassanite,2,425,256
NF,466,189,4,Bassanite,2,425,256
NF,466,190,4,Bassanite,2,425,256
NF,466,191,4,Bassanite,2,425,256
NF,466,192,4,Bassanite,2,425,256
NF,466,193,4,Bassanite,2,425,256
NF,466,194,4,Bassanite,2,425,256
NF,466,195,4,Bassanite,2,425,256
NF,466,196,4,Bassanite,2,425,256
NF,466,197,4,Bassanite,2,425,256
NF,466,198,4,Bassanite,2,425,256
NF,466,199,4,Bassanite,2,425,256
NF,466,200,4,Bassanite,2,425,256
NF,466,201,4,Bassanite,2,425,256
NF,466,202,4,Bassanite,2,425,256
NF,466,203,4,Bassanite,2,425,256
NF,466,204,4,Bassanite,2,425,256
NF,466,205,4,Bassanite,2,425,256
NF,466,206,4,Bassanite,2,425,256
NF,466,207,4,Bassanite,2,425,256
NF,466,208,4,Bassanite,2,425,256
NF,466,209,4,Bassanite,2,425,256
NF,466,210,4,Bassanite,2,425,256
NF,466,211,4,Bassanite,2,425,256
NF,466,212,4,Bassanite,2,425,256
NF,466,213,4,Bassanite,2,425,256
NF,466,214,4,Bassanite,2,425,256
NF,466,215,4,Bassanite,2,425,256
NF,466,265,9,Serpentine,15,425,256
NF,466,266,9,Serpentine,15,425,256
NF,466,267,9,Serpentine,15,425,256
NF,466,268,9,Serpentine,15,425,256
NF,466,269,9,Serpentine,15,425,256
NF,466,270,9,Serpentine,15,425,256
NF,466,271,9,Serpentine,15,425,256
NF,466,272,9,Serpentine,15,425,256
NF,466,273,9,Serpentine,15,425,256
NF,466,274,9,Serpentine,15,425,256
NF,466,275,9,Serpentine,15,425,256
NF,466,276,9,Serpentine,15,425,256
NF,466,277,9,Serpentine,15,425,256
NF,466,278,9,Serpentine,15,425,256
NF,466,279,9,Serpentine,15,425,256
NF,466,458,5,Illite/Muscovite,7,425,256
NF,466,459,5,Illite/Muscovite,7,425,256
NF,466,467,5,Illite/Muscovite,7,425,256
NF,466,468,5,Illite/Muscovite,7,425,256
NF,466,469,5,Illite/Muscovite,7,425,256
NF,466,502,3,Chlorite,3,425,256
NF,466,503,3,Chlorite,3,425,256
NF,466,506,3,Chlorite,3,425,256
NF,466,507,3,Chlorite,3,425,256
NF,466,535,9,Serpentine,15,425,256
NF,466,536,9,Serpentine,15,425,256
NF,466,537,9,Serpentine,15,425,256
NF,466,538,9,Serpentine,15,425,256
NF,466,539,9,Serpentine,15,425,256
NF,466,540,9,Serpentine,15,425,256
NF,466,578,7,Plagioclase,13,425,256
NF,466,579,7,Plagioclase,13,425,256
NF,466,580,7,Plagioclase,13,425,256
NF,466,581,7,Plagioclase,13,425,256
NF,467,51,9,Serpentine,15,425,256
NF,467,52,9,Serpentine,15,425,256
NF,467,53,9,Serpentine,15,425,256
NF,467,54,9,Serpentine,15,425,256
NF,467,55,9,Serpentine,15,425,256
NF,467,56,9,Serpentine,15,425,256
NF,467,57,9,Serpentine,15,425,256
NF,467,58,9,Serpentine,15,425,256
NF,467,59,9,Serpentine,15,425,256
NF,467,60,9,Serpentine,15,425,256
NF,467,61,9,Serpentine,15,425,256
NF,467,62,9,Serpentine,15,425,256
NF,467,63,9,Serpentine,15,425,256
NF,467,64,9,Serpentine,15,425,256
NF,467,65,9,Serpentine,15,425,256
NF,467,66,9,Serpentine,15,425,256
NF,467,67,9,Serpentine,15,425,256
NF,467,68,9,Serpentine,15,425,256
NF,467,69,9,Serpentine,15,425,256
NF,467,70,9,Serpentine,15,425,256
NF,467,71,9,Serpentine,15,425,256
NF,467,72,9,Serpentine,15,425,256
NF,467,73,9,Serpentine,15,425,256
NF,467,74,9,Serpentine,15,425,256
NF,467,75,9,Serpentine,15,425,256
NF,467,76,9,Serpentine,15,425,256
NF,467,77,9,Serpentine,15,425,256
NF,467,78,9,Serpentine,15,425,256
NF,467,79,9,Serpentine,15,425,256
NF,467,80,9,Serpentine,15,425,256
NF,467,81,9,Serpentine,15,425,256
NF,467,82,9,Serpentine,15,425,256
NF,467,83,9,Serpentine,15,425,256
NF,467,84,9,Serpentine,15,425,256
NF,467,85,9,Serpentine,15,425,256
NF,467,86,9,Serpentine,15,425,256
NF,467,87,9,Serpentine,15,425,256
NF,467,88,9,Serpentine,15,425,256
NF,467,89,9,Serpentine,15,425,256
NF,467,90,9,Serpentine,15,425,256
NF,467,91,9,Serpentine,15,425,256
NF,467,92,9,Serpentine,15,425,256
NF,467,93,9,Serpentine,15,425,256
NF,467,94,9,Serpentine,15,425,256
NF,467,95,9,Serpentine,15,425,256
NF,467,96,9,Serpentine,15,425,256
NF,467,97,9,Serpentine,15,425,256
NF,467,98,9,Serpentine,15,425,256
NF,467,99,9,Serpentine,15,425,256
NF,467,100,9,Serpentine,15,425,256
NF,467,101,9,Serpentine,15,425,256
NF,467,102,9,Serpentine,15,425,256
NF,467,103,9,Serpentine,15,425,256
NF,467,104,9,Serpentine,15,425,256
NF,467,105,9,Serpentine,15,425,256
NF,467,106,9,Serpentine,15,425,256
NF,467,107,9,Serpentine,15,425,256
NF,467,108,9,Serpentine,15,425,256
NF,467,109,9,Serpentine,15,425,256
NF,467,110,9,Serpentine,15,425,256
NF,467,111,9,Serpentine,15,425,256
NF,467,112,9,Serpentine,15,425,256
NF,467,113,9,Serpentine,15,425,256
NF,467,114,9,Serpentine,15,425,256
NF,467,115,9,Serpentine,15,425,256
NF,467,116,9,Serpentine,15,425,256
NF,467,117,9,Serpentine,15,425,256
NF,467,118,9,Serpentine,15,425,256
NF,467,119,9,Serpentine,15,425,256
NF,467,120,9,Serpentine,15,425,256
NF,467,172,4,Bassanite,2,425,256
NF,467,173,4,Bassanite,2,425,256
NF,467,174,4,Bassanite,2,425,256
NF,467,175,4,Bassanite,2,425,256
NF,467,176,4,Bassanite,2,425,256
NF,467,177,4,Bassanite,2,425,256
NF,467,178,4,Bassanite,2,425,256
NF,467,179,4,Bassanite,2,425,256
NF,467,180,4,Bassanite,2,425,256
NF,467,181,4,Bassanite,2,425,256
NF,467,182,4,Bassanite,2,425,256
NF,467,183,4,Bassanite,2,425,256
NF,467,184,4,Bassanite,2,425,256
NF,467,185,4,Bassanite,2,425,256
NF,467,186,4,Bassanite,2,425,256
NF,467,187,4,Bassanite,2,425,256
NF,467,188,4,Bassanite,2,425,256
NF,467,189,4,Bassanite,2,425,256
NF,467,190,4,Bassanite,2,425,256
NF,467,191,4,Bassanite,2,425,256
NF,467,192,4,Bassanite,2,425,256
NF,467,193,4,Bassanite,2,425,256
NF,467,194,4,Bassanite,2,425,256
NF,467,195,4,Bassanite,2,425,256
NF,467,196,4,Bassanite,2,425,256
NF,467,197,4,Bassanite,2,425,256
NF,467,198,4,Bassanite,2,425,256
NF,467,199,4,Bassanite,2,425,256
NF,467,200,4,Bassanite,2,425,256
NF,467,201,4,Bassanite,2,425,256
NF,467,202,4,Bassanite,2,425,256
NF,467,203,4,Bassanite,2,425,256
NF,467,204,4,Bassanite,2,425,256
NF,467,205,4,Bassanite,2,425,256
NF,467,206,4,Bassanite,2,425,256
NF,467,207,4,Bassanite,2,425,256
NF,467,208,4,Bassanite,2,425,256
NF,467,209,4,Bassanite,2,425,256
NF,467,210,4,Bassanite,2,425,256
NF,467,211,4,Bassanite,2,425,256
NF,467,212,4,Bassanite,2,425,256
NF,467,213,4,Bassanite,2,425,256
NF,467,214,4,Bassanite,2,425,256
NF,467,215,4,Bassanite,2,425,256
NF,467,216,4,Bassanite,2,425,256
NF,467,269,9,Serpentine,15,425,256
NF,467,270,9,Serpentine,15,425,256
NF,467,271,9,Serpentine,15,425,256
NF,467,272,9,Serpentine,15,425,256
NF,467,273,9,Serpentine,15,425,256
NF,467,274,9,Serpentine,15,425,256
NF,467,275,9,Serpentine,15,425,256
NF,467,276,9,Serpentine,15,425,256
NF,467,277,9,Serpentine,15,425,256
NF,467,278,9,Serpentine,15,425,256
NF,467,279,9,Serpentine,15,425,256
NF,467,449,5,Illite/Muscovite,7,425,256
NF,467,450,5,Illite/Muscovite,7,425,256
NF,467,451,5,Illite/Muscovite,7,425,256
NF,467,458,5,Illite/Muscovite,7,425,256
NF,467,459,5,Illite/Muscovite,7,425,256
NF,467,468,5,Illite/Muscovite,7,425,256
NF,467,469,5,Illite/Muscovite,7,425,256
NF,467,470,5,Illite/Muscovite,7,425,256
NF,467,506,3,Chlorite,3,425,256
NF,467,507,3,Chlorite,3,425,256
NF,467,518,7,Plagioclase,13,425,256
NF,467,519,7,Plagioclase,13,425,256
NF,467,535,9,Serpentine,15,425,256
NF,467,536,9,Serpentine,15,425,256
NF,467,537,9,Serpentine,15,425,256
NF,467,538,9,Serpentine,15,425,256
NF,467,539,9,Serpentine,15,425,256
NF,467,540,9,Serpentine,15,425,256
NF,467,579,7,Plagioclase,13,425,256
NF,467,580,7,Plagioclase,13,425,256
NF,467,581,7,Plagioclase,13,425,256
NF,468,50,9,Serpentine,15,425,256
NF,468,51,9,Serpentine,15,425,256
NF,468,52,9,Serpentine,15,425,256
NF,468,53,9,Serpentine,15,425,256
NF,468,54,9,Serpentine,15,425,256
NF,468,55,9,Serpentine,15,425,256
NF,468,56,9,Serpentine,15,425,256
NF,468,57,9,Serpentine,15,425,256
NF,468,58,9,Serpentine,15,425,256
NF,468,59,9,Serpentine,15,425,256
NF,468,60,9,Serpentine,15,425,256
NF,468,61,9,Serpentine,15,425,256
NF,468,62,9,Serpentine,15,425,256
NF,468,63,9,Serpentine,15,425,256
NF,468,64,9,Serpentine,15,425,256
NF,468,65,9,Serpentine,15,425,256
NF,468,66,9,Serpentine,15,425,256
NF,468,67,9,Serpentine,15,425,256
NF,468,68,9,Serpentine,15,425,256
NF,468,69,9,Serpentine,15,425,256
NF,468,70,9,Serpentine,15,425,256
NF,468,71,9,Serpentine,15,425,256
NF,468,72,9,Serpentine,15,425,256
NF,468,73,9,Serpentine,15,425,256
NF,468,74,9,Serpentine,15,425,256
NF,468,75,9,Serpentine,15,425,256
NF,468,76,9,Serpentine,15,425,256
NF,468,77,9,Serpentine,15,425,256
NF,468,78,9,Serpentine,15,425,256
NF,468,79,9,Serpentine,15,425,256
NF,468,80,9,Serpentine,15,425,256
NF,468,81,9,Serpentine,15,425,256
NF,468,82,9,Serpentine,15,425,256
NF,468,83,9,Serpentine,15,425,256
NF,468,84,9,Serpentine,15,425,256
NF,468,85,9,Serpentine,15,425,256
NF,468,86,9,Serpentine,15,425,256
NF,468,87,9,Serpentine,15,425,256
NF,468,88,9,Serpentine,15,425,256
NF,468,89,9,Serpentine,15,425,256
NF,468,90,9,Serpentine,15,425,256
NF,468,91,9,Serpentine,15,425,256
NF,468,92,9,Serpentine,15,425,256
NF,468,93,9,Serpentine,15,425,256
NF,468,94,9,Serpentine,15,425,256
NF,468,95,9,Serpentine,15,425,256
NF,468,96,9,Serpentine,15,425,256
NF,468,97,9,Serpentine,15,425,256
NF,468,98,9,Serpentine,15,425,256
NF,468,99,9,Serpentine,15,425,256
NF,468,100,9,Serpentine,15,425,256
NF,468,101,9,Serpentine,15,425,256
NF,468,102,9,Serpentine,15,425,256
NF,468,103,9,Serpentine,15,425,256
NF,468,104,9,Serpentine,15,425,256
NF,468,105,9,Serpentine,15,425,256
NF,468,106,9,Serpentine,15,425,256
NF,468,107,9,Serpentine,15,425,256
NF,468,108,9,Serpentine,15,425,256
NF,468,109,9,Serpentine,15,425,256
NF,468,110,9,Serpentine,15,425,256
NF,468,111,9,Serpentine,15,425,256
NF,468,112,9,Serpentine,15,425,256
NF,468,113,9,Serpentine,15,425,256
NF,468,114,9,Serpentine,15,425,256
NF,468,115,9,Serpentine,15,425,256
NF,468,116,9,Serpentine,15,425,256
NF,468,117,9,Serpentine,15,425,256
NF,468,118,9,Serpentine,15,425,256
NF,468,119,9,Serpentine,15,425,256
NF,468,120,9,Serpentine,15,425,256
NF,468,171,4,Bassanite,2,425,256
NF,468,172,4,Bassanite,2,425,256
NF,468,173,4,Bassanite,2,425,256
NF,468,174,4,Bassanite,2,425,256
NF,468,175,4,Bassanite,2,425,256
NF,468,176,4,Bassanite,2,425,256
NF,468,177,4,Bassanite,2,425,256
NF,468,178,4,Bassanite,2,425,256
NF,468,179,4,Bassanite,2,425,256
NF,468,180,4,Bassanite,2,425,256
NF,468,181,4,Bassanite,2,425,256
NF,468,182,4,Bassanite,2,425,256
NF,468,183,4,Bassanite,2,425,256
NF,468,184,4,Bassanite,2,425,256
NF,468,185,4,Bassanite,2,425,256
NF,468,186,4,Bassanite,2,425,256
NF,468,187,4,Bassanite,2,425,256
NF,468,188,4,Bassanite,2,425,256
NF,468,189,4,Bassanite,2,425,256
NF,468,190,4,Bassanite,2,425,256
NF,468,191,4,Bassanite,2,425,256
NF,468,192,4,Bassanite,2,425,256
NF,468,193,4,Bassanite,2,425,256
NF,468,194,4,Bassanite,2,425,256
NF,468,195,4,Bassanite,2,425,256
NF,468,196,4,Bassanite,2,425,256
NF,468,197,4,Bassanite,2,425,256
NF,468,198,4,Bassanite,2,425,256
NF,468,199,4,Bassanite,2,425,256
NF,468,200,4,Bassanite,2,425,256
NF,468,201,4,Bassanite,2,425,256
NF,468,202,4,Bassanite,2,425,256
NF,468,203,4,Bassanite,2,425,256
NF,468,204,4,Bassanite,2,425,256
NF,468,205,4,Bassanite,2,425,256
NF,468,206,4,Bassanite,2,425,256
NF,468,207,4,Bassanite,2,425,256
NF,468,208,4,Bassanite,2,425,256
NF,468,209,4,Bassanite,2,425,256
NF,468,210,4,Bassanite,2,425,256
NF,468,211,4,Bassanite,2,425,256
NF,468,212,4,Bassanite,2,425,256
NF,468,213,4,Bassanite,2,425,256
NF,468,214,4,Bassanite,2,425,256
NF,468,215,4,Bassanite,2,425,256
NF,468,216,4,Bassanite,2,425,256
NF,468,270,9,Serpentine,15,425,256
NF,468,271,9,Serpentine,15,425,256
NF,468,272,9,Serpentine,15,425,256
NF,468,273,9,Serpentine,15,425,256
NF,468,274,9,Serpentine,15,425,256
NF,468,275,9,Serpentine,15,425,256
NF,468,276,9,Serpentine,15,425,256
NF,468,277,9,Serpentine,15,425,256
NF,468,278,9,Serpentine,15,425,256
NF,468,279,9,Serpentine,15,425,256
NF,468,280,9,Serpentine,15,425,256
NF,468,469,5,Illite/Muscovite,7,425,256
NF,468,470,5,Illite/Muscovite,7,425,256
NF,468,517,7,Plagioclase,13,425,256
NF,468,518,7,Plagioclase,13,425,256
NF,468,519,7,Plagioclase,13,425,256
NF,468,520,7,Plagioclase,13,425,256
NF,468,534,9,Serpentine,15,425,256
NF,468,535,9,Serpentine,15,425,256
NF,468,536,9,Serpentine,15,425,256
NF,468,537,9,Serpentine,15,425,256
NF,468,538,9,Serpentine,15,425,256
NF,468,539,9,Serpentine,15,425,256
NF,469,50,9,Serpentine,15,425,256
NF,469,51,9,Serpentine,15,425,256
NF,469,52,9,Serpentine,15,425,256
NF,469,53,9,Serpentine,15,425,256
NF,469,54,9,Serpentine,15,425,256
NF,469,55,9,Serpentine,15,425,256
NF,469,56,9,Serpentine,15,425,256
NF,469,57,9,Serpentine,15,425,256
NF,469,58,9,Serpentine,15,425,256
NF,469,59,9,Serpentine,15,425,256
NF,469,60,9,Serpentine,15,425,256
NF,469,61,9,Serpentine,15,425,256
NF,469,62,9,Serpentine,15,425,256
NF,469,63,9,Serpentine,15,425,256
NF,469,64,9,Serpentine,15,425,256
NF,469,65,9,Serpentine,15,425,256
NF,469,66,9,Serpentine,15,425,256
NF,469,67,9,Serpentine,15,425,256
NF,469,68,9,Serpentine,15,425,256
NF,469,69,9,Serpentine,15,425,256
NF,469,70,9,Serpentine,15,425,256
NF,469,71,9,Serpentine,15,425,256
NF,469,72,9,Serpentine,15,425,256
NF,469,73,9,Serpentine,15,425,256
NF,469,74,9,Serpentine,15,425,256
NF,469,75,9,Serpentine,15,425,256
NF,469,76,9,Serpentine,15,425,256
NF,469,77,9,Serpentine,15,425,256
NF,469,78,9,Serpentine,15,425,256
NF,469,79,9,Serpentine,15,425,256
NF,469,80,9,Serpentine,15,425,256
NF,469,81,9,Serpentine,15,425,256
NF,469,82,9,Serpentine,15,425,256
NF,469,83,9,Serpentine,15,425,256
NF,469,84,9,Serpentine,15,425,256
NF,469,85,9,Serpentine,15,425,256
NF,469,86,9,Serpentine,15,425,256
NF,469,87,9,Serpentine,15,425,256
NF,469,88,9,Serpentine,15,425,256
NF,469,89,9,Serpentine,15,425,256
NF,469,90,9,Serpentine,15,425,256
NF,469,91,9,Serpentine,15,425,256
NF,469,92,9,Serpentine,15,425,256
NF,469,93,9,Serpentine,15,425,256
NF,469,94,9,Serpentine,15,425,256
NF,469,95,9,Serpentine,15,425,256
NF,469,96,9,Serpentine,15,425,256
NF,469,97,9,Serpentine,15,425,256
NF,469,98,9,Serpentine,15,425,256
NF,469,99,9,Serpentine,15,425,256
NF,469,100,9,Serpentine,15,425,256
NF,469,101,9,Serpentine,15,425,256
NF,469,102,9,Serpentine,15,425,256
NF,469,103,9,Serpentine,15,425,256
NF,469,104,9,Serpentine,15,425,256
NF,469,105,9,Serpentine,15,425,256
NF,469,106,9,Serpentine,15,425,256
NF,469,107,9,Serpentine,15,425,256
NF,469,108,9,Serpentine,15,425,256
NF,469,109,9,Serpentine,15,425,256
NF,469,110,9,Serpentine,15,425,256
NF,469,111,9,Serpentine,15,425,256
NF,469,112,9,Serpentine,15,425,256
NF,469,113,9,Serpentine,15,425,256
NF,469,114,9,Serpentine,15,425,256
NF,469,115,9,Serpentine,15,425,256
NF,469,116,9,Serpentine,15,425,256
NF,469,117,9,Serpentine,15,425,256
NF,469,118,9,Serpentine,15,425,256
NF,469,119,9,Serpentine,15,425,256
NF,469,120,9,Serpentine,15,425,256
NF,469,169,4,Bassanite,2,425,256
NF,469,170,4,Bassanite,2,425,256
NF,469,171,4,Bassanite,2,425,256
NF,469,172,4,Bassanite,2,425,256
NF,469,173,4,Bassanite,2,425,256
NF,469,174,4,Bassanite,2,425,256
NF,469,175,4,Bassanite,2,425,256
NF,469,176,4,Bassanite,2,425,256
NF,469,177,4,Bassanite,2,425,256
NF,469,178,4,Bassanite,2,425,256
NF,469,179,4,Bassanite,2,425,256
NF,469,180,4,Bassanite,2,425,256
NF,469,181,4,Bassanite,2,425,256
NF,469,182,4,Bassanite,2,425,256
NF,469,183,4,Bassanite,2,425,256
NF,469,184,4,Bassanite,2,425,256
NF,469,185,4,Bassanite,2,425,256
NF,469,186,4,Bassanite,2,425,256
NF,469,187,4,Bassanite,2,425,256
NF,469,188,4,Bassanite,2,425,256
NF,469,189,4,Bassanite,2,425,256
NF,469,190,4,Bassanite,2,425,256
NF,469,191,4,Bassanite,2,425,256
NF,469,192,4,Bassanite,2,425,256
NF,469,193,4,Bassanite,2,425,256
NF,469,194,4,Bassanite,2,425,256
NF,469,195,4,Bassanite,2,425,256
NF,469,196,4,Bassanite,2,425,256
NF,469,197,4,Bassanite,2,425,256
NF,469,198,4,Bassanite,2,425,256
NF,469,199,4,Bassanite,2,425,256
NF,469,200,4,Bassanite,2,425,256
NF,469,201,4,Bassanite,2,425,256
NF,469,202,4,Bassanite,2,425,256
NF,469,203,4,Bassanite,2,425,256
NF,469,204,4,Bassanite,2,425,256
NF,469,205,4,Bassanite,2,425,256
NF,469,206,4,Bassanite,2,425,256
NF,469,207,4,Bassanite,2,425,256
NF,469,208,4,Bassanite,2,425,256
NF,469,209,4,Bassanite,2,425,256
NF,469,210,4,Bassanite,2,425,256
NF,469,211,4,Bassanite,2,425,256
NF,469,212,4,Bassanite,2,425,256
NF,469,213,4,Bassanite,2,425,256
NF,469,214,4,Bassanite,2,425,256
NF,469,215,4,Bassanite,2,425,256
NF,469,216,4,Bassanite,2,425,256
NF,469,217,4,Bassanite,2,425,256
NF,469,271,9,Serpentine,15,425,256
NF,469,272,9,Serpentine,15,425,256
NF,469,273,9,Serpentine,15,425,256
NF,469,274,9,Serpentine,15,425,256
NF,469,275,9,Serpentine,15,425,256
NF,469,276,9,Serpentine,15,425,256
NF,469,277,9,Serpentine,15,425,256
NF,469,278,9,Serpentine,15,425,256
NF,469,279,9,Serpentine,15,425,256
NF,469,280,9,Serpentine,15,425,256
NF,469,516,7,Plagioclase,13,425,256
NF,469,517,7,Plagioclase,13,425,256
NF,469,518,7,Plagioclase,13,425,256
NF,469,519,7,Plagioclase,13,425,256
NF,469,520,7,Plagioclase,13,425,256
NF,469,521,7,Plagioclase,13,425,256
NF,469,533,9,Serpentine,15,425,256
NF,469,534,9,Serpentine,15,425,256
NF,469,535,9,Serpentine,15,425,256
NF,469,536,9,Serpentine,15,425,256
NF,469,537,9,Serpentine,15,425,256
NF,469,538,9,Serpentine,15,425,256
NF,469,539,9,Serpentine,15,425,256
NF,470,49,9,Serpentine,15,425,256
NF,470,50,9,Serpentine,15,425,256
NF,470,51,9,Serpentine,15,425,256
NF,470,52,9,Serpentine,15,425,256
NF,470,53,9,Serpentine,15,425,256
NF,470,54,9,Serpentine,15,425,256
NF,470,55,9,Serpentine,15,425,256
NF,470,56,9,Serpentine,15,425,256
NF,470,57,9,Serpentine,15,425,256
NF,470,58,9,Serpentine,15,425,256
NF,470,59,9,Serpentine,15,425,256
NF,470,60,9,Serpentine,15,425,256
NF,470,61,9,Serpentine,15,425,256
NF,470,62,9,Serpentine,15,425,256
NF,470,63,9,Serpentine,15,425,256
NF,470,64,9,Serpentine,15,425,256
NF,470,65,9,Serpentine,15,425,256
NF,470,66,9,Serpentine,15,425,256
NF,470,67,9,Serpentine,15,425,256
NF,470,68,9,Serpentine,15,425,256
NF,470,69,9,Serpentine,15,425,256
NF,470,70,9,Serpentine,15,425,256
NF,470,71,9,Serpentine,15,425,256
NF,470,72,9,Serpentine,15,425,256
NF,470,73,9,Serpentine,15,425,256
NF,470,74,9,Serpentine,15,425,256
NF,470,75,9,Serpentine,15,425,256
NF,470,76,9,Serpentine,15,425,256
NF,470,77,9,Serpentine,15,425,256
NF,470,78,9,Serpentine,15,425,256
NF,470,79,9,Serpentine,15,425,256
NF,470,80,9,Serpentine,15,425,256
NF,470,81,9,Serpentine,15,425,256
NF,470,82,9,Serpentine,15,425,256
NF,470,83,9,Serpentine,15,425,256
NF,470,84,9,Serpentine,15,425,256
NF,470,85,9,Serpentine,15,425,256
NF,470,86,9,Serpentine,15,425,256
NF,470,87,9,Serpentine,15,425,256
NF,470,88,9,Serpentine,15,425,256
NF,470,89,9,Serpentine,15,425,256
NF,470,90,9,Serpentine,15,425,256
NF,470,91,9,Serpentine,15,425,256
NF,470,92,9,Serpentine,15,425,256
NF,470,93,9,Serpentine,15,425,256
NF,470,94,9,Serpentine,15,425,256
NF,470,95,9,Serpentine,15,425,256
NF,470,96,9,Serpentine,15,425,256
NF,470,97,9,Serpentine,15,425,256
NF,470,98,9,Serpentine,15,425,256
NF,470,99,9,Serpentine,15,425,256
NF,470,100,9,Serpentine,15,425,256
NF,470,101,9,Serpentine,15,425,256
NF,470,102,9,Serpentine,15,425,256
NF,470,103,9,Serpentine,15,425,256
NF,470,104,9,Serpentine,15,425,256
NF,470,105,9,Serpentine,15,425,256
NF,470,106,9,Serpentine,15,425,256
NF,470,107,9,Serpentine,15,425,256
NF,470,108,9,Serpentine,15,425,256
NF,470,109,9,Serpentine,15,425,256
NF,470,110,9,Serpentine,15,425,256
NF,470,111,9,Serpentine,15,425,256
NF,470,112,9,Serpentine,15,425,256
NF,470,113,9,Serpentine,15,425,256
NF,470,114,9,Serpentine,15,425,256
NF,470,115,9,Serpentine,15,425,256
NF,470,116,9,Serpentine,15,425,256
NF,470,117,9,Serpentine,15,425,256
NF,470,118,9,Serpentine,15,425,256
NF,470,119,9,Serpentine,15,425,256
NF,470,120,9,Serpentine,15,425,256
NF,470,163,4,Bassanite,2,425,256
NF,470,164,4,Bassanite,2,425,256
NF,470,165,4,Bassanite,2,425,256
NF,470,166,4,Bassanite,2,425,256
NF,470,167,4,Bassanite,2,425,256
NF,470,168,4,Bassanite,2,425,256
NF,470,169,4,Bassanite,2,425,256
NF,470,170,4,Bassanite,2,425,256
NF,470,171,4,Bassanite,2,425,256
NF,470,172,4,Bassanite,2,425,256
NF,470,173,4,Bassanite,2,425,256
NF,470,174,4,Bassanite,2,425,256
NF,470,175,4,Bassanite,2,425,256
NF,470,176,4,Bassanite,2,425,256
NF,470,177,4,Bassanite,2,425,256
NF,470,178,4,Bassanite,2,425,256
NF,470,179,4,Bassanite,2,425,256
NF,470,180,4,Bassanite,2,425,256
NF,470,181,4,Bassanite,2,425,256
NF,470,198,4,Bassanite,2,425,256
NF,470,199,4,Bassanite,2,425,256
NF,470,200,4,Bassanite,2,425,256
NF,470,201,4,Bassanite,2,425,256
NF,470,202,4,Bassanite,2,425,256
NF,470,203,4,Bassanite,2,425,256
NF,470,204,4,Bassanite,2,425,256
NF,470,205,4,Bassanite,2,425,256
NF,470,206,4,Bassanite,2,425,256
NF,470,207,4,Bassanite,2,425,256
NF,470,208,4,Bassanite,2,425,256
NF,470,209,4,Bassanite,2,425,256
NF,470,210,4,Bassanite,2,425,256
NF,470,211,4,Bassanite,2,425,256
NF,470,212,4,Bassanite,2,425,256
NF,470,213,4,Bassanite,2,425,256
NF,470,214,4,Bassanite,2,425,256
NF,470,215,4,Bassanite,2,425,256
NF,470,216,4,Bassanite,2,425,256
NF,470,217,4,Bassanite,2,425,256
NF,470,272,9,Serpentine,15,425,256
NF,470,273,9,Serpentine,15,425,256
NF,470,274,9,Serpentine,15,425,256
NF,470,275,9,Serpentine,15,425,256
NF,470,276,9,Serpentine,15,425,256
NF,470,277,9,Serpentine,15,425,256
NF,470,278,9,Serpentine,15,425,256
NF,470,279,9,Serpentine,15,425,256
NF,470,280,9,Serpentine,15,425,256
NF,470,281,9,Serpentine,15,425,256
NF,470,514,7,Plagioclase,13,425,256
NF,470,515,7,Plagioclase,13,425,256
NF,470,516,7,Plagioclase,13,425,256
NF,470,517,7,Plagioclase,13,425,256
NF,470,518,7,Plagioclase,13,425,256
NF,470,519,7,Plagioclase,13,425,256
NF,470,520,7,Plagioclase,13,425,256
NF,470,521,7,Plagioclase,13,425,256
NF,470,533,9,Serpentine,15,425,256
NF,470,534,9,Serpentine,15,425,256
NF,470,535,9,Serpentine,15,425,256
NF,470,536,9,Serpentine,15,425,256
NF,470,537,9,Serpentine,15,425,256
NF,470,538,9,Serpentine,15,425,256
NF,471,49,9,Serpentine,15,425,256
NF,471,50,9,Serpentine,15,425,256
NF,471,51,9,Serpentine,15,425,256
NF,471,52,9,Serpentine,15,425,256
NF,471,53,9,Serpentine,15,425,256
NF,471,54,9,Serpentine,15,425,256
NF,471,55,9,Serpentine,15,425,256
NF,471,56,9,Serpentine,15,425,256
NF,471,57,9,Serpentine,15,425,256
NF,471,58,9,Serpentine,15,425,256
NF,471,59,9,Serpentine,15,425,256
NF,471,60,9,Serpentine,15,425,256
NF,471,61,9,Serpentine,15,425,256
NF,471,62,9,Serpentine,15,425,256
NF,471,63,9,Serpentine,15,425,256
NF,471,64,9,Serpentine,15,425,256
NF,471,65,9,Serpentine,15,425,256
NF,471,66,9,Serpentine,15,425,256
NF,471,67,9,Serpentine,15,425,256
NF,471,68,9,Serpentine,15,425,256
NF,471,69,9,Serpentine,15,425,256
NF,471,70,9,Serpentine,15,425,256
NF,471,71,9,Serpentine,15,425,256
NF,471,72,9,Serpentine,15,425,256
NF,471,73,9,Serpentine,15,425,256
NF,471,74,9,Serpentine,15,425,256
NF,471,75,9,Serpentine,15,425,256
NF,471,76,9,Serpentine,15,425,256
NF,471,77,9,Serpentine,15,425,256
NF,471,78,9,Serpentine,15,425,256
NF,471,79,9,Serpentine,15,425,256
NF,471,80,9,Serpentine,15,425,256
NF,471,81,9,Serpentine,15,425,256
NF,471,82,9,Serpentine,15,425,256
NF,471,83,9,Serpentine,15,425,256
NF,471,84,9,Serpentine,15,425,256
NF,471,85,9,Serpentine,15,425,256
NF,471,86,9,Serpentine,15,425,256
NF,471,87,9,Serpentine,15,425,256
NF,471,88,9,Serpentine,15,425,256
NF,471,89,9,Serpentine,15,425,256
NF,471,90,9,Serpentine,15,425,256
NF,471,91,9,Serpentine,15,425,256
NF,471,92,9,Serpentine,15,425,256
NF,471,93,9,Serpentine,15,425,256
NF,471,94,9,Serpentine,15,425,256
NF,471,95,9,Serpentine,15,425,256
NF,471,96,9,Serpentine,15,425,256
NF,471,97,9,Serpentine,15,425,256
NF,471,98,9,Serpentine,15,425,256
NF,471,99,9,Serpentine,15,425,256
NF,471,100,9,Serpentine,15,425,256
NF,471,101,9,Serpentine,15,425,256
NF,471,102,9,Serpentine,15,425,256
NF,471,103,9,Serpentine,15,425,256
NF,471,104,9,Serpentine,15,425,256
NF,471,105,9,Serpentine,15,425,256
NF,471,106,9,Serpentine,15,425,256
NF,471,107,9,Serpentine,15,425,256
NF,471,108,9,Serpentine,15,425,256
NF,471,109,9,Serpentine,15,425,256
NF,471,110,9,Serpentine,15,425,256
NF,471,111,9,Serpentine,15,425,256
NF,471,112,9,Serpentine,15,425,256
NF,471,113,9,Serpentine,15,425,256
NF,471,114,9,Serpentine,15,425,256
NF,471,115,9,Serpentine,15,425,256
NF,471,116,9,Serpentine,15,425,256
NF,471,117,9,Serpentine,15,425,256
NF,471,118,9,Serpentine,15,425,256
NF,471,119,9,Serpentine,15,425,256
NF,471,120,9,Serpentine,15,425,256
NF,471,121,9,Serpentine,15,425,256
NF,471,162,4,Bassanite,2,425,256
NF,471,163,4,Bassanite,2,425,256
NF,471,164,4,Bassanite,2,425,256
NF,471,165,4,Bassanite,2,425,256
NF,471,166,4,Bassanite,2,425,256
NF,471,167,4,Bassanite,2,425,256
NF,471,168,4,Bassanite,2,425,256
NF,471,169,4,Bassanite,2,425,256
NF,471,170,4,Bassanite,2,425,256
NF,471,171,4,Bassanite,2,425,256
NF,471,172,4,Bassanite,2,425,256
NF,471,173,4,Bassanite,2,425,256
NF,471,174,4,Bassanite,2,425,256
NF,471,175,4,Bassanite,2,425,256
NF,471,176,4,Bassanite,2,425,256
NF,471,177,4,Bassanite,2,425,256
NF,471,178,4,Bassanite,2,425,256
NF,471,202,4,Bassanite,2,425,256
NF,471,203,4,Bassanite,2,425,256
NF,471,204,4,Bassanite,2,425,256
NF,471,205,4,Bassanite,2,425,256
NF,471,206,4,Bassanite,2,425,256
NF,471,207,4,Bassanite,2,425,256
NF,471,208,4,Bassanite,2,425,256
NF,471,209,4,Bassanite,2,425,256
NF,471,210,4,Bassanite,2,425,256
NF,471,211,4,Bassanite,2,425,256
NF,471,212,4,Bassanite,2,425,256
NF,471,213,4,Bassanite,2,425,256
NF,471,214,4,Bassanite,2,425,256
NF,471,215,4,Bassanite,2,425,256
NF,471,216,4,Bassanite,2,425,256
NF,471,217,4,Bassanite,2,425,256
NF,471,273,9,Serpentine,15,425,256
NF,471,274,9,Serpentine,15,425,256
NF,471,275,9,Serpentine,15,425,256
NF,471,276,9,Serpentine,15,425,256
NF,471,277,9,Serpentine,15,425,256
NF,471,278,9,Serpentine,15,425,256
NF,471,279,9,Serpentine,15,425,256
NF,471,280,9,Serpentine,15,425,256
NF,471,281,9,Serpentine,15,425,256
NF,471,475,3,Chlorite,3,425,256
NF,471,476,3,Chlorite,3,425,256
NF,471,505,5,Illite/Muscovite,7,425,256
NF,471,506,5,Illite/Muscovite,7,425,256
NF,471,507,5,Illite/Muscovite,7,425,256
NF,471,508,5,Illite/Muscovite,7,425,256
NF,471,509,5,Illite/Muscovite,7,425,256
NF,471,514,7,Plagioclase,13,425,256
NF,471,515,7,Plagioclase,13,425,256
NF,471,516,7,Plagioclase,13,425,256
NF,471,517,7,Plagioclase,13,425,256
NF,471,518,7,Plagioclase,13,425,256
NF,471,519,7,Plagioclase,13,425,256
NF,471,520,7,Plagioclase,13,425,256
NF,471,521,7,Plagioclase,13,425,256
NF,471,534,9,Serpentine,15,425,256
NF,471,535,9,Serpentine,15,425,256
NF,471,536,9,Serpentine,15,425,256
NF,471,537,9,Serpentine,15,425,256
NF,472,46,9,Serpentine,15,425,256
NF,472,47,9,Serpentine,15,425,256
NF,472,48,9,Serpentine,15,425,256
NF,472,49,9,Serpentine,15,425,256
NF,472,50,9,Serpentine,15,425,256
NF,472,51,9,Serpentine,15,425,256
NF,472,52,9,Serpentine,15,425,256
NF,472,53,9,Serpentine,15,425,256
NF,472,54,9,Serpentine,15,425,256
NF,472,55,9,Serpentine,15,425,256
NF,472,56,9,Serpentine,15,425,256
NF,472,57,9,Serpentine,15,425,256
NF,472,58,9,Serpentine,15,425,256
NF,472,59,9,Serpentine,15,425,256
NF,472,60,9,Serpentine,15,425,256
NF,472,61,9,Serpentine,15,425,256
NF,472,62,9,Serpentine,15,425,256
NF,472,63,9,Serpentine,15,425,256
NF,472,64,9,Serpentine,15,425,256
NF,472,65,9,Serpentine,15,425,256
NF,472,66,9,Serpentine,15,425,256
NF,472,67,9,Serpentine,15,425,256
NF,472,68,9,Serpentine,15,425,256
NF,472,69,9,Serpentine,15,425,256
NF,472,70,9,Serpentine,15,425,256
NF,472,71,9,Serpentine,15,425,256
NF,472,72,9,Serpentine,15,425,256
NF,472,73,9,Serpentine,15,425,256
NF,472,74,9,Serpentine,15,425,256
NF,472,75,9,Serpentine,15,425,256
NF,472,76,9,Serpentine,15,425,256
NF,472,77,9,Serpentine,15,425,256
NF,472,78,9,Serpentine,15,425,256
NF,472,79,9,Serpentine,15,425,256
NF,472,80,9,Serpentine,15,425,256
NF,472,81,9,Serpentine,15,425,256
NF,472,82,9,Serpentine,15,425,256
NF,472,83,9,Serpentine,15,425,256
NF,472,84,9,Serpentine,15,425,256
NF,472,85,9,Serpentine,15,425,256
NF,472,86,9,Serpentine,15,425,256
NF,472,87,9,Serpentine,15,425,256
NF,472,88,9,Serpentine,15,425,256
NF,472,89,9,Serpentine,15,425,256
NF,472,90,9,Serpentine,15,425,256
NF,472,91,9,Serpentine,15,425,256
NF,472,92,9,Serpentine,15,425,256
NF,472,93,9,Serpentine,15,425,256
NF,472,94,9,Serpentine,15,425,256
NF,472,95,9,Serpentine,15,425,256
NF,472,96,9,Serpentine,15,425,256
NF,472,97,9,Serpentine,15,425,256
NF,472,98,9,Serpentine,15,425,256
NF,472,99,9,Serpentine,15,425,256
NF,472,100,9,Serpentine,15,425,256
NF,472,101,9,Serpentine,15,425,256
NF,472,102,9,Serpentine,15,425,256
NF,472,103,9,Serpentine,15,425,256
NF,472,104,9,Serpentine,15,425,256
NF,472,105,9,Serpentine,15,425,256
NF,472,106,9,Serpentine,15,425,256
NF,472,107,9,Serpentine,15,425,256
NF,472,108,9,Serpentine,15,425,256
NF,472,109,9,Serpentine,15,425,256
NF,472,110,9,Serpentine,15,425,256
NF,472,111,9,Serpentine,15,425,256
NF,472,112,9,Serpentine,15,425,256
NF,472,113,9,Serpentine,15,425,256
NF,472,114,9,Serpentine,15,425,256
NF,472,115,9,Serpentine,15,425,256
NF,472,116,9,Serpentine,15,425,256
NF,472,117,9,Serpentine,15,425,256
NF,472,118,9,Serpentine,15,425,256
NF,472,119,9,Serpentine,15,425,256
NF,472,120,9,Serpentine,15,425,256
NF,472,121,9,Serpentine,15,425,256
NF,472,162,4,Bassanite,2,425,256
NF,472,163,4,Bassanite,2,425,256
NF,472,164,4,Bassanite,2,425,256
NF,472,165,4,Bassanite,2,425,256
NF,472,166,4,Bassanite,2,425,256
NF,472,167,4,Bassanite,2,425,256
NF,472,168,4,Bassanite,2,425,256
NF,472,169,4,Bassanite,2,425,256
NF,472,170,4,Bassanite,2,425,256
NF,472,171,4,Bassanite,2,425,256
NF,472,172,4,Bassanite,2,425,256
NF,472,173,4,Bassanite,2,425,256
NF,472,174,4,Bassanite,2,425,256
NF,472,175,4,Bassanite,2,425,256
NF,472,176,4,Bassanite,2,425,256
NF,472,177,4,Bassanite,2,425,256
NF,472,178,4,Bassanite,2,425,256
NF,472,203,4,Bassanite,2,425,256
NF,472,204,4,Bassanite,2,425,256
NF,472,205,4,Bassanite,2,425,256
NF,472,206,4,Bassanite,2,425,256
NF,472,207,4,Bassanite,2,425,256
NF,472,208,4,Bassanite,2,425,256
NF,472,209,4,Bassanite,2,425,256
NF,472,210,4,Bassanite,2,425,256
NF,472,211,4,Bassanite,2,425,256
NF,472,212,4,Bassanite,2,425,256
NF,472,213,4,Bassanite,2,425,256
NF,472,214,4,Bassanite,2,425,256
NF,472,215,4,Bassanite,2,425,256
NF,472,216,4,Bassanite,2,425,256
NF,472,217,4,Bassanite,2,425,256
NF,472,274,9,Serpentine,15,425,256
NF,472,275,9,Serpentine,15,425,256
NF,472,276,9,Serpentine,15,425,256
NF,472,277,9,Serpentine,15,425,256
NF,472,278,9,Serpentine,15,425,256
NF,472,279,9,Serpentine,15,425,256
NF,472,280,9,Serpentine,15,425,256
NF,472,281,9,Serpentine,15,425,256
NF,472,337,2,Epidote,4,425,256
NF,472,338,2,Epidote,4,425,256
NF,472,339,2,Epidote,4,425,256
NF,472,340,2,Epidote,4,425,256
NF,472,341,2,Epidote,4,425,256
NF,472,342,2,Epidote,4,425,256
NF,472,343,2,Epidote,4,425,256
NF,472,344,2,Epidote,4,425,256
NF,472,475,3,Chlorite,3,425,256
NF,472,476,3,Chlorite,3,425,256
NF,472,504,5,Illite/Muscovite,7,425,256
NF,472,505,5,Illite/Muscovite,7,425,256
NF,472,506,5,Illite/Muscovite,7,425,256
NF,472,507,5,Illite/Muscovite,7,425,256
NF,472,508,5,Illite/Muscovite,7,425,256
NF,472,509,5,Illite/Muscovite,7,425,256
NF,472,512,7,Plagioclase,13,425,256
NF,472,513,7,Plagioclase,13,425,256
NF,472,514,7,Plagioclase,13,425,256
NF,472,515,7,Plagioclase,13,425,256
NF,472,516,7,Plagioclase,13,425,256
NF,472,517,7,Plagioclase,13,425,256
NF,472,518,7,Plagioclase,13,425,256
NF,472,519,7,Plagioclase,13,425,256
NF,472,520,7,Plagioclase,13,425,256
NF,472,521,7,Plagioclase,13,425,256
NF,473,45,9,Serpentine,15,425,256
NF,473,46,9,Serpentine,15,425,256
NF,473,47,9,Serpentine,15,425,256
NF,473,48,9,Serpentine,15,425,256
NF,473,49,9,Serpentine,15,425,256
NF,473,50,9,Serpentine,15,425,256
NF,473,51,9,Serpentine,15,425,256
NF,473,52,9,Serpentine,15,425,256
NF,473,53,9,Serpentine,15,425,256
NF,473,54,9,Serpentine,15,425,256
NF,473,55,9,Serpentine,15,425,256
NF,473,56,9,Serpentine,15,425,256
NF,473,57,9,Serpentine,15,425,256
NF,473,58,9,Serpentine,15,425,256
NF,473,59,9,Serpentine,15,425,256
NF,473,60,9,Serpentine,15,425,256
NF,473,61,9,Serpentine,15,425,256
NF,473,62,9,Serpentine,15,425,256
NF,473,63,9,Serpentine,15,425,256
NF,473,64,9,Serpentine,15,425,256
NF,473,65,9,Serpentine,15,425,256
NF,473,66,9,Serpentine,15,425,256
NF,473,67,9,Serpentine,15,425,256
NF,473,68,9,Serpentine,15,425,256
NF,473,69,9,Serpentine,15,425,256
NF,473,70,9,Serpentine,15,425,256
NF,473,71,9,Serpentine,15,425,256
NF,473,72,9,Serpentine,15,425,256
NF,473,73,9,Serpentine,15,425,256
NF,473,74,9,Serpentine,15,425,256
NF,473,75,9,Serpentine,15,425,256
NF,473,76,9,Serpentine,15,425,256
NF,473,77,9,Serpentine,15,425,256
NF,473,78,9,Serpentine,15,425,256
NF,473,79,9,Serpentine,15,425,256
NF,473,80,9,Serpentine,15,425,256
NF,473,81,9,Serpentine,15,425,256
NF,473,82,9,Serpentine,15,425,256
NF,473,83,9,Serpentine,15,425,256
NF,473,84,9,Serpentine,15,425,256
NF,473,85,9,Serpentine,15,425,256
NF,473,86,9,Serpentine,15,425,256
NF,473,87,9,Serpentine,15,425,256
NF,473,88,9,Serpentine,15,425,256
NF,473,89,9,Serpentine,15,425,256
NF,473,90,9,Serpentine,15,425,256
NF,473,91,9,Serpentine,15,425,256
NF,473,92,9,Serpentine,15,425,256
NF,473,93,9,Serpentine,15,425,256
NF,473,94,9,Serpentine,15,425,256
NF,473,95,9,Serpentine,15,425,256
NF,473,96,9,Serpentine,15,425,256
NF,473,97,9,Serpentine,15,425,256
NF,473,98,9,Serpentine,15,425,256
NF,473,99,9,Serpentine,15,425,256
NF,473,100,9,Serpentine,15,425,256
NF,473,101,9,Serpentine,15,425,256
NF,473,102,9,Serpentine,15,425,256
NF,473,103,9,Serpentine,15,425,256
NF,473,104,9,Serpentine,15,425,256
NF,473,105,9,Serpentine,15,425,256
NF,473,106,9,Serpentine,15,425,256
NF,473,107,9,Serpentine,15,425,256
NF,473,108,9,Serpentine,15,425,256
NF,473,109,9,Serpentine,15,425,256
NF,473,110,9,Serpentine,15,425,256
NF,473,111,9,Serpentine,15,425,256
NF,473,112,9,Serpentine,15,425,256
NF,473,113,9,Serpentine,15,425,256
NF,473,114,9,Serpentine,15,425,256
NF,473,115,9,Serpentine,15,425,256
NF,473,116,9,Serpentine,15,425,256
NF,473,117,9,Serpentine,15,425,256
NF,473,118,9,Serpentine,15,425,256
NF,473,119,9,Serpentine,15,425,256
NF,473,120,9,Serpentine,15,425,256
NF,473,121,9,Serpentine,15,425,256
NF,473,122,9,Serpentine,15,425,256
NF,473,159,4,Bassanite,2,425,256
NF,473,160,4,Bassanite,2,425,256
NF,473,161,4,Bassanite,2,425,256
NF,473,162,4,Bassanite,2,425,256
NF,473,163,4,Bassanite,2,425,256
NF,473,164,4,Bassanite,2,425,256
NF,473,165,4,Bassanite,2,425,256
NF,473,166,4,Bassanite,2,425,256
NF,473,167,4,Bassanite,2,425,256
NF,473,168,4,Bassanite,2,425,256
NF,473,169,4,Bassanite,2,425,256
NF,473,170,4,Bassanite,2,425,256
NF,473,171,4,Bassanite,2,425,256
NF,473,172,4,Bassanite,2,425,256
NF,473,173,4,Bassanite,2,425,256
NF,473,174,4,Bassanite,2,425,256
NF,473,175,4,Bassanite,2,425,256
NF,473,176,4,Bassanite,2,425,256
NF,473,207,4,Bassanite,2,425,256
NF,473,208,4,Bassanite,2,425,256
NF,473,209,4,Bassanite,2,425,256
NF,473,210,4,Bassanite,2,425,256
NF,473,211,4,Bassanite,2,425,256
NF,473,212,4,Bassanite,2,425,256
NF,473,213,4,Bassanite,2,425,256
NF,473,214,4,Bassanite,2,425,256
NF,473,215,4,Bassanite,2,425,256
NF,473,216,4,Bassanite,2,425,256
NF,473,274,9,Serpentine,15,425,256
NF,473,275,9,Serpentine,15,425,256
NF,473,276,9,Serpentine,15,425,256
NF,473,277,9,Serpentine,15,425,256
NF,473,278,9,Serpentine,15,425,256
NF,473,279,9,Serpentine,15,425,256
NF,473,280,9,Serpentine,15,425,256
NF,473,281,9,Serpentine,15,425,256
NF,473,282,9,Serpentine,15,425,256
NF,473,337,2,Epidote,4,425,256
NF,473,338,2,Epidote,4,425,256
NF,473,339,2,Epidote,4,425,256
NF,473,340,2,Epidote,4,425,256
NF,473,341,2,Epidote,4,425,256
NF,473,342,2,Epidote,4,425,256
NF,473,343,2,Epidote,4,425,256
NF,473,344,2,Epidote,4,425,256
NF,473,504,5,Illite/Muscovite,7,425,256
NF,473,505,5,Illite/Muscovite,7,425,256
NF,473,506,5,Illite/Muscovite,7,425,256
NF,473,507,5,Illite/Muscovite,7,425,256
NF,473,508,5,Illite/Muscovite,7,425,256
NF,473,509,5,Illite/Muscovite,7,425,256
NF,473,512,7,Plagioclase,13,425,256
NF,473,513,7,Plagioclase,13,425,256
NF,473,514,7,Plagioclase,13,425,256
NF,473,515,7,Plagioclase,13,425,256
NF,473,516,7,Plagioclase,13,425,256
NF,473,517,7,Plagioclase,13,425,256
NF,473,518,7,Plagioclase,13,425,256
NF,473,519,7,Plagioclase,13,425,256
NF,473,520,7,Plagioclase,13,425,256
NF,473,521,7,Plagioclase,13,425,256
NF,474,45,9,Serpentine,15,425,256
NF,474,46,9,Serpentine,15,425,256
NF,474,47,9,Serpentine,15,425,256
NF,474,48,9,Serpentine,15,425,256
NF,474,49,9,Serpentine,15,425,256
NF,474,50,9,Serpentine,15,425,256
NF,474,51,9,Serpentine,15,425,256
NF,474,52,9,Serpentine,15,425,256
NF,474,53,9,Serpentine,15,425,256
NF,474,54,9,Serpentine,15,425,256
NF,474,55,9,Serpentine,15,425,256
NF,474,56,9,Serpentine,15,425,256
NF,474,57,9,Serpentine,15,425,256
NF,474,58,9,Serpentine,15,425,256
NF,474,59,9,Serpentine,15,425,256
NF,474,60,9,Serpentine,15,425,256
NF,474,61,9,Serpentine,15,425,256
NF,474,62,9,Serpentine,15,425,256
NF,474,63,9,Serpentine,15,425,256
NF,474,64,9,Serpentine,15,425,256
NF,474,65,9,Serpentine,15,425,256
NF,474,66,9,Serpentine,15,425,256
NF,474,67,9,Serpentine,15,425,256
NF,474,68,9,Serpentine,15,425,256
NF,474,69,9,Serpentine,15,425,256
NF,474,70,9,Serpentine,15,425,256
NF,474,71,9,Serpentine,15,425,256
NF,474,72,9,Serpentine,15,425,256
NF,474,73,9,Serpentine,15,425,256
NF,474,74,9,Serpentine,15,425,256
NF,474,75,9,Serpentine,15,425,256
NF,474,76,9,Serpentine,15,425,256
NF,474,77,9,Serpentine,15,425,256
NF,474,78,9,Serpentine,15,425,256
NF,474,79,9,Serpentine,15,425,256
NF,474,80,9,Serpentine,15,425,256
NF,474,81,9,Serpentine,15,425,256
NF,474,82,9,Serpentine,15,425,256
NF,474,83,9,Serpentine,15,425,256
NF,474,84,9,Serpentine,15,425,256
NF,474,85,9,Serpentine,15,425,256
NF,474,86,9,Serpentine,15,425,256
NF,474,87,9,Serpentine,15,425,256
NF,474,88,9,Serpentine,15,425,256
NF,474,89,9,Serpentine,15,425,256
NF,474,90,9,Serpentine,15,425,256
NF,474,91,9,Serpentine,15,425,256
NF,474,92,9,Serpentine,15,425,256
NF,474,93,9,Serpentine,15,425,256
NF,474,94,9,Serpentine,15,425,256
NF,474,95,9,Serpentine,15,425,256
NF,474,96,9,Serpentine,15,425,256
NF,474,97,9,Serpentine,15,425,256
NF,474,98,9,Serpentine,15,425,256
NF,474,99,9,Serpentine,15,425,256
NF,474,100,9,Serpentine,15,425,256
NF,474,101,9,Serpentine,15,425,256
NF,474,102,9,Serpentine,15,425,256
NF,474,103,9,Serpentine,15,425,256
NF,474,104,9,Serpentine,15,425,256
NF,474,105,9,Serpentine,15,425,256
NF,474,106,9,Serpentine,15,425,256
NF,474,107,9,Serpentine,15,425,256
NF,474,108,9,Serpentine,15,425,256
NF,474,109,9,Serpentine,15,425,256
NF,474,110,9,Serpentine,15,425,256
NF,474,111,9,Serpentine,15,425,256
NF,474,112,9,Serpentine,15,425,256
NF,474,113,9,Serpentine,15,425,256
NF,474,114,9,Serpentine,15,425,256
NF,474,115,9,Serpentine,15,425,256
NF,474,116,9,Serpentine,15,425,256
NF,474,117,9,Serpentine,15,425,256
NF,474,118,9,Serpentine,15,425,256
NF,474,119,9,Serpentine,15,425,256
NF,474,120,9,Serpentine,15,425,256
NF,474,121,9,Serpentine,15,425,256
NF,474,122,9,Serpentine,15,425,256
NF,474,159,4,Bassanite,2,425,256
NF,474,160,4,Bassanite,2,425,256
NF,474,161,4,Bassanite,2,425,256
NF,474,162,4,Bassanite,2,425,256
NF,474,163,4,Bassanite,2,425,256
NF,474,164,4,Bassanite,2,425,256
NF,474,165,4,Bassanite,2,425,256
NF,474,166,4,Bassanite,2,425,256
NF,474,167,4,Bassanite,2,425,256
NF,474,168,4,Bassanite,2,425,256
NF,474,169,4,Bassanite,2,425,256
NF,474,170,4,Bassanite,2,425,256
NF,474,171,4,Bassanite,2,425,256
NF,474,172,4,Bassanite,2,425,256
NF,474,173,4,Bassanite,2,425,256
NF,474,184,8,Prehnite,14,425,256
NF,474,185,8,Prehnite,14,425,256
NF,474,186,8,Prehnite,14,425,256
NF,474,187,8,Prehnite,14,425,256
NF,474,188,8,Prehnite,14,425,256
NF,474,189,8,Prehnite,14,425,256
NF,474,190,8,Prehnite,14,425,256
NF,474,191,8,Prehnite,14,425,256
NF,474,192,8,Prehnite,14,425,256
NF,474,193,8,Prehnite,14,425,256
NF,474,194,8,Prehnite,14,425,256
NF,474,195,8,Prehnite,14,425,256
NF,474,196,8,Prehnite,14,425,256
NF,474,197,8,Prehnite,14,425,256
NF,474,198,8,Prehnite,14,425,256
NF,474,208,4,Bassanite,2,425,256
NF,474,209,4,Bassanite,2,425,256
NF,474,210,4,Bassanite,2,425,256
NF,474,211,4,Bassanite,2,425,256
NF,474,212,4,Bassanite,2,425,256
NF,474,213,4,Bassanite,2,425,256
NF,474,275,9,Serpentine,15,425,256
NF,474,276,9,Serpentine,15,425,256
NF,474,277,9,Serpentine,15,425,256
NF,474,278,9,Serpentine,15,425,256
NF,474,279,9,Serpentine,15,425,256
NF,474,280,9,Serpentine,15,425,256
NF,474,281,9,Serpentine,15,425,256
NF,474,282,9,Serpentine,15,425,256
NF,474,337,2,Epidote,4,425,256
NF,474,338,2,Epidote,4,425,256
NF,474,339,2,Epidote,4,425,256
NF,474,340,2,Epidote,4,425,256
NF,474,341,2,Epidote,4,425,256
NF,474,342,2,Epidote,4,425,256
NF,474,343,2,Epidote,4,425,256
NF,474,344,2,Epidote,4,425,256
NF,474,504,5,Illite/Muscovite,7,425,256
NF,474,505,5,Illite/Muscovite,7,425,256
NF,474,506,5,Illite/Muscovite,7,425,256
NF,474,507,5,Illite/Muscovite,7,425,256
NF,474,508,5,Illite/Muscovite,7,425,256
NF,474,509,5,Illite/Muscovite,7,425,256
NF,474,512,7,Plagioclase,13,425,256
NF,474,513,7,Plagioclase,13,425,256
NF,474,514,7,Plagioclase,13,425,256
NF,474,515,7,Plagioclase,13,425,256
NF,474,516,7,Plagioclase,13,425,256
NF,474,517,7,Plagioclase,13,425,256
NF,474,518,7,Plagioclase,13,425,256
NF,474,519,7,Plagioclase,13,425,256
NF,474,520,7,Plagioclase,13,425,256
NF,474,521,7,Plagioclase,13,425,256
NF,475,44,9,Serpentine,15,425,256
NF,475,45,9,Serpentine,15,425,256
NF,475,46,9,Serpentine,15,425,256
NF,475,47,9,Serpentine,15,425,256
NF,475,48,9,Serpentine,15,425,256
NF,475,49,9,Serpentine,15,425,256
NF,475,50,9,Serpentine,15,425,256
NF,475,51,9,Serpentine,15,425,256
NF,475,52,9,Serpentine,15,425,256
NF,475,53,9,Serpentine,15,425,256
NF,475,54,9,Serpentine,15,425,256
NF,475,55,9,Serpentine,15,425,256
NF,475,56,9,Serpentine,15,425,256
NF,475,57,9,Serpentine,15,425,256
NF,475,58,9,Serpentine,15,425,256
NF,475,59,9,Serpentine,15,425,256
NF,475,60,9,Serpentine,15,425,256
NF,475,61,9,Serpentine,15,425,256
NF,475,62,9,Serpentine,15,425,256
NF,475,63,9,Serpentine,15,425,256
NF,475,64,9,Serpentine,15,425,256
NF,475,65,9,Serpentine,15,425,256
NF,475,66,9,Serpentine,15,425,256
NF,475,67,9,Serpentine,15,425,256
NF,475,68,9,Serpentine,15,425,256
NF,475,69,9,Serpentine,15,425,256
NF,475,70,9,Serpentine,15,425,256
NF,475,71,9,Serpentine,15,425,256
NF,475,72,9,Serpentine,15,425,256
NF,475,73,9,Serpentine,15,425,256
NF,475,74,9,Serpentine,15,425,256
NF,475,75,9,Serpentine,15,425,256
NF,475,76,9,Serpentine,15,425,256
NF,475,77,9,Serpentine,15,425,256
NF,475,78,9,Serpentine,15,425,256
NF,475,79,9,Serpentine,15,425,256
NF,475,80,9,Serpentine,15,425,256
NF,475,81,9,Serpentine,15,425,256
NF,475,82,9,Serpentine,15,425,256
NF,475,83,9,Serpentine,15,425,256
NF,475,84,9,Serpentine,15,425,256
NF,475,85,9,Serpentine,15,425,256
NF,475,86,9,Serpentine,15,425,256
NF,475,87,9,Serpentine,15,425,256
NF,475,88,9,Serpentine,15,425,256
NF,475,89,9,Serpentine,15,425,256
NF,475,90,9,Serpentine,15,425,256
NF,475,91,9,Serpentine,15,425,256
NF,475,92,9,Serpentine,15,425,256
NF,475,93,9,Serpentine,15,425,256
NF,475,94,9,Serpentine,15,425,256
NF,475,95,9,Serpentine,15,425,256
NF,475,96,9,Serpentine,15,425,256
NF,475,97,9,Serpentine,15,425,256
NF,475,98,9,Serpentine,15,425,256
NF,475,99,9,Serpentine,15,425,256
NF,475,100,9,Serpentine,15,425,256
NF,475,101,9,Serpentine,15,425,256
NF,475,102,9,Serpentine,15,425,256
NF,475,103,9,Serpentine,15,425,256
NF,475,104,9,Serpentine,15,425,256
NF,475,105,9,Serpentine,15,425,256
NF,475,106,9,Serpentine,15,425,256
NF,475,107,9,Serpentine,15,425,256
NF,475,108,9,Serpentine,15,425,256
NF,475,109,9,Serpentine,15,425,256
NF,475,110,9,Serpentine,15,425,256
NF,475,111,9,Serpentine,15,425,256
NF,475,112,9,Serpentine,15,425,256
NF,475,113,9,Serpentine,15,425,256
NF,475,114,9,Serpentine,15,425,256
NF,475,115,9,Serpentine,15,425,256
NF,475,116,9,Serpentine,15,425,256
NF,475,117,9,Serpentine,15,425,256
NF,475,118,9,Serpentine,15,425,256
NF,475,119,9,Serpentine,15,425,256
NF,475,120,9,Serpentine,15,425,256
NF,475,121,9,Serpentine,15,425,256
NF,475,122,9,Serpentine,15,425,256
NF,475,159,4,Bassanite,2,425,256
NF,475,160,4,Bassanite,2,425,256
NF,475,161,4,Bassanite,2,425,256
NF,475,162,4,Bassanite,2,425,256
NF,475,163,4,Bassanite,2,425,256
NF,475,164,4,Bassanite,2,425,256
NF,475,165,4,Bassanite,2,425,256
NF,475,166,4,Bassanite,2,425,256
NF,475,167,4,Bassanite,2,425,256
NF,475,168,4,Bassanite,2,425,256
NF,475,169,4,Bassanite,2,425,256
NF,475,170,4,Bassanite,2,425,256
NF,475,171,4,Bassanite,2,425,256
NF,475,182,8,Prehnite,14,425,256
NF,475,183,8,Prehnite,14,425,256
NF,475,184,8,Prehnite,14,425,256
NF,475,185,8,Prehnite,14,425,256
NF,475,186,8,Prehnite,14,425,256
NF,475,187,8,Prehnite,14,425,256
NF,475,188,8,Prehnite,14,425,256
NF,475,189,8,Prehnite,14,425,256
NF,475,190,8,Prehnite,14,425,256
NF,475,191,8,Prehnite,14,425,256
NF,475,192,8,Prehnite,14,425,256
NF,475,193,8,Prehnite,14,425,256
NF,475,194,8,Prehnite,14,425,256
NF,475,195,8,Prehnite,14,425,256
NF,475,196,8,Prehnite,14,425,256
NF,475,197,8,Prehnite,14,425,256
NF,475,198,8,Prehnite,14,425,256
NF,475,199,8,Prehnite,14,425,256
NF,475,200,8,Prehnite,14,425,256
NF,475,276,9,Serpentine,15,425,256
NF,475,277,9,Serpentine,15,425,256
NF,475,278,9,Serpentine,15,425,256
NF,475,279,9,Serpentine,15,425,256
NF,475,280,9,Serpentine,15,425,256
NF,475,281,9,Serpentine,15,425,256
NF,475,282,9,Serpentine,15,425,256
NF,475,283,9,Serpentine,15,425,256
NF,475,492,5,Illite/Muscovite,7,425,256
NF,475,493,5,Illite/Muscovite,7,425,256
NF,475,494,5,Illite/Muscovite,7,425,256
NF,475,495,5,Illite/Muscovite,7,425,256
NF,475,505,5,Illite/Muscovite,7,425,256
NF,475,506,5,Illite/Muscovite,7,425,256
NF,475,507,5,Illite/Muscovite,7,425,256
NF,475,508,5,Illite/Muscovite,7,425,256
NF,475,509,5,Illite/Muscovite,7,425,256
NF,475,511,7,Plagioclase,13,425,256
NF,475,512,7,Plagioclase,13,425,256
NF,475,513,7,Plagioclase,13,425,256
NF,475,514,7,Plagioclase,13,425,256
NF,475,515,7,Plagioclase,13,425,256
NF,475,516,7,Plagioclase,13,425,256
NF,475,517,7,Plagioclase,13,425,256
NF,475,518,7,Plagioclase,13,425,256
NF,475,519,7,Plagioclase,13,425,256
NF,475,520,7,Plagioclase,13,425,256
NF,475,521,7,Plagioclase,13,425,256
NF,476,44,9,Serpentine,15,425,256
NF,476,45,9,Serpentine,15,425,256
NF,476,46,9,Serpentine,15,425,256
NF,476,47,9,Serpentine,15,425,256
NF,476,48,9,Serpentine,15,425,256
NF,476,49,9,Serpentine,15,425,256
NF,476,50,9,Serpentine,15,425,256
NF,476,51,9,Serpentine,15,425,256
NF,476,52,9,Serpentine,15,425,256
NF,476,53,9,Serpentine,15,425,256
NF,476,54,9,Serpentine,15,425,256
NF,476,55,9,Serpentine,15,425,256
NF,476,56,9,Serpentine,15,425,256
NF,476,57,9,Serpentine,15,425,256
NF,476,58,9,Serpentine,15,425,256
NF,476,59,9,Serpentine,15,425,256
NF,476,60,9,Serpentine,15,425,256
NF,476,61,9,Serpentine,15,425,256
NF,476,62,9,Serpentine,15,425,256
NF,476,63,9,Serpentine,15,425,256
NF,476,64,9,Serpentine,15,425,256
NF,476,65,9,Serpentine,15,425,256
NF,476,66,9,Serpentine,15,425,256
NF,476,67,9,Serpentine,15,425,256
NF,476,68,9,Serpentine,15,425,256
NF,476,69,9,Serpentine,15,425,256
NF,476,70,9,Serpentine,15,425,256
NF,476,71,9,Serpentine,15,425,256
NF,476,72,9,Serpentine,15,425,256
NF,476,73,9,Serpentine,15,425,256
NF,476,74,9,Serpentine,15,425,256
NF,476,75,9,Serpentine,15,425,256
NF,476,76,9,Serpentine,15,425,256
NF,476,77,9,Serpentine,15,425,256
NF,476,78,9,Serpentine,15,425,256
NF,476,79,9,Serpentine,15,425,256
NF,476,80,9,Serpentine,15,425,256
NF,476,81,9,Serpentine,15,425,256
NF,476,82,9,Serpentine,15,425,256
NF,476,83,9,Serpentine,15,425,256
NF,476,84,9,Serpentine,15,425,256
NF,476,85,9,Serpentine,15,425,256
NF,476,86,9,Serpentine,15,425,256
NF,476,87,9,Serpentine,15,425,256
NF,476,88,9,Serpentine,15,425,256
NF,476,89,9,Serpentine,15,425,256
NF,476,90,9,Serpentine,15,425,256
NF,476,91,9,Serpentine,15,425,256
NF,476,92,9,Serpentine,15,425,256
NF,476,93,9,Serpentine,15,425,256
NF,476,94,9,Serpentine,15,425,256
NF,476,95,9,Serpentine,15,425,256
NF,476,96,9,Serpentine,15,425,256
NF,476,97,9,Serpentine,15,425,256
NF,476,98,9,Serpentine,15,425,256
NF,476,99,9,Serpentine,15,425,256
NF,476,100,9,Serpentine,15,425,256
NF,476,101,9,Serpentine,15,425,256
NF,476,102,9,Serpentine,15,425,256
NF,476,103,9,Serpentine,15,425,256
NF,476,104,9,Serpentine,15,425,256
NF,476,105,9,Serpentine,15,425,256
NF,476,106,9,Serpentine,15,425,256
NF,476,107,9,Serpentine,15,425,256
NF,476,108,9,Serpentine,15,425,256
NF,476,109,9,Serpentine,15,425,256
NF,476,110,9,Serpentine,15,425,256
NF,476,111,9,Serpentine,15,425,256
NF,476,112,9,Serpentine,15,425,256
NF,476,113,9,Serpentine,15,425,256
NF,476,114,9,Serpentine,15,425,256
NF,476,115,9,Serpentine,15,425,256
NF,476,116,9,Serpentine,15,425,256
NF,476,117,9,Serpentine,15,425,256
NF,476,118,9,Serpentine,15,425,256
NF,476,119,9,Serpentine,15,425,256
NF,476,120,9,Serpentine,15,425,256
NF,476,121,9,Serpentine,15,425,256
NF,476,122,9,Serpentine,15,425,256
NF,476,159,4,Bassanite,2,425,256
NF,476,160,4,Bassanite,2,425,256
NF,476,161,4,Bassanite,2,425,256
NF,476,162,4,Bassanite,2,425,256
NF,476,163,4,Bassanite,2,425,256
NF,476,164,4,Bassanite,2,425,256
NF,476,165,4,Bassanite,2,425,256
NF,476,166,4,Bassanite,2,425,256
NF,476,167,4,Bassanite,2,425,256
NF,476,168,4,Bassanite,2,425,256
NF,476,169,4,Bassanite,2,425,256
NF,476,170,4,Bassanite,2,425,256
NF,476,181,8,Prehnite,14,425,256
NF,476,182,8,Prehnite,14,425,256
NF,476,183,8,Prehnite,14,425,256
NF,476,184,8,Prehnite,14,425,256
NF,476,185,8,Prehnite,14,425,256
NF,476,186,8,Prehnite,14,425,256
NF,476,187,8,Prehnite,14,425,256
NF,476,188,8,Prehnite,14,425,256
NF,476,189,8,Prehnite,14,425,256
NF,476,190,8,Prehnite,14,425,256
NF,476,191,8,Prehnite,14,425,256
NF,476,192,8,Prehnite,14,425,256
NF,476,193,8,Prehnite,14,425,256
NF,476,194,8,Prehnite,14,425,256
NF,476,195,8,Prehnite,14,425,256
NF,476,196,8,Prehnite,14,425,256
NF,476,197,8,Prehnite,14,425,256
NF,476,198,8,Prehnite,14,425,256
NF,476,199,8,Prehnite,14,425,256
NF,476,200,8,Prehnite,14,425,256
NF,476,201,8,Prehnite,14,425,256
NF,476,276,9,Serpentine,15,425,256
NF,476,277,9,Serpentine,15,425,256
NF,476,278,9,Serpentine,15,425,256
NF,476,279,9,Serpentine,15,425,256
NF,476,280,9,Serpentine,15,425,256
NF,476,281,9,Serpentine,15,425,256
NF,476,282,9,Serpentine,15,425,256
NF,476,283,9,Serpentine,15,425,256
NF,476,491,5,Illite/Muscovite,7,425,256
NF,476,492,5,Illite/Muscovite,7,425,256
NF,476,493,5,Illite/Muscovite,7,425,256
NF,476,494,5,Illite/Muscovite,7,425,256
NF,476,495,5,Illite/Muscovite,7,425,256
NF,476,496,5,Illite/Muscovite,7,425,256
NF,476,497,5,Illite/Muscovite,7,425,256
NF,476,498,5,Illite/Muscovite,7,425,256
NF,476,499,5,Illite/Muscovite,7,425,256
NF,476,500,5,Illite/Muscovite,7,425,256
NF,476,501,5,Illite/Muscovite,7,425,256
NF,476,502,5,Illite/Muscovite,7,425,256
NF,476,511,7,Plagioclase,13,425,256
NF,476,512,7,Plagioclase,13,425,256
NF,476,513,7,Plagioclase,13,425,256
NF,476,514,7,Plagioclase,13,425,256
NF,476,515,7,Plagioclase,13,425,256
NF,476,516,7,Plagioclase,13,425,256
NF,476,517,7,Plagioclase,13,425,256
NF,476,518,7,Plagioclase,13,425,256
NF,476,519,7,Plagioclase,13,425,256
NF,476,520,7,Plagioclase,13,425,256
NF,477,44,9,Serpentine,15,425,256
NF,477,45,9,Serpentine,15,425,256
NF,477,46,9,Serpentine,15,425,256
NF,477,47,9,Serpentine,15,425,256
NF,477,48,9,Serpentine,15,425,256
NF,477,49,9,Serpentine,15,425,256
NF,477,50,9,Serpentine,15,425,256
NF,477,51,9,Serpentine,15,425,256
NF,477,52,9,Serpentine,15,425,256
NF,477,53,9,Serpentine,15,425,256
NF,477,54,9,Serpentine,15,425,256
NF,477,55,9,Serpentine,15,425,256
NF,477,56,9,Serpentine,15,425,256
NF,477,57,9,Serpentine,15,425,256
NF,477,58,9,Serpentine,15,425,256
NF,477,59,9,Serpentine,15,425,256
NF,477,60,9,Serpentine,15,425,256
NF,477,61,9,Serpentine,15,425,256
NF,477,62,9,Serpentine,15,425,256
NF,477,63,9,Serpentine,15,425,256
NF,477,64,9,Serpentine,15,425,256
NF,477,65,9,Serpentine,15,425,256
NF,477,66,9,Serpentine,15,425,256
NF,477,67,9,Serpentine,15,425,256
NF,477,68,9,Serpentine,15,425,256
NF,477,69,9,Serpentine,15,425,256
NF,477,70,9,Serpentine,15,425,256
NF,477,71,9,Serpentine,15,425,256
NF,477,72,9,Serpentine,15,425,256
NF,477,73,9,Serpentine,15,425,256
NF,477,74,9,Serpentine,15,425,256
NF,477,75,9,Serpentine,15,425,256
NF,477,76,9,Serpentine,15,425,256
NF,477,77,9,Serpentine,15,425,256
NF,477,78,9,Serpentine,15,425,256
NF,477,79,9,Serpentine,15,425,256
NF,477,80,9,Serpentine,15,425,256
NF,477,81,9,Serpentine,15,425,256
NF,477,82,9,Serpentine,15,425,256
NF,477,83,9,Serpentine,15,425,256
NF,477,84,9,Serpentine,15,425,256
NF,477,85,9,Serpentine,15,425,256
NF,477,86,9,Serpentine,15,425,256
NF,477,87,9,Serpentine,15,425,256
NF,477,88,9,Serpentine,15,425,256
NF,477,89,9,Serpentine,15,425,256
NF,477,90,9,Serpentine,15,425,256
NF,477,91,9,Serpentine,15,425,256
NF,477,92,9,Serpentine,15,425,256
NF,477,93,9,Serpentine,15,425,256
NF,477,94,9,Serpentine,15,425,256
NF,477,95,9,Serpentine,15,425,256
NF,477,96,9,Serpentine,15,425,256
NF,477,97,9,Serpentine,15,425,256
NF,477,98,9,Serpentine,15,425,256
NF,477,99,9,Serpentine,15,425,256
NF,477,100,9,Serpentine,15,425,256
NF,477,101,9,Serpentine,15,425,256
NF,477,102,9,Serpentine,15,425,256
NF,477,103,9,Serpentine,15,425,256
NF,477,104,9,Serpentine,15,425,256
NF,477,105,9,Serpentine,15,425,256
NF,477,106,9,Serpentine,15,425,256
NF,477,107,9,Serpentine,15,425,256
NF,477,108,9,Serpentine,15,425,256
NF,477,109,9,Serpentine,15,425,256
NF,477,110,9,Serpentine,15,425,256
NF,477,111,9,Serpentine,15,425,256
NF,477,112,9,Serpentine,15,425,256
NF,477,113,9,Serpentine,15,425,256
NF,477,114,9,Serpentine,15,425,256
NF,477,115,9,Serpentine,15,425,256
NF,477,116,9,Serpentine,15,425,256
NF,477,117,9,Serpentine,15,425,256
NF,477,118,9,Serpentine,15,425,256
NF,477,119,9,Serpentine,15,425,256
NF,477,120,9,Serpentine,15,425,256
NF,477,121,9,Serpentine,15,425,256
NF,477,122,9,Serpentine,15,425,256
NF,477,160,4,Bassanite,2,425,256
NF,477,161,4,Bassanite,2,425,256
NF,477,162,4,Bassanite,2,425,256
NF,477,163,4,Bassanite,2,425,256
NF,477,164,4,Bassanite,2,425,256
NF,477,165,4,Bassanite,2,425,256
NF,477,180,8,Prehnite,14,425,256
NF,477,181,8,Prehnite,14,425,256
NF,477,182,8,Prehnite,14,425,256
NF,477,183,8,Prehnite,14,425,256
NF,477,184,8,Prehnite,14,425,256
NF,477,185,8,Prehnite,14,425,256
NF,477,186,8,Prehnite,14,425,256
NF,477,187,8,Prehnite,14,425,256
NF,477,188,8,Prehnite,14,425,256
NF,477,189,8,Prehnite,14,425,256
NF,477,190,8,Prehnite,14,425,256
NF,477,191,8,Prehnite,14,425,256
NF,477,192,8,Prehnite,14,425,256
NF,477,193,8,Prehnite,14,425,256
NF,477,194,8,Prehnite,14,425,256
NF,477,195,8,Prehnite,14,425,256
NF,477,196,8,Prehnite,14,425,256
NF,477,197,8,Prehnite,14,425,256
NF,477,198,8,Prehnite,14,425,256
NF,477,199,8,Prehnite,14,425,256
NF,477,200,8,Prehnite,14,425,256
NF,477,201,8,Prehnite,14,425,256
NF,477,202,8,Prehnite,14,425,256
NF,477,277,9,Serpentine,15,425,256
NF,477,278,9,Serpentine,15,425,256
NF,477,279,9,Serpentine,15,425,256
NF,477,280,9,Serpentine,15,425,256
NF,477,281,9,Serpentine,15,425,256
NF,477,282,9,Serpentine,15,425,256
NF,477,283,9,Serpentine,15,425,256
NF,477,491,5,Illite/Muscovite,7,425,256
NF,477,492,5,Illite/Muscovite,7,425,256
NF,477,493,5,Illite/Muscovite,7,425,256
NF,477,494,5,Illite/Muscovite,7,425,256
NF,477,495,5,Illite/Muscovite,7,425,256
NF,477,496,5,Illite/Muscovite,7,425,256
NF,477,497,5,Illite/Muscovite,7,425,256
NF,477,498,5,Illite/Muscovite,7,425,256
NF,477,499,5,Illite/Muscovite,7,425,256
NF,477,500,5,Illite/Muscovite,7,425,256
NF,477,501,5,Illite/Muscovite,7,425,256
NF,477,502,5,Illite/Muscovite,7,425,256
NF,477,511,7,Plagioclase,13,425,256
NF,477,512,7,Plagioclase,13,425,256
NF,477,513,7,Plagioclase,13,425,256
NF,477,514,7,Plagioclase,13,425,256
NF,477,515,7,Plagioclase,13,425,256
NF,477,516,7,Plagioclase,13,425,256
NF,477,517,7,Plagioclase,13,425,256
NF,477,518,7,Plagioclase,13,425,256
NF,477,519,7,Plagioclase,13,425,256
NF,477,520,7,Plagioclase,13,425,256
