region,row,col,local_label,class_name,global_label,band_num,target_bands
UP,1,495,2,Bassanite,2,432,256
UP,1,496,2,Bassanite,2,432,256
UP,1,497,2,Bassanite,2,432,256
UP,1,498,2,Bassanite,2,432,256
UP,1,499,2,Bassanite,2,432,256
UP,1,550,5,Low-Ca Pyroxene,8,432,256
UP,1,551,5,Low-Ca Pyroxene,8,432,256
UP,1,552,5,Low-Ca Pyroxene,8,432,256
UP,2,491,2,Bassanite,2,432,256
UP,2,492,2,Bassanite,2,432,256
UP,2,493,2,Bassanite,2,432,256
UP,2,494,2,Bassanite,2,432,256
UP,2,495,2,Bassanite,2,432,256
UP,2,496,2,Bassanite,2,432,256
UP,2,497,2,Bassanite,2,432,256
UP,2,498,2,Bassanite,2,432,256
UP,2,499,2,Bassanite,2,432,256
UP,2,500,2,Bassanite,2,432,256
UP,2,501,2,Bassanite,2,432,256
UP,2,502,2,Bassanite,2,432,256
UP,2,503,2,Bassanite,2,432,256
UP,2,547,5,Low-Ca Pyroxene,8,432,256
UP,2,548,5,Low-Ca Pyroxene,8,432,256
UP,2,549,5,Low-Ca Pyroxene,8,432,256
UP,2,550,5,Low-Ca Pyroxene,8,432,256
UP,2,551,5,Low-Ca Pyroxene,8,432,256
UP,2,552,5,Low-Ca Pyroxene,8,432,256
UP,2,553,5,Low-Ca Pyroxene,8,432,256
UP,2,554,5,Low-Ca Pyroxene,8,432,256
UP,2,579,5,Low-Ca Pyroxene,8,432,256
UP,2,580,5,Low-Ca Pyroxene,8,432,256
UP,2,581,5,Low-Ca Pyroxene,8,432,256
UP,2,582,5,Low-Ca Pyroxene,8,432,256
UP,3,490,2,Bassanite,2,432,256
UP,3,491,2,Bassanite,2,432,256
UP,3,492,2,Bassanite,2,432,256
UP,3,493,2,Bassanite,2,432,256
UP,3,494,2,Bassanite,2,432,256
UP,3,495,2,Bassanite,2,432,256
UP,3,496,2,Bassanite,2,432,256
UP,3,497,2,Bassanite,2,432,256
UP,3,498,2,Bassanite,2,432,256
UP,3,499,2,Bassanite,2,432,256
UP,3,500,2,Bassanite,2,432,256
UP,3,501,2,Bassanite,2,432,256
UP,3,502,2,Bassanite,2,432,256
UP,3,503,2,Bassanite,2,432,256
UP,3,547,5,Low-Ca Pyroxene,8,432,256
UP,3,548,5,Low-Ca Pyroxene,8,432,256
UP,3,549,5,Low-Ca Pyroxene,8,432,256
UP,3,550,5,Low-Ca Pyroxene,8,432,256
UP,3,551,5,Low-Ca Pyroxene,8,432,256
UP,3,552,5,Low-Ca Pyroxene,8,432,256
UP,3,553,5,Low-Ca Pyroxene,8,432,256
UP,3,554,5,Low-Ca Pyroxene,8,432,256
UP,3,577,5,Low-Ca Pyroxene,8,432,256
UP,3,578,5,Low-Ca Pyroxene,8,432,256
UP,3,579,5,Low-Ca Pyroxene,8,432,256
UP,3,580,5,Low-Ca Pyroxene,8,432,256
UP,3,581,5,Low-Ca Pyroxene,8,432,256
UP,3,582,5,Low-Ca Pyroxene,8,432,256
UP,3,583,5,Low-Ca Pyroxene,8,432,256
UP,3,584,5,Low-Ca Pyroxene,8,432,256
UP,4,490,2,Bassanite,2,432,256
UP,4,491,2,Bassanite,2,432,256
UP,4,492,2,Bassanite,2,432,256
UP,4,493,2,Bassanite,2,432,256
UP,4,494,2,Bassanite,2,432,256
UP,4,495,2,Bassanite,2,432,256
UP,4,496,2,Bassanite,2,432,256
UP,4,497,2,Bassanite,2,432,256
UP,4,498,2,Bassanite,2,432,256
UP,4,499,2,Bassanite,2,432,256
UP,4,500,2,Bassanite,2,432,256
UP,4,501,2,Bassanite,2,432,256
UP,4,502,2,Bassanite,2,432,256
UP,4,503,2,Bassanite,2,432,256
UP,4,547,5,Low-Ca Pyroxene,8,432,256
UP,4,548,5,Low-Ca Pyroxene,8,432,256
UP,4,549,5,Low-Ca Pyroxene,8,432,256
UP,4,550,5,Low-Ca Pyroxene,8,432,256
UP,4,551,5,Low-Ca Pyroxene,8,432,256
UP,4,552,5,Low-Ca Pyroxene,8,432,256
UP,4,553,5,Low-Ca Pyroxene,8,432,256
UP,4,554,5,Low-Ca Pyroxene,8,432,256
UP,4,555,5,Low-Ca Pyroxene,8,432,256
UP,4,576,5,Low-Ca Pyroxene,8,432,256
UP,4,577,5,Low-Ca Pyroxene,8,432,256
UP,4,578,5,Low-Ca Pyroxene,8,432,256
UP,4,579,5,Low-Ca Pyroxene,8,432,256
UP,4,580,5,Low-Ca Pyroxene,8,432,256
UP,4,581,5,Low-Ca Pyroxene,8,432,256
UP,4,582,5,Low-Ca Pyroxene,8,432,256
UP,4,583,5,Low-Ca Pyroxene,8,432,256
UP,4,584,5,Low-Ca Pyroxene,8,432,256
UP,4,585,5,Low-Ca Pyroxene,8,432,256
UP,5,490,2,Bassanite,2,432,256
UP,5,491,2,Bassanite,2,432,256
UP,5,492,2,Bassanite,2,432,256
UP,5,493,2,Bassanite,2,432,256
UP,5,494,2,Bassanite,2,432,256
UP,5,495,2,Bassanite,2,432,256
UP,5,496,2,Bassanite,2,432,256
UP,5,497,2,Bassanite,2,432,256
UP,5,498,2,Bassanite,2,432,256
UP,5,499,2,Bassanite,2,432,256
UP,5,500,2,Bassanite,2,432,256
UP,5,501,2,Bassanite,2,432,256
UP,5,502,2,Bassanite,2,432,256
UP,5,503,2,Bassanite,2,432,256
UP,5,547,5,Low-Ca Pyroxene,8,432,256
UP,5,548,5,Low-Ca Pyroxene,8,432,256
UP,5,549,5,Low-Ca Pyroxene,8,432,256
UP,5,550,5,Low-Ca Pyroxene,8,432,256
UP,5,551,5,Low-Ca Pyroxene,8,432,256
UP,5,552,5,Low-Ca Pyroxene,8,432,256
UP,5,553,5,Low-Ca Pyroxene,8,432,256
UP,5,554,5,Low-Ca Pyroxene,8,432,256
UP,5,555,5,Low-Ca Pyroxene,8,432,256
UP,5,576,5,Low-Ca Pyroxene,8,432,256
UP,5,577,5,Low-Ca Pyroxene,8,432,256
UP,5,578,5,Low-Ca Pyroxene,8,432,256
UP,5,579,5,Low-Ca Pyroxene,8,432,256
UP,5,580,5,Low-Ca Pyroxene,8,432,256
UP,5,581,5,Low-Ca Pyroxene,8,432,256
UP,5,582,5,Low-Ca Pyroxene,8,432,256
UP,5,583,5,Low-Ca Pyroxene,8,432,256
UP,5,584,5,Low-Ca Pyroxene,8,432,256
UP,5,585,5,Low-Ca Pyroxene,8,432,256
UP,5,586,5,Low-Ca Pyroxene,8,432,256
UP,6,490,2,Bassanite,2,432,256
UP,6,491,2,Bassanite,2,432,256
UP,6,492,2,Bassanite,2,432,256
UP,6,493,2,Bassanite,2,432,256
UP,6,494,2,Bassanite,2,432,256
UP,6,495,2,Bassanite,2,432,256
UP,6,496,2,Bassanite,2,432,256
UP,6,497,2,Bassanite,2,432,256
UP,6,498,2,Bassanite,2,432,256
UP,6,499,2,Bassanite,2,432,256
UP,6,500,2,Bassanite,2,432,256
UP,6,501,2,Bassanite,2,432,256
UP,6,502,2,Bassanite,2,432,256
UP,6,503,2,Bassanite,2,432,256
UP,6,547,5,Low-Ca Pyroxene,8,432,256
UP,6,548,5,Low-Ca Pyroxene,8,432,256
UP,6,549,5,Low-Ca Pyroxene,8,432,256
UP,6,550,5,Low-Ca Pyroxene,8,432,256
UP,6,551,5,Low-Ca Pyroxene,8,432,256
UP,6,552,5,Low-Ca Pyroxene,8,432,256
UP,6,553,5,Low-Ca Pyroxene,8,432,256
UP,6,554,5,Low-Ca Pyroxene,8,432,256
UP,6,555,5,Low-Ca Pyroxene,8,432,256
UP,6,556,5,Low-Ca Pyroxene,8,432,256
UP,6,563,2,Bassanite,2,432,256
UP,6,564,2,Bassanite,2,432,256
UP,6,575,5,Low-Ca Pyroxene,8,432,256
UP,6,576,5,Low-Ca Pyroxene,8,432,256
UP,6,577,5,Low-Ca Pyroxene,8,432,256
UP,6,578,5,Low-Ca Pyroxene,8,432,256
UP,6,579,5,Low-Ca Pyroxene,8,432,256
UP,6,580,5,Low-Ca Pyroxene,8,432,256
UP,6,581,5,Low-Ca Pyroxene,8,432,256
UP,6,582,5,Low-Ca Pyroxene,8,432,256
UP,6,583,5,Low-Ca Pyroxene,8,432,256
UP,6,584,5,Low-Ca Pyroxene,8,432,256
UP,6,585,5,Low-Ca Pyroxene,8,432,256
UP,6,586,5,Low-Ca Pyroxene,8,432,256
UP,6,587,5,Low-Ca Pyroxene,8,432,256
UP,7,491,2,Bassanite,2,432,256
UP,7,492,2,Bassanite,2,432,256
UP,7,493,2,Bassanite,2,432,256
UP,7,494,2,Bassanite,2,432,256
UP,7,495,2,Bassanite,2,432,256
UP,7,496,2,Bassanite,2,432,256
UP,7,497,2,Bassanite,2,432,256
UP,7,498,2,Bassanite,2,432,256
UP,7,499,2,Bassanite,2,432,256
UP,7,500,2,Bassanite,2,432,256
UP,7,501,2,Bassanite,2,432,256
UP,7,547,5,Low-Ca Pyroxene,8,432,256
UP,7,548,5,Low-Ca Pyroxene,8,432,256
UP,7,549,5,Low-Ca Pyroxene,8,432,256
UP,7,550,5,Low-Ca Pyroxene,8,432,256
UP,7,551,5,Low-Ca Pyroxene,8,432,256
UP,7,552,5,Low-Ca Pyroxene,8,432,256
UP,7,553,5,Low-Ca Pyroxene,8,432,256
UP,7,554,5,Low-Ca Pyroxene,8,432,256
UP,7,555,5,Low-Ca Pyroxene,8,432,256
UP,7,556,5,Low-Ca Pyroxene,8,432,256
UP,7,563,2,Bassanite,2,432,256
UP,7,564,2,Bassanite,2,432,256
UP,7,565,2,Bassanite,2,432,256
UP,7,575,5,Low-Ca Pyroxene,8,432,256
UP,7,576,5,Low-Ca Pyroxene,8,432,256
UP,7,577,5,Low-Ca Pyroxene,8,432,256
UP,7,578,5,Low-Ca Pyroxene,8,432,256
UP,7,579,5,Low-Ca Pyroxene,8,432,256
UP,7,580,5,Low-Ca Pyroxene,8,432,256
UP,7,581,5,Low-Ca Pyroxene,8,432,256
UP,7,582,5,Low-Ca Pyroxene,8,432,256
UP,7,583,5,Low-Ca Pyroxene,8,432,256
UP,7,584,5,Low-Ca Pyroxene,8,432,256
UP,7,585,5,Low-Ca Pyroxene,8,432,256
UP,7,586,5,Low-Ca Pyroxene,8,432,256
UP,7,587,5,Low-Ca Pyroxene,8,432,256
UP,8,492,2,Bassanite,2,432,256
UP,8,493,2,Bassanite,2,432,256
UP,8,494,2,Bassanite,2,432,256
UP,8,495,2,Bassanite,2,432,256
UP,8,496,2,Bassanite,2,432,256
UP,8,497,2,Bassanite,2,432,256
UP,8,498,2,Bassanite,2,432,256
UP,8,499,2,Bassanite,2,432,256
UP,8,500,2,Bassanite,2,432,256
UP,8,548,5,Low-Ca Pyroxene,8,432,256
UP,8,549,5,Low-Ca Pyroxene,8,432,256
UP,8,550,5,Low-Ca Pyroxene,8,432,256
UP,8,551,5,Low-Ca Pyroxene,8,432,256
UP,8,552,5,Low-Ca Pyroxene,8,432,256
UP,8,553,5,Low-Ca Pyroxene,8,432,256
UP,8,554,5,Low-Ca Pyroxene,8,432,256
UP,8,555,5,Low-Ca Pyroxene,8,432,256
UP,8,556,5,Low-Ca Pyroxene,8,432,256
UP,8,562,2,Bassanite,2,432,256
UP,8,563,2,Bassanite,2,432,256
UP,8,564,2,Bassanite,2,432,256
UP,8,565,2,Bassanite,2,432,256
UP,8,575,5,Low-Ca Pyroxene,8,432,256
UP,8,576,5,Low-Ca Pyroxene,8,432,256
UP,8,577,5,Low-Ca Pyroxene,8,432,256
UP,8,578,5,Low-Ca Pyroxene,8,432,256
UP,8,579,5,Low-Ca Pyroxene,8,432,256
UP,8,580,5,Low-Ca Pyroxene,8,432,256
UP,8,581,5,Low-Ca Pyroxene,8,432,256
UP,8,582,5,Low-Ca Pyroxene,8,432,256
UP,8,583,5,Low-Ca Pyroxene,8,432,256
UP,8,584,5,Low-Ca Pyroxene,8,432,256
UP,8,585,5,Low-Ca Pyroxene,8,432,256
UP,8,586,5,Low-Ca Pyroxene,8,432,256
UP,8,587,5,Low-Ca Pyroxene,8,432,256
UP,9,207,5,Low-Ca Pyroxene,8,432,256
UP,9,208,5,Low-Ca Pyroxene,8,432,256
UP,9,209,5,Low-Ca Pyroxene,8,432,256
UP,9,210,5,Low-Ca Pyroxene,8,432,256
UP,9,211,5,Low-Ca Pyroxene,8,432,256
UP,9,212,5,Low-Ca Pyroxene,8,432,256
UP,9,548,5,Low-Ca Pyroxene,8,432,256
UP,9,549,5,Low-Ca Pyroxene,8,432,256
UP,9,550,5,Low-Ca Pyroxene,8,432,256
UP,9,551,5,Low-Ca Pyroxene,8,432,256
UP,9,552,5,Low-Ca Pyroxene,8,432,256
UP,9,553,5,Low-Ca Pyroxene,8,432,256
UP,9,554,5,Low-Ca Pyroxene,8,432,256
UP,9,555,5,Low-Ca Pyroxene,8,432,256
UP,9,556,5,Low-Ca Pyroxene,8,432,256
UP,9,562,2,Bassanite,2,432,256
UP,9,563,2,Bassanite,2,432,256
UP,9,564,2,Bassanite,2,432,256
UP,9,565,2,Bassanite,2,432,256
UP,9,575,5,Low-Ca Pyroxene,8,432,256
UP,9,576,5,Low-Ca Pyroxene,8,432,256
UP,9,577,5,Low-Ca Pyroxene,8,432,256
UP,9,578,5,Low-Ca Pyroxene,8,432,256
UP,9,579,5,Low-Ca Pyroxene,8,432,256
UP,9,580,5,Low-Ca Pyroxene,8,432,256
UP,9,581,5,Low-Ca Pyroxene,8,432,256
UP,9,582,5,Low-Ca Pyroxene,8,432,256
UP,9,583,5,Low-Ca Pyroxene,8,432,256
UP,9,584,5,Low-Ca Pyroxene,8,432,256
UP,9,585,5,Low-Ca Pyroxene,8,432,256
UP,9,586,5,Low-Ca Pyroxene,8,432,256
UP,9,587,5,Low-Ca Pyroxene,8,432,256
UP,10,205,5,Low-Ca Pyroxene,8,432,256
UP,10,206,5,Low-Ca Pyroxene,8,432,256
UP,10,207,5,Low-Ca Pyroxene,8,432,256
UP,10,208,5,Low-Ca Pyroxene,8,432,256
UP,10,209,5,Low-Ca Pyroxene,8,432,256
UP,10,210,5,Low-Ca Pyroxene,8,432,256
UP,10,211,5,Low-Ca Pyroxene,8,432,256
UP,10,212,5,Low-Ca Pyroxene,8,432,256
UP,10,213,5,Low-Ca Pyroxene,8,432,256
UP,10,214,5,Low-Ca Pyroxene,8,432,256
UP,10,215,5,Low-Ca Pyroxene,8,432,256
UP,10,549,5,Low-Ca Pyroxene,8,432,256
UP,10,550,5,Low-Ca Pyroxene,8,432,256
UP,10,551,5,Low-Ca Pyroxene,8,432,256
UP,10,552,5,Low-Ca Pyroxene,8,432,256
UP,10,553,5,Low-Ca Pyroxene,8,432,256
UP,10,554,5,Low-Ca Pyroxene,8,432,256
UP,10,555,5,Low-Ca Pyroxene,8,432,256
UP,10,556,5,Low-Ca Pyroxene,8,432,256
UP,10,557,5,Low-Ca Pyroxene,8,432,256
UP,10,561,2,Bassanite,2,432,256
UP,10,562,2,Bassanite,2,432,256
UP,10,563,2,Bassanite,2,432,256
UP,10,564,2,Bassanite,2,432,256
UP,10,565,2,Bassanite,2,432,256
UP,10,575,5,Low-Ca Pyroxene,8,432,256
UP,10,576,5,Low-Ca Pyroxene,8,432,256
UP,10,577,5,Low-Ca Pyroxene,8,432,256
UP,10,578,5,Low-Ca Pyroxene,8,432,256
UP,10,579,5,Low-Ca Pyroxene,8,432,256
UP,10,580,5,Low-Ca Pyroxene,8,432,256
UP,10,581,5,Low-Ca Pyroxene,8,432,256
UP,10,582,5,Low-Ca Pyroxene,8,432,256
UP,10,583,5,Low-Ca Pyroxene,8,432,256
UP,10,584,5,Low-Ca Pyroxene,8,432,256
UP,10,585,5,Low-Ca Pyroxene,8,432,256
UP,10,586,5,Low-Ca Pyroxene,8,432,256
UP,10,587,5,Low-Ca Pyroxene,8,432,256
UP,11,203,5,Low-Ca Pyroxene,8,432,256
UP,11,204,5,Low-Ca Pyroxene,8,432,256
UP,11,205,5,Low-Ca Pyroxene,8,432,256
UP,11,206,5,Low-Ca Pyroxene,8,432,256
UP,11,207,5,Low-Ca Pyroxene,8,432,256
UP,11,208,5,Low-Ca Pyroxene,8,432,256
UP,11,209,5,Low-Ca Pyroxene,8,432,256
UP,11,210,5,Low-Ca Pyroxene,8,432,256
UP,11,211,5,Low-Ca Pyroxene,8,432,256
UP,11,212,5,Low-Ca Pyroxene,8,432,256
UP,11,213,5,Low-Ca Pyroxene,8,432,256
UP,11,214,5,Low-Ca Pyroxene,8,432,256
UP,11,215,5,Low-Ca Pyroxene,8,432,256
UP,11,216,5,Low-Ca Pyroxene,8,432,256
UP,11,549,5,Low-Ca Pyroxene,8,432,256
UP,11,550,5,Low-Ca Pyroxene,8,432,256
UP,11,551,5,Low-Ca Pyroxene,8,432,256
UP,11,552,5,Low-Ca Pyroxene,8,432,256
UP,11,553,5,Low-Ca Pyroxene,8,432,256
UP,11,554,5,Low-Ca Pyroxene,8,432,256
UP,11,555,5,Low-Ca Pyroxene,8,432,256
UP,11,556,5,Low-Ca Pyroxene,8,432,256
UP,11,557,5,Low-Ca Pyroxene,8,432,256
UP,11,561,2,Bassanite,2,432,256
UP,11,562,2,Bassanite,2,432,256
UP,11,563,2,Bassanite,2,432,256
UP,11,564,2,Bassanite,2,432,256
UP,11,565,2,Bassanite,2,432,256
UP,11,575,5,Low-Ca Pyroxene,8,432,256
UP,11,576,5,Low-Ca Pyroxene,8,432,256
UP,11,577,5,Low-Ca Pyroxene,8,432,256
UP,11,578,5,Low-Ca Pyroxene,8,432,256
UP,11,579,5,Low-Ca Pyroxene,8,432,256
UP,11,580,5,Low-Ca Pyroxene,8,432,256
UP,11,581,5,Low-Ca Pyroxene,8,432,256
UP,11,582,5,Low-Ca Pyroxene,8,432,256
UP,11,583,5,Low-Ca Pyroxene,8,432,256
UP,11,584,5,Low-Ca Pyroxene,8,432,256
UP,11,585,5,Low-Ca Pyroxene,8,432,256
UP,11,586,5,Low-Ca Pyroxene,8,432,256
UP,12,202,5,Low-Ca Pyroxene,8,432,256
UP,12,203,5,Low-Ca Pyroxene,8,432,256
UP,12,204,5,Low-Ca Pyroxene,8,432,256
UP,12,205,5,Low-Ca Pyroxene,8,432,256
UP,12,206,5,Low-Ca Pyroxene,8,432,256
UP,12,207,5,Low-Ca Pyroxene,8,432,256
UP,12,208,5,Low-Ca Pyroxene,8,432,256
UP,12,209,5,Low-Ca Pyroxene,8,432,256
UP,12,210,5,Low-Ca Pyroxene,8,432,256
UP,12,211,5,Low-Ca Pyroxene,8,432,256
UP,12,212,5,Low-Ca Pyroxene,8,432,256
UP,12,213,5,Low-Ca Pyroxene,8,432,256
UP,12,214,5,Low-Ca Pyroxene,8,432,256
UP,12,215,5,Low-Ca Pyroxene,8,432,256
UP,12,216,5,Low-Ca Pyroxene,8,432,256
UP,12,550,5,Low-Ca Pyroxene,8,432,256
UP,12,551,5,Low-Ca Pyroxene,8,432,256
UP,12,552,5,Low-Ca Pyroxene,8,432,256
UP,12,553,5,Low-Ca Pyroxene,8,432,256
UP,12,554,5,Low-Ca Pyroxene,8,432,256
UP,12,555,5,Low-Ca Pyroxene,8,432,256
UP,12,556,5,Low-Ca Pyroxene,8,432,256
UP,12,557,5,Low-Ca Pyroxene,8,432,256
UP,12,561,2,Bassanite,2,432,256
UP,12,562,2,Bassanite,2,432,256
UP,12,563,2,Bassanite,2,432,256
UP,12,564,2,Bassanite,2,432,256
UP,12,565,2,Bassanite,2,432,256
UP,12,575,5,Low-Ca Pyroxene,8,432,256
UP,12,576,5,Low-Ca Pyroxene,8,432,256
UP,12,577,5,Low-Ca Pyroxene,8,432,256
UP,12,578,5,Low-Ca Pyroxene,8,432,256
UP,12,579,5,Low-Ca Pyroxene,8,432,256
UP,12,580,5,Low-Ca Pyroxene,8,432,256
UP,12,581,5,Low-Ca Pyroxene,8,432,256
UP,12,582,5,Low-Ca Pyroxene,8,432,256
UP,12,583,5,Low-Ca Pyroxene,8,432,256
UP,12,584,5,Low-Ca Pyroxene,8,432,256
UP,12,585,5,Low-Ca Pyroxene,8,432,256
UP,12,586,5,Low-Ca Pyroxene,8,432,256
UP,13,201,5,Low-Ca Pyroxene,8,432,256
UP,13,202,5,Low-Ca Pyroxene,8,432,256
UP,13,203,5,Low-Ca Pyroxene,8,432,256
UP,13,204,5,Low-Ca Pyroxene,8,432,256
UP,13,205,5,Low-Ca Pyroxene,8,432,256
UP,13,206,5,Low-Ca Pyroxene,8,432,256
UP,13,207,5,Low-Ca Pyroxene,8,432,256
UP,13,208,5,Low-Ca Pyroxene,8,432,256
UP,13,209,5,Low-Ca Pyroxene,8,432,256
UP,13,210,5,Low-Ca Pyroxene,8,432,256
UP,13,211,5,Low-Ca Pyroxene,8,432,256
UP,13,212,5,Low-Ca Pyroxene,8,432,256
UP,13,213,5,Low-Ca Pyroxene,8,432,256
UP,13,214,5,Low-Ca Pyroxene,8,432,256
UP,13,215,5,Low-Ca Pyroxene,8,432,256
UP,13,216,5,Low-Ca Pyroxene,8,432,256
UP,13,217,5,Low-Ca Pyroxene,8,432,256
UP,13,550,5,Low-Ca Pyroxene,8,432,256
UP,13,551,5,Low-Ca Pyroxene,8,432,256
UP,13,552,5,Low-Ca Pyroxene,8,432,256
UP,13,553,5,Low-Ca Pyroxene,8,432,256
UP,13,554,5,Low-Ca Pyroxene,8,432,256
UP,13,555,5,Low-Ca Pyroxene,8,432,256
UP,13,556,5,Low-Ca Pyroxene,8,432,256
UP,13,557,5,Low-Ca Pyroxene,8,432,256
UP,13,561,2,Bassanite,2,432,256
UP,13,562,2,Bassanite,2,432,256
UP,13,563,2,Bassanite,2,432,256
UP,13,564,2,Bassanite,2,432,256
UP,13,565,2,Bassanite,2,432,256
UP,13,575,5,Low-Ca Pyroxene,8,432,256
UP,13,576,5,Low-Ca Pyroxene,8,432,256
UP,13,577,5,Low-Ca Pyroxene,8,432,256
UP,13,578,5,Low-Ca Pyroxene,8,432,256
UP,13,579,5,Low-Ca Pyroxene,8,432,256
UP,13,580,5,Low-Ca Pyroxene,8,432,256
UP,13,581,5,Low-Ca Pyroxene,8,432,256
UP,13,582,5,Low-Ca Pyroxene,8,432,256
UP,13,583,5,Low-Ca Pyroxene,8,432,256
UP,13,584,5,Low-Ca Pyroxene,8,432,256
UP,13,585,5,Low-Ca Pyroxene,8,432,256
UP,14,201,5,Low-Ca Pyroxene,8,432,256
UP,14,202,5,Low-Ca Pyroxene,8,432,256
UP,14,203,5,Low-Ca Pyroxene,8,432,256
UP,14,204,5,Low-Ca Pyroxene,8,432,256
UP,14,205,5,Low-Ca Pyroxene,8,432,256
UP,14,206,5,Low-Ca Pyroxene,8,432,256
UP,14,207,5,Low-Ca Pyroxene,8,432,256
UP,14,208,5,Low-Ca Pyroxene,8,432,256
UP,14,209,5,Low-Ca Pyroxene,8,432,256
UP,14,210,5,Low-Ca Pyroxene,8,432,256
UP,14,211,5,Low-Ca Pyroxene,8,432,256
UP,14,212,5,Low-Ca Pyroxene,8,432,256
UP,14,213,5,Low-Ca Pyroxene,8,432,256
UP,14,214,5,Low-Ca Pyroxene,8,432,256
UP,14,215,5,Low-Ca Pyroxene,8,432,256
UP,14,216,5,Low-Ca Pyroxene,8,432,256
UP,14,217,5,Low-Ca Pyroxene,8,432,256
UP,14,551,5,Low-Ca Pyroxene,8,432,256
UP,14,552,5,Low-Ca Pyroxene,8,432,256
UP,14,553,5,Low-Ca Pyroxene,8,432,256
UP,14,554,5,Low-Ca Pyroxene,8,432,256
UP,14,555,5,Low-Ca Pyroxene,8,432,256
UP,14,556,5,Low-Ca Pyroxene,8,432,256
UP,14,557,5,Low-Ca Pyroxene,8,432,256
UP,14,558,5,Low-Ca Pyroxene,8,432,256
UP,14,561,2,Bassanite,2,432,256
UP,14,562,2,Bassanite,2,432,256
UP,14,563,2,Bassanite,2,432,256
UP,14,564,2,Bassanite,2,432,256
UP,14,565,2,Bassanite,2,432,256
UP,14,577,5,Low-Ca Pyroxene,8,432,256
UP,14,578,5,Low-Ca Pyroxene,8,432,256
UP,14,579,5,Low-Ca Pyroxene,8,432,256
UP,14,580,5,Low-Ca Pyroxene,8,432,256
UP,14,581,5,Low-Ca Pyroxene,8,432,256
UP,14,582,5,Low-Ca Pyroxene,8,432,256
UP,14,583,5,Low-Ca Pyroxene,8,432,256
UP,14,584,5,Low-Ca Pyroxene,8,432,256
UP,15,201,5,Low-Ca Pyroxene,8,432,256
UP,15,202,5,Low-Ca Pyroxene,8,432,256
UP,15,203,5,Low-Ca Pyroxene,8,432,256
UP,15,204,5,Low-Ca Pyroxene,8,432,256
UP,15,205,5,Low-Ca Pyroxene,8,432,256
UP,15,206,5,Low-Ca Pyroxene,8,432,256
UP,15,207,5,Low-Ca Pyroxene,8,432,256
UP,15,208,5,Low-Ca Pyroxene,8,432,256
UP,15,209,5,Low-Ca Pyroxene,8,432,256
UP,15,210,5,Low-Ca Pyroxene,8,432,256
UP,15,211,5,Low-Ca Pyroxene,8,432,256
UP,15,212,5,Low-Ca Pyroxene,8,432,256
UP,15,213,5,Low-Ca Pyroxene,8,432,256
UP,15,214,5,Low-Ca Pyroxene,8,432,256
UP,15,215,5,Low-Ca Pyroxene,8,432,256
UP,15,216,5,Low-Ca Pyroxene,8,432,256
UP,15,551,5,Low-Ca Pyroxene,8,432,256
UP,15,552,5,Low-Ca Pyroxene,8,432,256
UP,15,553,5,Low-Ca Pyroxene,8,432,256
UP,15,554,5,Low-Ca Pyroxene,8,432,256
UP,15,555,5,Low-Ca Pyroxene,8,432,256
UP,15,556,5,Low-Ca Pyroxene,8,432,256
UP,15,557,5,Low-Ca Pyroxene,8,432,256
UP,15,558,5,Low-Ca Pyroxene,8,432,256
UP,15,561,2,Bassanite,2,432,256
UP,15,562,2,Bassanite,2,432,256
UP,15,563,2,Bassanite,2,432,256
UP,15,564,2,Bassanite,2,432,256
UP,15,565,2,Bassanite,2,432,256
UP,15,578,5,Low-Ca Pyroxene,8,432,256
UP,15,579,5,Low-Ca Pyroxene,8,432,256
UP,15,580,5,Low-Ca Pyroxene,8,432,256
UP,15,581,5,Low-Ca Pyroxene,8,432,256
UP,15,582,5,Low-Ca Pyroxene,8,432,256
UP,15,583,5,Low-Ca Pyroxene,8,432,256
UP,16,201,5,Low-Ca Pyroxene,8,432,256
UP,16,202,5,Low-Ca Pyroxene,8,432,256
UP,16,203,5,Low-Ca Pyroxene,8,432,256
UP,16,204,5,Low-Ca Pyroxene,8,432,256
UP,16,205,5,Low-Ca Pyroxene,8,432,256
UP,16,206,5,Low-Ca Pyroxene,8,432,256
UP,16,207,5,Low-Ca Pyroxene,8,432,256
UP,16,208,5,Low-Ca Pyroxene,8,432,256
UP,16,209,5,Low-Ca Pyroxene,8,432,256
UP,16,210,5,Low-Ca Pyroxene,8,432,256
UP,16,211,5,Low-Ca Pyroxene,8,432,256
UP,16,212,5,Low-Ca Pyroxene,8,432,256
UP,16,213,5,Low-Ca Pyroxene,8,432,256
UP,16,214,5,Low-Ca Pyroxene,8,432,256
UP,16,215,5,Low-Ca Pyroxene,8,432,256
UP,16,216,5,Low-Ca Pyroxene,8,432,256
UP,16,523,5,Low-Ca Pyroxene,8,432,256
UP,16,524,5,Low-Ca Pyroxene,8,432,256
UP,16,525,5,Low-Ca Pyroxene,8,432,256
UP,16,526,5,Low-Ca Pyroxene,8,432,256
UP,16,527,5,Low-Ca Pyroxene,8,432,256
UP,16,552,5,Low-Ca Pyroxene,8,432,256
UP,16,553,5,Low-Ca Pyroxene,8,432,256
UP,16,554,5,Low-Ca Pyroxene,8,432,256
UP,16,555,5,Low-Ca Pyroxene,8,432,256
UP,16,556,5,Low-Ca Pyroxene,8,432,256
UP,16,557,5,Low-Ca Pyroxene,8,432,256
UP,16,558,5,Low-Ca Pyroxene,8,432,256
UP,16,559,5,Low-Ca Pyroxene,8,432,256
UP,16,562,2,Bassanite,2,432,256
UP,16,563,2,Bassanite,2,432,256
UP,16,564,2,Bassanite,2,432,256
UP,16,565,2,Bassanite,2,432,256
UP,16,566,2,Bassanite,2,432,256
UP,17,201,5,Low-Ca Pyroxene,8,432,256
UP,17,202,5,Low-Ca Pyroxene,8,432,256
UP,17,203,5,Low-Ca Pyroxene,8,432,256
UP,17,204,5,Low-Ca Pyroxene,8,432,256
UP,17,205,5,Low-Ca Pyroxene,8,432,256
UP,17,206,5,Low-Ca Pyroxene,8,432,256
UP,17,207,5,Low-Ca Pyroxene,8,432,256
UP,17,208,5,Low-Ca Pyroxene,8,432,256
UP,17,209,5,Low-Ca Pyroxene,8,432,256
UP,17,210,5,Low-Ca Pyroxene,8,432,256
UP,17,211,5,Low-Ca Pyroxene,8,432,256
UP,17,212,5,Low-Ca Pyroxene,8,432,256
UP,17,213,5,Low-Ca Pyroxene,8,432,256
UP,17,214,5,Low-Ca Pyroxene,8,432,256
UP,17,215,5,Low-Ca Pyroxene,8,432,256
UP,17,216,5,Low-Ca Pyroxene,8,432,256
UP,17,523,5,Low-Ca Pyroxene,8,432,256
UP,17,524,5,Low-Ca Pyroxene,8,432,256
UP,17,525,5,Low-Ca Pyroxene,8,432,256
UP,17,526,5,Low-Ca Pyroxene,8,432,256
UP,17,527,5,Low-Ca Pyroxene,8,432,256
UP,17,528,5,Low-Ca Pyroxene,8,432,256
UP,17,529,5,Low-Ca Pyroxene,8,432,256
UP,17,530,5,Low-Ca Pyroxene,8,432,256
UP,17,552,5,Low-Ca Pyroxene,8,432,256
UP,17,553,5,Low-Ca Pyroxene,8,432,256
UP,17,554,5,Low-Ca Pyroxene,8,432,256
UP,17,555,5,Low-Ca Pyroxene,8,432,256
UP,17,556,5,Low-Ca Pyroxene,8,432,256
UP,17,557,5,Low-Ca Pyroxene,8,432,256
UP,17,558,5,Low-Ca Pyroxene,8,432,256
UP,17,559,5,Low-Ca Pyroxene,8,432,256
UP,17,562,2,Bassanite,2,432,256
UP,17,563,2,Bassanite,2,432,256
UP,17,564,2,Bassanite,2,432,256
UP,17,565,2,Bassanite,2,432,256
UP,17,566,2,Bassanite,2,432,256
UP,18,201,5,Low-Ca Pyroxene,8,432,256
UP,18,202,5,Low-Ca Pyroxene,8,432,256
UP,18,203,5,Low-Ca Pyroxene,8,432,256
UP,18,204,5,Low-Ca Pyroxene,8,432,256
UP,18,205,5,Low-Ca Pyroxene,8,432,256
UP,18,206,5,Low-Ca Pyroxene,8,432,256
UP,18,207,5,Low-Ca Pyroxene,8,432,256
UP,18,208,5,Low-Ca Pyroxene,8,432,256
UP,18,209,5,Low-Ca Pyroxene,8,432,256
UP,18,210,5,Low-Ca Pyroxene,8,432,256
UP,18,211,5,Low-Ca Pyroxene,8,432,256
UP,18,212,5,Low-Ca Pyroxene,8,432,256
UP,18,213,5,Low-Ca Pyroxene,8,432,256
UP,18,214,5,Low-Ca Pyroxene,8,432,256
UP,18,523,5,Low-Ca Pyroxene,8,432,256
UP,18,524,5,Low-Ca Pyroxene,8,432,256
UP,18,525,5,Low-Ca Pyroxene,8,432,256
UP,18,526,5,Low-Ca Pyroxene,8,432,256
UP,18,527,5,Low-Ca Pyroxene,8,432,256
UP,18,528,5,Low-Ca Pyroxene,8,432,256
UP,18,529,5,Low-Ca Pyroxene,8,432,256
UP,18,530,5,Low-Ca Pyroxene,8,432,256
UP,18,531,5,Low-Ca Pyroxene,8,432,256
UP,18,532,5,Low-Ca Pyroxene,8,432,256
UP,18,553,5,Low-Ca Pyroxene,8,432,256
UP,18,554,5,Low-Ca Pyroxene,8,432,256
UP,18,555,5,Low-Ca Pyroxene,8,432,256
UP,18,556,5,Low-Ca Pyroxene,8,432,256
UP,18,557,5,Low-Ca Pyroxene,8,432,256
UP,18,558,5,Low-Ca Pyroxene,8,432,256
UP,18,559,5,Low-Ca Pyroxene,8,432,256
UP,18,564,2,Bassanite,2,432,256
UP,18,565,2,Bassanite,2,432,256
UP,18,566,2,Bassanite,2,432,256
UP,19,201,5,Low-Ca Pyroxene,8,432,256
UP,19,202,5,Low-Ca Pyroxene,8,432,256
UP,19,203,5,Low-Ca Pyroxene,8,432,256
UP,19,204,5,Low-Ca Pyroxene,8,432,256
UP,19,205,5,Low-Ca Pyroxene,8,432,256
UP,19,206,5,Low-Ca Pyroxene,8,432,256
UP,19,207,5,Low-Ca Pyroxene,8,432,256
UP,19,208,5,Low-Ca Pyroxene,8,432,256
UP,19,209,5,Low-Ca Pyroxene,8,432,256
UP,19,210,5,Low-Ca Pyroxene,8,432,256
UP,19,211,5,Low-Ca Pyroxene,8,432,256
UP,19,212,5,Low-Ca Pyroxene,8,432,256
UP,19,213,5,Low-Ca Pyroxene,8,432,256
UP,19,523,5,Low-Ca Pyroxene,8,432,256
UP,19,524,5,Low-Ca Pyroxene,8,432,256
UP,19,525,5,Low-Ca Pyroxene,8,432,256
UP,19,526,5,Low-Ca Pyroxene,8,432,256
UP,19,527,5,Low-Ca Pyroxene,8,432,256
UP,19,528,5,Low-Ca Pyroxene,8,432,256
UP,19,529,5,Low-Ca Pyroxene,8,432,256
UP,19,530,5,Low-Ca Pyroxene,8,432,256
UP,19,531,5,Low-Ca Pyroxene,8,432,256
UP,19,532,5,Low-Ca Pyroxene,8,432,256
UP,19,533,5,Low-Ca Pyroxene,8,432,256
UP,19,554,5,Low-Ca Pyroxene,8,432,256
UP,19,555,5,Low-Ca Pyroxene,8,432,256
UP,19,556,5,Low-Ca Pyroxene,8,432,256
UP,19,557,5,Low-Ca Pyroxene,8,432,256
UP,19,558,5,Low-Ca Pyroxene,8,432,256
UP,19,559,5,Low-Ca Pyroxene,8,432,256
UP,19,564,2,Bassanite,2,432,256
UP,19,565,2,Bassanite,2,432,256
UP,19,566,2,Bassanite,2,432,256
UP,19,567,2,Bassanite,2,432,256
UP,19,568,2,Bassanite,2,432,256
UP,20,202,5,Low-Ca Pyroxene,8,432,256
UP,20,203,5,Low-Ca Pyroxene,8,432,256
UP,20,204,5,Low-Ca Pyroxene,8,432,256
UP,20,205,5,Low-Ca Pyroxene,8,432,256
UP,20,206,5,Low-Ca Pyroxene,8,432,256
UP,20,207,5,Low-Ca Pyroxene,8,432,256
UP,20,208,5,Low-Ca Pyroxene,8,432,256
UP,20,209,5,Low-Ca Pyroxene,8,432,256
UP,20,210,5,Low-Ca Pyroxene,8,432,256
UP,20,211,5,Low-Ca Pyroxene,8,432,256
UP,20,523,5,Low-Ca Pyroxene,8,432,256
UP,20,524,5,Low-Ca Pyroxene,8,432,256
UP,20,525,5,Low-Ca Pyroxene,8,432,256
UP,20,526,5,Low-Ca Pyroxene,8,432,256
UP,20,527,5,Low-Ca Pyroxene,8,432,256
UP,20,528,5,Low-Ca Pyroxene,8,432,256
UP,20,529,5,Low-Ca Pyroxene,8,432,256
UP,20,530,5,Low-Ca Pyroxene,8,432,256
UP,20,531,5,Low-Ca Pyroxene,8,432,256
UP,20,532,5,Low-Ca Pyroxene,8,432,256
UP,20,533,5,Low-Ca Pyroxene,8,432,256
UP,20,534,5,Low-Ca Pyroxene,8,432,256
UP,20,555,5,Low-Ca Pyroxene,8,432,256
UP,20,556,5,Low-Ca Pyroxene,8,432,256
UP,20,557,5,Low-Ca Pyroxene,8,432,256
UP,20,565,2,Bassanite,2,432,256
UP,20,566,2,Bassanite,2,432,256
UP,20,567,2,Bassanite,2,432,256
UP,20,568,2,Bassanite,2,432,256
UP,21,525,5,Low-Ca Pyroxene,8,432,256
UP,21,526,5,Low-Ca Pyroxene,8,432,256
UP,21,527,5,Low-Ca Pyroxene,8,432,256
UP,21,528,5,Low-Ca Pyroxene,8,432,256
UP,21,529,5,Low-Ca Pyroxene,8,432,256
UP,21,530,5,Low-Ca Pyroxene,8,432,256
UP,21,531,5,Low-Ca Pyroxene,8,432,256
UP,21,532,5,Low-Ca Pyroxene,8,432,256
UP,21,533,5,Low-Ca Pyroxene,8,432,256
UP,21,534,5,Low-Ca Pyroxene,8,432,256
UP,21,535,5,Low-Ca Pyroxene,8,432,256
UP,21,566,2,Bassanite,2,432,256
UP,21,567,2,Bassanite,2,432,256
UP,21,568,2,Bassanite,2,432,256
UP,22,526,5,Low-Ca Pyroxene,8,432,256
UP,22,527,5,Low-Ca Pyroxene,8,432,256
UP,22,528,5,Low-Ca Pyroxene,8,432,256
UP,22,529,5,Low-Ca Pyroxene,8,432,256
UP,22,530,5,Low-Ca Pyroxene,8,432,256
UP,22,531,5,Low-Ca Pyroxene,8,432,256
UP,22,532,5,Low-Ca Pyroxene,8,432,256
UP,22,533,5,Low-Ca Pyroxene,8,432,256
UP,22,534,5,Low-Ca Pyroxene,8,432,256
UP,22,535,5,Low-Ca Pyroxene,8,432,256
UP,22,536,5,Low-Ca Pyroxene,8,432,256
UP,22,537,5,Low-Ca Pyroxene,8,432,256
UP,23,527,5,Low-Ca Pyroxene,8,432,256
UP,23,528,5,Low-Ca Pyroxene,8,432,256
UP,23,529,5,Low-Ca Pyroxene,8,432,256
UP,23,530,5,Low-Ca Pyroxene,8,432,256
UP,23,531,5,Low-Ca Pyroxene,8,432,256
UP,23,532,5,Low-Ca Pyroxene,8,432,256
UP,23,533,5,Low-Ca Pyroxene,8,432,256
UP,23,534,5,Low-Ca Pyroxene,8,432,256
UP,23,535,5,Low-Ca Pyroxene,8,432,256
UP,23,536,5,Low-Ca Pyroxene,8,432,256
UP,23,537,5,Low-Ca Pyroxene,8,432,256
UP,23,538,5,Low-Ca Pyroxene,8,432,256
UP,23,589,5,Low-Ca Pyroxene,8,432,256
UP,23,590,5,Low-Ca Pyroxene,8,432,256
UP,23,591,5,Low-Ca Pyroxene,8,432,256
UP,24,530,5,Low-Ca Pyroxene,8,432,256
UP,24,531,5,Low-Ca Pyroxene,8,432,256
UP,24,532,5,Low-Ca Pyroxene,8,432,256
UP,24,533,5,Low-Ca Pyroxene,8,432,256
UP,24,534,5,Low-Ca Pyroxene,8,432,256
UP,24,535,5,Low-Ca Pyroxene,8,432,256
UP,24,536,5,Low-Ca Pyroxene,8,432,256
UP,24,537,5,Low-Ca Pyroxene,8,432,256
UP,24,538,5,Low-Ca Pyroxene,8,432,256
UP,24,539,5,Low-Ca Pyroxene,8,432,256
UP,24,587,5,Low-Ca Pyroxene,8,432,256
UP,24,588,5,Low-Ca Pyroxene,8,432,256
UP,24,589,5,Low-Ca Pyroxene,8,432,256
UP,24,590,5,Low-Ca Pyroxene,8,432,256
UP,24,591,5,Low-Ca Pyroxene,8,432,256
UP,24,592,5,Low-Ca Pyroxene,8,432,256
UP,25,532,5,Low-Ca Pyroxene,8,432,256
UP,25,533,5,Low-Ca Pyroxene,8,432,256
UP,25,534,5,Low-Ca Pyroxene,8,432,256
UP,25,535,5,Low-Ca Pyroxene,8,432,256
UP,25,536,5,Low-Ca Pyroxene,8,432,256
UP,25,537,5,Low-Ca Pyroxene,8,432,256
UP,25,538,5,Low-Ca Pyroxene,8,432,256
UP,25,539,5,Low-Ca Pyroxene,8,432,256
UP,25,540,5,Low-Ca Pyroxene,8,432,256
UP,25,587,5,Low-Ca Pyroxene,8,432,256
UP,25,588,5,Low-Ca Pyroxene,8,432,256
UP,25,589,5,Low-Ca Pyroxene,8,432,256
UP,25,590,5,Low-Ca Pyroxene,8,432,256
UP,25,591,5,Low-Ca Pyroxene,8,432,256
UP,25,592,5,Low-Ca Pyroxene,8,432,256
UP,26,533,5,Low-Ca Pyroxene,8,432,256
UP,26,534,5,Low-Ca Pyroxene,8,432,256
UP,26,535,5,Low-Ca Pyroxene,8,432,256
UP,26,536,5,Low-Ca Pyroxene,8,432,256
UP,26,537,5,Low-Ca Pyroxene,8,432,256
UP,26,538,5,Low-Ca Pyroxene,8,432,256
UP,26,539,5,Low-Ca Pyroxene,8,432,256
UP,26,540,5,Low-Ca Pyroxene,8,432,256
UP,26,587,5,Low-Ca Pyroxene,8,432,256
UP,26,588,5,Low-Ca Pyroxene,8,432,256
UP,26,589,5,Low-Ca Pyroxene,8,432,256
UP,26,590,5,Low-Ca Pyroxene,8,432,256
UP,26,591,5,Low-Ca Pyroxene,8,432,256
UP,26,592,5,Low-Ca Pyroxene,8,432,256
UP,27,535,5,Low-Ca Pyroxene,8,432,256
UP,27,536,5,Low-Ca Pyroxene,8,432,256
UP,27,537,5,Low-Ca Pyroxene,8,432,256
UP,27,538,5,Low-Ca Pyroxene,8,432,256
UP,27,539,5,Low-Ca Pyroxene,8,432,256
UP,27,540,5,Low-Ca Pyroxene,8,432,256
UP,27,586,5,Low-Ca Pyroxene,8,432,256
UP,27,587,5,Low-Ca Pyroxene,8,432,256
UP,27,588,5,Low-Ca Pyroxene,8,432,256
UP,27,589,5,Low-Ca Pyroxene,8,432,256
UP,27,590,5,Low-Ca Pyroxene,8,432,256
UP,27,591,5,Low-Ca Pyroxene,8,432,256
UP,27,592,5,Low-Ca Pyroxene,8,432,256
UP,28,586,5,Low-Ca Pyroxene,8,432,256
UP,28,587,5,Low-Ca Pyroxene,8,432,256
UP,28,588,5,Low-Ca Pyroxene,8,432,256
UP,28,589,5,Low-Ca Pyroxene,8,432,256
UP,28,590,5,Low-Ca Pyroxene,8,432,256
UP,28,591,5,Low-Ca Pyroxene,8,432,256
UP,28,592,5,Low-Ca Pyroxene,8,432,256
UP,29,586,5,Low-Ca Pyroxene,8,432,256
UP,29,587,5,Low-Ca Pyroxene,8,432,256
UP,29,588,5,Low-Ca Pyroxene,8,432,256
UP,29,589,5,Low-Ca Pyroxene,8,432,256
UP,29,590,5,Low-Ca Pyroxene,8,432,256
UP,29,591,5,Low-Ca Pyroxene,8,432,256
UP,29,592,5,Low-Ca Pyroxene,8,432,256
UP,30,586,5,Low-Ca Pyroxene,8,432,256
UP,30,587,5,Low-Ca Pyroxene,8,432,256
UP,30,588,5,Low-Ca Pyroxene,8,432,256
UP,30,589,5,Low-Ca Pyroxene,8,432,256
UP,30,590,5,Low-Ca Pyroxene,8,432,256
UP,30,591,5,Low-Ca Pyroxene,8,432,256
UP,30,592,5,Low-Ca Pyroxene,8,432,256
UP,31,586,5,Low-Ca Pyroxene,8,432,256
UP,31,587,5,Low-Ca Pyroxene,8,432,256
UP,31,588,5,Low-Ca Pyroxene,8,432,256
UP,31,589,5,Low-Ca Pyroxene,8,432,256
UP,31,590,5,Low-Ca Pyroxene,8,432,256
UP,31,591,5,Low-Ca Pyroxene,8,432,256
UP,31,592,5,Low-Ca Pyroxene,8,432,256
UP,32,587,5,Low-Ca Pyroxene,8,432,256
UP,32,588,5,Low-Ca Pyroxene,8,432,256
UP,32,589,5,Low-Ca Pyroxene,8,432,256
UP,32,590,5,Low-Ca Pyroxene,8,432,256
UP,32,591,5,Low-Ca Pyroxene,8,432,256
UP,32,592,5,Low-Ca Pyroxene,8,432,256
UP,33,587,5,Low-Ca Pyroxene,8,432,256
UP,33,588,5,Low-Ca Pyroxene,8,432,256
UP,33,589,5,Low-Ca Pyroxene,8,432,256
UP,33,590,5,Low-Ca Pyroxene,8,432,256
UP,33,591,5,Low-Ca Pyroxene,8,432,256
UP,33,592,5,Low-Ca Pyroxene,8,432,256
UP,34,587,5,Low-Ca Pyroxene,8,432,256
UP,34,588,5,Low-Ca Pyroxene,8,432,256
UP,34,589,5,Low-Ca Pyroxene,8,432,256
UP,34,590,5,Low-Ca Pyroxene,8,432,256
UP,34,591,5,Low-Ca Pyroxene,8,432,256
UP,35,502,2,Bassanite,2,432,256
UP,35,503,2,Bassanite,2,432,256
UP,35,504,2,Bassanite,2,432,256
UP,35,505,2,Bassanite,2,432,256
UP,35,506,2,Bassanite,2,432,256
UP,35,588,5,Low-Ca Pyroxene,8,432,256
UP,35,589,5,Low-Ca Pyroxene,8,432,256
UP,35,590,5,Low-Ca Pyroxene,8,432,256
UP,35,591,5,Low-Ca Pyroxene,8,432,256
UP,36,502,2,Bassanite,2,432,256
UP,36,503,2,Bassanite,2,432,256
UP,36,504,2,Bassanite,2,432,256
UP,36,505,2,Bassanite,2,432,256
UP,36,506,2,Bassanite,2,432,256
UP,36,507,2,Bassanite,2,432,256
UP,37,502,2,Bassanite,2,432,256
UP,37,503,2,Bassanite,2,432,256
UP,37,504,2,Bassanite,2,432,256
UP,37,505,2,Bassanite,2,432,256
UP,37,506,2,Bassanite,2,432,256
UP,37,507,2,Bassanite,2,432,256
UP,38,501,2,Bassanite,2,432,256
UP,38,502,2,Bassanite,2,432,256
UP,38,503,2,Bassanite,2,432,256
UP,38,504,2,Bassanite,2,432,256
UP,38,505,2,Bassanite,2,432,256
UP,38,506,2,Bassanite,2,432,256
UP,38,507,2,Bassanite,2,432,256
UP,39,501,2,Bassanite,2,432,256
UP,39,502,2,Bassanite,2,432,256
UP,39,503,2,Bassanite,2,432,256
UP,39,504,2,Bassanite,2,432,256
UP,39,505,2,Bassanite,2,432,256
UP,39,506,2,Bassanite,2,432,256
UP,39,507,2,Bassanite,2,432,256
UP,40,501,2,Bassanite,2,432,256
UP,40,502,2,Bassanite,2,432,256
UP,40,503,2,Bassanite,2,432,256
UP,40,504,2,Bassanite,2,432,256
UP,40,505,2,Bassanite,2,432,256
UP,40,506,2,Bassanite,2,432,256
UP,40,507,2,Bassanite,2,432,256
UP,41,500,2,Bassanite,2,432,256
UP,41,501,2,Bassanite,2,432,256
UP,41,502,2,Bassanite,2,432,256
UP,41,503,2,Bassanite,2,432,256
UP,41,504,2,Bassanite,2,432,256
UP,41,505,2,Bassanite,2,432,256
UP,41,506,2,Bassanite,2,432,256
UP,41,507,2,Bassanite,2,432,256
UP,42,500,2,Bassanite,2,432,256
UP,42,501,2,Bassanite,2,432,256
UP,42,502,2,Bassanite,2,432,256
UP,42,503,2,Bassanite,2,432,256
UP,42,504,2,Bassanite,2,432,256
UP,42,505,2,Bassanite,2,432,256
UP,42,506,2,Bassanite,2,432,256
UP,42,507,2,Bassanite,2,432,256
UP,43,500,2,Bassanite,2,432,256
UP,43,501,2,Bassanite,2,432,256
UP,43,502,2,Bassanite,2,432,256
UP,43,503,2,Bassanite,2,432,256
UP,43,504,2,Bassanite,2,432,256
UP,43,505,2,Bassanite,2,432,256
UP,43,506,2,Bassanite,2,432,256
UP,44,500,2,Bassanite,2,432,256
UP,44,501,2,Bassanite,2,432,256
UP,44,502,2,Bassanite,2,432,256
UP,44,503,2,Bassanite,2,432,256
UP,44,504,2,Bassanite,2,432,256
UP,44,505,2,Bassanite,2,432,256
UP,44,506,2,Bassanite,2,432,256
UP,44,533,5,Low-Ca Pyroxene,8,432,256
UP,44,534,5,Low-Ca Pyroxene,8,432,256
UP,44,535,5,Low-Ca Pyroxene,8,432,256
UP,44,536,5,Low-Ca Pyroxene,8,432,256
UP,44,537,5,Low-Ca Pyroxene,8,432,256
UP,44,538,5,Low-Ca Pyroxene,8,432,256
UP,45,500,2,Bassanite,2,432,256
UP,45,501,2,Bassanite,2,432,256
UP,45,502,2,Bassanite,2,432,256
UP,45,503,2,Bassanite,2,432,256
UP,45,504,2,Bassanite,2,432,256
UP,45,505,2,Bassanite,2,432,256
UP,45,506,2,Bassanite,2,432,256
UP,45,531,5,Low-Ca Pyroxene,8,432,256
UP,45,532,5,Low-Ca Pyroxene,8,432,256
UP,45,533,5,Low-Ca Pyroxene,8,432,256
UP,45,534,5,Low-Ca Pyroxene,8,432,256
UP,45,535,5,Low-Ca Pyroxene,8,432,256
UP,45,536,5,Low-Ca Pyroxene,8,432,256
UP,45,537,5,Low-Ca Pyroxene,8,432,256
UP,45,538,5,Low-Ca Pyroxene,8,432,256
UP,45,539,5,Low-Ca Pyroxene,8,432,256
UP,45,540,5,Low-Ca Pyroxene,8,432,256
UP,45,541,5,Low-Ca Pyroxene,8,432,256
UP,45,542,5,Low-Ca Pyroxene,8,432,256
UP,45,543,5,Low-Ca Pyroxene,8,432,256
UP,46,500,2,Bassanite,2,432,256
UP,46,501,2,Bassanite,2,432,256
UP,46,502,2,Bassanite,2,432,256
UP,46,503,2,Bassanite,2,432,256
UP,46,504,2,Bassanite,2,432,256
UP,46,505,2,Bassanite,2,432,256
UP,46,506,2,Bassanite,2,432,256
UP,46,530,5,Low-Ca Pyroxene,8,432,256
UP,46,531,5,Low-Ca Pyroxene,8,432,256
UP,46,532,5,Low-Ca Pyroxene,8,432,256
UP,46,533,5,Low-Ca Pyroxene,8,432,256
UP,46,534,5,Low-Ca Pyroxene,8,432,256
UP,46,535,5,Low-Ca Pyroxene,8,432,256
UP,46,536,5,Low-Ca Pyroxene,8,432,256
UP,46,537,5,Low-Ca Pyroxene,8,432,256
UP,46,538,5,Low-Ca Pyroxene,8,432,256
UP,46,539,5,Low-Ca Pyroxene,8,432,256
UP,46,540,5,Low-Ca Pyroxene,8,432,256
UP,46,541,5,Low-Ca Pyroxene,8,432,256
UP,46,542,5,Low-Ca Pyroxene,8,432,256
UP,46,543,5,Low-Ca Pyroxene,8,432,256
UP,46,544,5,Low-Ca Pyroxene,8,432,256
UP,46,545,5,Low-Ca Pyroxene,8,432,256
UP,47,500,2,Bassanite,2,432,256
UP,47,501,2,Bassanite,2,432,256
UP,47,502,2,Bassanite,2,432,256
UP,47,503,2,Bassanite,2,432,256
UP,47,504,2,Bassanite,2,432,256
UP,47,505,2,Bassanite,2,432,256
UP,47,530,5,Low-Ca Pyroxene,8,432,256
UP,47,531,5,Low-Ca Pyroxene,8,432,256
UP,47,532,5,Low-Ca Pyroxene,8,432,256
UP,47,533,5,Low-Ca Pyroxene,8,432,256
UP,47,534,5,Low-Ca Pyroxene,8,432,256
UP,47,535,5,Low-Ca Pyroxene,8,432,256
UP,47,536,5,Low-Ca Pyroxene,8,432,256
UP,47,537,5,Low-Ca Pyroxene,8,432,256
UP,47,538,5,Low-Ca Pyroxene,8,432,256
UP,47,539,5,Low-Ca Pyroxene,8,432,256
UP,47,540,5,Low-Ca Pyroxene,8,432,256
UP,47,541,5,Low-Ca Pyroxene,8,432,256
UP,47,542,5,Low-Ca Pyroxene,8,432,256
UP,47,543,5,Low-Ca Pyroxene,8,432,256
UP,47,544,5,Low-Ca Pyroxene,8,432,256
UP,47,545,5,Low-Ca Pyroxene,8,432,256
UP,47,546,5,Low-Ca Pyroxene,8,432,256
UP,47,547,5,Low-Ca Pyroxene,8,432,256
UP,48,500,2,Bassanite,2,432,256
UP,48,501,2,Bassanite,2,432,256
UP,48,502,2,Bassanite,2,432,256
UP,48,503,2,Bassanite,2,432,256
UP,48,504,2,Bassanite,2,432,256
UP,48,530,5,Low-Ca Pyroxene,8,432,256
UP,48,531,5,Low-Ca Pyroxene,8,432,256
UP,48,532,5,Low-Ca Pyroxene,8,432,256
UP,48,533,5,Low-Ca Pyroxene,8,432,256
UP,48,534,5,Low-Ca Pyroxene,8,432,256
UP,48,535,5,Low-Ca Pyroxene,8,432,256
UP,48,536,5,Low-Ca Pyroxene,8,432,256
UP,48,537,5,Low-Ca Pyroxene,8,432,256
UP,48,538,5,Low-Ca Pyroxene,8,432,256
UP,48,539,5,Low-Ca Pyroxene,8,432,256
UP,48,540,5,Low-Ca Pyroxene,8,432,256
UP,48,541,5,Low-Ca Pyroxene,8,432,256
UP,48,542,5,Low-Ca Pyroxene,8,432,256
UP,48,543,5,Low-Ca Pyroxene,8,432,256
UP,48,544,5,Low-Ca Pyroxene,8,432,256
UP,48,545,5,Low-Ca Pyroxene,8,432,256
UP,48,546,5,Low-Ca Pyroxene,8,432,256
UP,48,547,5,Low-Ca Pyroxene,8,432,256
UP,48,548,5,Low-Ca Pyroxene,8,432,256
UP,49,500,2,Bassanite,2,432,256
UP,49,501,2,Bassanite,2,432,256
UP,49,502,2,Bassanite,2,432,256
UP,49,503,2,Bassanite,2,432,256
UP,49,504,2,Bassanite,2,432,256
UP,49,530,5,Low-Ca Pyroxene,8,432,256
UP,49,531,5,Low-Ca Pyroxene,8,432,256
UP,49,532,5,Low-Ca Pyroxene,8,432,256
UP,49,533,5,Low-Ca Pyroxene,8,432,256
UP,49,534,5,Low-Ca Pyroxene,8,432,256
UP,49,535,5,Low-Ca Pyroxene,8,432,256
UP,49,536,5,Low-Ca Pyroxene,8,432,256
UP,49,537,5,Low-Ca Pyroxene,8,432,256
UP,49,538,5,Low-Ca Pyroxene,8,432,256
UP,49,539,5,Low-Ca Pyroxene,8,432,256
UP,49,540,5,Low-Ca Pyroxene,8,432,256
UP,49,541,5,Low-Ca Pyroxene,8,432,256
UP,49,542,5,Low-Ca Pyroxene,8,432,256
UP,49,543,5,Low-Ca Pyroxene,8,432,256
UP,49,544,5,Low-Ca Pyroxene,8,432,256
UP,49,545,5,Low-Ca Pyroxene,8,432,256
UP,49,546,5,Low-Ca Pyroxene,8,432,256
UP,49,547,5,Low-Ca Pyroxene,8,432,256
UP,49,548,5,Low-Ca Pyroxene,8,432,256
UP,50,500,2,Bassanite,2,432,256
UP,50,501,2,Bassanite,2,432,256
UP,50,502,2,Bassanite,2,432,256
UP,50,503,2,Bassanite,2,432,256
UP,50,530,5,Low-Ca Pyroxene,8,432,256
UP,50,531,5,Low-Ca Pyroxene,8,432,256
UP,50,532,5,Low-Ca Pyroxene,8,432,256
UP,50,533,5,Low-Ca Pyroxene,8,432,256
UP,50,534,5,Low-Ca Pyroxene,8,432,256
UP,50,535,5,Low-Ca Pyroxene,8,432,256
UP,50,536,5,Low-Ca Pyroxene,8,432,256
UP,50,537,5,Low-Ca Pyroxene,8,432,256
UP,50,538,5,Low-Ca Pyroxene,8,432,256
UP,50,539,5,Low-Ca Pyroxene,8,432,256
UP,50,540,5,Low-Ca Pyroxene,8,432,256
UP,50,541,5,Low-Ca Pyroxene,8,432,256
UP,50,542,5,Low-Ca Pyroxene,8,432,256
UP,50,543,5,Low-Ca Pyroxene,8,432,256
UP,50,544,5,Low-Ca Pyroxene,8,432,256
UP,50,545,5,Low-Ca Pyroxene,8,432,256
UP,50,546,5,Low-Ca Pyroxene,8,432,256
UP,50,547,5,Low-Ca Pyroxene,8,432,256
UP,50,548,5,Low-Ca Pyroxene,8,432,256
UP,50,549,5,Low-Ca Pyroxene,8,432,256
UP,51,501,2,Bassanite,2,432,256
UP,51,502,2,Bassanite,2,432,256
UP,51,530,5,Low-Ca Pyroxene,8,432,256
UP,51,531,5,Low-Ca Pyroxene,8,432,256
UP,51,532,5,Low-Ca Pyroxene,8,432,256
UP,51,533,5,Low-Ca Pyroxene,8,432,256
UP,51,534,5,Low-Ca Pyroxene,8,432,256
UP,51,535,5,Low-Ca Pyroxene,8,432,256
UP,51,536,5,Low-Ca Pyroxene,8,432,256
UP,51,537,5,Low-Ca Pyroxene,8,432,256
UP,51,538,5,Low-Ca Pyroxene,8,432,256
UP,51,539,5,Low-Ca Pyroxene,8,432,256
UP,51,540,5,Low-Ca Pyroxene,8,432,256
UP,51,541,5,Low-Ca Pyroxene,8,432,256
UP,51,542,5,Low-Ca Pyroxene,8,432,256
UP,51,543,5,Low-Ca Pyroxene,8,432,256
UP,51,544,5,Low-Ca Pyroxene,8,432,256
UP,51,545,5,Low-Ca Pyroxene,8,432,256
UP,51,546,5,Low-Ca Pyroxene,8,432,256
UP,51,547,5,Low-Ca Pyroxene,8,432,256
UP,51,548,5,Low-Ca Pyroxene,8,432,256
UP,52,530,5,Low-Ca Pyroxene,8,432,256
UP,52,531,5,Low-Ca Pyroxene,8,432,256
UP,52,532,5,Low-Ca Pyroxene,8,432,256
UP,52,533,5,Low-Ca Pyroxene,8,432,256
UP,52,534,5,Low-Ca Pyroxene,8,432,256
UP,52,535,5,Low-Ca Pyroxene,8,432,256
UP,52,536,5,Low-Ca Pyroxene,8,432,256
UP,52,537,5,Low-Ca Pyroxene,8,432,256
UP,52,538,5,Low-Ca Pyroxene,8,432,256
UP,52,539,5,Low-Ca Pyroxene,8,432,256
UP,52,540,5,Low-Ca Pyroxene,8,432,256
UP,52,541,5,Low-Ca Pyroxene,8,432,256
UP,52,542,5,Low-Ca Pyroxene,8,432,256
UP,52,543,5,Low-Ca Pyroxene,8,432,256
UP,52,544,5,Low-Ca Pyroxene,8,432,256
UP,52,545,5,Low-Ca Pyroxene,8,432,256
UP,52,546,5,Low-Ca Pyroxene,8,432,256
UP,52,547,5,Low-Ca Pyroxene,8,432,256
UP,53,532,5,Low-Ca Pyroxene,8,432,256
UP,53,533,5,Low-Ca Pyroxene,8,432,256
UP,53,534,5,Low-Ca Pyroxene,8,432,256
UP,53,535,5,Low-Ca Pyroxene,8,432,256
UP,53,536,5,Low-Ca Pyroxene,8,432,256
UP,53,537,5,Low-Ca Pyroxene,8,432,256
UP,53,538,5,Low-Ca Pyroxene,8,432,256
UP,53,539,5,Low-Ca Pyroxene,8,432,256
UP,53,540,5,Low-Ca Pyroxene,8,432,256
UP,53,541,5,Low-Ca Pyroxene,8,432,256
UP,53,542,5,Low-Ca Pyroxene,8,432,256
UP,53,543,5,Low-Ca Pyroxene,8,432,256
UP,53,544,5,Low-Ca Pyroxene,8,432,256
UP,56,546,2,Bassanite,2,432,256
UP,56,547,2,Bassanite,2,432,256
UP,56,548,2,Bassanite,2,432,256
UP,57,545,2,Bassanite,2,432,256
UP,57,546,2,Bassanite,2,432,256
UP,57,547,2,Bassanite,2,432,256
UP,57,548,2,Bassanite,2,432,256
UP,57,549,2,Bassanite,2,432,256
UP,57,550,2,Bassanite,2,432,256
UP,57,551,2,Bassanite,2,432,256
UP,57,552,2,Bassanite,2,432,256
UP,57,553,2,Bassanite,2,432,256
UP,57,554,2,Bassanite,2,432,256
UP,57,555,2,Bassanite,2,432,256
UP,57,556,2,Bassanite,2,432,256
UP,58,544,2,Bassanite,2,432,256
UP,58,545,2,Bassanite,2,432,256
UP,58,546,2,Bassanite,2,432,256
UP,58,547,2,Bassanite,2,432,256
UP,58,548,2,Bassanite,2,432,256
UP,58,549,2,Bassanite,2,432,256
UP,58,550,2,Bassanite,2,432,256
UP,58,551,2,Bassanite,2,432,256
UP,58,552,2,Bassanite,2,432,256
UP,58,553,2,Bassanite,2,432,256
UP,58,554,2,Bassanite,2,432,256
UP,58,555,2,Bassanite,2,432,256
UP,58,556,2,Bassanite,2,432,256
UP,58,557,2,Bassanite,2,432,256
UP,59,545,2,Bassanite,2,432,256
UP,59,546,2,Bassanite,2,432,256
UP,59,547,2,Bassanite,2,432,256
UP,59,548,2,Bassanite,2,432,256
UP,59,549,2,Bassanite,2,432,256
UP,59,550,2,Bassanite,2,432,256
UP,59,551,2,Bassanite,2,432,256
UP,59,552,2,Bassanite,2,432,256
UP,59,553,2,Bassanite,2,432,256
UP,59,554,2,Bassanite,2,432,256
UP,59,555,2,Bassanite,2,432,256
UP,59,556,2,Bassanite,2,432,256
UP,59,557,2,Bassanite,2,432,256
UP,60,249,2,Bassanite,2,432,256
UP,60,250,2,Bassanite,2,432,256
UP,60,251,2,Bassanite,2,432,256
UP,60,252,2,Bassanite,2,432,256
UP,60,253,2,Bassanite,2,432,256
UP,60,254,2,Bassanite,2,432,256
UP,60,255,2,Bassanite,2,432,256
UP,60,546,2,Bassanite,2,432,256
UP,60,547,2,Bassanite,2,432,256
UP,60,548,2,Bassanite,2,432,256
UP,60,549,2,Bassanite,2,432,256
UP,60,550,2,Bassanite,2,432,256
UP,60,551,2,Bassanite,2,432,256
UP,60,552,2,Bassanite,2,432,256
UP,60,553,2,Bassanite,2,432,256
UP,60,554,2,Bassanite,2,432,256
UP,60,555,2,Bassanite,2,432,256
UP,60,556,2,Bassanite,2,432,256
UP,60,557,2,Bassanite,2,432,256
UP,61,248,2,Bassanite,2,432,256
UP,61,249,2,Bassanite,2,432,256
UP,61,250,2,Bassanite,2,432,256
UP,61,251,2,Bassanite,2,432,256
UP,61,252,2,Bassanite,2,432,256
UP,61,253,2,Bassanite,2,432,256
UP,61,254,2,Bassanite,2,432,256
UP,61,255,2,Bassanite,2,432,256
UP,61,256,2,Bassanite,2,432,256
UP,61,257,2,Bassanite,2,432,256
UP,61,258,2,Bassanite,2,432,256
UP,61,259,2,Bassanite,2,432,256
UP,61,548,2,Bassanite,2,432,256
UP,61,549,2,Bassanite,2,432,256
UP,61,550,2,Bassanite,2,432,256
UP,61,551,2,Bassanite,2,432,256
UP,61,552,2,Bassanite,2,432,256
UP,61,553,2,Bassanite,2,432,256
UP,61,554,2,Bassanite,2,432,256
UP,61,555,2,Bassanite,2,432,256
UP,61,556,2,Bassanite,2,432,256
UP,62,248,2,Bassanite,2,432,256
UP,62,249,2,Bassanite,2,432,256
UP,62,250,2,Bassanite,2,432,256
UP,62,251,2,Bassanite,2,432,256
UP,62,252,2,Bassanite,2,432,256
UP,62,253,2,Bassanite,2,432,256
UP,62,254,2,Bassanite,2,432,256
UP,62,255,2,Bassanite,2,432,256
UP,62,256,2,Bassanite,2,432,256
UP,62,257,2,Bassanite,2,432,256
UP,62,258,2,Bassanite,2,432,256
UP,62,259,2,Bassanite,2,432,256
UP,62,260,2,Bassanite,2,432,256
UP,62,261,2,Bassanite,2,432,256
UP,62,519,2,Bassanite,2,432,256
UP,62,520,2,Bassanite,2,432,256
UP,62,521,2,Bassanite,2,432,256
UP,62,522,2,Bassanite,2,432,256
UP,62,549,2,Bassanite,2,432,256
UP,62,550,2,Bassanite,2,432,256
UP,62,551,2,Bassanite,2,432,256
UP,62,552,2,Bassanite,2,432,256
UP,62,553,2,Bassanite,2,432,256
UP,62,554,2,Bassanite,2,432,256
UP,62,555,2,Bassanite,2,432,256
UP,62,556,2,Bassanite,2,432,256
UP,63,248,2,Bassanite,2,432,256
UP,63,249,2,Bassanite,2,432,256
UP,63,250,2,Bassanite,2,432,256
UP,63,251,2,Bassanite,2,432,256
UP,63,252,2,Bassanite,2,432,256
UP,63,253,2,Bassanite,2,432,256
UP,63,254,2,Bassanite,2,432,256
UP,63,255,2,Bassanite,2,432,256
UP,63,256,2,Bassanite,2,432,256
UP,63,257,2,Bassanite,2,432,256
UP,63,258,2,Bassanite,2,432,256
UP,63,259,2,Bassanite,2,432,256
UP,63,260,2,Bassanite,2,432,256
UP,63,261,2,Bassanite,2,432,256
UP,63,262,2,Bassanite,2,432,256
UP,63,263,2,Bassanite,2,432,256
UP,63,519,2,Bassanite,2,432,256
UP,63,520,2,Bassanite,2,432,256
UP,63,521,2,Bassanite,2,432,256
UP,63,522,2,Bassanite,2,432,256
UP,63,523,2,Bassanite,2,432,256
UP,63,541,5,Low-Ca Pyroxene,8,432,256
UP,63,542,5,Low-Ca Pyroxene,8,432,256
UP,63,543,5,Low-Ca Pyroxene,8,432,256
UP,63,544,5,Low-Ca Pyroxene,8,432,256
UP,63,545,5,Low-Ca Pyroxene,8,432,256
UP,63,546,5,Low-Ca Pyroxene,8,432,256
UP,63,551,2,Bassanite,2,432,256
UP,63,552,2,Bassanite,2,432,256
UP,63,553,2,Bassanite,2,432,256
UP,63,554,2,Bassanite,2,432,256
UP,63,555,2,Bassanite,2,432,256
UP,63,587,2,Bassanite,2,432,256
UP,63,588,2,Bassanite,2,432,256
UP,64,248,2,Bassanite,2,432,256
UP,64,249,2,Bassanite,2,432,256
UP,64,250,2,Bassanite,2,432,256
UP,64,251,2,Bassanite,2,432,256
UP,64,252,2,Bassanite,2,432,256
UP,64,253,2,Bassanite,2,432,256
UP,64,254,2,Bassanite,2,432,256
UP,64,255,2,Bassanite,2,432,256
UP,64,256,2,Bassanite,2,432,256
UP,64,257,2,Bassanite,2,432,256
UP,64,258,2,Bassanite,2,432,256
UP,64,259,2,Bassanite,2,432,256
UP,64,260,2,Bassanite,2,432,256
UP,64,261,2,Bassanite,2,432,256
UP,64,262,2,Bassanite,2,432,256
UP,64,263,2,Bassanite,2,432,256
UP,64,264,2,Bassanite,2,432,256
UP,64,265,2,Bassanite,2,432,256
UP,64,519,2,Bassanite,2,432,256
UP,64,520,2,Bassanite,2,432,256
UP,64,521,2,Bassanite,2,432,256
UP,64,522,2,Bassanite,2,432,256
UP,64,523,2,Bassanite,2,432,256
UP,64,541,5,Low-Ca Pyroxene,8,432,256
UP,64,542,5,Low-Ca Pyroxene,8,432,256
UP,64,543,5,Low-Ca Pyroxene,8,432,256
UP,64,544,5,Low-Ca Pyroxene,8,432,256
UP,64,545,5,Low-Ca Pyroxene,8,432,256
UP,64,546,5,Low-Ca Pyroxene,8,432,256
UP,64,547,5,Low-Ca Pyroxene,8,432,256
UP,64,548,5,Low-Ca Pyroxene,8,432,256
UP,64,586,2,Bassanite,2,432,256
UP,64,587,2,Bassanite,2,432,256
UP,64,588,2,Bassanite,2,432,256
UP,64,589,2,Bassanite,2,432,256
UP,65,249,2,Bassanite,2,432,256
UP,65,250,2,Bassanite,2,432,256
UP,65,251,2,Bassanite,2,432,256
UP,65,252,2,Bassanite,2,432,256
UP,65,253,2,Bassanite,2,432,256
UP,65,254,2,Bassanite,2,432,256
UP,65,255,2,Bassanite,2,432,256
UP,65,256,2,Bassanite,2,432,256
UP,65,257,2,Bassanite,2,432,256
UP,65,258,2,Bassanite,2,432,256
UP,65,259,2,Bassanite,2,432,256
UP,65,260,2,Bassanite,2,432,256
UP,65,261,2,Bassanite,2,432,256
UP,65,262,2,Bassanite,2,432,256
UP,65,263,2,Bassanite,2,432,256
UP,65,264,2,Bassanite,2,432,256
UP,65,265,2,Bassanite,2,432,256
UP,65,266,2,Bassanite,2,432,256
UP,65,267,2,Bassanite,2,432,256
UP,65,520,2,Bassanite,2,432,256
UP,65,521,2,Bassanite,2,432,256
UP,65,522,2,Bassanite,2,432,256
UP,65,523,2,Bassanite,2,432,256
UP,65,524,2,Bassanite,2,432,256
UP,65,525,2,Bassanite,2,432,256
UP,65,541,5,Low-Ca Pyroxene,8,432,256
UP,65,542,5,Low-Ca Pyroxene,8,432,256
UP,65,543,5,Low-Ca Pyroxene,8,432,256
UP,65,544,5,Low-Ca Pyroxene,8,432,256
UP,65,545,5,Low-Ca Pyroxene,8,432,256
UP,65,546,5,Low-Ca Pyroxene,8,432,256
UP,65,547,5,Low-Ca Pyroxene,8,432,256
UP,65,548,5,Low-Ca Pyroxene,8,432,256
UP,65,549,5,Low-Ca Pyroxene,8,432,256
UP,65,550,5,Low-Ca Pyroxene,8,432,256
UP,65,586,2,Bassanite,2,432,256
UP,65,587,2,Bassanite,2,432,256
UP,65,588,2,Bassanite,2,432,256
UP,65,589,2,Bassanite,2,432,256
UP,66,250,2,Bassanite,2,432,256
UP,66,251,2,Bassanite,2,432,256
UP,66,252,2,Bassanite,2,432,256
UP,66,253,2,Bassanite,2,432,256
UP,66,254,2,Bassanite,2,432,256
UP,66,255,2,Bassanite,2,432,256
UP,66,256,2,Bassanite,2,432,256
UP,66,257,2,Bassanite,2,432,256
UP,66,258,2,Bassanite,2,432,256
UP,66,259,2,Bassanite,2,432,256
UP,66,260,2,Bassanite,2,432,256
UP,66,261,2,Bassanite,2,432,256
UP,66,262,2,Bassanite,2,432,256
UP,66,263,2,Bassanite,2,432,256
UP,66,264,2,Bassanite,2,432,256
UP,66,265,2,Bassanite,2,432,256
UP,66,266,2,Bassanite,2,432,256
UP,66,267,2,Bassanite,2,432,256
UP,66,268,2,Bassanite,2,432,256
UP,66,269,2,Bassanite,2,432,256
UP,66,270,2,Bassanite,2,432,256
UP,66,523,2,Bassanite,2,432,256
UP,66,524,2,Bassanite,2,432,256
UP,66,525,2,Bassanite,2,432,256
UP,66,526,2,Bassanite,2,432,256
UP,66,541,5,Low-Ca Pyroxene,8,432,256
UP,66,542,5,Low-Ca Pyroxene,8,432,256
UP,66,543,5,Low-Ca Pyroxene,8,432,256
UP,66,544,5,Low-Ca Pyroxene,8,432,256
UP,66,545,5,Low-Ca Pyroxene,8,432,256
UP,66,546,5,Low-Ca Pyroxene,8,432,256
UP,66,547,5,Low-Ca Pyroxene,8,432,256
UP,66,548,5,Low-Ca Pyroxene,8,432,256
UP,66,549,5,Low-Ca Pyroxene,8,432,256
UP,66,550,5,Low-Ca Pyroxene,8,432,256
UP,66,586,2,Bassanite,2,432,256
UP,66,587,2,Bassanite,2,432,256
UP,66,588,2,Bassanite,2,432,256
UP,67,250,2,Bassanite,2,432,256
UP,67,251,2,Bassanite,2,432,256
UP,67,252,2,Bassanite,2,432,256
UP,67,253,2,Bassanite,2,432,256
UP,67,254,2,Bassanite,2,432,256
UP,67,255,2,Bassanite,2,432,256
UP,67,256,2,Bassanite,2,432,256
UP,67,257,2,Bassanite,2,432,256
UP,67,258,2,Bassanite,2,432,256
UP,67,259,2,Bassanite,2,432,256
UP,67,260,2,Bassanite,2,432,256
UP,67,261,2,Bassanite,2,432,256
UP,67,262,2,Bassanite,2,432,256
UP,67,263,2,Bassanite,2,432,256
UP,67,264,2,Bassanite,2,432,256
UP,67,265,2,Bassanite,2,432,256
UP,67,266,2,Bassanite,2,432,256
UP,67,267,2,Bassanite,2,432,256
UP,67,268,2,Bassanite,2,432,256
UP,67,269,2,Bassanite,2,432,256
UP,67,270,2,Bassanite,2,432,256
UP,67,271,2,Bassanite,2,432,256
UP,67,272,2,Bassanite,2,432,256
UP,67,523,2,Bassanite,2,432,256
UP,67,524,2,Bassanite,2,432,256
UP,67,525,2,Bassanite,2,432,256
UP,67,526,2,Bassanite,2,432,256
UP,67,527,2,Bassanite,2,432,256
UP,67,542,5,Low-Ca Pyroxene,8,432,256
UP,67,543,5,Low-Ca Pyroxene,8,432,256
UP,67,544,5,Low-Ca Pyroxene,8,432,256
UP,67,545,5,Low-Ca Pyroxene,8,432,256
UP,67,546,5,Low-Ca Pyroxene,8,432,256
UP,67,547,5,Low-Ca Pyroxene,8,432,256
UP,67,548,5,Low-Ca Pyroxene,8,432,256
UP,67,549,5,Low-Ca Pyroxene,8,432,256
UP,67,550,5,Low-Ca Pyroxene,8,432,256
UP,68,251,2,Bassanite,2,432,256
UP,68,252,2,Bassanite,2,432,256
UP,68,253,2,Bassanite,2,432,256
UP,68,254,2,Bassanite,2,432,256
UP,68,255,2,Bassanite,2,432,256
UP,68,256,2,Bassanite,2,432,256
UP,68,257,2,Bassanite,2,432,256
UP,68,258,2,Bassanite,2,432,256
UP,68,259,2,Bassanite,2,432,256
UP,68,260,2,Bassanite,2,432,256
UP,68,261,2,Bassanite,2,432,256
UP,68,262,2,Bassanite,2,432,256
UP,68,263,2,Bassanite,2,432,256
UP,68,264,2,Bassanite,2,432,256
UP,68,265,2,Bassanite,2,432,256
UP,68,266,2,Bassanite,2,432,256
UP,68,267,2,Bassanite,2,432,256
UP,68,268,2,Bassanite,2,432,256
UP,68,269,2,Bassanite,2,432,256
UP,68,270,2,Bassanite,2,432,256
UP,68,271,2,Bassanite,2,432,256
UP,68,272,2,Bassanite,2,432,256
UP,68,273,2,Bassanite,2,432,256
UP,68,274,2,Bassanite,2,432,256
UP,68,524,2,Bassanite,2,432,256
UP,68,525,2,Bassanite,2,432,256
UP,68,526,2,Bassanite,2,432,256
UP,68,527,2,Bassanite,2,432,256
UP,68,528,2,Bassanite,2,432,256
UP,68,546,5,Low-Ca Pyroxene,8,432,256
UP,68,547,5,Low-Ca Pyroxene,8,432,256
UP,68,548,5,Low-Ca Pyroxene,8,432,256
UP,68,549,5,Low-Ca Pyroxene,8,432,256
UP,68,550,5,Low-Ca Pyroxene,8,432,256
UP,69,251,2,Bassanite,2,432,256
UP,69,252,2,Bassanite,2,432,256
UP,69,253,2,Bassanite,2,432,256
UP,69,254,2,Bassanite,2,432,256
UP,69,255,2,Bassanite,2,432,256
UP,69,256,2,Bassanite,2,432,256
UP,69,257,2,Bassanite,2,432,256
UP,69,258,2,Bassanite,2,432,256
UP,69,259,2,Bassanite,2,432,256
UP,69,260,2,Bassanite,2,432,256
UP,69,261,2,Bassanite,2,432,256
UP,69,262,2,Bassanite,2,432,256
UP,69,263,2,Bassanite,2,432,256
UP,69,264,2,Bassanite,2,432,256
UP,69,265,2,Bassanite,2,432,256
UP,69,266,2,Bassanite,2,432,256
UP,69,267,2,Bassanite,2,432,256
UP,69,268,2,Bassanite,2,432,256
UP,69,269,2,Bassanite,2,432,256
UP,69,270,2,Bassanite,2,432,256
UP,69,271,2,Bassanite,2,432,256
UP,69,272,2,Bassanite,2,432,256
UP,69,273,2,Bassanite,2,432,256
UP,69,274,2,Bassanite,2,432,256
UP,69,275,2,Bassanite,2,432,256
UP,69,276,2,Bassanite,2,432,256
UP,69,525,2,Bassanite,2,432,256
UP,69,526,2,Bassanite,2,432,256
UP,69,527,2,Bassanite,2,432,256
UP,69,528,2,Bassanite,2,432,256
UP,69,529,2,Bassanite,2,432,256
UP,69,530,2,Bassanite,2,432,256
UP,69,531,2,Bassanite,2,432,256
UP,69,532,2,Bassanite,2,432,256
UP,69,533,2,Bassanite,2,432,256
UP,70,252,2,Bassanite,2,432,256
UP,70,253,2,Bassanite,2,432,256
UP,70,254,2,Bassanite,2,432,256
UP,70,255,2,Bassanite,2,432,256
UP,70,256,2,Bassanite,2,432,256
UP,70,257,2,Bassanite,2,432,256
UP,70,258,2,Bassanite,2,432,256
UP,70,259,2,Bassanite,2,432,256
UP,70,260,2,Bassanite,2,432,256
UP,70,261,2,Bassanite,2,432,256
UP,70,262,2,Bassanite,2,432,256
UP,70,263,2,Bassanite,2,432,256
UP,70,264,2,Bassanite,2,432,256
UP,70,265,2,Bassanite,2,432,256
UP,70,266,2,Bassanite,2,432,256
UP,70,267,2,Bassanite,2,432,256
UP,70,268,2,Bassanite,2,432,256
UP,70,269,2,Bassanite,2,432,256
UP,70,270,2,Bassanite,2,432,256
UP,70,271,2,Bassanite,2,432,256
UP,70,272,2,Bassanite,2,432,256
UP,70,273,2,Bassanite,2,432,256
UP,70,274,2,Bassanite,2,432,256
UP,70,275,2,Bassanite,2,432,256
UP,70,276,2,Bassanite,2,432,256
UP,70,277,2,Bassanite,2,432,256
UP,70,278,2,Bassanite,2,432,256
UP,70,527,2,Bassanite,2,432,256
UP,70,528,2,Bassanite,2,432,256
UP,70,529,2,Bassanite,2,432,256
UP,70,530,2,Bassanite,2,432,256
UP,70,531,2,Bassanite,2,432,256
UP,70,532,2,Bassanite,2,432,256
UP,70,533,2,Bassanite,2,432,256
UP,70,534,2,Bassanite,2,432,256
UP,71,253,2,Bassanite,2,432,256
UP,71,254,2,Bassanite,2,432,256
UP,71,255,2,Bassanite,2,432,256
UP,71,256,2,Bassanite,2,432,256
UP,71,257,2,Bassanite,2,432,256
UP,71,258,2,Bassanite,2,432,256
UP,71,259,2,Bassanite,2,432,256
UP,71,260,2,Bassanite,2,432,256
UP,71,261,2,Bassanite,2,432,256
UP,71,262,2,Bassanite,2,432,256
UP,71,263,2,Bassanite,2,432,256
UP,71,264,2,Bassanite,2,432,256
UP,71,265,2,Bassanite,2,432,256
UP,71,266,2,Bassanite,2,432,256
UP,71,267,2,Bassanite,2,432,256
UP,71,268,2,Bassanite,2,432,256
UP,71,269,2,Bassanite,2,432,256
UP,71,270,2,Bassanite,2,432,256
UP,71,271,2,Bassanite,2,432,256
UP,71,272,2,Bassanite,2,432,256
UP,71,273,2,Bassanite,2,432,256
UP,71,274,2,Bassanite,2,432,256
UP,71,275,2,Bassanite,2,432,256
UP,71,276,2,Bassanite,2,432,256
UP,71,277,2,Bassanite,2,432,256
UP,71,278,2,Bassanite,2,432,256
UP,71,279,2,Bassanite,2,432,256
UP,71,280,2,Bassanite,2,432,256
UP,71,281,2,Bassanite,2,432,256
UP,71,529,2,Bassanite,2,432,256
UP,71,530,2,Bassanite,2,432,256
UP,71,531,2,Bassanite,2,432,256
UP,71,532,2,Bassanite,2,432,256
UP,71,533,2,Bassanite,2,432,256
UP,71,534,2,Bassanite,2,432,256
UP,72,253,2,Bassanite,2,432,256
UP,72,254,2,Bassanite,2,432,256
UP,72,255,2,Bassanite,2,432,256
UP,72,256,2,Bassanite,2,432,256
UP,72,257,2,Bassanite,2,432,256
UP,72,258,2,Bassanite,2,432,256
UP,72,259,2,Bassanite,2,432,256
UP,72,260,2,Bassanite,2,432,256
UP,72,261,2,Bassanite,2,432,256
UP,72,262,2,Bassanite,2,432,256
UP,72,263,2,Bassanite,2,432,256
UP,72,264,2,Bassanite,2,432,256
UP,72,265,2,Bassanite,2,432,256
UP,72,266,2,Bassanite,2,432,256
UP,72,267,2,Bassanite,2,432,256
UP,72,268,2,Bassanite,2,432,256
UP,72,269,2,Bassanite,2,432,256
UP,72,270,2,Bassanite,2,432,256
UP,72,271,2,Bassanite,2,432,256
UP,72,272,2,Bassanite,2,432,256
UP,72,273,2,Bassanite,2,432,256
UP,72,274,2,Bassanite,2,432,256
UP,72,275,2,Bassanite,2,432,256
UP,72,276,2,Bassanite,2,432,256
UP,72,277,2,Bassanite,2,432,256
UP,72,278,2,Bassanite,2,432,256
UP,72,279,2,Bassanite,2,432,256
UP,72,280,2,Bassanite,2,432,256
UP,72,281,2,Bassanite,2,432,256
UP,72,282,2,Bassanite,2,432,256
UP,72,283,2,Bassanite,2,432,256
UP,72,284,2,Bassanite,2,432,256
UP,72,285,2,Bassanite,2,432,256
UP,72,530,2,Bassanite,2,432,256
UP,72,531,2,Bassanite,2,432,256
UP,72,532,2,Bassanite,2,432,256
UP,72,533,2,Bassanite,2,432,256
UP,72,534,2,Bassanite,2,432,256
UP,72,578,2,Bassanite,2,432,256
UP,72,579,2,Bassanite,2,432,256
UP,72,580,2,Bassanite,2,432,256
UP,73,254,2,Bassanite,2,432,256
UP,73,255,2,Bassanite,2,432,256
UP,73,256,2,Bassanite,2,432,256
UP,73,257,2,Bassanite,2,432,256
UP,73,258,2,Bassanite,2,432,256
UP,73,259,2,Bassanite,2,432,256
UP,73,260,2,Bassanite,2,432,256
UP,73,261,2,Bassanite,2,432,256
UP,73,262,2,Bassanite,2,432,256
UP,73,263,2,Bassanite,2,432,256
UP,73,264,2,Bassanite,2,432,256
UP,73,265,2,Bassanite,2,432,256
UP,73,266,2,Bassanite,2,432,256
UP,73,267,2,Bassanite,2,432,256
UP,73,268,2,Bassanite,2,432,256
UP,73,269,2,Bassanite,2,432,256
UP,73,270,2,Bassanite,2,432,256
UP,73,271,2,Bassanite,2,432,256
UP,73,272,2,Bassanite,2,432,256
UP,73,273,2,Bassanite,2,432,256
UP,73,274,2,Bassanite,2,432,256
UP,73,275,2,Bassanite,2,432,256
UP,73,276,2,Bassanite,2,432,256
UP,73,277,2,Bassanite,2,432,256
UP,73,278,2,Bassanite,2,432,256
UP,73,279,2,Bassanite,2,432,256
UP,73,280,2,Bassanite,2,432,256
UP,73,281,2,Bassanite,2,432,256
UP,73,282,2,Bassanite,2,432,256
UP,73,283,2,Bassanite,2,432,256
UP,73,284,2,Bassanite,2,432,256
UP,73,285,2,Bassanite,2,432,256
UP,73,286,2,Bassanite,2,432,256
UP,73,287,2,Bassanite,2,432,256
UP,73,578,2,Bassanite,2,432,256
UP,73,579,2,Bassanite,2,432,256
UP,73,580,2,Bassanite,2,432,256
UP,73,581,2,Bassanite,2,432,256
UP,73,582,2,Bassanite,2,432,256
UP,73,583,2,Bassanite,2,432,256
UP,73,584,2,Bassanite,2,432,256
UP,73,585,2,Bassanite,2,432,256
UP,74,255,2,Bassanite,2,432,256
UP,74,256,2,Bassanite,2,432,256
UP,74,257,2,Bassanite,2,432,256
UP,74,258,2,Bassanite,2,432,256
UP,74,259,2,Bassanite,2,432,256
UP,74,260,2,Bassanite,2,432,256
UP,74,261,2,Bassanite,2,432,256
UP,74,262,2,Bassanite,2,432,256
UP,74,263,2,Bassanite,2,432,256
UP,74,264,2,Bassanite,2,432,256
UP,74,265,2,Bassanite,2,432,256
UP,74,266,2,Bassanite,2,432,256
UP,74,267,2,Bassanite,2,432,256
UP,74,268,2,Bassanite,2,432,256
UP,74,269,2,Bassanite,2,432,256
UP,74,270,2,Bassanite,2,432,256
UP,74,271,2,Bassanite,2,432,256
UP,74,272,2,Bassanite,2,432,256
UP,74,273,2,Bassanite,2,432,256
UP,74,274,2,Bassanite,2,432,256
UP,74,275,2,Bassanite,2,432,256
UP,74,276,2,Bassanite,2,432,256
UP,74,277,2,Bassanite,2,432,256
UP,74,278,2,Bassanite,2,432,256
UP,74,279,2,Bassanite,2,432,256
UP,74,280,2,Bassanite,2,432,256
UP,74,281,2,Bassanite,2,432,256
UP,74,282,2,Bassanite,2,432,256
UP,74,283,2,Bassanite,2,432,256
UP,74,284,2,Bassanite,2,432,256
UP,74,285,2,Bassanite,2,432,256
UP,74,286,2,Bassanite,2,432,256
UP,74,287,2,Bassanite,2,432,256
UP,74,288,2,Bassanite,2,432,256
UP,74,289,2,Bassanite,2,432,256
UP,74,578,2,Bassanite,2,432,256
UP,74,579,2,Bassanite,2,432,256
UP,74,580,2,Bassanite,2,432,256
UP,74,581,2,Bassanite,2,432,256
UP,74,582,2,Bassanite,2,432,256
UP,74,583,2,Bassanite,2,432,256
UP,74,584,2,Bassanite,2,432,256
UP,74,585,2,Bassanite,2,432,256
UP,74,586,2,Bassanite,2,432,256
UP,74,587,2,Bassanite,2,432,256
UP,75,255,2,Bassanite,2,432,256
UP,75,256,2,Bassanite,2,432,256
UP,75,257,2,Bassanite,2,432,256
UP,75,258,2,Bassanite,2,432,256
UP,75,259,2,Bassanite,2,432,256
UP,75,260,2,Bassanite,2,432,256
UP,75,261,2,Bassanite,2,432,256
UP,75,262,2,Bassanite,2,432,256
UP,75,263,2,Bassanite,2,432,256
UP,75,264,2,Bassanite,2,432,256
UP,75,265,2,Bassanite,2,432,256
UP,75,266,2,Bassanite,2,432,256
UP,75,267,2,Bassanite,2,432,256
UP,75,268,2,Bassanite,2,432,256
UP,75,269,2,Bassanite,2,432,256
UP,75,270,2,Bassanite,2,432,256
UP,75,271,2,Bassanite,2,432,256
UP,75,272,2,Bassanite,2,432,256
UP,75,273,2,Bassanite,2,432,256
UP,75,274,2,Bassanite,2,432,256
UP,75,275,2,Bassanite,2,432,256
UP,75,276,2,Bassanite,2,432,256
UP,75,277,2,Bassanite,2,432,256
UP,75,278,2,Bassanite,2,432,256
UP,75,279,2,Bassanite,2,432,256
UP,75,280,2,Bassanite,2,432,256
UP,75,281,2,Bassanite,2,432,256
UP,75,282,2,Bassanite,2,432,256
UP,75,283,2,Bassanite,2,432,256
UP,75,284,2,Bassanite,2,432,256
UP,75,285,2,Bassanite,2,432,256
UP,75,286,2,Bassanite,2,432,256
UP,75,287,2,Bassanite,2,432,256
UP,75,288,2,Bassanite,2,432,256
UP,75,289,2,Bassanite,2,432,256
UP,75,290,2,Bassanite,2,432,256
UP,75,291,2,Bassanite,2,432,256
UP,75,292,2,Bassanite,2,432,256
UP,75,580,2,Bassanite,2,432,256
UP,75,581,2,Bassanite,2,432,256
UP,75,582,2,Bassanite,2,432,256
UP,75,583,2,Bassanite,2,432,256
UP,75,584,2,Bassanite,2,432,256
UP,75,585,2,Bassanite,2,432,256
UP,75,586,2,Bassanite,2,432,256
UP,75,587,2,Bassanite,2,432,256
UP,75,588,2,Bassanite,2,432,256
UP,75,589,2,Bassanite,2,432,256
UP,75,590,2,Bassanite,2,432,256
UP,76,256,2,Bassanite,2,432,256
UP,76,257,2,Bassanite,2,432,256
UP,76,258,2,Bassanite,2,432,256
UP,76,259,2,Bassanite,2,432,256
UP,76,260,2,Bassanite,2,432,256
UP,76,261,2,Bassanite,2,432,256
UP,76,262,2,Bassanite,2,432,256
UP,76,263,2,Bassanite,2,432,256
UP,76,264,2,Bassanite,2,432,256
UP,76,265,2,Bassanite,2,432,256
UP,76,266,2,Bassanite,2,432,256
UP,76,267,2,Bassanite,2,432,256
UP,76,268,2,Bassanite,2,432,256
UP,76,269,2,Bassanite,2,432,256
UP,76,270,2,Bassanite,2,432,256
UP,76,271,2,Bassanite,2,432,256
UP,76,272,2,Bassanite,2,432,256
UP,76,273,2,Bassanite,2,432,256
UP,76,274,2,Bassanite,2,432,256
UP,76,275,2,Bassanite,2,432,256
UP,76,276,2,Bassanite,2,432,256
UP,76,277,2,Bassanite,2,432,256
UP,76,278,2,Bassanite,2,432,256
UP,76,279,2,Bassanite,2,432,256
UP,76,280,2,Bassanite,2,432,256
UP,76,281,2,Bassanite,2,432,256
UP,76,282,2,Bassanite,2,432,256
UP,76,283,2,Bassanite,2,432,256
UP,76,284,2,Bassanite,2,432,256
UP,76,285,2,Bassanite,2,432,256
UP,76,286,2,Bassanite,2,432,256
UP,76,287,2,Bassanite,2,432,256
UP,76,288,2,Bassanite,2,432,256
UP,76,289,2,Bassanite,2,432,256
UP,76,290,2,Bassanite,2,432,256
UP,76,291,2,Bassanite,2,432,256
UP,76,292,2,Bassanite,2,432,256
UP,76,293,2,Bassanite,2,432,256
UP,76,294,2,Bassanite,2,432,256
UP,76,295,2,Bassanite,2,432,256
UP,76,296,2,Bassanite,2,432,256
UP,76,297,2,Bassanite,2,432,256
UP,76,582,2,Bassanite,2,432,256
UP,76,583,2,Bassanite,2,432,256
UP,76,584,2,Bassanite,2,432,256
UP,76,585,2,Bassanite,2,432,256
UP,76,586,2,Bassanite,2,432,256
UP,76,587,2,Bassanite,2,432,256
UP,76,588,2,Bassanite,2,432,256
UP,76,589,2,Bassanite,2,432,256
UP,76,590,2,Bassanite,2,432,256
UP,77,257,2,Bassanite,2,432,256
UP,77,258,2,Bassanite,2,432,256
UP,77,259,2,Bassanite,2,432,256
UP,77,260,2,Bassanite,2,432,256
UP,77,261,2,Bassanite,2,432,256
UP,77,262,2,Bassanite,2,432,256
UP,77,263,2,Bassanite,2,432,256
UP,77,264,2,Bassanite,2,432,256
UP,77,265,2,Bassanite,2,432,256
UP,77,266,2,Bassanite,2,432,256
UP,77,267,2,Bassanite,2,432,256
UP,77,268,2,Bassanite,2,432,256
UP,77,269,2,Bassanite,2,432,256
UP,77,270,2,Bassanite,2,432,256
UP,77,271,2,Bassanite,2,432,256
UP,77,272,2,Bassanite,2,432,256
UP,77,273,2,Bassanite,2,432,256
UP,77,274,2,Bassanite,2,432,256
UP,77,275,2,Bassanite,2,432,256
UP,77,276,2,Bassanite,2,432,256
UP,77,277,2,Bassanite,2,432,256
UP,77,278,2,Bassanite,2,432,256
UP,77,279,2,Bassanite,2,432,256
UP,77,280,2,Bassanite,2,432,256
UP,77,281,2,Bassanite,2,432,256
UP,77,282,2,Bassanite,2,432,256
UP,77,283,2,Bassanite,2,432,256
UP,77,284,2,Bassanite,2,432,256
UP,77,285,2,Bassanite,2,432,256
UP,77,286,2,Bassanite,2,432,256
UP,77,287,2,Bassanite,2,432,256
UP,77,288,2,Bassanite,2,432,256
UP,77,289,2,Bassanite,2,432,256
UP,77,290,2,Bassanite,2,432,256
UP,77,291,2,Bassanite,2,432,256
UP,77,292,2,Bassanite,2,432,256
UP,77,293,2,Bassanite,2,432,256
UP,77,294,2,Bassanite,2,432,256
UP,77,295,2,Bassanite,2,432,256
UP,77,296,2,Bassanite,2,432,256
UP,77,297,2,Bassanite,2,432,256
UP,77,298,2,Bassanite,2,432,256
UP,77,585,2,Bassanite,2,432,256
UP,77,586,2,Bassanite,2,432,256
UP,77,587,2,Bassanite,2,432,256
UP,77,588,2,Bassanite,2,432,256
UP,77,589,2,Bassanite,2,432,256
UP,77,590,2,Bassanite,2,432,256
UP,78,257,2,Bassanite,2,432,256
UP,78,258,2,Bassanite,2,432,256
UP,78,259,2,Bassanite,2,432,256
UP,78,260,2,Bassanite,2,432,256
UP,78,261,2,Bassanite,2,432,256
UP,78,262,2,Bassanite,2,432,256
UP,78,263,2,Bassanite,2,432,256
UP,78,264,2,Bassanite,2,432,256
UP,78,265,2,Bassanite,2,432,256
UP,78,266,2,Bassanite,2,432,256
UP,78,267,2,Bassanite,2,432,256
UP,78,268,2,Bassanite,2,432,256
UP,78,269,2,Bassanite,2,432,256
UP,78,270,2,Bassanite,2,432,256
UP,78,271,2,Bassanite,2,432,256
UP,78,272,2,Bassanite,2,432,256
UP,78,273,2,Bassanite,2,432,256
UP,78,274,2,Bassanite,2,432,256
UP,78,275,2,Bassanite,2,432,256
UP,78,276,2,Bassanite,2,432,256
UP,78,277,2,Bassanite,2,432,256
UP,78,278,2,Bassanite,2,432,256
UP,78,279,2,Bassanite,2,432,256
UP,78,280,2,Bassanite,2,432,256
UP,78,281,2,Bassanite,2,432,256
UP,78,282,2,Bassanite,2,432,256
UP,78,283,2,Bassanite,2,432,256
UP,78,284,2,Bassanite,2,432,256
UP,78,285,2,Bassanite,2,432,256
UP,78,286,2,Bassanite,2,432,256
UP,78,287,2,Bassanite,2,432,256
UP,78,288,2,Bassanite,2,432,256
UP,78,289,2,Bassanite,2,432,256
UP,78,290,2,Bassanite,2,432,256
UP,78,291,2,Bassanite,2,432,256
UP,78,292,2,Bassanite,2,432,256
UP,78,293,2,Bassanite,2,432,256
UP,78,294,2,Bassanite,2,432,256
UP,78,295,2,Bassanite,2,432,256
UP,78,296,2,Bassanite,2,432,256
UP,78,297,2,Bassanite,2,432,256
UP,78,298,2,Bassanite,2,432,256
UP,78,299,2,Bassanite,2,432,256
UP,78,300,2,Bassanite,2,432,256
UP,79,258,2,Bassanite,2,432,256
UP,79,259,2,Bassanite,2,432,256
UP,79,260,2,Bassanite,2,432,256
UP,79,261,2,Bassanite,2,432,256
UP,79,262,2,Bassanite,2,432,256
UP,79,263,2,Bassanite,2,432,256
UP,79,264,2,Bassanite,2,432,256
UP,79,265,2,Bassanite,2,432,256
UP,79,266,2,Bassanite,2,432,256
UP,79,267,2,Bassanite,2,432,256
UP,79,268,2,Bassanite,2,432,256
UP,79,269,2,Bassanite,2,432,256
UP,79,270,2,Bassanite,2,432,256
UP,79,271,2,Bassanite,2,432,256
UP,79,272,2,Bassanite,2,432,256
UP,79,273,2,Bassanite,2,432,256
UP,79,274,2,Bassanite,2,432,256
UP,79,275,2,Bassanite,2,432,256
UP,79,276,2,Bassanite,2,432,256
UP,79,277,2,Bassanite,2,432,256
UP,79,278,2,Bassanite,2,432,256
UP,79,279,2,Bassanite,2,432,256
UP,79,280,2,Bassanite,2,432,256
UP,79,281,2,Bassanite,2,432,256
UP,79,282,2,Bassanite,2,432,256
UP,79,283,2,Bassanite,2,432,256
UP,79,284,2,Bassanite,2,432,256
UP,79,285,2,Bassanite,2,432,256
UP,79,286,2,Bassanite,2,432,256
UP,79,287,2,Bassanite,2,432,256
UP,79,288,2,Bassanite,2,432,256
UP,79,289,2,Bassanite,2,432,256
UP,79,290,2,Bassanite,2,432,256
UP,79,291,2,Bassanite,2,432,256
UP,79,292,2,Bassanite,2,432,256
UP,79,293,2,Bassanite,2,432,256
UP,79,294,2,Bassanite,2,432,256
UP,79,295,2,Bassanite,2,432,256
UP,79,296,2,Bassanite,2,432,256
UP,79,297,2,Bassanite,2,432,256
UP,79,298,2,Bassanite,2,432,256
UP,79,299,2,Bassanite,2,432,256
UP,79,300,2,Bassanite,2,432,256
UP,79,301,2,Bassanite,2,432,256
UP,79,302,2,Bassanite,2,432,256
UP,79,303,2,Bassanite,2,432,256
UP,79,304,2,Bassanite,2,432,256
UP,80,259,2,Bassanite,2,432,256
UP,80,260,2,Bassanite,2,432,256
UP,80,261,2,Bassanite,2,432,256
UP,80,262,2,Bassanite,2,432,256
UP,80,263,2,Bassanite,2,432,256
UP,80,264,2,Bassanite,2,432,256
UP,80,265,2,Bassanite,2,432,256
UP,80,266,2,Bassanite,2,432,256
UP,80,267,2,Bassanite,2,432,256
UP,80,268,2,Bassanite,2,432,256
UP,80,269,2,Bassanite,2,432,256
UP,80,270,2,Bassanite,2,432,256
UP,80,271,2,Bassanite,2,432,256
UP,80,272,2,Bassanite,2,432,256
UP,80,273,2,Bassanite,2,432,256
UP,80,274,2,Bassanite,2,432,256
UP,80,275,2,Bassanite,2,432,256
UP,80,276,2,Bassanite,2,432,256
UP,80,277,2,Bassanite,2,432,256
UP,80,278,2,Bassanite,2,432,256
UP,80,279,2,Bassanite,2,432,256
UP,80,280,2,Bassanite,2,432,256
UP,80,281,2,Bassanite,2,432,256
UP,80,282,2,Bassanite,2,432,256
UP,80,283,2,Bassanite,2,432,256
UP,80,284,2,Bassanite,2,432,256
UP,80,285,2,Bassanite,2,432,256
UP,80,286,2,Bassanite,2,432,256
UP,80,287,2,Bassanite,2,432,256
UP,80,288,2,Bassanite,2,432,256
UP,80,289,2,Bassanite,2,432,256
UP,80,290,2,Bassanite,2,432,256
UP,80,291,2,Bassanite,2,432,256
UP,80,292,2,Bassanite,2,432,256
UP,80,293,2,Bassanite,2,432,256
UP,80,294,2,Bassanite,2,432,256
UP,80,295,2,Bassanite,2,432,256
UP,80,296,2,Bassanite,2,432,256
UP,80,297,2,Bassanite,2,432,256
UP,80,298,2,Bassanite,2,432,256
UP,80,299,2,Bassanite,2,432,256
UP,80,300,2,Bassanite,2,432,256
UP,80,301,2,Bassanite,2,432,256
UP,80,302,2,Bassanite,2,432,256
UP,80,303,2,Bassanite,2,432,256
UP,80,304,2,Bassanite,2,432,256
UP,80,305,2,Bassanite,2,432,256
UP,80,306,2,Bassanite,2,432,256
UP,81,259,2,Bassanite,2,432,256
UP,81,260,2,Bassanite,2,432,256
UP,81,261,2,Bassanite,2,432,256
UP,81,262,2,Bassanite,2,432,256
UP,81,263,2,Bassanite,2,432,256
UP,81,264,2,Bassanite,2,432,256
UP,81,265,2,Bassanite,2,432,256
UP,81,266,2,Bassanite,2,432,256
UP,81,267,2,Bassanite,2,432,256
UP,81,268,2,Bassanite,2,432,256
UP,81,269,2,Bassanite,2,432,256
UP,81,270,2,Bassanite,2,432,256
UP,81,271,2,Bassanite,2,432,256
UP,81,272,2,Bassanite,2,432,256
UP,81,273,2,Bassanite,2,432,256
UP,81,274,2,Bassanite,2,432,256
UP,81,275,2,Bassanite,2,432,256
UP,81,276,2,Bassanite,2,432,256
UP,81,277,2,Bassanite,2,432,256
UP,81,278,2,Bassanite,2,432,256
UP,81,279,2,Bassanite,2,432,256
UP,81,280,2,Bassanite,2,432,256
UP,81,281,2,Bassanite,2,432,256
UP,81,282,2,Bassanite,2,432,256
UP,81,283,2,Bassanite,2,432,256
UP,81,284,2,Bassanite,2,432,256
UP,81,285,2,Bassanite,2,432,256
UP,81,286,2,Bassanite,2,432,256
UP,81,287,2,Bassanite,2,432,256
UP,81,288,2,Bassanite,2,432,256
UP,81,289,2,Bassanite,2,432,256
UP,81,290,2,Bassanite,2,432,256
UP,81,291,2,Bassanite,2,432,256
UP,81,292,2,Bassanite,2,432,256
UP,81,293,2,Bassanite,2,432,256
UP,81,294,2,Bassanite,2,432,256
UP,81,295,2,Bassanite,2,432,256
UP,81,296,2,Bassanite,2,432,256
UP,81,297,2,Bassanite,2,432,256
UP,81,298,2,Bassanite,2,432,256
UP,81,299,2,Bassanite,2,432,256
UP,81,300,2,Bassanite,2,432,256
UP,81,301,2,Bassanite,2,432,256
UP,81,302,2,Bassanite,2,432,256
UP,81,303,2,Bassanite,2,432,256
UP,81,304,2,Bassanite,2,432,256
UP,81,305,2,Bassanite,2,432,256
UP,81,306,2,Bassanite,2,432,256
UP,81,307,2,Bassanite,2,432,256
UP,81,308,2,Bassanite,2,432,256
UP,82,260,2,Bassanite,2,432,256
UP,82,261,2,Bassanite,2,432,256
UP,82,262,2,Bassanite,2,432,256
UP,82,263,2,Bassanite,2,432,256
UP,82,264,2,Bassanite,2,432,256
UP,82,265,2,Bassanite,2,432,256
UP,82,266,2,Bassanite,2,432,256
UP,82,267,2,Bassanite,2,432,256
UP,82,268,2,Bassanite,2,432,256
UP,82,269,2,Bassanite,2,432,256
UP,82,270,2,Bassanite,2,432,256
UP,82,271,2,Bassanite,2,432,256
UP,82,272,2,Bassanite,2,432,256
UP,82,273,2,Bassanite,2,432,256
UP,82,274,2,Bassanite,2,432,256
UP,82,275,2,Bassanite,2,432,256
UP,82,276,2,Bassanite,2,432,256
UP,82,277,2,Bassanite,2,432,256
UP,82,278,2,Bassanite,2,432,256
UP,82,279,2,Bassanite,2,432,256
UP,82,280,2,Bassanite,2,432,256
UP,82,281,2,Bassanite,2,432,256
UP,82,282,2,Bassanite,2,432,256
UP,82,283,2,Bassanite,2,432,256
UP,82,284,2,Bassanite,2,432,256
UP,82,285,2,Bassanite,2,432,256
UP,82,286,2,Bassanite,2,432,256
UP,82,287,2,Bassanite,2,432,256
UP,82,288,2,Bassanite,2,432,256
UP,82,289,2,Bassanite,2,432,256
UP,82,290,2,Bassanite,2,432,256
UP,82,291,2,Bassanite,2,432,256
UP,82,292,2,Bassanite,2,432,256
UP,82,293,2,Bassanite,2,432,256
UP,82,294,2,Bassanite,2,432,256
UP,82,295,2,Bassanite,2,432,256
UP,82,296,2,Bassanite,2,432,256
UP,82,297,2,Bassanite,2,432,256
UP,82,298,2,Bassanite,2,432,256
UP,82,299,2,Bassanite,2,432,256
UP,82,300,2,Bassanite,2,432,256
UP,82,301,2,Bassanite,2,432,256
UP,82,302,2,Bassanite,2,432,256
UP,82,303,2,Bassanite,2,432,256
UP,82,304,2,Bassanite,2,432,256
UP,82,305,2,Bassanite,2,432,256
UP,82,306,2,Bassanite,2,432,256
UP,82,307,2,Bassanite,2,432,256
UP,82,308,2,Bassanite,2,432,256
UP,82,309,2,Bassanite,2,432,256
UP,82,310,2,Bassanite,2,432,256
UP,82,311,2,Bassanite,2,432,256
UP,83,262,2,Bassanite,2,432,256
UP,83,263,2,Bassanite,2,432,256
UP,83,264,2,Bassanite,2,432,256
UP,83,265,2,Bassanite,2,432,256
UP,83,266,2,Bassanite,2,432,256
UP,83,267,2,Bassanite,2,432,256
UP,83,268,2,Bassanite,2,432,256
UP,83,269,2,Bassanite,2,432,256
UP,83,270,2,Bassanite,2,432,256
UP,83,271,2,Bassanite,2,432,256
UP,83,272,2,Bassanite,2,432,256
UP,83,273,2,Bassanite,2,432,256
UP,83,274,2,Bassanite,2,432,256
UP,83,275,2,Bassanite,2,432,256
UP,83,276,2,Bassanite,2,432,256
UP,83,277,2,Bassanite,2,432,256
UP,83,278,2,Bassanite,2,432,256
UP,83,279,2,Bassanite,2,432,256
UP,83,280,2,Bassanite,2,432,256
UP,83,281,2,Bassanite,2,432,256
UP,83,282,2,Bassanite,2,432,256
UP,83,283,2,Bassanite,2,432,256
UP,83,284,2,Bassanite,2,432,256
UP,83,285,2,Bassanite,2,432,256
UP,83,286,2,Bassanite,2,432,256
UP,83,287,2,Bassanite,2,432,256
UP,83,288,2,Bassanite,2,432,256
UP,83,289,2,Bassanite,2,432,256
UP,83,290,2,Bassanite,2,432,256
UP,83,291,2,Bassanite,2,432,256
UP,83,292,2,Bassanite,2,432,256
UP,83,293,2,Bassanite,2,432,256
UP,83,294,2,Bassanite,2,432,256
UP,83,295,2,Bassanite,2,432,256
UP,83,296,2,Bassanite,2,432,256
UP,83,297,2,Bassanite,2,432,256
UP,83,298,2,Bassanite,2,432,256
UP,83,299,2,Bassanite,2,432,256
UP,83,300,2,Bassanite,2,432,256
UP,83,301,2,Bassanite,2,432,256
UP,83,302,2,Bassanite,2,432,256
UP,83,303,2,Bassanite,2,432,256
UP,83,304,2,Bassanite,2,432,256
UP,83,305,2,Bassanite,2,432,256
UP,83,306,2,Bassanite,2,432,256
UP,83,307,2,Bassanite,2,432,256
UP,83,308,2,Bassanite,2,432,256
UP,83,309,2,Bassanite,2,432,256
UP,83,310,2,Bassanite,2,432,256
UP,83,311,2,Bassanite,2,432,256
UP,83,312,2,Bassanite,2,432,256
UP,83,313,2,Bassanite,2,432,256
UP,84,262,2,Bassanite,2,432,256
UP,84,263,2,Bassanite,2,432,256
UP,84,264,2,Bassanite,2,432,256
UP,84,265,2,Bassanite,2,432,256
UP,84,266,2,Bassanite,2,432,256
UP,84,267,2,Bassanite,2,432,256
UP,84,268,2,Bassanite,2,432,256
UP,84,269,2,Bassanite,2,432,256
UP,84,270,2,Bassanite,2,432,256
UP,84,271,2,Bassanite,2,432,256
UP,84,272,2,Bassanite,2,432,256
UP,84,273,2,Bassanite,2,432,256
UP,84,274,2,Bassanite,2,432,256
UP,84,275,2,Bassanite,2,432,256
UP,84,276,2,Bassanite,2,432,256
UP,84,277,2,Bassanite,2,432,256
UP,84,278,2,Bassanite,2,432,256
UP,84,279,2,Bassanite,2,432,256
UP,84,280,2,Bassanite,2,432,256
UP,84,281,2,Bassanite,2,432,256
UP,84,282,2,Bassanite,2,432,256
UP,84,283,2,Bassanite,2,432,256
UP,84,284,2,Bassanite,2,432,256
UP,84,285,2,Bassanite,2,432,256
UP,84,286,2,Bassanite,2,432,256
UP,84,287,2,Bassanite,2,432,256
UP,84,288,2,Bassanite,2,432,256
UP,84,289,2,Bassanite,2,432,256
UP,84,290,2,Bassanite,2,432,256
UP,84,291,2,Bassanite,2,432,256
UP,84,292,2,Bassanite,2,432,256
UP,84,293,2,Bassanite,2,432,256
UP,84,294,2,Bassanite,2,432,256
UP,84,295,2,Bassanite,2,432,256
UP,84,296,2,Bassanite,2,432,256
UP,84,297,2,Bassanite,2,432,256
UP,84,298,2,Bassanite,2,432,256
UP,84,299,2,Bassanite,2,432,256
UP,84,300,2,Bassanite,2,432,256
UP,84,301,2,Bassanite,2,432,256
UP,84,302,2,Bassanite,2,432,256
UP,84,303,2,Bassanite,2,432,256
UP,84,304,2,Bassanite,2,432,256
UP,84,305,2,Bassanite,2,432,256
UP,84,306,2,Bassanite,2,432,256
UP,84,307,2,Bassanite,2,432,256
UP,84,308,2,Bassanite,2,432,256
UP,84,309,2,Bassanite,2,432,256
UP,84,310,2,Bassanite,2,432,256
UP,84,311,2,Bassanite,2,432,256
UP,84,312,2,Bassanite,2,432,256
UP,84,313,2,Bassanite,2,432,256
UP,84,314,2,Bassanite,2,432,256
UP,84,315,2,Bassanite,2,432,256
UP,84,316,2,Bassanite,2,432,256
UP,84,496,2,Bassanite,2,432,256
UP,84,497,2,Bassanite,2,432,256
UP,84,498,2,Bassanite,2,432,256
UP,84,499,2,Bassanite,2,432,256
UP,84,500,2,Bassanite,2,432,256
UP,84,514,5,Low-Ca Pyroxene,8,432,256
UP,84,515,5,Low-Ca Pyroxene,8,432,256
UP,84,516,5,Low-Ca Pyroxene,8,432,256
UP,84,517,5,Low-Ca Pyroxene,8,432,256
UP,85,262,2,Bassanite,2,432,256
UP,85,263,2,Bassanite,2,432,256
UP,85,264,2,Bassanite,2,432,256
UP,85,265,2,Bassanite,2,432,256
UP,85,266,2,Bassanite,2,432,256
UP,85,267,2,Bassanite,2,432,256
UP,85,268,2,Bassanite,2,432,256
UP,85,269,2,Bassanite,2,432,256
UP,85,270,2,Bassanite,2,432,256
UP,85,271,2,Bassanite,2,432,256
UP,85,272,2,Bassanite,2,432,256
UP,85,273,2,Bassanite,2,432,256
UP,85,274,2,Bassanite,2,432,256
UP,85,275,2,Bassanite,2,432,256
UP,85,276,2,Bassanite,2,432,256
UP,85,277,2,Bassanite,2,432,256
UP,85,278,2,Bassanite,2,432,256
UP,85,279,2,Bassanite,2,432,256
UP,85,280,2,Bassanite,2,432,256
UP,85,281,2,Bassanite,2,432,256
UP,85,282,2,Bassanite,2,432,256
UP,85,283,2,Bassanite,2,432,256
UP,85,284,2,Bassanite,2,432,256
UP,85,285,2,Bassanite,2,432,256
UP,85,286,2,Bassanite,2,432,256
UP,85,287,2,Bassanite,2,432,256
UP,85,288,2,Bassanite,2,432,256
UP,85,289,2,Bassanite,2,432,256
UP,85,290,2,Bassanite,2,432,256
UP,85,291,2,Bassanite,2,432,256
UP,85,292,2,Bassanite,2,432,256
UP,85,293,2,Bassanite,2,432,256
UP,85,294,2,Bassanite,2,432,256
UP,85,295,2,Bassanite,2,432,256
UP,85,296,2,Bassanite,2,432,256
UP,85,297,2,Bassanite,2,432,256
UP,85,298,2,Bassanite,2,432,256
UP,85,299,2,Bassanite,2,432,256
UP,85,300,2,Bassanite,2,432,256
UP,85,301,2,Bassanite,2,432,256
UP,85,302,2,Bassanite,2,432,256
UP,85,303,2,Bassanite,2,432,256
UP,85,304,2,Bassanite,2,432,256
UP,85,305,2,Bassanite,2,432,256
UP,85,306,2,Bassanite,2,432,256
UP,85,307,2,Bassanite,2,432,256
UP,85,308,2,Bassanite,2,432,256
UP,85,309,2,Bassanite,2,432,256
UP,85,310,2,Bassanite,2,432,256
UP,85,311,2,Bassanite,2,432,256
UP,85,312,2,Bassanite,2,432,256
UP,85,313,2,Bassanite,2,432,256
UP,85,314,2,Bassanite,2,432,256
UP,85,315,2,Bassanite,2,432,256
UP,85,316,2,Bassanite,2,432,256
UP,85,317,2,Bassanite,2,432,256
UP,85,318,2,Bassanite,2,432,256
UP,85,319,2,Bassanite,2,432,256
UP,85,496,2,Bassanite,2,432,256
UP,85,497,2,Bassanite,2,432,256
UP,85,498,2,Bassanite,2,432,256
UP,85,499,2,Bassanite,2,432,256
UP,85,500,2,Bassanite,2,432,256
UP,85,501,2,Bassanite,2,432,256
UP,85,514,5,Low-Ca Pyroxene,8,432,256
UP,85,515,5,Low-Ca Pyroxene,8,432,256
UP,85,516,5,Low-Ca Pyroxene,8,432,256
UP,85,517,5,Low-Ca Pyroxene,8,432,256
UP,85,518,5,Low-Ca Pyroxene,8,432,256
UP,86,263,2,Bassanite,2,432,256
UP,86,264,2,Bassanite,2,432,256
UP,86,265,2,Bassanite,2,432,256
UP,86,266,2,Bassanite,2,432,256
UP,86,267,2,Bassanite,2,432,256
UP,86,268,2,Bassanite,2,432,256
UP,86,269,2,Bassanite,2,432,256
UP,86,270,2,Bassanite,2,432,256
UP,86,271,2,Bassanite,2,432,256
UP,86,272,2,Bassanite,2,432,256
UP,86,273,2,Bassanite,2,432,256
UP,86,274,2,Bassanite,2,432,256
UP,86,275,2,Bassanite,2,432,256
UP,86,276,2,Bassanite,2,432,256
UP,86,277,2,Bassanite,2,432,256
UP,86,278,2,Bassanite,2,432,256
UP,86,279,2,Bassanite,2,432,256
UP,86,280,2,Bassanite,2,432,256
UP,86,281,2,Bassanite,2,432,256
UP,86,282,2,Bassanite,2,432,256
UP,86,283,2,Bassanite,2,432,256
UP,86,284,2,Bassanite,2,432,256
UP,86,285,2,Bassanite,2,432,256
UP,86,286,2,Bassanite,2,432,256
UP,86,287,2,Bassanite,2,432,256
UP,86,288,2,Bassanite,2,432,256
UP,86,289,2,Bassanite,2,432,256
UP,86,290,2,Bassanite,2,432,256
UP,86,291,2,Bassanite,2,432,256
UP,86,292,2,Bassanite,2,432,256
UP,86,293,2,Bassanite,2,432,256
UP,86,294,2,Bassanite,2,432,256
UP,86,295,2,Bassanite,2,432,256
UP,86,296,2,Bassanite,2,432,256
UP,86,297,2,Bassanite,2,432,256
UP,86,298,2,Bassanite,2,432,256
UP,86,299,2,Bassanite,2,432,256
UP,86,300,2,Bassanite,2,432,256
UP,86,301,2,Bassanite,2,432,256
UP,86,302,2,Bassanite,2,432,256
UP,86,303,2,Bassanite,2,432,256
UP,86,304,2,Bassanite,2,432,256
UP,86,305,2,Bassanite,2,432,256
UP,86,306,2,Bassanite,2,432,256
UP,86,307,2,Bassanite,2,432,256
UP,86,308,2,Bassanite,2,432,256
UP,86,309,2,Bassanite,2,432,256
UP,86,310,2,Bassanite,2,432,256
UP,86,311,2,Bassanite,2,432,256
UP,86,312,2,Bassanite,2,432,256
UP,86,313,2,Bassanite,2,432,256
UP,86,314,2,Bassanite,2,432,256
UP,86,315,2,Bassanite,2,432,256
UP,86,316,2,Bassanite,2,432,256
UP,86,317,2,Bassanite,2,432,256
UP,86,318,2,Bassanite,2,432,256
UP,86,319,2,Bassanite,2,432,256
UP,86,320,2,Bassanite,2,432,256
UP,86,321,2,Bassanite,2,432,256
UP,86,322,2,Bassanite,2,432,256
UP,86,323,2,Bassanite,2,432,256
UP,86,496,2,Bassanite,2,432,256
UP,86,497,2,Bassanite,2,432,256
UP,86,498,2,Bassanite,2,432,256
UP,86,499,2,Bassanite,2,432,256
UP,86,500,2,Bassanite,2,432,256
UP,86,501,2,Bassanite,2,432,256
UP,86,514,5,Low-Ca Pyroxene,8,432,256
UP,86,515,5,Low-Ca Pyroxene,8,432,256
UP,86,516,5,Low-Ca Pyroxene,8,432,256
UP,86,517,5,Low-Ca Pyroxene,8,432,256
UP,86,518,5,Low-Ca Pyroxene,8,432,256
UP,86,582,2,Bassanite,2,432,256
UP,86,583,2,Bassanite,2,432,256
UP,86,584,2,Bassanite,2,432,256
UP,87,264,2,Bassanite,2,432,256
UP,87,265,2,Bassanite,2,432,256
UP,87,266,2,Bassanite,2,432,256
UP,87,267,2,Bassanite,2,432,256
UP,87,268,2,Bassanite,2,432,256
UP,87,269,2,Bassanite,2,432,256
UP,87,270,2,Bassanite,2,432,256
UP,87,271,2,Bassanite,2,432,256
UP,87,272,2,Bassanite,2,432,256
UP,87,273,2,Bassanite,2,432,256
UP,87,274,2,Bassanite,2,432,256
UP,87,275,2,Bassanite,2,432,256
UP,87,276,2,Bassanite,2,432,256
UP,87,277,2,Bassanite,2,432,256
UP,87,278,2,Bassanite,2,432,256
UP,87,279,2,Bassanite,2,432,256
UP,87,280,2,Bassanite,2,432,256
UP,87,281,2,Bassanite,2,432,256
UP,87,282,2,Bassanite,2,432,256
UP,87,283,2,Bassanite,2,432,256
UP,87,284,2,Bassanite,2,432,256
UP,87,285,2,Bassanite,2,432,256
UP,87,286,2,Bassanite,2,432,256
UP,87,287,2,Bassanite,2,432,256
UP,87,288,2,Bassanite,2,432,256
UP,87,289,2,Bassanite,2,432,256
UP,87,290,2,Bassanite,2,432,256
UP,87,291,2,Bassanite,2,432,256
UP,87,292,2,Bassanite,2,432,256
UP,87,293,2,Bassanite,2,432,256
UP,87,294,2,Bassanite,2,432,256
UP,87,295,2,Bassanite,2,432,256
UP,87,296,2,Bassanite,2,432,256
UP,87,297,2,Bassanite,2,432,256
UP,87,298,2,Bassanite,2,432,256
UP,87,299,2,Bassanite,2,432,256
UP,87,300,2,Bassanite,2,432,256
UP,87,301,2,Bassanite,2,432,256
UP,87,302,2,Bassanite,2,432,256
UP,87,303,2,Bassanite,2,432,256
UP,87,304,2,Bassanite,2,432,256
UP,87,305,2,Bassanite,2,432,256
UP,87,306,2,Bassanite,2,432,256
UP,87,307,2,Bassanite,2,432,256
UP,87,308,2,Bassanite,2,432,256
UP,87,309,2,Bassanite,2,432,256
UP,87,310,2,Bassanite,2,432,256
UP,87,311,2,Bassanite,2,432,256
UP,87,312,2,Bassanite,2,432,256
UP,87,313,2,Bassanite,2,432,256
UP,87,314,2,Bassanite,2,432,256
UP,87,315,2,Bassanite,2,432,256
UP,87,316,2,Bassanite,2,432,256
UP,87,317,2,Bassanite,2,432,256
UP,87,318,2,Bassanite,2,432,256
UP,87,319,2,Bassanite,2,432,256
UP,87,320,2,Bassanite,2,432,256
UP,87,321,2,Bassanite,2,432,256
UP,87,322,2,Bassanite,2,432,256
UP,87,323,2,Bassanite,2,432,256
UP,87,324,2,Bassanite,2,432,256
UP,87,325,2,Bassanite,2,432,256
UP,87,326,2,Bassanite,2,432,256
UP,87,496,2,Bassanite,2,432,256
UP,87,497,2,Bassanite,2,432,256
UP,87,498,2,Bassanite,2,432,256
UP,87,499,2,Bassanite,2,432,256
UP,87,500,2,Bassanite,2,432,256
UP,87,581,2,Bassanite,2,432,256
UP,87,582,2,Bassanite,2,432,256
UP,87,583,2,Bassanite,2,432,256
UP,87,584,2,Bassanite,2,432,256
UP,87,585,2,Bassanite,2,432,256
UP,88,266,2,Bassanite,2,432,256
UP,88,267,2,Bassanite,2,432,256
UP,88,268,2,Bassanite,2,432,256
UP,88,269,2,Bassanite,2,432,256
UP,88,270,2,Bassanite,2,432,256
UP,88,271,2,Bassanite,2,432,256
UP,88,272,2,Bassanite,2,432,256
UP,88,273,2,Bassanite,2,432,256
UP,88,274,2,Bassanite,2,432,256
UP,88,275,2,Bassanite,2,432,256
UP,88,276,2,Bassanite,2,432,256
UP,88,277,2,Bassanite,2,432,256
UP,88,278,2,Bassanite,2,432,256
UP,88,279,2,Bassanite,2,432,256
UP,88,280,2,Bassanite,2,432,256
UP,88,281,2,Bassanite,2,432,256
UP,88,282,2,Bassanite,2,432,256
UP,88,283,2,Bassanite,2,432,256
UP,88,284,2,Bassanite,2,432,256
UP,88,285,2,Bassanite,2,432,256
UP,88,286,2,Bassanite,2,432,256
UP,88,287,2,Bassanite,2,432,256
UP,88,288,2,Bassanite,2,432,256
UP,88,289,2,Bassanite,2,432,256
UP,88,290,2,Bassanite,2,432,256
UP,88,291,2,Bassanite,2,432,256
UP,88,292,2,Bassanite,2,432,256
UP,88,293,2,Bassanite,2,432,256
UP,88,294,2,Bassanite,2,432,256
UP,88,295,2,Bassanite,2,432,256
UP,88,296,2,Bassanite,2,432,256
UP,88,297,2,Bassanite,2,432,256
UP,88,298,2,Bassanite,2,432,256
UP,88,299,2,Bassanite,2,432,256
UP,88,300,2,Bassanite,2,432,256
UP,88,301,2,Bassanite,2,432,256
UP,88,302,2,Bassanite,2,432,256
UP,88,303,2,Bassanite,2,432,256
UP,88,304,2,Bassanite,2,432,256
UP,88,305,2,Bassanite,2,432,256
UP,88,306,2,Bassanite,2,432,256
UP,88,307,2,Bassanite,2,432,256
UP,88,308,2,Bassanite,2,432,256
UP,88,309,2,Bassanite,2,432,256
UP,88,310,2,Bassanite,2,432,256
UP,88,311,2,Bassanite,2,432,256
UP,88,312,2,Bassanite,2,432,256
UP,88,313,2,Bassanite,2,432,256
UP,88,314,2,Bassanite,2,432,256
UP,88,315,2,Bassanite,2,432,256
UP,88,316,2,Bassanite,2,432,256
UP,88,317,2,Bassanite,2,432,256
UP,88,318,2,Bassanite,2,432,256
UP,88,319,2,Bassanite,2,432,256
UP,88,320,2,Bassanite,2,432,256
UP,88,321,2,Bassanite,2,432,256
UP,88,322,2,Bassanite,2,432,256
UP,88,323,2,Bassanite,2,432,256
UP,88,324,2,Bassanite,2,432,256
UP,88,325,2,Bassanite,2,432,256
UP,88,326,2,Bassanite,2,432,256
UP,88,327,2,Bassanite,2,432,256
UP,88,328,2,Bassanite,2,432,256
UP,88,329,2,Bassanite,2,432,256
UP,88,497,2,Bassanite,2,432,256
UP,88,498,2,Bassanite,2,432,256
UP,88,499,2,Bassanite,2,432,256
UP,88,500,2,Bassanite,2,432,256
UP,88,581,2,Bassanite,2,432,256
UP,88,582,2,Bassanite,2,432,256
UP,88,583,2,Bassanite,2,432,256
UP,88,584,2,Bassanite,2,432,256
UP,88,585,2,Bassanite,2,432,256
UP,88,586,2,Bassanite,2,432,256
UP,89,266,2,Bassanite,2,432,256
UP,89,267,2,Bassanite,2,432,256
UP,89,268,2,Bassanite,2,432,256
UP,89,269,2,Bassanite,2,432,256
UP,89,270,2,Bassanite,2,432,256
UP,89,271,2,Bassanite,2,432,256
UP,89,272,2,Bassanite,2,432,256
UP,89,273,2,Bassanite,2,432,256
UP,89,274,2,Bassanite,2,432,256
UP,89,275,2,Bassanite,2,432,256
UP,89,276,2,Bassanite,2,432,256
UP,89,277,2,Bassanite,2,432,256
UP,89,278,2,Bassanite,2,432,256
UP,89,279,2,Bassanite,2,432,256
UP,89,280,2,Bassanite,2,432,256
UP,89,281,2,Bassanite,2,432,256
UP,89,282,2,Bassanite,2,432,256
UP,89,283,2,Bassanite,2,432,256
UP,89,284,2,Bassanite,2,432,256
UP,89,285,2,Bassanite,2,432,256
UP,89,286,2,Bassanite,2,432,256
UP,89,287,2,Bassanite,2,432,256
UP,89,288,2,Bassanite,2,432,256
UP,89,289,2,Bassanite,2,432,256
UP,89,290,2,Bassanite,2,432,256
UP,89,291,2,Bassanite,2,432,256
UP,89,292,2,Bassanite,2,432,256
UP,89,293,2,Bassanite,2,432,256
UP,89,294,2,Bassanite,2,432,256
UP,89,295,2,Bassanite,2,432,256
UP,89,296,2,Bassanite,2,432,256
UP,89,297,2,Bassanite,2,432,256
UP,89,298,2,Bassanite,2,432,256
UP,89,299,2,Bassanite,2,432,256
UP,89,300,2,Bassanite,2,432,256
UP,89,301,2,Bassanite,2,432,256
UP,89,302,2,Bassanite,2,432,256
UP,89,303,2,Bassanite,2,432,256
UP,89,304,2,Bassanite,2,432,256
UP,89,305,2,Bassanite,2,432,256
UP,89,306,2,Bassanite,2,432,256
UP,89,307,2,Bassanite,2,432,256
UP,89,308,2,Bassanite,2,432,256
UP,89,309,2,Bassanite,2,432,256
UP,89,310,2,Bassanite,2,432,256
UP,89,311,2,Bassanite,2,432,256
UP,89,312,2,Bassanite,2,432,256
UP,89,313,2,Bassanite,2,432,256
UP,89,314,2,Bassanite,2,432,256
UP,89,315,2,Bassanite,2,432,256
UP,89,316,2,Bassanite,2,432,256
UP,89,317,2,Bassanite,2,432,256
UP,89,318,2,Bassanite,2,432,256
UP,89,319,2,Bassanite,2,432,256
UP,89,320,2,Bassanite,2,432,256
UP,89,321,2,Bassanite,2,432,256
UP,89,322,2,Bassanite,2,432,256
UP,89,323,2,Bassanite,2,432,256
UP,89,324,2,Bassanite,2,432,256
UP,89,325,2,Bassanite,2,432,256
UP,89,326,2,Bassanite,2,432,256
UP,89,327,2,Bassanite,2,432,256
UP,89,328,2,Bassanite,2,432,256
UP,89,329,2,Bassanite,2,432,256
UP,89,330,2,Bassanite,2,432,256
UP,89,582,2,Bassanite,2,432,256
UP,89,583,2,Bassanite,2,432,256
UP,89,584,2,Bassanite,2,432,256
UP,89,585,2,Bassanite,2,432,256
UP,89,586,2,Bassanite,2,432,256
UP,89,587,2,Bassanite,2,432,256
UP,90,144,8,Plagioclase,13,432,256
UP,90,145,8,Plagioclase,13,432,256
UP,90,146,8,Plagioclase,13,432,256
UP,90,266,2,Bassanite,2,432,256
UP,90,267,2,Bassanite,2,432,256
UP,90,268,2,Bassanite,2,432,256
UP,90,269,2,Bassanite,2,432,256
UP,90,270,2,Bassanite,2,432,256
UP,90,271,2,Bassanite,2,432,256
UP,90,272,2,Bassanite,2,432,256
UP,90,273,2,Bassanite,2,432,256
UP,90,274,2,Bassanite,2,432,256
UP,90,275,2,Bassanite,2,432,256
UP,90,276,2,Bassanite,2,432,256
UP,90,277,2,Bassanite,2,432,256
UP,90,278,2,Bassanite,2,432,256
UP,90,279,2,Bassanite,2,432,256
UP,90,280,2,Bassanite,2,432,256
UP,90,281,2,Bassanite,2,432,256
UP,90,282,2,Bassanite,2,432,256
UP,90,283,2,Bassanite,2,432,256
UP,90,284,2,Bassanite,2,432,256
UP,90,285,2,Bassanite,2,432,256
UP,90,286,2,Bassanite,2,432,256
UP,90,287,2,Bassanite,2,432,256
UP,90,288,2,Bassanite,2,432,256
UP,90,289,2,Bassanite,2,432,256
UP,90,290,2,Bassanite,2,432,256
UP,90,291,2,Bassanite,2,432,256
UP,90,292,2,Bassanite,2,432,256
UP,90,293,2,Bassanite,2,432,256
UP,90,294,2,Bassanite,2,432,256
UP,90,295,2,Bassanite,2,432,256
UP,90,296,2,Bassanite,2,432,256
UP,90,297,2,Bassanite,2,432,256
UP,90,298,2,Bassanite,2,432,256
UP,90,299,2,Bassanite,2,432,256
UP,90,300,2,Bassanite,2,432,256
UP,90,301,2,Bassanite,2,432,256
UP,90,302,2,Bassanite,2,432,256
UP,90,303,2,Bassanite,2,432,256
UP,90,304,2,Bassanite,2,432,256
UP,90,305,2,Bassanite,2,432,256
UP,90,306,2,Bassanite,2,432,256
UP,90,307,2,Bassanite,2,432,256
UP,90,308,2,Bassanite,2,432,256
UP,90,309,2,Bassanite,2,432,256
UP,90,310,2,Bassanite,2,432,256
UP,90,311,2,Bassanite,2,432,256
UP,90,312,2,Bassanite,2,432,256
UP,90,313,2,Bassanite,2,432,256
UP,90,314,2,Bassanite,2,432,256
UP,90,315,2,Bassanite,2,432,256
UP,90,316,2,Bassanite,2,432,256
UP,90,317,2,Bassanite,2,432,256
UP,90,318,2,Bassanite,2,432,256
UP,90,319,2,Bassanite,2,432,256
UP,90,320,2,Bassanite,2,432,256
UP,90,321,2,Bassanite,2,432,256
UP,90,322,2,Bassanite,2,432,256
UP,90,323,2,Bassanite,2,432,256
UP,90,324,2,Bassanite,2,432,256
UP,90,325,2,Bassanite,2,432,256
UP,90,326,2,Bassanite,2,432,256
UP,90,327,2,Bassanite,2,432,256
UP,90,328,2,Bassanite,2,432,256
UP,90,329,2,Bassanite,2,432,256
UP,90,330,2,Bassanite,2,432,256
UP,90,331,2,Bassanite,2,432,256
UP,90,332,2,Bassanite,2,432,256
UP,90,582,2,Bassanite,2,432,256
UP,90,583,2,Bassanite,2,432,256
UP,90,584,2,Bassanite,2,432,256
UP,90,585,2,Bassanite,2,432,256
UP,90,586,2,Bassanite,2,432,256
UP,90,587,2,Bassanite,2,432,256
UP,90,588,2,Bassanite,2,432,256
UP,90,589,2,Bassanite,2,432,256
UP,91,144,8,Plagioclase,13,432,256
UP,91,145,8,Plagioclase,13,432,256
UP,91,146,8,Plagioclase,13,432,256
UP,91,267,2,Bassanite,2,432,256
UP,91,268,2,Bassanite,2,432,256
UP,91,269,2,Bassanite,2,432,256
UP,91,270,2,Bassanite,2,432,256
UP,91,271,2,Bassanite,2,432,256
UP,91,272,2,Bassanite,2,432,256
UP,91,273,2,Bassanite,2,432,256
UP,91,274,2,Bassanite,2,432,256
UP,91,275,2,Bassanite,2,432,256
UP,91,276,2,Bassanite,2,432,256
UP,91,277,2,Bassanite,2,432,256
UP,91,278,2,Bassanite,2,432,256
UP,91,279,2,Bassanite,2,432,256
UP,91,280,2,Bassanite,2,432,256
UP,91,281,2,Bassanite,2,432,256
UP,91,282,2,Bassanite,2,432,256
UP,91,283,2,Bassanite,2,432,256
UP,91,284,2,Bassanite,2,432,256
UP,91,285,2,Bassanite,2,432,256
UP,91,286,2,Bassanite,2,432,256
UP,91,287,2,Bassanite,2,432,256
UP,91,288,2,Bassanite,2,432,256
UP,91,289,2,Bassanite,2,432,256
UP,91,290,2,Bassanite,2,432,256
UP,91,291,2,Bassanite,2,432,256
UP,91,292,2,Bassanite,2,432,256
UP,91,293,2,Bassanite,2,432,256
UP,91,294,2,Bassanite,2,432,256
UP,91,295,2,Bassanite,2,432,256
UP,91,296,2,Bassanite,2,432,256
UP,91,297,2,Bassanite,2,432,256
UP,91,298,2,Bassanite,2,432,256
UP,91,299,2,Bassanite,2,432,256
UP,91,300,2,Bassanite,2,432,256
UP,91,301,2,Bassanite,2,432,256
UP,91,302,2,Bassanite,2,432,256
UP,91,303,2,Bassanite,2,432,256
UP,91,304,2,Bassanite,2,432,256
UP,91,305,2,Bassanite,2,432,256
UP,91,306,2,Bassanite,2,432,256
UP,91,307,2,Bassanite,2,432,256
UP,91,308,2,Bassanite,2,432,256
UP,91,309,2,Bassanite,2,432,256
UP,91,310,2,Bassanite,2,432,256
UP,91,311,2,Bassanite,2,432,256
UP,91,312,2,Bassanite,2,432,256
UP,91,313,2,Bassanite,2,432,256
UP,91,314,2,Bassanite,2,432,256
UP,91,315,2,Bassanite,2,432,256
UP,91,316,2,Bassanite,2,432,256
UP,91,317,2,Bassanite,2,432,256
UP,91,318,2,Bassanite,2,432,256
UP,91,319,2,Bassanite,2,432,256
UP,91,320,2,Bassanite,2,432,256
UP,91,321,2,Bassanite,2,432,256
UP,91,322,2,Bassanite,2,432,256
UP,91,323,2,Bassanite,2,432,256
UP,91,324,2,Bassanite,2,432,256
UP,91,325,2,Bassanite,2,432,256
UP,91,326,2,Bassanite,2,432,256
UP,91,327,2,Bassanite,2,432,256
UP,91,328,2,Bassanite,2,432,256
UP,91,329,2,Bassanite,2,432,256
UP,91,330,2,Bassanite,2,432,256
UP,91,331,2,Bassanite,2,432,256
UP,91,332,2,Bassanite,2,432,256
UP,91,333,2,Bassanite,2,432,256
UP,91,334,2,Bassanite,2,432,256
UP,91,584,2,Bassanite,2,432,256
UP,91,585,2,Bassanite,2,432,256
UP,91,586,2,Bassanite,2,432,256
UP,91,587,2,Bassanite,2,432,256
UP,91,588,2,Bassanite,2,432,256
UP,91,589,2,Bassanite,2,432,256
UP,91,590,2,Bassanite,2,432,256
UP,92,144,8,Plagioclase,13,432,256
UP,92,145,8,Plagioclase,13,432,256
UP,92,146,8,Plagioclase,13,432,256
UP,92,268,2,Bassanite,2,432,256
UP,92,269,2,Bassanite,2,432,256
UP,92,270,2,Bassanite,2,432,256
UP,92,271,2,Bassanite,2,432,256
UP,92,272,2,Bassanite,2,432,256
UP,92,273,2,Bassanite,2,432,256
UP,92,274,2,Bassanite,2,432,256
UP,92,275,2,Bassanite,2,432,256
UP,92,276,2,Bassanite,2,432,256
UP,92,277,2,Bassanite,2,432,256
UP,92,278,2,Bassanite,2,432,256
UP,92,279,2,Bassanite,2,432,256
UP,92,280,2,Bassanite,2,432,256
UP,92,281,2,Bassanite,2,432,256
UP,92,282,2,Bassanite,2,432,256
UP,92,283,2,Bassanite,2,432,256
UP,92,284,2,Bassanite,2,432,256
UP,92,285,2,Bassanite,2,432,256
UP,92,286,2,Bassanite,2,432,256
UP,92,287,2,Bassanite,2,432,256
UP,92,288,2,Bassanite,2,432,256
UP,92,289,2,Bassanite,2,432,256
UP,92,290,2,Bassanite,2,432,256
UP,92,291,2,Bassanite,2,432,256
UP,92,292,2,Bassanite,2,432,256
UP,92,293,2,Bassanite,2,432,256
UP,92,294,2,Bassanite,2,432,256
UP,92,295,2,Bassanite,2,432,256
UP,92,296,2,Bassanite,2,432,256
UP,92,297,2,Bassanite,2,432,256
UP,92,298,2,Bassanite,2,432,256
UP,92,299,2,Bassanite,2,432,256
UP,92,300,2,Bassanite,2,432,256
UP,92,301,2,Bassanite,2,432,256
UP,92,302,2,Bassanite,2,432,256
UP,92,303,2,Bassanite,2,432,256
UP,92,304,2,Bassanite,2,432,256
UP,92,305,2,Bassanite,2,432,256
UP,92,306,2,Bassanite,2,432,256
UP,92,307,2,Bassanite,2,432,256
UP,92,308,2,Bassanite,2,432,256
UP,92,309,2,Bassanite,2,432,256
UP,92,310,2,Bassanite,2,432,256
UP,92,311,2,Bassanite,2,432,256
UP,92,312,2,Bassanite,2,432,256
UP,92,313,2,Bassanite,2,432,256
UP,92,314,2,Bassanite,2,432,256
UP,92,315,2,Bassanite,2,432,256
UP,92,316,2,Bassanite,2,432,256
UP,92,317,2,Bassanite,2,432,256
UP,92,318,2,Bassanite,2,432,256
UP,92,319,2,Bassanite,2,432,256
UP,92,320,2,Bassanite,2,432,256
UP,92,321,2,Bassanite,2,432,256
UP,92,322,2,Bassanite,2,432,256
UP,92,323,2,Bassanite,2,432,256
UP,92,324,2,Bassanite,2,432,256
UP,92,325,2,Bassanite,2,432,256
UP,92,326,2,Bassanite,2,432,256
UP,92,327,2,Bassanite,2,432,256
UP,92,328,2,Bassanite,2,432,256
UP,92,329,2,Bassanite,2,432,256
UP,92,330,2,Bassanite,2,432,256
UP,92,331,2,Bassanite,2,432,256
UP,92,332,2,Bassanite,2,432,256
UP,92,333,2,Bassanite,2,432,256
UP,92,334,2,Bassanite,2,432,256
UP,92,335,2,Bassanite,2,432,256
UP,92,585,2,Bassanite,2,432,256
UP,92,586,2,Bassanite,2,432,256
UP,92,587,2,Bassanite,2,432,256
UP,92,588,2,Bassanite,2,432,256
UP,92,589,2,Bassanite,2,432,256
UP,92,590,2,Bassanite,2,432,256
UP,92,591,2,Bassanite,2,432,256
UP,92,592,2,Bassanite,2,432,256
UP,93,269,2,Bassanite,2,432,256
UP,93,270,2,Bassanite,2,432,256
UP,93,271,2,Bassanite,2,432,256
UP,93,272,2,Bassanite,2,432,256
UP,93,273,2,Bassanite,2,432,256
UP,93,274,2,Bassanite,2,432,256
UP,93,275,2,Bassanite,2,432,256
UP,93,276,2,Bassanite,2,432,256
UP,93,277,2,Bassanite,2,432,256
UP,93,278,2,Bassanite,2,432,256
UP,93,279,2,Bassanite,2,432,256
UP,93,280,2,Bassanite,2,432,256
UP,93,281,2,Bassanite,2,432,256
UP,93,282,2,Bassanite,2,432,256
UP,93,283,2,Bassanite,2,432,256
UP,93,284,2,Bassanite,2,432,256
UP,93,285,2,Bassanite,2,432,256
UP,93,286,2,Bassanite,2,432,256
UP,93,287,2,Bassanite,2,432,256
UP,93,288,2,Bassanite,2,432,256
UP,93,289,2,Bassanite,2,432,256
UP,93,290,2,Bassanite,2,432,256
UP,93,291,2,Bassanite,2,432,256
UP,93,292,2,Bassanite,2,432,256
UP,93,293,2,Bassanite,2,432,256
UP,93,294,2,Bassanite,2,432,256
UP,93,295,2,Bassanite,2,432,256
UP,93,296,2,Bassanite,2,432,256
UP,93,297,2,Bassanite,2,432,256
UP,93,298,2,Bassanite,2,432,256
UP,93,299,2,Bassanite,2,432,256
UP,93,300,2,Bassanite,2,432,256
UP,93,301,2,Bassanite,2,432,256
UP,93,302,2,Bassanite,2,432,256
UP,93,303,2,Bassanite,2,432,256
UP,93,304,2,Bassanite,2,432,256
UP,93,305,2,Bassanite,2,432,256
UP,93,306,2,Bassanite,2,432,256
UP,93,307,2,Bassanite,2,432,256
UP,93,308,2,Bassanite,2,432,256
UP,93,309,2,Bassanite,2,432,256
UP,93,310,2,Bassanite,2,432,256
UP,93,311,2,Bassanite,2,432,256
UP,93,312,2,Bassanite,2,432,256
UP,93,313,2,Bassanite,2,432,256
UP,93,314,2,Bassanite,2,432,256
UP,93,315,2,Bassanite,2,432,256
UP,93,316,2,Bassanite,2,432,256
UP,93,317,2,Bassanite,2,432,256
UP,93,318,2,Bassanite,2,432,256
UP,93,319,2,Bassanite,2,432,256
UP,93,320,2,Bassanite,2,432,256
UP,93,321,2,Bassanite,2,432,256
UP,93,322,2,Bassanite,2,432,256
UP,93,323,2,Bassanite,2,432,256
UP,93,324,2,Bassanite,2,432,256
UP,93,325,2,Bassanite,2,432,256
UP,93,326,2,Bassanite,2,432,256
UP,93,327,2,Bassanite,2,432,256
UP,93,328,2,Bassanite,2,432,256
UP,93,329,2,Bassanite,2,432,256
UP,93,330,2,Bassanite,2,432,256
UP,93,331,2,Bassanite,2,432,256
UP,93,332,2,Bassanite,2,432,256
UP,93,333,2,Bassanite,2,432,256
UP,93,334,2,Bassanite,2,432,256
UP,93,335,2,Bassanite,2,432,256
UP,93,336,2,Bassanite,2,432,256
UP,93,586,2,Bassanite,2,432,256
UP,93,587,2,Bassanite,2,432,256
UP,93,588,2,Bassanite,2,432,256
UP,93,589,2,Bassanite,2,432,256
UP,93,590,2,Bassanite,2,432,256
UP,93,591,2,Bassanite,2,432,256
UP,93,592,2,Bassanite,2,432,256
UP,94,269,2,Bassanite,2,432,256
UP,94,270,2,Bassanite,2,432,256
UP,94,271,2,Bassanite,2,432,256
UP,94,272,2,Bassanite,2,432,256
UP,94,273,2,Bassanite,2,432,256
UP,94,274,2,Bassanite,2,432,256
UP,94,275,2,Bassanite,2,432,256
UP,94,276,2,Bassanite,2,432,256
UP,94,277,2,Bassanite,2,432,256
UP,94,278,2,Bassanite,2,432,256
UP,94,279,2,Bassanite,2,432,256
UP,94,280,2,Bassanite,2,432,256
UP,94,281,2,Bassanite,2,432,256
UP,94,282,2,Bassanite,2,432,256
UP,94,283,2,Bassanite,2,432,256
UP,94,284,2,Bassanite,2,432,256
UP,94,285,2,Bassanite,2,432,256
UP,94,286,2,Bassanite,2,432,256
UP,94,287,2,Bassanite,2,432,256
UP,94,288,2,Bassanite,2,432,256
UP,94,289,2,Bassanite,2,432,256
UP,94,290,2,Bassanite,2,432,256
UP,94,291,2,Bassanite,2,432,256
UP,94,292,2,Bassanite,2,432,256
UP,94,293,2,Bassanite,2,432,256
UP,94,294,2,Bassanite,2,432,256
UP,94,295,2,Bassanite,2,432,256
UP,94,296,2,Bassanite,2,432,256
UP,94,297,2,Bassanite,2,432,256
UP,94,298,2,Bassanite,2,432,256
UP,94,299,2,Bassanite,2,432,256
UP,94,300,2,Bassanite,2,432,256
UP,94,301,2,Bassanite,2,432,256
UP,94,302,2,Bassanite,2,432,256
UP,94,303,2,Bassanite,2,432,256
UP,94,304,2,Bassanite,2,432,256
UP,94,305,2,Bassanite,2,432,256
UP,94,306,2,Bassanite,2,432,256
UP,94,307,2,Bassanite,2,432,256
UP,94,308,2,Bassanite,2,432,256
UP,94,309,2,Bassanite,2,432,256
UP,94,310,2,Bassanite,2,432,256
UP,94,311,2,Bassanite,2,432,256
UP,94,312,2,Bassanite,2,432,256
UP,94,313,2,Bassanite,2,432,256
UP,94,314,2,Bassanite,2,432,256
UP,94,315,2,Bassanite,2,432,256
UP,94,316,2,Bassanite,2,432,256
UP,94,317,2,Bassanite,2,432,256
UP,94,318,2,Bassanite,2,432,256
UP,94,319,2,Bassanite,2,432,256
UP,94,320,2,Bassanite,2,432,256
UP,94,321,2,Bassanite,2,432,256
UP,94,322,2,Bassanite,2,432,256
UP,94,323,2,Bassanite,2,432,256
UP,94,324,2,Bassanite,2,432,256
UP,94,325,2,Bassanite,2,432,256
UP,94,326,2,Bassanite,2,432,256
UP,94,327,2,Bassanite,2,432,256
UP,94,328,2,Bassanite,2,432,256
UP,94,329,2,Bassanite,2,432,256
UP,94,330,2,Bassanite,2,432,256
UP,94,331,2,Bassanite,2,432,256
UP,94,332,2,Bassanite,2,432,256
UP,94,333,2,Bassanite,2,432,256
UP,94,334,2,Bassanite,2,432,256
UP,94,335,2,Bassanite,2,432,256
UP,94,336,2,Bassanite,2,432,256
UP,94,337,2,Bassanite,2,432,256
UP,94,588,2,Bassanite,2,432,256
UP,94,589,2,Bassanite,2,432,256
UP,94,590,2,Bassanite,2,432,256
UP,94,591,2,Bassanite,2,432,256
UP,95,270,2,Bassanite,2,432,256
UP,95,271,2,Bassanite,2,432,256
UP,95,272,2,Bassanite,2,432,256
UP,95,273,2,Bassanite,2,432,256
UP,95,274,2,Bassanite,2,432,256
UP,95,275,2,Bassanite,2,432,256
UP,95,276,2,Bassanite,2,432,256
UP,95,277,2,Bassanite,2,432,256
UP,95,278,2,Bassanite,2,432,256
UP,95,279,2,Bassanite,2,432,256
UP,95,280,2,Bassanite,2,432,256
UP,95,281,2,Bassanite,2,432,256
UP,95,282,2,Bassanite,2,432,256
UP,95,283,2,Bassanite,2,432,256
UP,95,284,2,Bassanite,2,432,256
UP,95,285,2,Bassanite,2,432,256
UP,95,286,2,Bassanite,2,432,256
UP,95,287,2,Bassanite,2,432,256
UP,95,288,2,Bassanite,2,432,256
UP,95,289,2,Bassanite,2,432,256
UP,95,290,2,Bassanite,2,432,256
UP,95,291,2,Bassanite,2,432,256
UP,95,292,2,Bassanite,2,432,256
UP,95,293,2,Bassanite,2,432,256
UP,95,294,2,Bassanite,2,432,256
UP,95,295,2,Bassanite,2,432,256
UP,95,296,2,Bassanite,2,432,256
UP,95,297,2,Bassanite,2,432,256
UP,95,298,2,Bassanite,2,432,256
UP,95,299,2,Bassanite,2,432,256
UP,95,300,2,Bassanite,2,432,256
UP,95,301,2,Bassanite,2,432,256
UP,95,302,2,Bassanite,2,432,256
UP,95,303,2,Bassanite,2,432,256
UP,95,304,2,Bassanite,2,432,256
UP,95,305,2,Bassanite,2,432,256
UP,95,306,2,Bassanite,2,432,256
UP,95,307,2,Bassanite,2,432,256
UP,95,308,2,Bassanite,2,432,256
UP,95,309,2,Bassanite,2,432,256
UP,95,310,2,Bassanite,2,432,256
UP,95,311,2,Bassanite,2,432,256
UP,95,312,2,Bassanite,2,432,256
UP,95,313,2,Bassanite,2,432,256
UP,95,314,2,Bassanite,2,432,256
UP,95,315,2,Bassanite,2,432,256
UP,95,316,2,Bassanite,2,432,256
UP,95,317,2,Bassanite,2,432,256
UP,95,318,2,Bassanite,2,432,256
UP,95,319,2,Bassanite,2,432,256
UP,95,320,2,Bassanite,2,432,256
UP,95,321,2,Bassanite,2,432,256
UP,95,322,2,Bassanite,2,432,256
UP,95,323,2,Bassanite,2,432,256
UP,95,324,2,Bassanite,2,432,256
UP,95,325,2,Bassanite,2,432,256
UP,95,326,2,Bassanite,2,432,256
UP,95,327,2,Bassanite,2,432,256
UP,95,328,2,Bassanite,2,432,256
UP,95,329,2,Bassanite,2,432,256
UP,95,330,2,Bassanite,2,432,256
UP,95,331,2,Bassanite,2,432,256
UP,95,332,2,Bassanite,2,432,256
UP,95,333,2,Bassanite,2,432,256
UP,95,334,2,Bassanite,2,432,256
UP,95,335,2,Bassanite,2,432,256
UP,95,336,2,Bassanite,2,432,256
UP,95,337,2,Bassanite,2,432,256
UP,95,511,5,Low-Ca Pyroxene,8,432,256
UP,95,512,5,Low-Ca Pyroxene,8,432,256
UP,95,513,5,Low-Ca Pyroxene,8,432,256
UP,95,514,5,Low-Ca Pyroxene,8,432,256
UP,95,515,5,Low-Ca Pyroxene,8,432,256
UP,95,516,5,Low-Ca Pyroxene,8,432,256
UP,96,270,2,Bassanite,2,432,256
UP,96,271,2,Bassanite,2,432,256
UP,96,272,2,Bassanite,2,432,256
UP,96,273,2,Bassanite,2,432,256
UP,96,274,2,Bassanite,2,432,256
UP,96,275,2,Bassanite,2,432,256
UP,96,276,2,Bassanite,2,432,256
UP,96,277,2,Bassanite,2,432,256
UP,96,278,2,Bassanite,2,432,256
UP,96,279,2,Bassanite,2,432,256
UP,96,280,2,Bassanite,2,432,256
UP,96,281,2,Bassanite,2,432,256
UP,96,282,2,Bassanite,2,432,256
UP,96,283,2,Bassanite,2,432,256
UP,96,284,2,Bassanite,2,432,256
UP,96,285,2,Bassanite,2,432,256
UP,96,286,2,Bassanite,2,432,256
UP,96,287,2,Bassanite,2,432,256
UP,96,288,2,Bassanite,2,432,256
UP,96,289,2,Bassanite,2,432,256
UP,96,290,2,Bassanite,2,432,256
UP,96,291,2,Bassanite,2,432,256
UP,96,292,2,Bassanite,2,432,256
UP,96,293,2,Bassanite,2,432,256
UP,96,294,2,Bassanite,2,432,256
UP,96,295,2,Bassanite,2,432,256
UP,96,296,2,Bassanite,2,432,256
UP,96,297,2,Bassanite,2,432,256
UP,96,298,2,Bassanite,2,432,256
UP,96,299,2,Bassanite,2,432,256
UP,96,300,2,Bassanite,2,432,256
UP,96,301,2,Bassanite,2,432,256
UP,96,302,2,Bassanite,2,432,256
UP,96,303,2,Bassanite,2,432,256
UP,96,304,2,Bassanite,2,432,256
UP,96,305,2,Bassanite,2,432,256
UP,96,306,2,Bassanite,2,432,256
UP,96,307,2,Bassanite,2,432,256
UP,96,308,2,Bassanite,2,432,256
UP,96,309,2,Bassanite,2,432,256
UP,96,310,2,Bassanite,2,432,256
UP,96,311,2,Bassanite,2,432,256
UP,96,312,2,Bassanite,2,432,256
UP,96,313,2,Bassanite,2,432,256
UP,96,314,2,Bassanite,2,432,256
UP,96,315,2,Bassanite,2,432,256
UP,96,316,2,Bassanite,2,432,256
UP,96,317,2,Bassanite,2,432,256
UP,96,318,2,Bassanite,2,432,256
UP,96,319,2,Bassanite,2,432,256
UP,96,320,2,Bassanite,2,432,256
UP,96,321,2,Bassanite,2,432,256
UP,96,322,2,Bassanite,2,432,256
UP,96,323,2,Bassanite,2,432,256
UP,96,324,2,Bassanite,2,432,256
UP,96,325,2,Bassanite,2,432,256
UP,96,326,2,Bassanite,2,432,256
UP,96,327,2,Bassanite,2,432,256
UP,96,328,2,Bassanite,2,432,256
UP,96,329,2,Bassanite,2,432,256
UP,96,330,2,Bassanite,2,432,256
UP,96,331,2,Bassanite,2,432,256
UP,96,332,2,Bassanite,2,432,256
UP,96,333,2,Bassanite,2,432,256
UP,96,334,2,Bassanite,2,432,256
UP,96,335,2,Bassanite,2,432,256
UP,96,336,2,Bassanite,2,432,256
UP,96,510,5,Low-Ca Pyroxene,8,432,256
UP,96,511,5,Low-Ca Pyroxene,8,432,256
UP,96,512,5,Low-Ca Pyroxene,8,432,256
UP,96,513,5,Low-Ca Pyroxene,8,432,256
UP,96,514,5,Low-Ca Pyroxene,8,432,256
UP,96,515,5,Low-Ca Pyroxene,8,432,256
UP,96,516,5,Low-Ca Pyroxene,8,432,256
UP,96,517,5,Low-Ca Pyroxene,8,432,256
UP,96,518,5,Low-Ca Pyroxene,8,432,256
UP,97,104,8,Plagioclase,13,432,256
UP,97,105,8,Plagioclase,13,432,256
UP,97,271,2,Bassanite,2,432,256
UP,97,272,2,Bassanite,2,432,256
UP,97,273,2,Bassanite,2,432,256
UP,97,274,2,Bassanite,2,432,256
UP,97,275,2,Bassanite,2,432,256
UP,97,276,2,Bassanite,2,432,256
UP,97,277,2,Bassanite,2,432,256
UP,97,278,2,Bassanite,2,432,256
UP,97,279,2,Bassanite,2,432,256
UP,97,280,2,Bassanite,2,432,256
UP,97,281,2,Bassanite,2,432,256
UP,97,282,2,Bassanite,2,432,256
UP,97,283,2,Bassanite,2,432,256
UP,97,284,2,Bassanite,2,432,256
UP,97,285,2,Bassanite,2,432,256
UP,97,286,2,Bassanite,2,432,256
UP,97,287,2,Bassanite,2,432,256
UP,97,288,2,Bassanite,2,432,256
UP,97,289,2,Bassanite,2,432,256
UP,97,290,2,Bassanite,2,432,256
UP,97,291,2,Bassanite,2,432,256
UP,97,292,2,Bassanite,2,432,256
UP,97,293,2,Bassanite,2,432,256
UP,97,294,2,Bassanite,2,432,256
UP,97,295,2,Bassanite,2,432,256
UP,97,296,2,Bassanite,2,432,256
UP,97,297,2,Bassanite,2,432,256
UP,97,298,2,Bassanite,2,432,256
UP,97,299,2,Bassanite,2,432,256
UP,97,300,2,Bassanite,2,432,256
UP,97,301,2,Bassanite,2,432,256
UP,97,302,2,Bassanite,2,432,256
UP,97,303,2,Bassanite,2,432,256
UP,97,304,2,Bassanite,2,432,256
UP,97,305,2,Bassanite,2,432,256
UP,97,306,2,Bassanite,2,432,256
UP,97,307,2,Bassanite,2,432,256
UP,97,308,2,Bassanite,2,432,256
UP,97,309,2,Bassanite,2,432,256
UP,97,310,2,Bassanite,2,432,256
UP,97,311,2,Bassanite,2,432,256
UP,97,312,2,Bassanite,2,432,256
UP,97,313,2,Bassanite,2,432,256
UP,97,314,2,Bassanite,2,432,256
UP,97,315,2,Bassanite,2,432,256
UP,97,316,2,Bassanite,2,432,256
UP,97,317,2,Bassanite,2,432,256
UP,97,318,2,Bassanite,2,432,256
UP,97,319,2,Bassanite,2,432,256
UP,97,320,2,Bassanite,2,432,256
UP,97,321,2,Bassanite,2,432,256
UP,97,327,2,Bassanite,2,432,256
UP,97,328,2,Bassanite,2,432,256
UP,97,329,2,Bassanite,2,432,256
UP,97,330,2,Bassanite,2,432,256
UP,97,331,2,Bassanite,2,432,256
UP,97,332,2,Bassanite,2,432,256
UP,97,333,2,Bassanite,2,432,256
UP,97,334,2,Bassanite,2,432,256
UP,97,335,2,Bassanite,2,432,256
UP,97,510,5,Low-Ca Pyroxene,8,432,256
UP,97,511,5,Low-Ca Pyroxene,8,432,256
UP,97,512,5,Low-Ca Pyroxene,8,432,256
UP,97,513,5,Low-Ca Pyroxene,8,432,256
UP,97,514,5,Low-Ca Pyroxene,8,432,256
UP,97,515,5,Low-Ca Pyroxene,8,432,256
UP,97,516,5,Low-Ca Pyroxene,8,432,256
UP,97,517,5,Low-Ca Pyroxene,8,432,256
UP,97,518,5,Low-Ca Pyroxene,8,432,256
UP,98,104,8,Plagioclase,13,432,256
UP,98,105,8,Plagioclase,13,432,256
UP,98,272,2,Bassanite,2,432,256
UP,98,273,2,Bassanite,2,432,256
UP,98,274,2,Bassanite,2,432,256
UP,98,275,2,Bassanite,2,432,256
UP,98,276,2,Bassanite,2,432,256
UP,98,277,2,Bassanite,2,432,256
UP,98,278,2,Bassanite,2,432,256
UP,98,279,2,Bassanite,2,432,256
UP,98,280,2,Bassanite,2,432,256
UP,98,281,2,Bassanite,2,432,256
UP,98,282,2,Bassanite,2,432,256
UP,98,283,2,Bassanite,2,432,256
UP,98,284,2,Bassanite,2,432,256
UP,98,285,2,Bassanite,2,432,256
UP,98,286,2,Bassanite,2,432,256
UP,98,287,2,Bassanite,2,432,256
UP,98,288,2,Bassanite,2,432,256
UP,98,289,2,Bassanite,2,432,256
UP,98,290,2,Bassanite,2,432,256
UP,98,291,2,Bassanite,2,432,256
UP,98,292,2,Bassanite,2,432,256
UP,98,293,2,Bassanite,2,432,256
UP,98,294,2,Bassanite,2,432,256
UP,98,295,2,Bassanite,2,432,256
UP,98,296,2,Bassanite,2,432,256
UP,98,297,2,Bassanite,2,432,256
UP,98,298,2,Bassanite,2,432,256
UP,98,299,2,Bassanite,2,432,256
UP,98,300,2,Bassanite,2,432,256
UP,98,301,2,Bassanite,2,432,256
UP,98,302,2,Bassanite,2,432,256
UP,98,303,2,Bassanite,2,432,256
UP,98,304,2,Bassanite,2,432,256
UP,98,305,2,Bassanite,2,432,256
UP,98,306,2,Bassanite,2,432,256
UP,98,307,2,Bassanite,2,432,256
UP,98,308,2,Bassanite,2,432,256
UP,98,309,2,Bassanite,2,432,256
UP,98,310,2,Bassanite,2,432,256
UP,98,311,2,Bassanite,2,432,256
UP,98,510,5,Low-Ca Pyroxene,8,432,256
UP,98,511,5,Low-Ca Pyroxene,8,432,256
UP,98,512,5,Low-Ca Pyroxene,8,432,256
UP,98,513,5,Low-Ca Pyroxene,8,432,256
UP,98,514,5,Low-Ca Pyroxene,8,432,256
UP,98,515,5,Low-Ca Pyroxene,8,432,256
UP,98,516,5,Low-Ca Pyroxene,8,432,256
UP,98,517,5,Low-Ca Pyroxene,8,432,256
UP,98,518,5,Low-Ca Pyroxene,8,432,256
UP,98,519,5,Low-Ca Pyroxene,8,432,256
UP,98,555,5,Low-Ca Pyroxene,8,432,256
UP,99,104,8,Plagioclase,13,432,256
UP,99,105,8,Plagioclase,13,432,256
UP,99,274,2,Bassanite,2,432,256
UP,99,275,2,Bassanite,2,432,256
UP,99,276,2,Bassanite,2,432,256
UP,99,277,2,Bassanite,2,432,256
UP,99,278,2,Bassanite,2,432,256
UP,99,279,2,Bassanite,2,432,256
UP,99,280,2,Bassanite,2,432,256
UP,99,281,2,Bassanite,2,432,256
UP,99,282,2,Bassanite,2,432,256
UP,99,283,2,Bassanite,2,432,256
UP,99,284,2,Bassanite,2,432,256
UP,99,285,2,Bassanite,2,432,256
UP,99,286,2,Bassanite,2,432,256
UP,99,287,2,Bassanite,2,432,256
UP,99,288,2,Bassanite,2,432,256
UP,99,289,2,Bassanite,2,432,256
UP,99,290,2,Bassanite,2,432,256
UP,99,291,2,Bassanite,2,432,256
UP,99,292,2,Bassanite,2,432,256
UP,99,293,2,Bassanite,2,432,256
UP,99,294,2,Bassanite,2,432,256
UP,99,295,2,Bassanite,2,432,256
UP,99,296,2,Bassanite,2,432,256
UP,99,297,2,Bassanite,2,432,256
UP,99,298,2,Bassanite,2,432,256
UP,99,299,2,Bassanite,2,432,256
UP,99,300,2,Bassanite,2,432,256
UP,99,301,2,Bassanite,2,432,256
UP,99,302,2,Bassanite,2,432,256
UP,99,303,2,Bassanite,2,432,256
UP,99,304,2,Bassanite,2,432,256
UP,99,512,5,Low-Ca Pyroxene,8,432,256
UP,99,513,5,Low-Ca Pyroxene,8,432,256
UP,99,514,5,Low-Ca Pyroxene,8,432,256
UP,99,515,5,Low-Ca Pyroxene,8,432,256
UP,99,516,5,Low-Ca Pyroxene,8,432,256
UP,99,517,5,Low-Ca Pyroxene,8,432,256
UP,99,518,5,Low-Ca Pyroxene,8,432,256
UP,99,519,5,Low-Ca Pyroxene,8,432,256
UP,99,520,5,Low-Ca Pyroxene,8,432,256
UP,99,521,5,Low-Ca Pyroxene,8,432,256
UP,99,554,5,Low-Ca Pyroxene,8,432,256
UP,99,555,5,Low-Ca Pyroxene,8,432,256
UP,99,556,5,Low-Ca Pyroxene,8,432,256
UP,99,557,5,Low-Ca Pyroxene,8,432,256
UP,99,558,5,Low-Ca Pyroxene,8,432,256
UP,99,559,5,Low-Ca Pyroxene,8,432,256
UP,100,104,8,Plagioclase,13,432,256
UP,100,105,8,Plagioclase,13,432,256
UP,100,274,2,Bassanite,2,432,256
UP,100,275,2,Bassanite,2,432,256
UP,100,276,2,Bassanite,2,432,256
UP,100,277,2,Bassanite,2,432,256
UP,100,278,2,Bassanite,2,432,256
UP,100,279,2,Bassanite,2,432,256
UP,100,280,2,Bassanite,2,432,256
UP,100,281,2,Bassanite,2,432,256
UP,100,282,2,Bassanite,2,432,256
UP,100,283,2,Bassanite,2,432,256
UP,100,284,2,Bassanite,2,432,256
UP,100,285,2,Bassanite,2,432,256
UP,100,286,2,Bassanite,2,432,256
UP,100,287,2,Bassanite,2,432,256
UP,100,288,2,Bassanite,2,432,256
UP,100,289,2,Bassanite,2,432,256
UP,100,290,2,Bassanite,2,432,256
UP,100,291,2,Bassanite,2,432,256
UP,100,292,2,Bassanite,2,432,256
UP,100,293,2,Bassanite,2,432,256
UP,100,294,2,Bassanite,2,432,256
UP,100,295,2,Bassanite,2,432,256
UP,100,296,2,Bassanite,2,432,256
UP,100,297,2,Bassanite,2,432,256
UP,100,298,2,Bassanite,2,432,256
UP,100,299,2,Bassanite,2,432,256
UP,100,300,2,Bassanite,2,432,256
UP,100,512,5,Low-Ca Pyroxene,8,432,256
UP,100,513,5,Low-Ca Pyroxene,8,432,256
UP,100,514,5,Low-Ca Pyroxene,8,432,256
UP,100,515,5,Low-Ca Pyroxene,8,432,256
UP,100,516,5,Low-Ca Pyroxene,8,432,256
UP,100,517,5,Low-Ca Pyroxene,8,432,256
UP,100,518,5,Low-Ca Pyroxene,8,432,256
UP,100,519,5,Low-Ca Pyroxene,8,432,256
UP,100,520,5,Low-Ca Pyroxene,8,432,256
UP,100,521,5,Low-Ca Pyroxene,8,432,256
UP,100,522,5,Low-Ca Pyroxene,8,432,256
UP,100,554,5,Low-Ca Pyroxene,8,432,256
UP,100,555,5,Low-Ca Pyroxene,8,432,256
UP,100,556,5,Low-Ca Pyroxene,8,432,256
UP,100,557,5,Low-Ca Pyroxene,8,432,256
UP,100,558,5,Low-Ca Pyroxene,8,432,256
UP,100,559,5,Low-Ca Pyroxene,8,432,256
UP,101,275,2,Bassanite,2,432,256
UP,101,276,2,Bassanite,2,432,256
UP,101,277,2,Bassanite,2,432,256
UP,101,278,2,Bassanite,2,432,256
UP,101,279,2,Bassanite,2,432,256
UP,101,280,2,Bassanite,2,432,256
UP,101,281,2,Bassanite,2,432,256
UP,101,282,2,Bassanite,2,432,256
UP,101,283,2,Bassanite,2,432,256
UP,101,284,2,Bassanite,2,432,256
UP,101,285,2,Bassanite,2,432,256
UP,101,286,2,Bassanite,2,432,256
UP,101,287,2,Bassanite,2,432,256
UP,101,288,2,Bassanite,2,432,256
UP,101,289,2,Bassanite,2,432,256
UP,101,290,2,Bassanite,2,432,256
UP,101,291,2,Bassanite,2,432,256
UP,101,292,2,Bassanite,2,432,256
UP,101,293,2,Bassanite,2,432,256
UP,101,294,2,Bassanite,2,432,256
UP,101,295,2,Bassanite,2,432,256
UP,101,296,2,Bassanite,2,432,256
UP,101,297,2,Bassanite,2,432,256
UP,101,298,2,Bassanite,2,432,256
UP,101,513,5,Low-Ca Pyroxene,8,432,256
UP,101,514,5,Low-Ca Pyroxene,8,432,256
UP,101,515,5,Low-Ca Pyroxene,8,432,256
UP,101,516,5,Low-Ca Pyroxene,8,432,256
UP,101,517,5,Low-Ca Pyroxene,8,432,256
UP,101,518,5,Low-Ca Pyroxene,8,432,256
UP,101,519,5,Low-Ca Pyroxene,8,432,256
UP,101,520,5,Low-Ca Pyroxene,8,432,256
UP,101,521,5,Low-Ca Pyroxene,8,432,256
UP,101,522,5,Low-Ca Pyroxene,8,432,256
UP,101,554,5,Low-Ca Pyroxene,8,432,256
UP,101,555,5,Low-Ca Pyroxene,8,432,256
UP,101,556,5,Low-Ca Pyroxene,8,432,256
UP,101,557,5,Low-Ca Pyroxene,8,432,256
UP,101,558,5,Low-Ca Pyroxene,8,432,256
UP,101,559,5,Low-Ca Pyroxene,8,432,256
UP,101,560,5,Low-Ca Pyroxene,8,432,256
UP,102,276,2,Bassanite,2,432,256
UP,102,277,2,Bassanite,2,432,256
UP,102,278,2,Bassanite,2,432,256
UP,102,279,2,Bassanite,2,432,256
UP,102,280,2,Bassanite,2,432,256
UP,102,281,2,Bassanite,2,432,256
UP,102,282,2,Bassanite,2,432,256
UP,102,283,2,Bassanite,2,432,256
UP,102,284,2,Bassanite,2,432,256
UP,102,285,2,Bassanite,2,432,256
UP,102,286,2,Bassanite,2,432,256
UP,102,287,2,Bassanite,2,432,256
UP,102,288,2,Bassanite,2,432,256
UP,102,289,2,Bassanite,2,432,256
UP,102,290,2,Bassanite,2,432,256
UP,102,291,2,Bassanite,2,432,256
UP,102,292,2,Bassanite,2,432,256
UP,102,293,2,Bassanite,2,432,256
UP,102,294,2,Bassanite,2,432,256
UP,102,295,2,Bassanite,2,432,256
UP,102,296,2,Bassanite,2,432,256
UP,102,515,5,Low-Ca Pyroxene,8,432,256
UP,102,516,5,Low-Ca Pyroxene,8,432,256
UP,102,517,5,Low-Ca Pyroxene,8,432,256
UP,102,518,5,Low-Ca Pyroxene,8,432,256
UP,102,519,5,Low-Ca Pyroxene,8,432,256
UP,102,520,5,Low-Ca Pyroxene,8,432,256
UP,102,521,5,Low-Ca Pyroxene,8,432,256
UP,102,522,5,Low-Ca Pyroxene,8,432,256
UP,102,523,5,Low-Ca Pyroxene,8,432,256
UP,102,556,5,Low-Ca Pyroxene,8,432,256
UP,102,557,5,Low-Ca Pyroxene,8,432,256
UP,102,558,5,Low-Ca Pyroxene,8,432,256
UP,102,559,5,Low-Ca Pyroxene,8,432,256
UP,102,560,5,Low-Ca Pyroxene,8,432,256
UP,103,276,2,Bassanite,2,432,256
UP,103,277,2,Bassanite,2,432,256
UP,103,278,2,Bassanite,2,432,256
UP,103,279,2,Bassanite,2,432,256
UP,103,280,2,Bassanite,2,432,256
UP,103,281,2,Bassanite,2,432,256
UP,103,282,2,Bassanite,2,432,256
UP,103,283,2,Bassanite,2,432,256
UP,103,284,2,Bassanite,2,432,256
UP,103,285,2,Bassanite,2,432,256
UP,103,286,2,Bassanite,2,432,256
UP,103,287,2,Bassanite,2,432,256
UP,103,288,2,Bassanite,2,432,256
UP,103,289,2,Bassanite,2,432,256
UP,103,290,2,Bassanite,2,432,256
UP,103,291,2,Bassanite,2,432,256
UP,103,292,2,Bassanite,2,432,256
UP,103,293,2,Bassanite,2,432,256
UP,103,516,5,Low-Ca Pyroxene,8,432,256
UP,103,517,5,Low-Ca Pyroxene,8,432,256
UP,103,518,5,Low-Ca Pyroxene,8,432,256
UP,103,519,5,Low-Ca Pyroxene,8,432,256
UP,103,520,5,Low-Ca Pyroxene,8,432,256
UP,103,521,5,Low-Ca Pyroxene,8,432,256
UP,103,522,5,Low-Ca Pyroxene,8,432,256
UP,103,523,5,Low-Ca Pyroxene,8,432,256
UP,103,524,5,Low-Ca Pyroxene,8,432,256
UP,103,557,5,Low-Ca Pyroxene,8,432,256
UP,103,558,5,Low-Ca Pyroxene,8,432,256
UP,103,559,5,Low-Ca Pyroxene,8,432,256
UP,104,277,2,Bassanite,2,432,256
UP,104,278,2,Bassanite,2,432,256
UP,104,279,2,Bassanite,2,432,256
UP,104,280,2,Bassanite,2,432,256
UP,104,281,2,Bassanite,2,432,256
UP,104,282,2,Bassanite,2,432,256
UP,104,283,2,Bassanite,2,432,256
UP,104,284,2,Bassanite,2,432,256
UP,104,285,2,Bassanite,2,432,256
UP,104,286,2,Bassanite,2,432,256
UP,104,287,2,Bassanite,2,432,256
UP,104,288,2,Bassanite,2,432,256
UP,104,289,2,Bassanite,2,432,256
UP,104,290,2,Bassanite,2,432,256
UP,104,291,2,Bassanite,2,432,256
UP,104,292,2,Bassanite,2,432,256
UP,104,518,5,Low-Ca Pyroxene,8,432,256
UP,104,519,5,Low-Ca Pyroxene,8,432,256
UP,104,520,5,Low-Ca Pyroxene,8,432,256
UP,104,521,5,Low-Ca Pyroxene,8,432,256
UP,104,522,5,Low-Ca Pyroxene,8,432,256
UP,104,523,5,Low-Ca Pyroxene,8,432,256
UP,104,524,5,Low-Ca Pyroxene,8,432,256
UP,104,525,5,Low-Ca Pyroxene,8,432,256
UP,104,531,2,Bassanite,2,432,256
UP,104,532,2,Bassanite,2,432,256
UP,105,278,2,Bassanite,2,432,256
UP,105,279,2,Bassanite,2,432,256
UP,105,280,2,Bassanite,2,432,256
UP,105,281,2,Bassanite,2,432,256
UP,105,282,2,Bassanite,2,432,256
UP,105,283,2,Bassanite,2,432,256
UP,105,284,2,Bassanite,2,432,256
UP,105,285,2,Bassanite,2,432,256
UP,105,286,2,Bassanite,2,432,256
UP,105,287,2,Bassanite,2,432,256
UP,105,288,2,Bassanite,2,432,256
UP,105,289,2,Bassanite,2,432,256
UP,105,290,2,Bassanite,2,432,256
UP,105,291,2,Bassanite,2,432,256
UP,105,518,5,Low-Ca Pyroxene,8,432,256
UP,105,519,5,Low-Ca Pyroxene,8,432,256
UP,105,520,5,Low-Ca Pyroxene,8,432,256
UP,105,521,5,Low-Ca Pyroxene,8,432,256
UP,105,522,5,Low-Ca Pyroxene,8,432,256
UP,105,523,5,Low-Ca Pyroxene,8,432,256
UP,105,524,5,Low-Ca Pyroxene,8,432,256
UP,105,525,5,Low-Ca Pyroxene,8,432,256
UP,105,531,2,Bassanite,2,432,256
UP,105,532,2,Bassanite,2,432,256
UP,105,533,2,Bassanite,2,432,256
UP,105,534,2,Bassanite,2,432,256
UP,105,535,2,Bassanite,2,432,256
UP,106,278,2,Bassanite,2,432,256
UP,106,279,2,Bassanite,2,432,256
UP,106,280,2,Bassanite,2,432,256
UP,106,281,2,Bassanite,2,432,256
UP,106,282,2,Bassanite,2,432,256
UP,106,283,2,Bassanite,2,432,256
UP,106,284,2,Bassanite,2,432,256
UP,106,285,2,Bassanite,2,432,256
UP,106,286,2,Bassanite,2,432,256
UP,106,287,2,Bassanite,2,432,256
UP,106,288,2,Bassanite,2,432,256
UP,106,289,2,Bassanite,2,432,256
UP,106,290,2,Bassanite,2,432,256
UP,106,291,2,Bassanite,2,432,256
UP,106,518,5,Low-Ca Pyroxene,8,432,256
UP,106,519,5,Low-Ca Pyroxene,8,432,256
UP,106,520,5,Low-Ca Pyroxene,8,432,256
UP,106,521,5,Low-Ca Pyroxene,8,432,256
UP,106,522,5,Low-Ca Pyroxene,8,432,256
UP,106,523,5,Low-Ca Pyroxene,8,432,256
UP,106,524,5,Low-Ca Pyroxene,8,432,256
UP,106,525,5,Low-Ca Pyroxene,8,432,256
UP,106,531,2,Bassanite,2,432,256
UP,106,532,2,Bassanite,2,432,256
UP,106,533,2,Bassanite,2,432,256
UP,106,534,2,Bassanite,2,432,256
UP,106,535,2,Bassanite,2,432,256
UP,106,536,2,Bassanite,2,432,256
UP,106,537,2,Bassanite,2,432,256
UP,106,538,2,Bassanite,2,432,256
UP,106,569,2,Bassanite,2,432,256
UP,106,570,2,Bassanite,2,432,256
UP,106,571,2,Bassanite,2,432,256
UP,106,572,2,Bassanite,2,432,256
UP,107,279,2,Bassanite,2,432,256
UP,107,280,2,Bassanite,2,432,256
UP,107,281,2,Bassanite,2,432,256
UP,107,282,2,Bassanite,2,432,256
UP,107,283,2,Bassanite,2,432,256
UP,107,284,2,Bassanite,2,432,256
UP,107,285,2,Bassanite,2,432,256
UP,107,286,2,Bassanite,2,432,256
UP,107,287,2,Bassanite,2,432,256
UP,107,288,2,Bassanite,2,432,256
UP,107,289,2,Bassanite,2,432,256
UP,107,290,2,Bassanite,2,432,256
UP,107,519,5,Low-Ca Pyroxene,8,432,256
UP,107,520,5,Low-Ca Pyroxene,8,432,256
UP,107,521,5,Low-Ca Pyroxene,8,432,256
UP,107,522,5,Low-Ca Pyroxene,8,432,256
UP,107,523,5,Low-Ca Pyroxene,8,432,256
UP,107,524,5,Low-Ca Pyroxene,8,432,256
UP,107,525,5,Low-Ca Pyroxene,8,432,256
UP,107,526,5,Low-Ca Pyroxene,8,432,256
UP,107,532,2,Bassanite,2,432,256
UP,107,533,2,Bassanite,2,432,256
UP,107,534,2,Bassanite,2,432,256
UP,107,535,2,Bassanite,2,432,256
UP,107,536,2,Bassanite,2,432,256
UP,107,537,2,Bassanite,2,432,256
UP,107,538,2,Bassanite,2,432,256
UP,107,539,2,Bassanite,2,432,256
UP,107,540,2,Bassanite,2,432,256
UP,107,541,2,Bassanite,2,432,256
UP,107,569,2,Bassanite,2,432,256
UP,107,570,2,Bassanite,2,432,256
UP,107,571,2,Bassanite,2,432,256
UP,107,572,2,Bassanite,2,432,256
UP,107,573,2,Bassanite,2,432,256
UP,108,279,2,Bassanite,2,432,256
UP,108,280,2,Bassanite,2,432,256
UP,108,281,2,Bassanite,2,432,256
UP,108,282,2,Bassanite,2,432,256
UP,108,283,2,Bassanite,2,432,256
UP,108,284,2,Bassanite,2,432,256
UP,108,285,2,Bassanite,2,432,256
UP,108,286,2,Bassanite,2,432,256
UP,108,287,2,Bassanite,2,432,256
UP,108,288,2,Bassanite,2,432,256
UP,108,289,2,Bassanite,2,432,256
UP,108,290,2,Bassanite,2,432,256
UP,108,520,5,Low-Ca Pyroxene,8,432,256
UP,108,521,5,Low-Ca Pyroxene,8,432,256
UP,108,522,5,Low-Ca Pyroxene,8,432,256
UP,108,523,5,Low-Ca Pyroxene,8,432,256
UP,108,524,5,Low-Ca Pyroxene,8,432,256
UP,108,525,5,Low-Ca Pyroxene,8,432,256
UP,108,526,5,Low-Ca Pyroxene,8,432,256
UP,108,533,2,Bassanite,2,432,256
UP,108,534,2,Bassanite,2,432,256
UP,108,535,2,Bassanite,2,432,256
UP,108,536,2,Bassanite,2,432,256
UP,108,537,2,Bassanite,2,432,256
UP,108,538,2,Bassanite,2,432,256
UP,108,539,2,Bassanite,2,432,256
UP,108,540,2,Bassanite,2,432,256
UP,108,541,2,Bassanite,2,432,256
UP,108,542,2,Bassanite,2,432,256
UP,108,543,2,Bassanite,2,432,256
UP,108,569,2,Bassanite,2,432,256
UP,108,570,2,Bassanite,2,432,256
UP,108,571,2,Bassanite,2,432,256
UP,108,572,2,Bassanite,2,432,256
UP,108,573,2,Bassanite,2,432,256
UP,108,574,2,Bassanite,2,432,256
UP,108,575,2,Bassanite,2,432,256
UP,108,576,2,Bassanite,2,432,256
UP,109,280,2,Bassanite,2,432,256
UP,109,281,2,Bassanite,2,432,256
UP,109,282,2,Bassanite,2,432,256
UP,109,283,2,Bassanite,2,432,256
UP,109,284,2,Bassanite,2,432,256
UP,109,285,2,Bassanite,2,432,256
UP,109,286,2,Bassanite,2,432,256
UP,109,287,2,Bassanite,2,432,256
UP,109,288,2,Bassanite,2,432,256
UP,109,289,2,Bassanite,2,432,256
UP,109,521,5,Low-Ca Pyroxene,8,432,256
UP,109,522,5,Low-Ca Pyroxene,8,432,256
UP,109,523,5,Low-Ca Pyroxene,8,432,256
UP,109,524,5,Low-Ca Pyroxene,8,432,256
UP,109,525,5,Low-Ca Pyroxene,8,432,256
UP,109,526,5,Low-Ca Pyroxene,8,432,256
UP,109,534,2,Bassanite,2,432,256
UP,109,535,2,Bassanite,2,432,256
UP,109,536,2,Bassanite,2,432,256
UP,109,537,2,Bassanite,2,432,256
UP,109,538,2,Bassanite,2,432,256
UP,109,539,2,Bassanite,2,432,256
UP,109,540,2,Bassanite,2,432,256
UP,109,541,2,Bassanite,2,432,256
UP,109,542,2,Bassanite,2,432,256
UP,109,543,2,Bassanite,2,432,256
UP,109,544,2,Bassanite,2,432,256
UP,109,545,2,Bassanite,2,432,256
UP,109,569,2,Bassanite,2,432,256
UP,109,570,2,Bassanite,2,432,256
UP,109,571,2,Bassanite,2,432,256
UP,109,572,2,Bassanite,2,432,256
UP,109,573,2,Bassanite,2,432,256
UP,109,574,2,Bassanite,2,432,256
UP,109,575,2,Bassanite,2,432,256
UP,109,576,2,Bassanite,2,432,256
UP,109,577,2,Bassanite,2,432,256
UP,109,578,2,Bassanite,2,432,256
UP,110,281,2,Bassanite,2,432,256
UP,110,282,2,Bassanite,2,432,256
UP,110,283,2,Bassanite,2,432,256
UP,110,284,2,Bassanite,2,432,256
UP,110,285,2,Bassanite,2,432,256
UP,110,286,2,Bassanite,2,432,256
UP,110,287,2,Bassanite,2,432,256
UP,110,521,5,Low-Ca Pyroxene,8,432,256
UP,110,522,5,Low-Ca Pyroxene,8,432,256
UP,110,523,5,Low-Ca Pyroxene,8,432,256
UP,110,524,5,Low-Ca Pyroxene,8,432,256
UP,110,525,5,Low-Ca Pyroxene,8,432,256
UP,110,526,5,Low-Ca Pyroxene,8,432,256
UP,110,527,5,Low-Ca Pyroxene,8,432,256
UP,110,528,5,Low-Ca Pyroxene,8,432,256
UP,110,535,2,Bassanite,2,432,256
UP,110,536,2,Bassanite,2,432,256
UP,110,537,2,Bassanite,2,432,256
UP,110,538,2,Bassanite,2,432,256
UP,110,539,2,Bassanite,2,432,256
UP,110,540,2,Bassanite,2,432,256
UP,110,541,2,Bassanite,2,432,256
UP,110,542,2,Bassanite,2,432,256
UP,110,543,2,Bassanite,2,432,256
UP,110,544,2,Bassanite,2,432,256
UP,110,545,2,Bassanite,2,432,256
UP,110,570,2,Bassanite,2,432,256
UP,110,571,2,Bassanite,2,432,256
UP,110,572,2,Bassanite,2,432,256
UP,110,573,2,Bassanite,2,432,256
UP,110,574,2,Bassanite,2,432,256
UP,110,575,2,Bassanite,2,432,256
UP,110,576,2,Bassanite,2,432,256
UP,110,577,2,Bassanite,2,432,256
UP,110,578,2,Bassanite,2,432,256
UP,110,579,2,Bassanite,2,432,256
UP,111,282,2,Bassanite,2,432,256
UP,111,283,2,Bassanite,2,432,256
UP,111,284,2,Bassanite,2,432,256
UP,111,285,2,Bassanite,2,432,256
UP,111,286,2,Bassanite,2,432,256
UP,111,287,2,Bassanite,2,432,256
UP,111,522,5,Low-Ca Pyroxene,8,432,256
UP,111,523,5,Low-Ca Pyroxene,8,432,256
UP,111,524,5,Low-Ca Pyroxene,8,432,256
UP,111,525,5,Low-Ca Pyroxene,8,432,256
UP,111,526,5,Low-Ca Pyroxene,8,432,256
UP,111,527,5,Low-Ca Pyroxene,8,432,256
UP,111,528,5,Low-Ca Pyroxene,8,432,256
UP,111,538,2,Bassanite,2,432,256
UP,111,539,2,Bassanite,2,432,256
UP,111,540,2,Bassanite,2,432,256
UP,111,541,2,Bassanite,2,432,256
UP,111,542,2,Bassanite,2,432,256
UP,111,543,2,Bassanite,2,432,256
UP,111,544,2,Bassanite,2,432,256
UP,111,545,2,Bassanite,2,432,256
UP,111,570,2,Bassanite,2,432,256
UP,111,571,2,Bassanite,2,432,256
UP,111,572,2,Bassanite,2,432,256
UP,111,573,2,Bassanite,2,432,256
UP,111,574,2,Bassanite,2,432,256
UP,111,575,2,Bassanite,2,432,256
UP,111,576,2,Bassanite,2,432,256
UP,111,577,2,Bassanite,2,432,256
UP,111,578,2,Bassanite,2,432,256
UP,111,579,2,Bassanite,2,432,256
UP,111,580,2,Bassanite,2,432,256
UP,112,523,5,Low-Ca Pyroxene,8,432,256
UP,112,524,5,Low-Ca Pyroxene,8,432,256
UP,112,525,5,Low-Ca Pyroxene,8,432,256
UP,112,526,5,Low-Ca Pyroxene,8,432,256
UP,112,527,5,Low-Ca Pyroxene,8,432,256
UP,112,528,5,Low-Ca Pyroxene,8,432,256
UP,112,529,5,Low-Ca Pyroxene,8,432,256
UP,112,572,2,Bassanite,2,432,256
UP,112,573,2,Bassanite,2,432,256
UP,112,574,2,Bassanite,2,432,256
UP,112,575,2,Bassanite,2,432,256
UP,112,576,2,Bassanite,2,432,256
UP,112,577,2,Bassanite,2,432,256
UP,112,578,2,Bassanite,2,432,256
UP,112,579,2,Bassanite,2,432,256
UP,112,580,2,Bassanite,2,432,256
UP,112,581,2,Bassanite,2,432,256
UP,113,523,5,Low-Ca Pyroxene,8,432,256
UP,113,524,5,Low-Ca Pyroxene,8,432,256
UP,113,525,5,Low-Ca Pyroxene,8,432,256
UP,113,526,5,Low-Ca Pyroxene,8,432,256
UP,113,527,5,Low-Ca Pyroxene,8,432,256
UP,113,528,5,Low-Ca Pyroxene,8,432,256
UP,113,529,5,Low-Ca Pyroxene,8,432,256
UP,113,573,2,Bassanite,2,432,256
UP,113,574,2,Bassanite,2,432,256
UP,113,575,2,Bassanite,2,432,256
UP,113,576,2,Bassanite,2,432,256
UP,113,577,2,Bassanite,2,432,256
UP,113,578,2,Bassanite,2,432,256
UP,113,579,2,Bassanite,2,432,256
UP,113,580,2,Bassanite,2,432,256
UP,113,581,2,Bassanite,2,432,256
UP,114,524,5,Low-Ca Pyroxene,8,432,256
UP,114,525,5,Low-Ca Pyroxene,8,432,256
UP,114,526,5,Low-Ca Pyroxene,8,432,256
UP,114,527,5,Low-Ca Pyroxene,8,432,256
UP,114,528,5,Low-Ca Pyroxene,8,432,256
UP,114,529,5,Low-Ca Pyroxene,8,432,256
UP,114,576,2,Bassanite,2,432,256
UP,114,577,2,Bassanite,2,432,256
UP,114,578,2,Bassanite,2,432,256
UP,114,579,2,Bassanite,2,432,256
UP,114,580,2,Bassanite,2,432,256
UP,114,581,2,Bassanite,2,432,256
UP,115,525,5,Low-Ca Pyroxene,8,432,256
UP,115,526,5,Low-Ca Pyroxene,8,432,256
UP,115,527,5,Low-Ca Pyroxene,8,432,256
UP,115,528,5,Low-Ca Pyroxene,8,432,256
UP,115,529,5,Low-Ca Pyroxene,8,432,256
UP,115,578,2,Bassanite,2,432,256
UP,115,579,2,Bassanite,2,432,256
UP,115,580,2,Bassanite,2,432,256
UP,116,117,8,Plagioclase,13,432,256
UP,116,118,8,Plagioclase,13,432,256
UP,116,119,8,Plagioclase,13,432,256
UP,116,525,5,Low-Ca Pyroxene,8,432,256
UP,116,526,5,Low-Ca Pyroxene,8,432,256
UP,116,527,5,Low-Ca Pyroxene,8,432,256
UP,116,528,5,Low-Ca Pyroxene,8,432,256
UP,116,529,5,Low-Ca Pyroxene,8,432,256
UP,116,530,5,Low-Ca Pyroxene,8,432,256
UP,117,117,8,Plagioclase,13,432,256
UP,117,118,8,Plagioclase,13,432,256
UP,117,119,8,Plagioclase,13,432,256
UP,117,526,5,Low-Ca Pyroxene,8,432,256
UP,117,527,5,Low-Ca Pyroxene,8,432,256
UP,117,528,5,Low-Ca Pyroxene,8,432,256
UP,117,529,5,Low-Ca Pyroxene,8,432,256
UP,117,530,5,Low-Ca Pyroxene,8,432,256
UP,118,117,8,Plagioclase,13,432,256
UP,118,118,8,Plagioclase,13,432,256
UP,118,119,8,Plagioclase,13,432,256
UP,118,526,5,Low-Ca Pyroxene,8,432,256
UP,118,527,5,Low-Ca Pyroxene,8,432,256
UP,118,528,5,Low-Ca Pyroxene,8,432,256
UP,118,529,5,Low-Ca Pyroxene,8,432,256
UP,118,530,5,Low-Ca Pyroxene,8,432,256
UP,119,528,5,Low-Ca Pyroxene,8,432,256
UP,119,529,5,Low-Ca Pyroxene,8,432,256
UP,119,530,5,Low-Ca Pyroxene,8,432,256
UP,120,584,5,Low-Ca Pyroxene,8,432,256
UP,120,585,5,Low-Ca Pyroxene,8,432,256
UP,120,586,5,Low-Ca Pyroxene,8,432,256
UP,120,587,5,Low-Ca Pyroxene,8,432,256
UP,120,588,5,Low-Ca Pyroxene,8,432,256
UP,120,589,5,Low-Ca Pyroxene,8,432,256
UP,120,590,5,Low-Ca Pyroxene,8,432,256
UP,121,583,5,Low-Ca Pyroxene,8,432,256
UP,121,584,5,Low-Ca Pyroxene,8,432,256
UP,121,585,5,Low-Ca Pyroxene,8,432,256
UP,121,586,5,Low-Ca Pyroxene,8,432,256
UP,121,587,5,Low-Ca Pyroxene,8,432,256
UP,121,588,5,Low-Ca Pyroxene,8,432,256
UP,121,589,5,Low-Ca Pyroxene,8,432,256
UP,121,590,5,Low-Ca Pyroxene,8,432,256
UP,121,591,5,Low-Ca Pyroxene,8,432,256
UP,121,592,5,Low-Ca Pyroxene,8,432,256
UP,122,583,5,Low-Ca Pyroxene,8,432,256
UP,122,584,5,Low-Ca Pyroxene,8,432,256
UP,122,585,5,Low-Ca Pyroxene,8,432,256
UP,122,586,5,Low-Ca Pyroxene,8,432,256
UP,122,587,5,Low-Ca Pyroxene,8,432,256
UP,122,588,5,Low-Ca Pyroxene,8,432,256
UP,122,589,5,Low-Ca Pyroxene,8,432,256
UP,122,590,5,Low-Ca Pyroxene,8,432,256
UP,122,591,5,Low-Ca Pyroxene,8,432,256
UP,122,592,5,Low-Ca Pyroxene,8,432,256
UP,122,593,5,Low-Ca Pyroxene,8,432,256
UP,122,594,5,Low-Ca Pyroxene,8,432,256
UP,123,584,5,Low-Ca Pyroxene,8,432,256
UP,123,585,5,Low-Ca Pyroxene,8,432,256
UP,123,586,5,Low-Ca Pyroxene,8,432,256
UP,123,587,5,Low-Ca Pyroxene,8,432,256
UP,123,588,5,Low-Ca Pyroxene,8,432,256
UP,123,589,5,Low-Ca Pyroxene,8,432,256
UP,123,590,5,Low-Ca Pyroxene,8,432,256
UP,123,591,5,Low-Ca Pyroxene,8,432,256
UP,123,592,5,Low-Ca Pyroxene,8,432,256
UP,123,593,5,Low-Ca Pyroxene,8,432,256
UP,123,594,5,Low-Ca Pyroxene,8,432,256
UP,124,563,2,Bassanite,2,432,256
UP,124,564,2,Bassanite,2,432,256
UP,124,565,2,Bassanite,2,432,256
UP,124,585,5,Low-Ca Pyroxene,8,432,256
UP,124,586,5,Low-Ca Pyroxene,8,432,256
UP,124,587,5,Low-Ca Pyroxene,8,432,256
UP,124,588,5,Low-Ca Pyroxene,8,432,256
UP,124,589,5,Low-Ca Pyroxene,8,432,256
UP,124,590,5,Low-Ca Pyroxene,8,432,256
UP,124,591,5,Low-Ca Pyroxene,8,432,256
UP,124,592,5,Low-Ca Pyroxene,8,432,256
UP,124,593,5,Low-Ca Pyroxene,8,432,256
UP,124,594,5,Low-Ca Pyroxene,8,432,256
UP,125,562,2,Bassanite,2,432,256
UP,125,563,2,Bassanite,2,432,256
UP,125,564,2,Bassanite,2,432,256
UP,125,565,2,Bassanite,2,432,256
UP,125,566,2,Bassanite,2,432,256
UP,125,567,2,Bassanite,2,432,256
UP,125,568,2,Bassanite,2,432,256
UP,125,569,2,Bassanite,2,432,256
UP,125,570,2,Bassanite,2,432,256
UP,125,588,5,Low-Ca Pyroxene,8,432,256
UP,125,589,5,Low-Ca Pyroxene,8,432,256
UP,125,590,5,Low-Ca Pyroxene,8,432,256
UP,125,591,5,Low-Ca Pyroxene,8,432,256
UP,125,592,5,Low-Ca Pyroxene,8,432,256
UP,125,593,5,Low-Ca Pyroxene,8,432,256
UP,126,562,2,Bassanite,2,432,256
UP,126,563,2,Bassanite,2,432,256
UP,126,564,2,Bassanite,2,432,256
UP,126,565,2,Bassanite,2,432,256
UP,126,566,2,Bassanite,2,432,256
UP,126,567,2,Bassanite,2,432,256
UP,126,568,2,Bassanite,2,432,256
UP,126,569,2,Bassanite,2,432,256
UP,126,570,2,Bassanite,2,432,256
UP,126,571,2,Bassanite,2,432,256
UP,126,572,2,Bassanite,2,432,256
UP,126,573,2,Bassanite,2,432,256
UP,126,574,2,Bassanite,2,432,256
UP,126,575,2,Bassanite,2,432,256
UP,127,562,2,Bassanite,2,432,256
UP,127,563,2,Bassanite,2,432,256
UP,127,564,2,Bassanite,2,432,256
UP,127,565,2,Bassanite,2,432,256
UP,127,566,2,Bassanite,2,432,256
UP,127,567,2,Bassanite,2,432,256
UP,127,568,2,Bassanite,2,432,256
UP,127,569,2,Bassanite,2,432,256
UP,127,570,2,Bassanite,2,432,256
UP,127,571,2,Bassanite,2,432,256
UP,127,572,2,Bassanite,2,432,256
UP,127,573,2,Bassanite,2,432,256
UP,127,574,2,Bassanite,2,432,256
UP,127,575,2,Bassanite,2,432,256
UP,127,576,2,Bassanite,2,432,256
UP,127,577,2,Bassanite,2,432,256
UP,127,578,2,Bassanite,2,432,256
UP,128,563,2,Bassanite,2,432,256
UP,128,564,2,Bassanite,2,432,256
UP,128,565,2,Bassanite,2,432,256
UP,128,566,2,Bassanite,2,432,256
UP,128,567,2,Bassanite,2,432,256
UP,128,568,2,Bassanite,2,432,256
UP,128,569,2,Bassanite,2,432,256
UP,128,570,2,Bassanite,2,432,256
UP,128,571,2,Bassanite,2,432,256
UP,128,572,2,Bassanite,2,432,256
UP,128,573,2,Bassanite,2,432,256
UP,128,574,2,Bassanite,2,432,256
UP,128,575,2,Bassanite,2,432,256
UP,128,576,2,Bassanite,2,432,256
UP,128,577,2,Bassanite,2,432,256
UP,128,578,2,Bassanite,2,432,256
UP,128,579,2,Bassanite,2,432,256
UP,129,564,2,Bassanite,2,432,256
UP,129,565,2,Bassanite,2,432,256
UP,129,566,2,Bassanite,2,432,256
UP,129,567,2,Bassanite,2,432,256
UP,129,568,2,Bassanite,2,432,256
UP,129,569,2,Bassanite,2,432,256
UP,129,570,2,Bassanite,2,432,256
UP,129,571,2,Bassanite,2,432,256
UP,129,572,2,Bassanite,2,432,256
UP,129,573,2,Bassanite,2,432,256
UP,129,574,2,Bassanite,2,432,256
UP,129,575,2,Bassanite,2,432,256
UP,129,576,2,Bassanite,2,432,256
UP,129,577,2,Bassanite,2,432,256
UP,129,578,2,Bassanite,2,432,256
UP,129,579,2,Bassanite,2,432,256
UP,129,580,2,Bassanite,2,432,256
UP,130,568,2,Bassanite,2,432,256
UP,130,569,2,Bassanite,2,432,256
UP,130,570,2,Bassanite,2,432,256
UP,130,571,2,Bassanite,2,432,256
UP,130,572,2,Bassanite,2,432,256
UP,130,573,2,Bassanite,2,432,256
UP,130,574,2,Bassanite,2,432,256
UP,130,575,2,Bassanite,2,432,256
UP,130,576,2,Bassanite,2,432,256
UP,130,577,2,Bassanite,2,432,256
UP,130,578,2,Bassanite,2,432,256
UP,130,579,2,Bassanite,2,432,256
UP,130,580,2,Bassanite,2,432,256
UP,130,581,2,Bassanite,2,432,256
UP,131,569,2,Bassanite,2,432,256
UP,131,570,2,Bassanite,2,432,256
UP,131,571,2,Bassanite,2,432,256
UP,131,572,2,Bassanite,2,432,256
UP,131,573,2,Bassanite,2,432,256
UP,131,574,2,Bassanite,2,432,256
UP,131,575,2,Bassanite,2,432,256
UP,131,576,2,Bassanite,2,432,256
UP,131,577,2,Bassanite,2,432,256
UP,131,578,2,Bassanite,2,432,256
UP,131,579,2,Bassanite,2,432,256
UP,131,580,2,Bassanite,2,432,256
UP,131,581,2,Bassanite,2,432,256
UP,131,582,2,Bassanite,2,432,256
UP,131,583,2,Bassanite,2,432,256
UP,132,570,2,Bassanite,2,432,256
UP,132,571,2,Bassanite,2,432,256
UP,132,572,2,Bassanite,2,432,256
UP,132,573,2,Bassanite,2,432,256
UP,132,574,2,Bassanite,2,432,256
UP,132,575,2,Bassanite,2,432,256
UP,132,576,2,Bassanite,2,432,256
UP,132,577,2,Bassanite,2,432,256
UP,132,578,2,Bassanite,2,432,256
UP,132,579,2,Bassanite,2,432,256
UP,132,580,2,Bassanite,2,432,256
UP,132,581,2,Bassanite,2,432,256
UP,132,582,2,Bassanite,2,432,256
UP,132,583,2,Bassanite,2,432,256
UP,133,570,2,Bassanite,2,432,256
UP,133,571,2,Bassanite,2,432,256
UP,133,572,2,Bassanite,2,432,256
UP,133,573,2,Bassanite,2,432,256
UP,133,574,2,Bassanite,2,432,256
UP,133,575,2,Bassanite,2,432,256
UP,133,576,2,Bassanite,2,432,256
UP,133,577,2,Bassanite,2,432,256
UP,133,578,2,Bassanite,2,432,256
UP,133,579,2,Bassanite,2,432,256
UP,133,580,2,Bassanite,2,432,256
UP,133,581,2,Bassanite,2,432,256
UP,133,582,2,Bassanite,2,432,256
UP,133,583,2,Bassanite,2,432,256
UP,133,584,2,Bassanite,2,432,256
UP,133,585,2,Bassanite,2,432,256
UP,134,110,8,Plagioclase,13,432,256
UP,134,111,8,Plagioclase,13,432,256
UP,134,112,8,Plagioclase,13,432,256
UP,134,573,2,Bassanite,2,432,256
UP,134,574,2,Bassanite,2,432,256
UP,134,575,2,Bassanite,2,432,256
UP,134,576,2,Bassanite,2,432,256
UP,134,577,2,Bassanite,2,432,256
UP,134,578,2,Bassanite,2,432,256
UP,134,579,2,Bassanite,2,432,256
UP,134,580,2,Bassanite,2,432,256
UP,134,581,2,Bassanite,2,432,256
UP,134,582,2,Bassanite,2,432,256
UP,134,583,2,Bassanite,2,432,256
UP,134,584,2,Bassanite,2,432,256
UP,134,585,2,Bassanite,2,432,256
UP,135,109,8,Plagioclase,13,432,256
UP,135,110,8,Plagioclase,13,432,256
UP,135,111,8,Plagioclase,13,432,256
UP,135,112,8,Plagioclase,13,432,256
UP,135,577,2,Bassanite,2,432,256
UP,135,578,2,Bassanite,2,432,256
UP,135,579,2,Bassanite,2,432,256
UP,135,580,2,Bassanite,2,432,256
UP,135,581,2,Bassanite,2,432,256
UP,135,582,2,Bassanite,2,432,256
UP,135,583,2,Bassanite,2,432,256
UP,135,584,2,Bassanite,2,432,256
UP,135,585,2,Bassanite,2,432,256
UP,135,586,2,Bassanite,2,432,256
UP,136,110,8,Plagioclase,13,432,256
UP,136,111,8,Plagioclase,13,432,256
UP,136,112,8,Plagioclase,13,432,256
UP,136,579,2,Bassanite,2,432,256
UP,136,580,2,Bassanite,2,432,256
UP,136,581,2,Bassanite,2,432,256
UP,136,582,2,Bassanite,2,432,256
UP,136,583,2,Bassanite,2,432,256
UP,136,584,2,Bassanite,2,432,256
UP,136,585,2,Bassanite,2,432,256
UP,136,586,2,Bassanite,2,432,256
UP,136,587,2,Bassanite,2,432,256
UP,137,580,2,Bassanite,2,432,256
UP,137,581,2,Bassanite,2,432,256
UP,137,582,2,Bassanite,2,432,256
UP,137,583,2,Bassanite,2,432,256
UP,137,584,2,Bassanite,2,432,256
UP,137,585,2,Bassanite,2,432,256
UP,137,586,2,Bassanite,2,432,256
UP,137,587,2,Bassanite,2,432,256
UP,137,588,2,Bassanite,2,432,256
UP,138,581,2,Bassanite,2,432,256
UP,138,582,2,Bassanite,2,432,256
UP,138,583,2,Bassanite,2,432,256
UP,138,584,2,Bassanite,2,432,256
UP,138,585,2,Bassanite,2,432,256
UP,138,586,2,Bassanite,2,432,256
UP,138,587,2,Bassanite,2,432,256
UP,138,588,2,Bassanite,2,432,256
UP,138,589,2,Bassanite,2,432,256
UP,138,590,2,Bassanite,2,432,256
UP,139,583,2,Bassanite,2,432,256
UP,139,584,2,Bassanite,2,432,256
UP,139,585,2,Bassanite,2,432,256
UP,139,586,2,Bassanite,2,432,256
UP,139,587,2,Bassanite,2,432,256
UP,139,588,2,Bassanite,2,432,256
UP,139,589,2,Bassanite,2,432,256
UP,139,590,2,Bassanite,2,432,256
UP,139,591,2,Bassanite,2,432,256
UP,139,592,2,Bassanite,2,432,256
UP,140,584,2,Bassanite,2,432,256
UP,140,585,2,Bassanite,2,432,256
UP,140,586,2,Bassanite,2,432,256
UP,140,587,2,Bassanite,2,432,256
UP,140,588,2,Bassanite,2,432,256
UP,140,589,2,Bassanite,2,432,256
UP,140,590,2,Bassanite,2,432,256
UP,140,591,2,Bassanite,2,432,256
UP,140,592,2,Bassanite,2,432,256
UP,140,593,2,Bassanite,2,432,256
UP,141,585,2,Bassanite,2,432,256
UP,141,586,2,Bassanite,2,432,256
UP,141,587,2,Bassanite,2,432,256
UP,141,588,2,Bassanite,2,432,256
UP,141,589,2,Bassanite,2,432,256
UP,141,590,2,Bassanite,2,432,256
UP,141,591,2,Bassanite,2,432,256
UP,141,592,2,Bassanite,2,432,256
UP,141,593,2,Bassanite,2,432,256
UP,141,594,2,Bassanite,2,432,256
UP,142,586,2,Bassanite,2,432,256
UP,142,587,2,Bassanite,2,432,256
UP,142,588,2,Bassanite,2,432,256
UP,142,589,2,Bassanite,2,432,256
UP,142,590,2,Bassanite,2,432,256
UP,142,591,2,Bassanite,2,432,256
UP,142,592,2,Bassanite,2,432,256
UP,142,593,2,Bassanite,2,432,256
UP,142,594,2,Bassanite,2,432,256
UP,143,588,2,Bassanite,2,432,256
UP,143,589,2,Bassanite,2,432,256
UP,143,590,2,Bassanite,2,432,256
UP,143,591,2,Bassanite,2,432,256
UP,143,592,2,Bassanite,2,432,256
UP,143,593,2,Bassanite,2,432,256
UP,143,594,2,Bassanite,2,432,256
UP,144,588,2,Bassanite,2,432,256
UP,144,589,2,Bassanite,2,432,256
UP,144,590,2,Bassanite,2,432,256
UP,144,591,2,Bassanite,2,432,256
UP,144,592,2,Bassanite,2,432,256
UP,144,593,2,Bassanite,2,432,256
UP,144,594,2,Bassanite,2,432,256
UP,145,590,2,Bassanite,2,432,256
UP,145,591,2,Bassanite,2,432,256
UP,145,592,2,Bassanite,2,432,256
UP,145,593,2,Bassanite,2,432,256
UP,145,594,2,Bassanite,2,432,256
UP,146,592,2,Bassanite,2,432,256
UP,146,593,2,Bassanite,2,432,256
UP,146,594,2,Bassanite,2,432,256
UP,147,593,2,Bassanite,2,432,256
UP,147,594,2,Bassanite,2,432,256
UP,157,556,5,Low-Ca Pyroxene,8,432,256
UP,157,557,5,Low-Ca Pyroxene,8,432,256
UP,157,558,5,Low-Ca Pyroxene,8,432,256
UP,158,556,5,Low-Ca Pyroxene,8,432,256
UP,158,557,5,Low-Ca Pyroxene,8,432,256
UP,158,558,5,Low-Ca Pyroxene,8,432,256
UP,158,559,5,Low-Ca Pyroxene,8,432,256
UP,158,560,5,Low-Ca Pyroxene,8,432,256
UP,159,556,5,Low-Ca Pyroxene,8,432,256
UP,159,557,5,Low-Ca Pyroxene,8,432,256
UP,159,558,5,Low-Ca Pyroxene,8,432,256
UP,159,559,5,Low-Ca Pyroxene,8,432,256
UP,159,560,5,Low-Ca Pyroxene,8,432,256
UP,159,561,5,Low-Ca Pyroxene,8,432,256
UP,159,562,5,Low-Ca Pyroxene,8,432,256
UP,160,557,5,Low-Ca Pyroxene,8,432,256
UP,160,558,5,Low-Ca Pyroxene,8,432,256
UP,160,559,5,Low-Ca Pyroxene,8,432,256
UP,160,560,5,Low-Ca Pyroxene,8,432,256
UP,160,561,5,Low-Ca Pyroxene,8,432,256
UP,160,562,5,Low-Ca Pyroxene,8,432,256
UP,160,563,5,Low-Ca Pyroxene,8,432,256
UP,161,557,5,Low-Ca Pyroxene,8,432,256
UP,161,558,5,Low-Ca Pyroxene,8,432,256
UP,161,559,5,Low-Ca Pyroxene,8,432,256
UP,161,560,5,Low-Ca Pyroxene,8,432,256
UP,161,561,5,Low-Ca Pyroxene,8,432,256
UP,161,562,5,Low-Ca Pyroxene,8,432,256
UP,161,563,5,Low-Ca Pyroxene,8,432,256
UP,161,564,5,Low-Ca Pyroxene,8,432,256
UP,162,557,5,Low-Ca Pyroxene,8,432,256
UP,162,558,5,Low-Ca Pyroxene,8,432,256
UP,162,559,5,Low-Ca Pyroxene,8,432,256
UP,162,560,5,Low-Ca Pyroxene,8,432,256
UP,162,561,5,Low-Ca Pyroxene,8,432,256
UP,162,562,5,Low-Ca Pyroxene,8,432,256
UP,162,563,5,Low-Ca Pyroxene,8,432,256
UP,162,564,5,Low-Ca Pyroxene,8,432,256
UP,162,565,5,Low-Ca Pyroxene,8,432,256
UP,163,558,5,Low-Ca Pyroxene,8,432,256
UP,163,559,5,Low-Ca Pyroxene,8,432,256
UP,163,560,5,Low-Ca Pyroxene,8,432,256
UP,163,561,5,Low-Ca Pyroxene,8,432,256
UP,163,562,5,Low-Ca Pyroxene,8,432,256
UP,163,563,5,Low-Ca Pyroxene,8,432,256
UP,163,564,5,Low-Ca Pyroxene,8,432,256
UP,163,565,5,Low-Ca Pyroxene,8,432,256
UP,163,566,5,Low-Ca Pyroxene,8,432,256
UP,164,558,5,Low-Ca Pyroxene,8,432,256
UP,164,559,5,Low-Ca Pyroxene,8,432,256
UP,164,560,5,Low-Ca Pyroxene,8,432,256
UP,164,561,5,Low-Ca Pyroxene,8,432,256
UP,164,562,5,Low-Ca Pyroxene,8,432,256
UP,164,563,5,Low-Ca Pyroxene,8,432,256
UP,164,564,5,Low-Ca Pyroxene,8,432,256
UP,164,565,5,Low-Ca Pyroxene,8,432,256
UP,164,566,5,Low-Ca Pyroxene,8,432,256
UP,164,567,5,Low-Ca Pyroxene,8,432,256
UP,165,559,5,Low-Ca Pyroxene,8,432,256
UP,165,560,5,Low-Ca Pyroxene,8,432,256
UP,165,561,5,Low-Ca Pyroxene,8,432,256
UP,165,562,5,Low-Ca Pyroxene,8,432,256
UP,165,563,5,Low-Ca Pyroxene,8,432,256
UP,165,564,5,Low-Ca Pyroxene,8,432,256
UP,165,565,5,Low-Ca Pyroxene,8,432,256
UP,165,566,5,Low-Ca Pyroxene,8,432,256
UP,165,567,5,Low-Ca Pyroxene,8,432,256
UP,165,568,5,Low-Ca Pyroxene,8,432,256
UP,165,569,5,Low-Ca Pyroxene,8,432,256
UP,165,570,5,Low-Ca Pyroxene,8,432,256
UP,166,562,5,Low-Ca Pyroxene,8,432,256
UP,166,563,5,Low-Ca Pyroxene,8,432,256
UP,166,564,5,Low-Ca Pyroxene,8,432,256
UP,166,565,5,Low-Ca Pyroxene,8,432,256
UP,166,566,5,Low-Ca Pyroxene,8,432,256
UP,166,567,5,Low-Ca Pyroxene,8,432,256
UP,166,568,5,Low-Ca Pyroxene,8,432,256
UP,166,569,5,Low-Ca Pyroxene,8,432,256
UP,166,570,5,Low-Ca Pyroxene,8,432,256
UP,166,571,5,Low-Ca Pyroxene,8,432,256
UP,166,572,5,Low-Ca Pyroxene,8,432,256
UP,167,564,5,Low-Ca Pyroxene,8,432,256
UP,167,565,5,Low-Ca Pyroxene,8,432,256
UP,167,566,5,Low-Ca Pyroxene,8,432,256
UP,167,567,5,Low-Ca Pyroxene,8,432,256
UP,167,568,5,Low-Ca Pyroxene,8,432,256
UP,167,569,5,Low-Ca Pyroxene,8,432,256
UP,167,570,5,Low-Ca Pyroxene,8,432,256
UP,167,571,5,Low-Ca Pyroxene,8,432,256
UP,167,572,5,Low-Ca Pyroxene,8,432,256
UP,167,573,5,Low-Ca Pyroxene,8,432,256
UP,168,567,5,Low-Ca Pyroxene,8,432,256
UP,168,568,5,Low-Ca Pyroxene,8,432,256
UP,168,569,5,Low-Ca Pyroxene,8,432,256
UP,168,570,5,Low-Ca Pyroxene,8,432,256
UP,168,571,5,Low-Ca Pyroxene,8,432,256
UP,168,572,5,Low-Ca Pyroxene,8,432,256
UP,168,573,5,Low-Ca Pyroxene,8,432,256
UP,168,574,5,Low-Ca Pyroxene,8,432,256
UP,168,575,5,Low-Ca Pyroxene,8,432,256
UP,169,571,5,Low-Ca Pyroxene,8,432,256
UP,169,572,5,Low-Ca Pyroxene,8,432,256
UP,169,573,5,Low-Ca Pyroxene,8,432,256
UP,169,574,5,Low-Ca Pyroxene,8,432,256
UP,169,575,5,Low-Ca Pyroxene,8,432,256
UP,169,576,5,Low-Ca Pyroxene,8,432,256
UP,169,577,5,Low-Ca Pyroxene,8,432,256
UP,169,578,5,Low-Ca Pyroxene,8,432,256
UP,170,572,5,Low-Ca Pyroxene,8,432,256
UP,170,573,5,Low-Ca Pyroxene,8,432,256
UP,170,574,5,Low-Ca Pyroxene,8,432,256
UP,170,575,5,Low-Ca Pyroxene,8,432,256
UP,170,576,5,Low-Ca Pyroxene,8,432,256
UP,170,577,5,Low-Ca Pyroxene,8,432,256
UP,170,578,5,Low-Ca Pyroxene,8,432,256
UP,170,579,5,Low-Ca Pyroxene,8,432,256
UP,171,575,5,Low-Ca Pyroxene,8,432,256
UP,171,576,5,Low-Ca Pyroxene,8,432,256
UP,171,577,5,Low-Ca Pyroxene,8,432,256
UP,171,578,5,Low-Ca Pyroxene,8,432,256
UP,171,579,5,Low-Ca Pyroxene,8,432,256
UP,172,577,5,Low-Ca Pyroxene,8,432,256
UP,172,578,5,Low-Ca Pyroxene,8,432,256
UP,172,579,5,Low-Ca Pyroxene,8,432,256
UP,200,104,3,High-Ca Pyroxene,6,432,256
UP,200,105,3,High-Ca Pyroxene,6,432,256
UP,201,103,3,High-Ca Pyroxene,6,432,256
UP,201,104,3,High-Ca Pyroxene,6,432,256
UP,201,105,3,High-Ca Pyroxene,6,432,256
UP,202,103,3,High-Ca Pyroxene,6,432,256
UP,202,104,3,High-Ca Pyroxene,6,432,256
UP,202,105,3,High-Ca Pyroxene,6,432,256
UP,202,106,3,High-Ca Pyroxene,6,432,256
UP,203,103,3,High-Ca Pyroxene,6,432,256
UP,203,104,3,High-Ca Pyroxene,6,432,256
UP,203,105,3,High-Ca Pyroxene,6,432,256
UP,203,106,3,High-Ca Pyroxene,6,432,256
UP,203,107,3,High-Ca Pyroxene,6,432,256
UP,204,103,3,High-Ca Pyroxene,6,432,256
UP,204,104,3,High-Ca Pyroxene,6,432,256
UP,204,105,3,High-Ca Pyroxene,6,432,256
UP,204,106,3,High-Ca Pyroxene,6,432,256
UP,204,107,3,High-Ca Pyroxene,6,432,256
UP,205,103,3,High-Ca Pyroxene,6,432,256
UP,205,104,3,High-Ca Pyroxene,6,432,256
UP,205,105,3,High-Ca Pyroxene,6,432,256
UP,205,106,3,High-Ca Pyroxene,6,432,256
UP,205,107,3,High-Ca Pyroxene,6,432,256
UP,205,116,9,Prehnite,14,432,256
UP,206,79,1,Analcime,1,432,256
UP,206,80,1,Analcime,1,432,256
UP,206,81,1,Analcime,1,432,256
UP,206,103,3,High-Ca Pyroxene,6,432,256
UP,206,104,3,High-Ca Pyroxene,6,432,256
UP,206,105,3,High-Ca Pyroxene,6,432,256
UP,206,106,3,High-Ca Pyroxene,6,432,256
UP,206,107,3,High-Ca Pyroxene,6,432,256
UP,206,108,3,High-Ca Pyroxene,6,432,256
UP,206,114,9,Prehnite,14,432,256
UP,206,115,9,Prehnite,14,432,256
UP,206,116,9,Prehnite,14,432,256
UP,206,117,9,Prehnite,14,432,256
UP,206,118,9,Prehnite,14,432,256
UP,206,119,9,Prehnite,14,432,256
UP,206,120,9,Prehnite,14,432,256
UP,206,121,9,Prehnite,14,432,256
UP,206,122,9,Prehnite,14,432,256
UP,206,123,9,Prehnite,14,432,256
UP,206,124,9,Prehnite,14,432,256
UP,206,125,9,Prehnite,14,432,256
UP,206,126,9,Prehnite,14,432,256
UP,207,77,1,Analcime,1,432,256
UP,207,78,1,Analcime,1,432,256
UP,207,79,1,Analcime,1,432,256
UP,207,80,1,Analcime,1,432,256
UP,207,81,1,Analcime,1,432,256
UP,207,82,1,Analcime,1,432,256
UP,207,83,1,Analcime,1,432,256
UP,207,103,3,High-Ca Pyroxene,6,432,256
UP,207,104,3,High-Ca Pyroxene,6,432,256
UP,207,105,3,High-Ca Pyroxene,6,432,256
UP,207,106,3,High-Ca Pyroxene,6,432,256
UP,207,107,3,High-Ca Pyroxene,6,432,256
UP,207,108,3,High-Ca Pyroxene,6,432,256
UP,207,109,3,High-Ca Pyroxene,6,432,256
UP,207,114,9,Prehnite,14,432,256
UP,207,115,9,Prehnite,14,432,256
UP,207,116,9,Prehnite,14,432,256
UP,207,117,9,Prehnite,14,432,256
UP,207,118,9,Prehnite,14,432,256
UP,207,119,9,Prehnite,14,432,256
UP,207,120,9,Prehnite,14,432,256
UP,207,121,9,Prehnite,14,432,256
UP,207,122,9,Prehnite,14,432,256
UP,207,123,9,Prehnite,14,432,256
UP,207,124,9,Prehnite,14,432,256
UP,207,125,9,Prehnite,14,432,256
UP,207,126,9,Prehnite,14,432,256
UP,207,127,9,Prehnite,14,432,256
UP,207,128,9,Prehnite,14,432,256
UP,207,129,9,Prehnite,14,432,256
UP,207,130,9,Prehnite,14,432,256
UP,207,131,9,Prehnite,14,432,256
UP,208,76,1,Analcime,1,432,256
UP,208,77,1,Analcime,1,432,256
UP,208,78,1,Analcime,1,432,256
UP,208,79,1,Analcime,1,432,256
UP,208,80,1,Analcime,1,432,256
UP,208,81,1,Analcime,1,432,256
UP,208,82,1,Analcime,1,432,256
UP,208,83,1,Analcime,1,432,256
UP,208,103,3,High-Ca Pyroxene,6,432,256
UP,208,104,3,High-Ca Pyroxene,6,432,256
UP,208,105,3,High-Ca Pyroxene,6,432,256
UP,208,106,3,High-Ca Pyroxene,6,432,256
UP,208,107,3,High-Ca Pyroxene,6,432,256
UP,208,108,3,High-Ca Pyroxene,6,432,256
UP,208,109,3,High-Ca Pyroxene,6,432,256
UP,208,114,9,Prehnite,14,432,256
UP,208,115,9,Prehnite,14,432,256
UP,208,116,9,Prehnite,14,432,256
UP,208,117,9,Prehnite,14,432,256
UP,208,118,9,Prehnite,14,432,256
UP,208,119,9,Prehnite,14,432,256
UP,208,120,9,Prehnite,14,432,256
UP,208,121,9,Prehnite,14,432,256
UP,208,122,9,Prehnite,14,432,256
UP,208,123,9,Prehnite,14,432,256
UP,208,124,9,Prehnite,14,432,256
UP,208,125,9,Prehnite,14,432,256
UP,208,126,9,Prehnite,14,432,256
UP,208,127,9,Prehnite,14,432,256
UP,208,128,9,Prehnite,14,432,256
UP,208,129,9,Prehnite,14,432,256
UP,208,130,9,Prehnite,14,432,256
UP,208,131,9,Prehnite,14,432,256
UP,208,132,9,Prehnite,14,432,256
UP,208,133,9,Prehnite,14,432,256
UP,208,134,9,Prehnite,14,432,256
UP,208,135,9,Prehnite,14,432,256
UP,208,136,9,Prehnite,14,432,256
UP,209,76,1,Analcime,1,432,256
UP,209,77,1,Analcime,1,432,256
UP,209,78,1,Analcime,1,432,256
UP,209,79,1,Analcime,1,432,256
UP,209,80,1,Analcime,1,432,256
UP,209,81,1,Analcime,1,432,256
UP,209,82,1,Analcime,1,432,256
UP,209,104,3,High-Ca Pyroxene,6,432,256
UP,209,105,3,High-Ca Pyroxene,6,432,256
UP,209,106,3,High-Ca Pyroxene,6,432,256
UP,209,107,3,High-Ca Pyroxene,6,432,256
UP,209,108,3,High-Ca Pyroxene,6,432,256
UP,209,109,3,High-Ca Pyroxene,6,432,256
UP,209,110,3,High-Ca Pyroxene,6,432,256
UP,209,114,9,Prehnite,14,432,256
UP,209,115,9,Prehnite,14,432,256
UP,209,116,9,Prehnite,14,432,256
UP,209,117,9,Prehnite,14,432,256
UP,209,118,9,Prehnite,14,432,256
UP,209,119,9,Prehnite,14,432,256
UP,209,120,9,Prehnite,14,432,256
UP,209,121,9,Prehnite,14,432,256
UP,209,122,9,Prehnite,14,432,256
UP,209,123,9,Prehnite,14,432,256
UP,209,124,9,Prehnite,14,432,256
UP,209,125,9,Prehnite,14,432,256
UP,209,126,9,Prehnite,14,432,256
UP,209,127,9,Prehnite,14,432,256
UP,209,128,9,Prehnite,14,432,256
UP,209,129,9,Prehnite,14,432,256
UP,209,130,9,Prehnite,14,432,256
UP,209,131,9,Prehnite,14,432,256
UP,209,132,9,Prehnite,14,432,256
UP,209,133,9,Prehnite,14,432,256
UP,209,134,9,Prehnite,14,432,256
UP,209,135,9,Prehnite,14,432,256
UP,209,136,9,Prehnite,14,432,256
UP,209,137,9,Prehnite,14,432,256
UP,209,138,9,Prehnite,14,432,256
UP,210,77,1,Analcime,1,432,256
UP,210,78,1,Analcime,1,432,256
UP,210,79,1,Analcime,1,432,256
UP,210,80,1,Analcime,1,432,256
UP,210,105,3,High-Ca Pyroxene,6,432,256
UP,210,106,3,High-Ca Pyroxene,6,432,256
UP,210,107,3,High-Ca Pyroxene,6,432,256
UP,210,108,3,High-Ca Pyroxene,6,432,256
UP,210,109,3,High-Ca Pyroxene,6,432,256
UP,210,110,3,High-Ca Pyroxene,6,432,256
UP,210,116,9,Prehnite,14,432,256
UP,210,117,9,Prehnite,14,432,256
UP,210,118,9,Prehnite,14,432,256
UP,210,119,9,Prehnite,14,432,256
UP,210,120,9,Prehnite,14,432,256
UP,210,121,9,Prehnite,14,432,256
UP,210,122,9,Prehnite,14,432,256
UP,210,123,9,Prehnite,14,432,256
UP,210,124,9,Prehnite,14,432,256
UP,210,125,9,Prehnite,14,432,256
UP,210,126,9,Prehnite,14,432,256
UP,210,127,9,Prehnite,14,432,256
UP,210,128,9,Prehnite,14,432,256
UP,210,129,9,Prehnite,14,432,256
UP,210,130,9,Prehnite,14,432,256
UP,210,131,9,Prehnite,14,432,256
UP,210,132,9,Prehnite,14,432,256
UP,210,133,9,Prehnite,14,432,256
UP,210,134,9,Prehnite,14,432,256
UP,210,135,9,Prehnite,14,432,256
UP,210,136,9,Prehnite,14,432,256
UP,210,137,9,Prehnite,14,432,256
UP,210,138,9,Prehnite,14,432,256
UP,211,106,3,High-Ca Pyroxene,6,432,256
UP,211,107,3,High-Ca Pyroxene,6,432,256
UP,211,108,3,High-Ca Pyroxene,6,432,256
UP,211,109,3,High-Ca Pyroxene,6,432,256
UP,211,110,3,High-Ca Pyroxene,6,432,256
UP,211,111,3,High-Ca Pyroxene,6,432,256
UP,211,125,9,Prehnite,14,432,256
UP,211,126,9,Prehnite,14,432,256
UP,211,127,9,Prehnite,14,432,256
UP,211,128,9,Prehnite,14,432,256
UP,211,129,9,Prehnite,14,432,256
UP,211,130,9,Prehnite,14,432,256
UP,211,131,9,Prehnite,14,432,256
UP,211,132,9,Prehnite,14,432,256
UP,211,133,9,Prehnite,14,432,256
UP,211,134,9,Prehnite,14,432,256
UP,211,135,9,Prehnite,14,432,256
UP,211,136,9,Prehnite,14,432,256
UP,211,137,9,Prehnite,14,432,256
UP,211,138,9,Prehnite,14,432,256
UP,211,270,5,Low-Ca Pyroxene,8,432,256
UP,211,271,5,Low-Ca Pyroxene,8,432,256
UP,211,272,5,Low-Ca Pyroxene,8,432,256
UP,212,109,3,High-Ca Pyroxene,6,432,256
UP,212,110,3,High-Ca Pyroxene,6,432,256
UP,212,111,3,High-Ca Pyroxene,6,432,256
UP,212,132,9,Prehnite,14,432,256
UP,212,133,9,Prehnite,14,432,256
UP,212,134,9,Prehnite,14,432,256
UP,212,135,9,Prehnite,14,432,256
UP,212,136,9,Prehnite,14,432,256
UP,212,137,9,Prehnite,14,432,256
UP,212,269,5,Low-Ca Pyroxene,8,432,256
UP,212,270,5,Low-Ca Pyroxene,8,432,256
UP,212,271,5,Low-Ca Pyroxene,8,432,256
UP,212,272,5,Low-Ca Pyroxene,8,432,256
UP,212,273,5,Low-Ca Pyroxene,8,432,256
UP,213,143,9,Prehnite,14,432,256
UP,213,144,9,Prehnite,14,432,256
UP,213,145,9,Prehnite,14,432,256
UP,213,269,5,Low-Ca Pyroxene,8,432,256
UP,213,270,5,Low-Ca Pyroxene,8,432,256
UP,213,271,5,Low-Ca Pyroxene,8,432,256
UP,213,272,5,Low-Ca Pyroxene,8,432,256
UP,213,273,5,Low-Ca Pyroxene,8,432,256
UP,214,29,1,Analcime,1,432,256
UP,214,30,1,Analcime,1,432,256
UP,214,31,1,Analcime,1,432,256
UP,214,32,1,Analcime,1,432,256
UP,214,33,1,Analcime,1,432,256
UP,214,143,9,Prehnite,14,432,256
UP,214,144,9,Prehnite,14,432,256
UP,214,145,9,Prehnite,14,432,256
UP,214,268,5,Low-Ca Pyroxene,8,432,256
UP,214,269,5,Low-Ca Pyroxene,8,432,256
UP,214,270,5,Low-Ca Pyroxene,8,432,256
UP,214,271,5,Low-Ca Pyroxene,8,432,256
UP,214,272,5,Low-Ca Pyroxene,8,432,256
UP,214,273,5,Low-Ca Pyroxene,8,432,256
UP,215,28,1,Analcime,1,432,256
UP,215,29,1,Analcime,1,432,256
UP,215,30,1,Analcime,1,432,256
UP,215,31,1,Analcime,1,432,256
UP,215,32,1,Analcime,1,432,256
UP,215,33,1,Analcime,1,432,256
UP,215,34,1,Analcime,1,432,256
UP,215,60,1,Analcime,1,432,256
UP,215,61,1,Analcime,1,432,256
UP,215,62,1,Analcime,1,432,256
UP,215,63,1,Analcime,1,432,256
UP,215,64,1,Analcime,1,432,256
UP,215,136,3,High-Ca Pyroxene,6,432,256
UP,215,137,3,High-Ca Pyroxene,6,432,256
UP,215,138,3,High-Ca Pyroxene,6,432,256
UP,215,143,9,Prehnite,14,432,256
UP,215,144,9,Prehnite,14,432,256
UP,215,145,9,Prehnite,14,432,256
UP,215,267,5,Low-Ca Pyroxene,8,432,256
UP,215,268,5,Low-Ca Pyroxene,8,432,256
UP,215,269,5,Low-Ca Pyroxene,8,432,256
UP,215,270,5,Low-Ca Pyroxene,8,432,256
UP,215,271,5,Low-Ca Pyroxene,8,432,256
UP,215,272,5,Low-Ca Pyroxene,8,432,256
UP,215,273,5,Low-Ca Pyroxene,8,432,256
UP,216,27,1,Analcime,1,432,256
UP,216,28,1,Analcime,1,432,256
UP,216,29,1,Analcime,1,432,256
UP,216,30,1,Analcime,1,432,256
UP,216,31,1,Analcime,1,432,256
UP,216,32,1,Analcime,1,432,256
UP,216,33,1,Analcime,1,432,256
UP,216,34,1,Analcime,1,432,256
UP,216,35,1,Analcime,1,432,256
UP,216,57,1,Analcime,1,432,256
UP,216,58,1,Analcime,1,432,256
UP,216,59,1,Analcime,1,432,256
UP,216,60,1,Analcime,1,432,256
UP,216,61,1,Analcime,1,432,256
UP,216,62,1,Analcime,1,432,256
UP,216,63,1,Analcime,1,432,256
UP,216,64,1,Analcime,1,432,256
UP,216,136,3,High-Ca Pyroxene,6,432,256
UP,216,137,3,High-Ca Pyroxene,6,432,256
UP,216,138,3,High-Ca Pyroxene,6,432,256
UP,216,139,3,High-Ca Pyroxene,6,432,256
UP,216,140,3,High-Ca Pyroxene,6,432,256
UP,216,266,5,Low-Ca Pyroxene,8,432,256
UP,216,267,5,Low-Ca Pyroxene,8,432,256
UP,216,268,5,Low-Ca Pyroxene,8,432,256
UP,216,269,5,Low-Ca Pyroxene,8,432,256
UP,216,270,5,Low-Ca Pyroxene,8,432,256
UP,216,271,5,Low-Ca Pyroxene,8,432,256
UP,216,272,5,Low-Ca Pyroxene,8,432,256
UP,216,273,5,Low-Ca Pyroxene,8,432,256
UP,217,27,1,Analcime,1,432,256
UP,217,28,1,Analcime,1,432,256
UP,217,29,1,Analcime,1,432,256
UP,217,30,1,Analcime,1,432,256
UP,217,31,1,Analcime,1,432,256
UP,217,32,1,Analcime,1,432,256
UP,217,33,1,Analcime,1,432,256
UP,217,34,1,Analcime,1,432,256
UP,217,35,1,Analcime,1,432,256
UP,217,36,1,Analcime,1,432,256
UP,217,55,1,Analcime,1,432,256
UP,217,56,1,Analcime,1,432,256
UP,217,57,1,Analcime,1,432,256
UP,217,58,1,Analcime,1,432,256
UP,217,59,1,Analcime,1,432,256
UP,217,60,1,Analcime,1,432,256
UP,217,61,1,Analcime,1,432,256
UP,217,62,1,Analcime,1,432,256
UP,217,63,1,Analcime,1,432,256
UP,217,64,1,Analcime,1,432,256
UP,217,136,3,High-Ca Pyroxene,6,432,256
UP,217,137,3,High-Ca Pyroxene,6,432,256
UP,217,138,3,High-Ca Pyroxene,6,432,256
UP,217,139,3,High-Ca Pyroxene,6,432,256
UP,217,140,3,High-Ca Pyroxene,6,432,256
UP,217,141,3,High-Ca Pyroxene,6,432,256
UP,217,152,9,Prehnite,14,432,256
UP,217,153,9,Prehnite,14,432,256
UP,217,265,5,Low-Ca Pyroxene,8,432,256
UP,217,266,5,Low-Ca Pyroxene,8,432,256
UP,217,267,5,Low-Ca Pyroxene,8,432,256
UP,217,268,5,Low-Ca Pyroxene,8,432,256
UP,217,269,5,Low-Ca Pyroxene,8,432,256
UP,217,270,5,Low-Ca Pyroxene,8,432,256
UP,217,271,5,Low-Ca Pyroxene,8,432,256
UP,217,272,5,Low-Ca Pyroxene,8,432,256
UP,217,273,5,Low-Ca Pyroxene,8,432,256
UP,218,27,1,Analcime,1,432,256
UP,218,28,1,Analcime,1,432,256
UP,218,29,1,Analcime,1,432,256
UP,218,30,1,Analcime,1,432,256
UP,218,31,1,Analcime,1,432,256
UP,218,32,1,Analcime,1,432,256
UP,218,33,1,Analcime,1,432,256
UP,218,34,1,Analcime,1,432,256
UP,218,35,1,Analcime,1,432,256
UP,218,36,1,Analcime,1,432,256
UP,218,52,1,Analcime,1,432,256
UP,218,53,1,Analcime,1,432,256
UP,218,54,1,Analcime,1,432,256
UP,218,55,1,Analcime,1,432,256
UP,218,56,1,Analcime,1,432,256
UP,218,57,1,Analcime,1,432,256
UP,218,58,1,Analcime,1,432,256
UP,218,59,1,Analcime,1,432,256
UP,218,136,3,High-Ca Pyroxene,6,432,256
UP,218,137,3,High-Ca Pyroxene,6,432,256
UP,218,138,3,High-Ca Pyroxene,6,432,256
UP,218,139,3,High-Ca Pyroxene,6,432,256
UP,218,140,3,High-Ca Pyroxene,6,432,256
UP,218,141,3,High-Ca Pyroxene,6,432,256
UP,218,142,3,High-Ca Pyroxene,6,432,256
UP,218,143,3,High-Ca Pyroxene,6,432,256
UP,218,152,9,Prehnite,14,432,256
UP,218,153,9,Prehnite,14,432,256
UP,218,263,5,Low-Ca Pyroxene,8,432,256
UP,218,264,5,Low-Ca Pyroxene,8,432,256
UP,218,265,5,Low-Ca Pyroxene,8,432,256
UP,218,266,5,Low-Ca Pyroxene,8,432,256
UP,218,267,5,Low-Ca Pyroxene,8,432,256
UP,218,268,5,Low-Ca Pyroxene,8,432,256
UP,218,269,5,Low-Ca Pyroxene,8,432,256
UP,218,270,5,Low-Ca Pyroxene,8,432,256
UP,218,271,5,Low-Ca Pyroxene,8,432,256
UP,218,272,5,Low-Ca Pyroxene,8,432,256
UP,218,343,4,Illite/Muscovite,7,432,256
UP,218,344,4,Illite/Muscovite,7,432,256
UP,218,345,4,Illite/Muscovite,7,432,256
UP,218,346,4,Illite/Muscovite,7,432,256
UP,219,27,1,Analcime,1,432,256
UP,219,28,1,Analcime,1,432,256
UP,219,29,1,Analcime,1,432,256
UP,219,30,1,Analcime,1,432,256
UP,219,31,1,Analcime,1,432,256
UP,219,32,1,Analcime,1,432,256
UP,219,33,1,Analcime,1,432,256
UP,219,34,1,Analcime,1,432,256
UP,219,35,1,Analcime,1,432,256
UP,219,36,1,Analcime,1,432,256
UP,219,37,1,Analcime,1,432,256
UP,219,50,1,Analcime,1,432,256
UP,219,51,1,Analcime,1,432,256
UP,219,52,1,Analcime,1,432,256
UP,219,53,1,Analcime,1,432,256
UP,219,54,1,Analcime,1,432,256
UP,219,55,1,Analcime,1,432,256
UP,219,56,1,Analcime,1,432,256
UP,219,137,3,High-Ca Pyroxene,6,432,256
UP,219,138,3,High-Ca Pyroxene,6,432,256
UP,219,139,3,High-Ca Pyroxene,6,432,256
UP,219,140,3,High-Ca Pyroxene,6,432,256
UP,219,141,3,High-Ca Pyroxene,6,432,256
UP,219,142,3,High-Ca Pyroxene,6,432,256
UP,219,143,3,High-Ca Pyroxene,6,432,256
UP,219,144,3,High-Ca Pyroxene,6,432,256
UP,219,145,3,High-Ca Pyroxene,6,432,256
UP,219,152,9,Prehnite,14,432,256
UP,219,153,9,Prehnite,14,432,256
UP,219,232,2,Bassanite,2,432,256
UP,219,233,2,Bassanite,2,432,256
UP,219,234,2,Bassanite,2,432,256
UP,219,235,2,Bassanite,2,432,256
UP,219,236,2,Bassanite,2,432,256
UP,219,261,5,Low-Ca Pyroxene,8,432,256
UP,219,262,5,Low-Ca Pyroxene,8,432,256
UP,219,263,5,Low-Ca Pyroxene,8,432,256
UP,219,264,5,Low-Ca Pyroxene,8,432,256
UP,219,265,5,Low-Ca Pyroxene,8,432,256
UP,219,266,5,Low-Ca Pyroxene,8,432,256
UP,219,267,5,Low-Ca Pyroxene,8,432,256
UP,219,268,5,Low-Ca Pyroxene,8,432,256
UP,219,269,5,Low-Ca Pyroxene,8,432,256
UP,219,270,5,Low-Ca Pyroxene,8,432,256
UP,219,271,5,Low-Ca Pyroxene,8,432,256
UP,219,272,5,Low-Ca Pyroxene,8,432,256
UP,219,343,4,Illite/Muscovite,7,432,256
UP,219,344,4,Illite/Muscovite,7,432,256
UP,219,345,4,Illite/Muscovite,7,432,256
UP,219,346,4,Illite/Muscovite,7,432,256
UP,220,27,1,Analcime,1,432,256
UP,220,28,1,Analcime,1,432,256
UP,220,29,1,Analcime,1,432,256
UP,220,30,1,Analcime,1,432,256
UP,220,31,1,Analcime,1,432,256
UP,220,32,1,Analcime,1,432,256
UP,220,33,1,Analcime,1,432,256
UP,220,34,1,Analcime,1,432,256
UP,220,35,1,Analcime,1,432,256
UP,220,36,1,Analcime,1,432,256
UP,220,37,1,Analcime,1,432,256
UP,220,50,1,Analcime,1,432,256
UP,220,51,1,Analcime,1,432,256
UP,220,52,1,Analcime,1,432,256
UP,220,53,1,Analcime,1,432,256
UP,220,139,3,High-Ca Pyroxene,6,432,256
UP,220,140,3,High-Ca Pyroxene,6,432,256
UP,220,141,3,High-Ca Pyroxene,6,432,256
UP,220,142,3,High-Ca Pyroxene,6,432,256
UP,220,143,3,High-Ca Pyroxene,6,432,256
UP,220,144,3,High-Ca Pyroxene,6,432,256
UP,220,145,3,High-Ca Pyroxene,6,432,256
UP,220,146,3,High-Ca Pyroxene,6,432,256
UP,220,152,9,Prehnite,14,432,256
UP,220,153,9,Prehnite,14,432,256
UP,220,230,2,Bassanite,2,432,256
UP,220,231,2,Bassanite,2,432,256
UP,220,232,2,Bassanite,2,432,256
UP,220,233,2,Bassanite,2,432,256
UP,220,234,2,Bassanite,2,432,256
UP,220,235,2,Bassanite,2,432,256
UP,220,236,2,Bassanite,2,432,256
UP,220,237,2,Bassanite,2,432,256
UP,220,238,2,Bassanite,2,432,256
UP,220,239,2,Bassanite,2,432,256
UP,220,260,5,Low-Ca Pyroxene,8,432,256
UP,220,261,5,Low-Ca Pyroxene,8,432,256
UP,220,262,5,Low-Ca Pyroxene,8,432,256
UP,220,263,5,Low-Ca Pyroxene,8,432,256
UP,220,264,5,Low-Ca Pyroxene,8,432,256
UP,220,265,5,Low-Ca Pyroxene,8,432,256
UP,220,266,5,Low-Ca Pyroxene,8,432,256
UP,220,267,5,Low-Ca Pyroxene,8,432,256
UP,220,268,5,Low-Ca Pyroxene,8,432,256
UP,220,269,5,Low-Ca Pyroxene,8,432,256
UP,220,270,5,Low-Ca Pyroxene,8,432,256
UP,220,271,5,Low-Ca Pyroxene,8,432,256
UP,220,272,5,Low-Ca Pyroxene,8,432,256
UP,220,343,4,Illite/Muscovite,7,432,256
UP,220,344,4,Illite/Muscovite,7,432,256
UP,220,345,4,Illite/Muscovite,7,432,256
UP,220,346,4,Illite/Muscovite,7,432,256
UP,221,27,1,Analcime,1,432,256
UP,221,28,1,Analcime,1,432,256
UP,221,29,1,Analcime,1,432,256
UP,221,30,1,Analcime,1,432,256
UP,221,31,1,Analcime,1,432,256
UP,221,32,1,Analcime,1,432,256
UP,221,33,1,Analcime,1,432,256
UP,221,34,1,Analcime,1,432,256
UP,221,35,1,Analcime,1,432,256
UP,221,36,1,Analcime,1,432,256
UP,221,37,1,Analcime,1,432,256
UP,221,141,3,High-Ca Pyroxene,6,432,256
UP,221,142,3,High-Ca Pyroxene,6,432,256
UP,221,143,3,High-Ca Pyroxene,6,432,256
UP,221,144,3,High-Ca Pyroxene,6,432,256
UP,221,145,3,High-Ca Pyroxene,6,432,256
UP,221,146,3,High-Ca Pyroxene,6,432,256
UP,221,147,3,High-Ca Pyroxene,6,432,256
UP,221,148,3,High-Ca Pyroxene,6,432,256
UP,221,152,9,Prehnite,14,432,256
UP,221,153,9,Prehnite,14,432,256
UP,221,229,2,Bassanite,2,432,256
UP,221,230,2,Bassanite,2,432,256
UP,221,231,2,Bassanite,2,432,256
UP,221,232,2,Bassanite,2,432,256
UP,221,233,2,Bassanite,2,432,256
UP,221,234,2,Bassanite,2,432,256
UP,221,235,2,Bassanite,2,432,256
UP,221,236,2,Bassanite,2,432,256
UP,221,237,2,Bassanite,2,432,256
UP,221,238,2,Bassanite,2,432,256
UP,221,239,2,Bassanite,2,432,256
UP,221,240,2,Bassanite,2,432,256
UP,221,259,5,Low-Ca Pyroxene,8,432,256
UP,221,260,5,Low-Ca Pyroxene,8,432,256
UP,221,261,5,Low-Ca Pyroxene,8,432,256
UP,221,262,5,Low-Ca Pyroxene,8,432,256
UP,221,263,5,Low-Ca Pyroxene,8,432,256
UP,221,264,5,Low-Ca Pyroxene,8,432,256
UP,221,265,5,Low-Ca Pyroxene,8,432,256
UP,221,266,5,Low-Ca Pyroxene,8,432,256
UP,221,267,5,Low-Ca Pyroxene,8,432,256
UP,221,268,5,Low-Ca Pyroxene,8,432,256
UP,221,269,5,Low-Ca Pyroxene,8,432,256
UP,221,270,5,Low-Ca Pyroxene,8,432,256
UP,221,271,5,Low-Ca Pyroxene,8,432,256
UP,221,272,5,Low-Ca Pyroxene,8,432,256
UP,221,343,4,Illite/Muscovite,7,432,256
UP,221,344,4,Illite/Muscovite,7,432,256
UP,221,345,4,Illite/Muscovite,7,432,256
UP,221,346,4,Illite/Muscovite,7,432,256
UP,222,141,3,High-Ca Pyroxene,6,432,256
UP,222,142,3,High-Ca Pyroxene,6,432,256
UP,222,143,3,High-Ca Pyroxene,6,432,256
UP,222,144,3,High-Ca Pyroxene,6,432,256
UP,222,145,3,High-Ca Pyroxene,6,432,256
UP,222,146,3,High-Ca Pyroxene,6,432,256
UP,222,147,3,High-Ca Pyroxene,6,432,256
UP,222,148,3,High-Ca Pyroxene,6,432,256
UP,222,149,3,High-Ca Pyroxene,6,432,256
UP,222,228,2,Bassanite,2,432,256
UP,222,229,2,Bassanite,2,432,256
UP,222,230,2,Bassanite,2,432,256
UP,222,231,2,Bassanite,2,432,256
UP,222,232,2,Bassanite,2,432,256
UP,222,233,2,Bassanite,2,432,256
UP,222,234,2,Bassanite,2,432,256
UP,222,235,2,Bassanite,2,432,256
UP,222,236,2,Bassanite,2,432,256
UP,222,237,2,Bassanite,2,432,256
UP,222,238,2,Bassanite,2,432,256
UP,222,239,2,Bassanite,2,432,256
UP,222,240,2,Bassanite,2,432,256
UP,222,241,2,Bassanite,2,432,256
UP,222,259,5,Low-Ca Pyroxene,8,432,256
UP,222,260,5,Low-Ca Pyroxene,8,432,256
UP,222,261,5,Low-Ca Pyroxene,8,432,256
UP,222,262,5,Low-Ca Pyroxene,8,432,256
UP,222,263,5,Low-Ca Pyroxene,8,432,256
UP,222,264,5,Low-Ca Pyroxene,8,432,256
UP,222,265,5,Low-Ca Pyroxene,8,432,256
UP,222,266,5,Low-Ca Pyroxene,8,432,256
UP,222,267,5,Low-Ca Pyroxene,8,432,256
UP,222,268,5,Low-Ca Pyroxene,8,432,256
UP,222,269,5,Low-Ca Pyroxene,8,432,256
UP,222,270,5,Low-Ca Pyroxene,8,432,256
UP,222,271,5,Low-Ca Pyroxene,8,432,256
UP,223,142,3,High-Ca Pyroxene,6,432,256
UP,223,143,3,High-Ca Pyroxene,6,432,256
UP,223,144,3,High-Ca Pyroxene,6,432,256
UP,223,145,3,High-Ca Pyroxene,6,432,256
UP,223,146,3,High-Ca Pyroxene,6,432,256
UP,223,147,3,High-Ca Pyroxene,6,432,256
UP,223,148,3,High-Ca Pyroxene,6,432,256
UP,223,149,3,High-Ca Pyroxene,6,432,256
UP,223,150,3,High-Ca Pyroxene,6,432,256
UP,223,228,2,Bassanite,2,432,256
UP,223,229,2,Bassanite,2,432,256
UP,223,230,2,Bassanite,2,432,256
UP,223,231,2,Bassanite,2,432,256
UP,223,232,2,Bassanite,2,432,256
UP,223,233,2,Bassanite,2,432,256
UP,223,234,2,Bassanite,2,432,256
UP,223,235,2,Bassanite,2,432,256
UP,223,236,2,Bassanite,2,432,256
UP,223,237,2,Bassanite,2,432,256
UP,223,238,2,Bassanite,2,432,256
UP,223,239,2,Bassanite,2,432,256
UP,223,240,2,Bassanite,2,432,256
UP,223,241,2,Bassanite,2,432,256
UP,223,242,2,Bassanite,2,432,256
UP,223,259,5,Low-Ca Pyroxene,8,432,256
UP,223,260,5,Low-Ca Pyroxene,8,432,256
UP,223,261,5,Low-Ca Pyroxene,8,432,256
UP,223,262,5,Low-Ca Pyroxene,8,432,256
UP,223,263,5,Low-Ca Pyroxene,8,432,256
UP,223,264,5,Low-Ca Pyroxene,8,432,256
UP,223,265,5,Low-Ca Pyroxene,8,432,256
UP,223,266,5,Low-Ca Pyroxene,8,432,256
UP,223,267,5,Low-Ca Pyroxene,8,432,256
UP,223,268,5,Low-Ca Pyroxene,8,432,256
UP,223,269,5,Low-Ca Pyroxene,8,432,256
UP,223,270,5,Low-Ca Pyroxene,8,432,256
UP,224,143,3,High-Ca Pyroxene,6,432,256
UP,224,144,3,High-Ca Pyroxene,6,432,256
UP,224,145,3,High-Ca Pyroxene,6,432,256
UP,224,146,3,High-Ca Pyroxene,6,432,256
UP,224,147,3,High-Ca Pyroxene,6,432,256
UP,224,148,3,High-Ca Pyroxene,6,432,256
UP,224,149,3,High-Ca Pyroxene,6,432,256
UP,224,150,3,High-Ca Pyroxene,6,432,256
UP,224,151,3,High-Ca Pyroxene,6,432,256
UP,224,227,2,Bassanite,2,432,256
UP,224,228,2,Bassanite,2,432,256
UP,224,229,2,Bassanite,2,432,256
UP,224,230,2,Bassanite,2,432,256
UP,224,231,2,Bassanite,2,432,256
UP,224,232,2,Bassanite,2,432,256
UP,224,233,2,Bassanite,2,432,256
UP,224,234,2,Bassanite,2,432,256
UP,224,235,2,Bassanite,2,432,256
UP,224,236,2,Bassanite,2,432,256
UP,224,237,2,Bassanite,2,432,256
UP,224,238,2,Bassanite,2,432,256
UP,224,239,2,Bassanite,2,432,256
UP,224,240,2,Bassanite,2,432,256
UP,224,241,2,Bassanite,2,432,256
UP,224,242,2,Bassanite,2,432,256
UP,224,259,5,Low-Ca Pyroxene,8,432,256
UP,224,260,5,Low-Ca Pyroxene,8,432,256
UP,224,261,5,Low-Ca Pyroxene,8,432,256
UP,224,262,5,Low-Ca Pyroxene,8,432,256
UP,224,263,5,Low-Ca Pyroxene,8,432,256
UP,224,264,5,Low-Ca Pyroxene,8,432,256
UP,224,265,5,Low-Ca Pyroxene,8,432,256
UP,224,266,5,Low-Ca Pyroxene,8,432,256
UP,224,267,5,Low-Ca Pyroxene,8,432,256
UP,224,268,5,Low-Ca Pyroxene,8,432,256
UP,224,269,5,Low-Ca Pyroxene,8,432,256
UP,225,79,1,Analcime,1,432,256
UP,225,80,1,Analcime,1,432,256
UP,225,81,1,Analcime,1,432,256
UP,225,82,1,Analcime,1,432,256
UP,225,83,1,Analcime,1,432,256
UP,225,145,3,High-Ca Pyroxene,6,432,256
UP,225,146,3,High-Ca Pyroxene,6,432,256
UP,225,147,3,High-Ca Pyroxene,6,432,256
UP,225,148,3,High-Ca Pyroxene,6,432,256
UP,225,149,3,High-Ca Pyroxene,6,432,256
UP,225,150,3,High-Ca Pyroxene,6,432,256
UP,225,151,3,High-Ca Pyroxene,6,432,256
UP,225,152,3,High-Ca Pyroxene,6,432,256
UP,225,227,2,Bassanite,2,432,256
UP,225,228,2,Bassanite,2,432,256
UP,225,229,2,Bassanite,2,432,256
UP,225,230,2,Bassanite,2,432,256
UP,225,231,2,Bassanite,2,432,256
UP,225,232,2,Bassanite,2,432,256
UP,225,233,2,Bassanite,2,432,256
UP,225,234,2,Bassanite,2,432,256
UP,225,235,2,Bassanite,2,432,256
UP,225,236,2,Bassanite,2,432,256
UP,225,237,2,Bassanite,2,432,256
UP,225,238,2,Bassanite,2,432,256
UP,225,239,2,Bassanite,2,432,256
UP,225,240,2,Bassanite,2,432,256
UP,225,241,2,Bassanite,2,432,256
UP,225,242,2,Bassanite,2,432,256
UP,225,260,5,Low-Ca Pyroxene,8,432,256
UP,225,261,5,Low-Ca Pyroxene,8,432,256
UP,225,262,5,Low-Ca Pyroxene,8,432,256
UP,225,263,5,Low-Ca Pyroxene,8,432,256
UP,225,264,5,Low-Ca Pyroxene,8,432,256
UP,225,265,5,Low-Ca Pyroxene,8,432,256
UP,225,266,5,Low-Ca Pyroxene,8,432,256
UP,225,267,5,Low-Ca Pyroxene,8,432,256
UP,225,268,5,Low-Ca Pyroxene,8,432,256
UP,226,32,2,Bassanite,2,432,256
UP,226,33,2,Bassanite,2,432,256
UP,226,34,2,Bassanite,2,432,256
UP,226,35,2,Bassanite,2,432,256
UP,226,36,2,Bassanite,2,432,256
UP,226,37,2,Bassanite,2,432,256
UP,226,38,2,Bassanite,2,432,256
UP,226,39,2,Bassanite,2,432,256
UP,226,40,2,Bassanite,2,432,256
UP,226,41,2,Bassanite,2,432,256
UP,226,42,2,Bassanite,2,432,256
UP,226,43,2,Bassanite,2,432,256
UP,226,44,2,Bassanite,2,432,256
UP,226,45,2,Bassanite,2,432,256
UP,226,46,2,Bassanite,2,432,256
UP,226,47,2,Bassanite,2,432,256
UP,226,78,1,Analcime,1,432,256
UP,226,79,1,Analcime,1,432,256
UP,226,80,1,Analcime,1,432,256
UP,226,81,1,Analcime,1,432,256
UP,226,82,1,Analcime,1,432,256
UP,226,83,1,Analcime,1,432,256
UP,226,84,1,Analcime,1,432,256
UP,226,146,3,High-Ca Pyroxene,6,432,256
UP,226,147,3,High-Ca Pyroxene,6,432,256
UP,226,148,3,High-Ca Pyroxene,6,432,256
UP,226,149,3,High-Ca Pyroxene,6,432,256
UP,226,150,3,High-Ca Pyroxene,6,432,256
UP,226,151,3,High-Ca Pyroxene,6,432,256
UP,226,152,3,High-Ca Pyroxene,6,432,256
UP,226,153,3,High-Ca Pyroxene,6,432,256
UP,226,227,2,Bassanite,2,432,256
UP,226,228,2,Bassanite,2,432,256
UP,226,229,2,Bassanite,2,432,256
UP,226,230,2,Bassanite,2,432,256
UP,226,231,2,Bassanite,2,432,256
UP,226,232,2,Bassanite,2,432,256
UP,226,233,2,Bassanite,2,432,256
UP,226,234,2,Bassanite,2,432,256
UP,226,235,2,Bassanite,2,432,256
UP,226,236,2,Bassanite,2,432,256
UP,226,237,2,Bassanite,2,432,256
UP,226,238,2,Bassanite,2,432,256
UP,226,239,2,Bassanite,2,432,256
UP,226,240,2,Bassanite,2,432,256
UP,226,241,2,Bassanite,2,432,256
UP,226,242,2,Bassanite,2,432,256
UP,226,264,5,Low-Ca Pyroxene,8,432,256
UP,226,265,5,Low-Ca Pyroxene,8,432,256
UP,226,266,5,Low-Ca Pyroxene,8,432,256
UP,227,32,2,Bassanite,2,432,256
UP,227,33,2,Bassanite,2,432,256
UP,227,34,2,Bassanite,2,432,256
UP,227,35,2,Bassanite,2,432,256
UP,227,36,2,Bassanite,2,432,256
UP,227,37,2,Bassanite,2,432,256
UP,227,38,2,Bassanite,2,432,256
UP,227,39,2,Bassanite,2,432,256
UP,227,40,2,Bassanite,2,432,256
UP,227,41,2,Bassanite,2,432,256
UP,227,42,2,Bassanite,2,432,256
UP,227,43,2,Bassanite,2,432,256
UP,227,44,2,Bassanite,2,432,256
UP,227,45,2,Bassanite,2,432,256
UP,227,46,2,Bassanite,2,432,256
UP,227,47,2,Bassanite,2,432,256
UP,227,48,2,Bassanite,2,432,256
UP,227,49,2,Bassanite,2,432,256
UP,227,50,2,Bassanite,2,432,256
UP,227,51,2,Bassanite,2,432,256
UP,227,52,2,Bassanite,2,432,256
UP,227,78,1,Analcime,1,432,256
UP,227,79,1,Analcime,1,432,256
UP,227,80,1,Analcime,1,432,256
UP,227,81,1,Analcime,1,432,256
UP,227,82,1,Analcime,1,432,256
UP,227,83,1,Analcime,1,432,256
UP,227,84,1,Analcime,1,432,256
UP,227,88,1,Analcime,1,432,256
UP,227,89,1,Analcime,1,432,256
UP,227,90,1,Analcime,1,432,256
UP,227,91,1,Analcime,1,432,256
UP,227,148,3,High-Ca Pyroxene,6,432,256
UP,227,149,3,High-Ca Pyroxene,6,432,256
UP,227,150,3,High-Ca Pyroxene,6,432,256
UP,227,151,3,High-Ca Pyroxene,6,432,256
UP,227,152,3,High-Ca Pyroxene,6,432,256
UP,227,153,3,High-Ca Pyroxene,6,432,256
UP,227,154,3,High-Ca Pyroxene,6,432,256
UP,227,155,3,High-Ca Pyroxene,6,432,256
UP,227,156,3,High-Ca Pyroxene,6,432,256
UP,227,228,2,Bassanite,2,432,256
UP,227,229,2,Bassanite,2,432,256
UP,227,230,2,Bassanite,2,432,256
UP,227,231,2,Bassanite,2,432,256
UP,227,232,2,Bassanite,2,432,256
UP,227,233,2,Bassanite,2,432,256
UP,227,234,2,Bassanite,2,432,256
UP,227,235,2,Bassanite,2,432,256
UP,227,236,2,Bassanite,2,432,256
UP,227,237,2,Bassanite,2,432,256
UP,227,238,2,Bassanite,2,432,256
UP,227,239,2,Bassanite,2,432,256
UP,227,240,2,Bassanite,2,432,256
UP,227,241,2,Bassanite,2,432,256
UP,227,355,9,Prehnite,14,432,256
UP,227,356,9,Prehnite,14,432,256
UP,227,357,9,Prehnite,14,432,256
UP,228,31,2,Bassanite,2,432,256
UP,228,32,2,Bassanite,2,432,256
UP,228,33,2,Bassanite,2,432,256
UP,228,34,2,Bassanite,2,432,256
UP,228,35,2,Bassanite,2,432,256
UP,228,36,2,Bassanite,2,432,256
UP,228,37,2,Bassanite,2,432,256
UP,228,38,2,Bassanite,2,432,256
UP,228,39,2,Bassanite,2,432,256
UP,228,40,2,Bassanite,2,432,256
UP,228,41,2,Bassanite,2,432,256
UP,228,42,2,Bassanite,2,432,256
UP,228,43,2,Bassanite,2,432,256
UP,228,44,2,Bassanite,2,432,256
UP,228,45,2,Bassanite,2,432,256
UP,228,46,2,Bassanite,2,432,256
UP,228,47,2,Bassanite,2,432,256
UP,228,48,2,Bassanite,2,432,256
UP,228,49,2,Bassanite,2,432,256
UP,228,50,2,Bassanite,2,432,256
UP,228,51,2,Bassanite,2,432,256
UP,228,52,2,Bassanite,2,432,256
UP,228,53,2,Bassanite,2,432,256
UP,228,54,2,Bassanite,2,432,256
UP,228,55,2,Bassanite,2,432,256
UP,228,78,1,Analcime,1,432,256
UP,228,79,1,Analcime,1,432,256
UP,228,80,1,Analcime,1,432,256
UP,228,81,1,Analcime,1,432,256
UP,228,82,1,Analcime,1,432,256
UP,228,83,1,Analcime,1,432,256
UP,228,84,1,Analcime,1,432,256
UP,228,88,1,Analcime,1,432,256
UP,228,89,1,Analcime,1,432,256
UP,228,90,1,Analcime,1,432,256
UP,228,91,1,Analcime,1,432,256
UP,228,92,1,Analcime,1,432,256
UP,228,149,3,High-Ca Pyroxene,6,432,256
UP,228,150,3,High-Ca Pyroxene,6,432,256
UP,228,151,3,High-Ca Pyroxene,6,432,256
UP,228,152,3,High-Ca Pyroxene,6,432,256
UP,228,153,3,High-Ca Pyroxene,6,432,256
UP,228,154,3,High-Ca Pyroxene,6,432,256
UP,228,155,3,High-Ca Pyroxene,6,432,256
UP,228,156,3,High-Ca Pyroxene,6,432,256
UP,228,157,3,High-Ca Pyroxene,6,432,256
UP,228,228,2,Bassanite,2,432,256
UP,228,229,2,Bassanite,2,432,256
UP,228,230,2,Bassanite,2,432,256
UP,228,231,2,Bassanite,2,432,256
UP,228,232,2,Bassanite,2,432,256
UP,228,233,2,Bassanite,2,432,256
UP,228,234,2,Bassanite,2,432,256
UP,228,235,2,Bassanite,2,432,256
UP,228,236,2,Bassanite,2,432,256
UP,228,237,2,Bassanite,2,432,256
UP,228,238,2,Bassanite,2,432,256
UP,228,239,2,Bassanite,2,432,256
UP,228,240,2,Bassanite,2,432,256
UP,228,241,2,Bassanite,2,432,256
UP,228,355,9,Prehnite,14,432,256
UP,228,356,9,Prehnite,14,432,256
UP,228,357,9,Prehnite,14,432,256
UP,228,358,9,Prehnite,14,432,256
UP,229,30,2,Bassanite,2,432,256
UP,229,31,2,Bassanite,2,432,256
UP,229,32,2,Bassanite,2,432,256
UP,229,33,2,Bassanite,2,432,256
UP,229,34,2,Bassanite,2,432,256
UP,229,35,2,Bassanite,2,432,256
UP,229,36,2,Bassanite,2,432,256
UP,229,37,2,Bassanite,2,432,256
UP,229,38,2,Bassanite,2,432,256
UP,229,39,2,Bassanite,2,432,256
UP,229,40,2,Bassanite,2,432,256
UP,229,41,2,Bassanite,2,432,256
UP,229,42,2,Bassanite,2,432,256
UP,229,43,2,Bassanite,2,432,256
UP,229,44,2,Bassanite,2,432,256
UP,229,45,2,Bassanite,2,432,256
UP,229,46,2,Bassanite,2,432,256
UP,229,47,2,Bassanite,2,432,256
UP,229,48,2,Bassanite,2,432,256
UP,229,49,2,Bassanite,2,432,256
UP,229,50,2,Bassanite,2,432,256
UP,229,51,2,Bassanite,2,432,256
UP,229,52,2,Bassanite,2,432,256
UP,229,53,2,Bassanite,2,432,256
UP,229,54,2,Bassanite,2,432,256
UP,229,55,2,Bassanite,2,432,256
UP,229,56,2,Bassanite,2,432,256
UP,229,78,1,Analcime,1,432,256
UP,229,79,1,Analcime,1,432,256
UP,229,80,1,Analcime,1,432,256
UP,229,81,1,Analcime,1,432,256
UP,229,82,1,Analcime,1,432,256
UP,229,83,1,Analcime,1,432,256
UP,229,84,1,Analcime,1,432,256
UP,229,87,1,Analcime,1,432,256
UP,229,88,1,Analcime,1,432,256
UP,229,89,1,Analcime,1,432,256
UP,229,90,1,Analcime,1,432,256
UP,229,91,1,Analcime,1,432,256
UP,229,92,1,Analcime,1,432,256
UP,229,93,1,Analcime,1,432,256
UP,229,137,2,Bassanite,2,432,256
UP,229,138,2,Bassanite,2,432,256
UP,229,139,2,Bassanite,2,432,256
UP,229,140,2,Bassanite,2,432,256
UP,229,141,2,Bassanite,2,432,256
UP,229,150,3,High-Ca Pyroxene,6,432,256
UP,229,151,3,High-Ca Pyroxene,6,432,256
UP,229,152,3,High-Ca Pyroxene,6,432,256
UP,229,153,3,High-Ca Pyroxene,6,432,256
UP,229,154,3,High-Ca Pyroxene,6,432,256
UP,229,155,3,High-Ca Pyroxene,6,432,256
UP,229,156,3,High-Ca Pyroxene,6,432,256
UP,229,157,3,High-Ca Pyroxene,6,432,256
UP,229,228,2,Bassanite,2,432,256
UP,229,229,2,Bassanite,2,432,256
UP,229,230,2,Bassanite,2,432,256
UP,229,231,2,Bassanite,2,432,256
UP,229,232,2,Bassanite,2,432,256
UP,229,233,2,Bassanite,2,432,256
UP,229,234,2,Bassanite,2,432,256
UP,229,235,2,Bassanite,2,432,256
UP,229,236,2,Bassanite,2,432,256
UP,229,237,2,Bassanite,2,432,256
UP,229,238,2,Bassanite,2,432,256
UP,229,239,2,Bassanite,2,432,256
UP,229,240,2,Bassanite,2,432,256
UP,229,241,2,Bassanite,2,432,256
UP,229,351,3,High-Ca Pyroxene,6,432,256
UP,229,352,3,High-Ca Pyroxene,6,432,256
UP,229,353,3,High-Ca Pyroxene,6,432,256
UP,229,354,3,High-Ca Pyroxene,6,432,256
UP,229,356,9,Prehnite,14,432,256
UP,229,357,9,Prehnite,14,432,256
UP,229,358,9,Prehnite,14,432,256
UP,229,359,9,Prehnite,14,432,256
UP,230,29,2,Bassanite,2,432,256
UP,230,30,2,Bassanite,2,432,256
UP,230,31,2,Bassanite,2,432,256
UP,230,32,2,Bassanite,2,432,256
UP,230,33,2,Bassanite,2,432,256
UP,230,34,2,Bassanite,2,432,256
UP,230,35,2,Bassanite,2,432,256
UP,230,36,2,Bassanite,2,432,256
UP,230,37,2,Bassanite,2,432,256
UP,230,38,2,Bassanite,2,432,256
UP,230,39,2,Bassanite,2,432,256
UP,230,40,2,Bassanite,2,432,256
UP,230,41,2,Bassanite,2,432,256
UP,230,42,2,Bassanite,2,432,256
UP,230,43,2,Bassanite,2,432,256
UP,230,44,2,Bassanite,2,432,256
UP,230,45,2,Bassanite,2,432,256
UP,230,46,2,Bassanite,2,432,256
UP,230,47,2,Bassanite,2,432,256
UP,230,48,2,Bassanite,2,432,256
UP,230,49,2,Bassanite,2,432,256
UP,230,50,2,Bassanite,2,432,256
UP,230,51,2,Bassanite,2,432,256
UP,230,52,2,Bassanite,2,432,256
UP,230,53,2,Bassanite,2,432,256
UP,230,54,2,Bassanite,2,432,256
UP,230,55,2,Bassanite,2,432,256
UP,230,56,2,Bassanite,2,432,256
UP,230,57,2,Bassanite,2,432,256
UP,230,78,1,Analcime,1,432,256
UP,230,79,1,Analcime,1,432,256
UP,230,80,1,Analcime,1,432,256
UP,230,81,1,Analcime,1,432,256
UP,230,82,1,Analcime,1,432,256
UP,230,83,1,Analcime,1,432,256
UP,230,87,1,Analcime,1,432,256
UP,230,88,1,Analcime,1,432,256
UP,230,89,1,Analcime,1,432,256
UP,230,90,1,Analcime,1,432,256
UP,230,91,1,Analcime,1,432,256
UP,230,92,1,Analcime,1,432,256
UP,230,93,1,Analcime,1,432,256
UP,230,94,1,Analcime,1,432,256
UP,230,135,2,Bassanite,2,432,256
UP,230,136,2,Bassanite,2,432,256
UP,230,137,2,Bassanite,2,432,256
UP,230,138,2,Bassanite,2,432,256
UP,230,139,2,Bassanite,2,432,256
UP,230,140,2,Bassanite,2,432,256
UP,230,141,2,Bassanite,2,432,256
UP,230,142,2,Bassanite,2,432,256
UP,230,151,3,High-Ca Pyroxene,6,432,256
UP,230,152,3,High-Ca Pyroxene,6,432,256
UP,230,153,3,High-Ca Pyroxene,6,432,256
UP,230,154,3,High-Ca Pyroxene,6,432,256
UP,230,155,3,High-Ca Pyroxene,6,432,256
UP,230,156,3,High-Ca Pyroxene,6,432,256
UP,230,157,3,High-Ca Pyroxene,6,432,256
UP,230,158,3,High-Ca Pyroxene,6,432,256
UP,230,229,2,Bassanite,2,432,256
UP,230,230,2,Bassanite,2,432,256
UP,230,231,2,Bassanite,2,432,256
UP,230,232,2,Bassanite,2,432,256
UP,230,233,2,Bassanite,2,432,256
UP,230,234,2,Bassanite,2,432,256
UP,230,235,2,Bassanite,2,432,256
UP,230,236,2,Bassanite,2,432,256
UP,230,237,2,Bassanite,2,432,256
UP,230,238,2,Bassanite,2,432,256
UP,230,239,2,Bassanite,2,432,256
UP,230,240,2,Bassanite,2,432,256
UP,230,350,3,High-Ca Pyroxene,6,432,256
UP,230,351,3,High-Ca Pyroxene,6,432,256
UP,230,352,3,High-Ca Pyroxene,6,432,256
UP,230,353,3,High-Ca Pyroxene,6,432,256
UP,230,354,3,High-Ca Pyroxene,6,432,256
UP,230,356,9,Prehnite,14,432,256
UP,230,357,9,Prehnite,14,432,256
UP,230,358,9,Prehnite,14,432,256
UP,230,359,9,Prehnite,14,432,256
UP,230,360,9,Prehnite,14,432,256
UP,231,29,2,Bassanite,2,432,256
UP,231,30,2,Bassanite,2,432,256
UP,231,31,2,Bassanite,2,432,256
UP,231,32,2,Bassanite,2,432,256
UP,231,33,2,Bassanite,2,432,256
UP,231,34,2,Bassanite,2,432,256
UP,231,35,2,Bassanite,2,432,256
UP,231,36,2,Bassanite,2,432,256
UP,231,37,2,Bassanite,2,432,256
UP,231,38,2,Bassanite,2,432,256
UP,231,39,2,Bassanite,2,432,256
UP,231,40,2,Bassanite,2,432,256
UP,231,41,2,Bassanite,2,432,256
UP,231,42,2,Bassanite,2,432,256
UP,231,43,2,Bassanite,2,432,256
UP,231,44,2,Bassanite,2,432,256
UP,231,45,2,Bassanite,2,432,256
UP,231,46,2,Bassanite,2,432,256
UP,231,47,2,Bassanite,2,432,256
UP,231,48,2,Bassanite,2,432,256
UP,231,49,2,Bassanite,2,432,256
UP,231,50,2,Bassanite,2,432,256
UP,231,51,2,Bassanite,2,432,256
UP,231,52,2,Bassanite,2,432,256
UP,231,53,2,Bassanite,2,432,256
UP,231,54,2,Bassanite,2,432,256
UP,231,55,2,Bassanite,2,432,256
UP,231,56,2,Bassanite,2,432,256
UP,231,57,2,Bassanite,2,432,256
UP,231,78,1,Analcime,1,432,256
UP,231,79,1,Analcime,1,432,256
UP,231,80,1,Analcime,1,432,256
UP,231,81,1,Analcime,1,432,256
UP,231,82,1,Analcime,1,432,256
UP,231,83,1,Analcime,1,432,256
UP,231,87,1,Analcime,1,432,256
UP,231,88,1,Analcime,1,432,256
UP,231,89,1,Analcime,1,432,256
UP,231,90,1,Analcime,1,432,256
UP,231,91,1,Analcime,1,432,256
UP,231,92,1,Analcime,1,432,256
UP,231,93,1,Analcime,1,432,256
UP,231,94,1,Analcime,1,432,256
UP,231,134,2,Bassanite,2,432,256
UP,231,135,2,Bassanite,2,432,256
UP,231,136,2,Bassanite,2,432,256
UP,231,137,2,Bassanite,2,432,256
UP,231,138,2,Bassanite,2,432,256
UP,231,139,2,Bassanite,2,432,256
UP,231,140,2,Bassanite,2,432,256
UP,231,141,2,Bassanite,2,432,256
UP,231,142,2,Bassanite,2,432,256
UP,231,143,2,Bassanite,2,432,256
UP,231,152,3,High-Ca Pyroxene,6,432,256
UP,231,153,3,High-Ca Pyroxene,6,432,256
UP,231,154,3,High-Ca Pyroxene,6,432,256
UP,231,155,3,High-Ca Pyroxene,6,432,256
UP,231,156,3,High-Ca Pyroxene,6,432,256
UP,231,157,3,High-Ca Pyroxene,6,432,256
UP,231,158,3,High-Ca Pyroxene,6,432,256
UP,231,159,3,High-Ca Pyroxene,6,432,256
UP,231,229,2,Bassanite,2,432,256
UP,231,230,2,Bassanite,2,432,256
UP,231,231,2,Bassanite,2,432,256
UP,231,232,2,Bassanite,2,432,256
UP,231,233,2,Bassanite,2,432,256
UP,231,234,2,Bassanite,2,432,256
UP,231,235,2,Bassanite,2,432,256
UP,231,236,2,Bassanite,2,432,256
UP,231,237,2,Bassanite,2,432,256
UP,231,238,2,Bassanite,2,432,256
UP,231,239,2,Bassanite,2,432,256
UP,231,350,3,High-Ca Pyroxene,6,432,256
UP,231,351,3,High-Ca Pyroxene,6,432,256
UP,231,352,3,High-Ca Pyroxene,6,432,256
UP,231,353,3,High-Ca Pyroxene,6,432,256
UP,231,354,3,High-Ca Pyroxene,6,432,256
UP,231,355,3,High-Ca Pyroxene,6,432,256
UP,231,357,9,Prehnite,14,432,256
UP,231,358,9,Prehnite,14,432,256
UP,231,359,9,Prehnite,14,432,256
UP,231,360,9,Prehnite,14,432,256
UP,231,361,9,Prehnite,14,432,256
UP,232,28,2,Bassanite,2,432,256
UP,232,29,2,Bassanite,2,432,256
UP,232,30,2,Bassanite,2,432,256
UP,232,31,2,Bassanite,2,432,256
UP,232,32,2,Bassanite,2,432,256
UP,232,33,2,Bassanite,2,432,256
UP,232,34,2,Bassanite,2,432,256
UP,232,35,2,Bassanite,2,432,256
UP,232,36,2,Bassanite,2,432,256
UP,232,37,2,Bassanite,2,432,256
UP,232,38,2,Bassanite,2,432,256
UP,232,39,2,Bassanite,2,432,256
UP,232,40,2,Bassanite,2,432,256
UP,232,41,2,Bassanite,2,432,256
UP,232,42,2,Bassanite,2,432,256
UP,232,43,2,Bassanite,2,432,256
UP,232,44,2,Bassanite,2,432,256
UP,232,45,2,Bassanite,2,432,256
UP,232,46,2,Bassanite,2,432,256
UP,232,47,2,Bassanite,2,432,256
UP,232,48,2,Bassanite,2,432,256
UP,232,49,2,Bassanite,2,432,256
UP,232,50,2,Bassanite,2,432,256
UP,232,51,2,Bassanite,2,432,256
UP,232,52,2,Bassanite,2,432,256
UP,232,53,2,Bassanite,2,432,256
UP,232,54,2,Bassanite,2,432,256
UP,232,55,2,Bassanite,2,432,256
UP,232,56,2,Bassanite,2,432,256
UP,232,57,2,Bassanite,2,432,256
UP,232,78,1,Analcime,1,432,256
UP,232,79,1,Analcime,1,432,256
UP,232,80,1,Analcime,1,432,256
UP,232,81,1,Analcime,1,432,256
UP,232,82,1,Analcime,1,432,256
UP,232,87,1,Analcime,1,432,256
UP,232,88,1,Analcime,1,432,256
UP,232,89,1,Analcime,1,432,256
UP,232,90,1,Analcime,1,432,256
UP,232,91,1,Analcime,1,432,256
UP,232,92,1,Analcime,1,432,256
UP,232,93,1,Analcime,1,432,256
UP,232,94,1,Analcime,1,432,256
UP,232,95,1,Analcime,1,432,256
UP,232,135,2,Bassanite,2,432,256
UP,232,136,2,Bassanite,2,432,256
UP,232,137,2,Bassanite,2,432,256
UP,232,138,2,Bassanite,2,432,256
UP,232,139,2,Bassanite,2,432,256
UP,232,140,2,Bassanite,2,432,256
UP,232,141,2,Bassanite,2,432,256
UP,232,142,2,Bassanite,2,432,256
UP,232,143,2,Bassanite,2,432,256
UP,232,144,2,Bassanite,2,432,256
UP,232,153,3,High-Ca Pyroxene,6,432,256
UP,232,154,3,High-Ca Pyroxene,6,432,256
UP,232,155,3,High-Ca Pyroxene,6,432,256
UP,232,156,3,High-Ca Pyroxene,6,432,256
UP,232,157,3,High-Ca Pyroxene,6,432,256
UP,232,158,3,High-Ca Pyroxene,6,432,256
UP,232,159,3,High-Ca Pyroxene,6,432,256
UP,232,229,2,Bassanite,2,432,256
UP,232,230,2,Bassanite,2,432,256
UP,232,231,2,Bassanite,2,432,256
UP,232,232,2,Bassanite,2,432,256
UP,232,233,2,Bassanite,2,432,256
UP,232,234,2,Bassanite,2,432,256
UP,232,235,2,Bassanite,2,432,256
UP,232,236,2,Bassanite,2,432,256
UP,232,237,2,Bassanite,2,432,256
UP,232,238,2,Bassanite,2,432,256
UP,232,350,3,High-Ca Pyroxene,6,432,256
UP,232,351,3,High-Ca Pyroxene,6,432,256
UP,232,352,3,High-Ca Pyroxene,6,432,256
UP,232,353,3,High-Ca Pyroxene,6,432,256
UP,232,354,3,High-Ca Pyroxene,6,432,256
UP,232,355,3,High-Ca Pyroxene,6,432,256
UP,232,357,9,Prehnite,14,432,256
UP,232,358,9,Prehnite,14,432,256
UP,232,359,9,Prehnite,14,432,256
UP,232,360,9,Prehnite,14,432,256
UP,232,361,9,Prehnite,14,432,256
UP,233,27,2,Bassanite,2,432,256
UP,233,28,2,Bassanite,2,432,256
UP,233,29,2,Bassanite,2,432,256
UP,233,30,2,Bassanite,2,432,256
UP,233,31,2,Bassanite,2,432,256
UP,233,32,2,Bassanite,2,432,256
UP,233,33,2,Bassanite,2,432,256
UP,233,34,2,Bassanite,2,432,256
UP,233,35,2,Bassanite,2,432,256
UP,233,36,2,Bassanite,2,432,256
UP,233,37,2,Bassanite,2,432,256
UP,233,38,2,Bassanite,2,432,256
UP,233,39,2,Bassanite,2,432,256
UP,233,40,2,Bassanite,2,432,256
UP,233,41,2,Bassanite,2,432,256
UP,233,42,2,Bassanite,2,432,256
UP,233,43,2,Bassanite,2,432,256
UP,233,44,2,Bassanite,2,432,256
UP,233,45,2,Bassanite,2,432,256
UP,233,46,2,Bassanite,2,432,256
UP,233,47,2,Bassanite,2,432,256
UP,233,48,2,Bassanite,2,432,256
UP,233,49,2,Bassanite,2,432,256
UP,233,50,2,Bassanite,2,432,256
UP,233,51,2,Bassanite,2,432,256
UP,233,52,2,Bassanite,2,432,256
UP,233,53,2,Bassanite,2,432,256
UP,233,54,2,Bassanite,2,432,256
UP,233,55,2,Bassanite,2,432,256
UP,233,56,2,Bassanite,2,432,256
UP,233,57,2,Bassanite,2,432,256
UP,233,78,1,Analcime,1,432,256
UP,233,79,1,Analcime,1,432,256
UP,233,80,1,Analcime,1,432,256
UP,233,81,1,Analcime,1,432,256
UP,233,82,1,Analcime,1,432,256
UP,233,87,1,Analcime,1,432,256
UP,233,88,1,Analcime,1,432,256
UP,233,89,1,Analcime,1,432,256
UP,233,90,1,Analcime,1,432,256
UP,233,91,1,Analcime,1,432,256
UP,233,92,1,Analcime,1,432,256
UP,233,93,1,Analcime,1,432,256
UP,233,94,1,Analcime,1,432,256
UP,233,95,1,Analcime,1,432,256
UP,233,135,2,Bassanite,2,432,256
UP,233,136,2,Bassanite,2,432,256
UP,233,137,2,Bassanite,2,432,256
UP,233,138,2,Bassanite,2,432,256
UP,233,139,2,Bassanite,2,432,256
UP,233,140,2,Bassanite,2,432,256
UP,233,141,2,Bassanite,2,432,256
UP,233,142,2,Bassanite,2,432,256
UP,233,143,2,Bassanite,2,432,256
UP,233,144,2,Bassanite,2,432,256
UP,233,145,2,Bassanite,2,432,256
UP,233,154,3,High-Ca Pyroxene,6,432,256
UP,233,155,3,High-Ca Pyroxene,6,432,256
UP,233,156,3,High-Ca Pyroxene,6,432,256
UP,233,157,3,High-Ca Pyroxene,6,432,256
UP,233,158,3,High-Ca Pyroxene,6,432,256
UP,233,159,3,High-Ca Pyroxene,6,432,256
UP,233,160,3,High-Ca Pyroxene,6,432,256
UP,233,229,2,Bassanite,2,432,256
UP,233,230,2,Bassanite,2,432,256
UP,233,231,2,Bassanite,2,432,256
UP,233,232,2,Bassanite,2,432,256
UP,233,233,2,Bassanite,2,432,256
UP,233,234,2,Bassanite,2,432,256
UP,233,235,2,Bassanite,2,432,256
UP,233,236,2,Bassanite,2,432,256
UP,233,237,2,Bassanite,2,432,256
UP,233,351,3,High-Ca Pyroxene,6,432,256
UP,233,352,3,High-Ca Pyroxene,6,432,256
UP,233,353,3,High-Ca Pyroxene,6,432,256
UP,233,354,3,High-Ca Pyroxene,6,432,256
UP,233,355,3,High-Ca Pyroxene,6,432,256
UP,233,358,9,Prehnite,14,432,256
UP,233,359,9,Prehnite,14,432,256
UP,233,360,9,Prehnite,14,432,256
UP,233,361,9,Prehnite,14,432,256
UP,234,26,2,Bassanite,2,432,256
UP,234,27,2,Bassanite,2,432,256
UP,234,28,2,Bassanite,2,432,256
UP,234,29,2,Bassanite,2,432,256
UP,234,30,2,Bassanite,2,432,256
UP,234,31,2,Bassanite,2,432,256
UP,234,32,2,Bassanite,2,432,256
UP,234,33,2,Bassanite,2,432,256
UP,234,34,2,Bassanite,2,432,256
UP,234,35,2,Bassanite,2,432,256
UP,234,36,2,Bassanite,2,432,256
UP,234,37,2,Bassanite,2,432,256
UP,234,38,2,Bassanite,2,432,256
UP,234,39,2,Bassanite,2,432,256
UP,234,40,2,Bassanite,2,432,256
UP,234,41,2,Bassanite,2,432,256
UP,234,42,2,Bassanite,2,432,256
UP,234,43,2,Bassanite,2,432,256
UP,234,44,2,Bassanite,2,432,256
UP,234,45,2,Bassanite,2,432,256
UP,234,46,2,Bassanite,2,432,256
UP,234,47,2,Bassanite,2,432,256
UP,234,48,2,Bassanite,2,432,256
UP,234,49,2,Bassanite,2,432,256
UP,234,50,2,Bassanite,2,432,256
UP,234,51,2,Bassanite,2,432,256
UP,234,52,2,Bassanite,2,432,256
UP,234,53,2,Bassanite,2,432,256
UP,234,54,2,Bassanite,2,432,256
UP,234,55,2,Bassanite,2,432,256
UP,234,56,2,Bassanite,2,432,256
UP,234,57,2,Bassanite,2,432,256
UP,234,78,1,Analcime,1,432,256
UP,234,79,1,Analcime,1,432,256
UP,234,80,1,Analcime,1,432,256
UP,234,81,1,Analcime,1,432,256
UP,234,87,1,Analcime,1,432,256
UP,234,88,1,Analcime,1,432,256
UP,234,89,1,Analcime,1,432,256
UP,234,90,1,Analcime,1,432,256
UP,234,91,1,Analcime,1,432,256
UP,234,92,1,Analcime,1,432,256
UP,234,93,1,Analcime,1,432,256
UP,234,94,1,Analcime,1,432,256
UP,234,95,1,Analcime,1,432,256
UP,234,135,2,Bassanite,2,432,256
UP,234,136,2,Bassanite,2,432,256
UP,234,137,2,Bassanite,2,432,256
UP,234,138,2,Bassanite,2,432,256
UP,234,139,2,Bassanite,2,432,256
UP,234,140,2,Bassanite,2,432,256
UP,234,141,2,Bassanite,2,432,256
UP,234,142,2,Bassanite,2,432,256
UP,234,143,2,Bassanite,2,432,256
UP,234,144,2,Bassanite,2,432,256
UP,234,145,2,Bassanite,2,432,256
UP,234,146,2,Bassanite,2,432,256
UP,234,155,3,High-Ca Pyroxene,6,432,256
UP,234,156,3,High-Ca Pyroxene,6,432,256
UP,234,157,3,High-Ca Pyroxene,6,432,256
UP,234,158,3,High-Ca Pyroxene,6,432,256
UP,234,159,3,High-Ca Pyroxene,6,432,256
UP,234,160,3,High-Ca Pyroxene,6,432,256
UP,234,230,2,Bassanite,2,432,256
UP,234,231,2,Bassanite,2,432,256
UP,234,232,2,Bassanite,2,432,256
UP,234,233,2,Bassanite,2,432,256
UP,234,234,2,Bassanite,2,432,256
UP,234,235,2,Bassanite,2,432,256
UP,234,236,2,Bassanite,2,432,256
UP,234,352,3,High-Ca Pyroxene,6,432,256
UP,234,353,3,High-Ca Pyroxene,6,432,256
UP,234,354,3,High-Ca Pyroxene,6,432,256
UP,234,355,3,High-Ca Pyroxene,6,432,256
UP,234,358,9,Prehnite,14,432,256
UP,234,359,9,Prehnite,14,432,256
UP,234,360,9,Prehnite,14,432,256
UP,234,361,9,Prehnite,14,432,256
UP,235,25,2,Bassanite,2,432,256
UP,235,26,2,Bassanite,2,432,256
UP,235,27,2,Bassanite,2,432,256
UP,235,28,2,Bassanite,2,432,256
UP,235,29,2,Bassanite,2,432,256
UP,235,30,2,Bassanite,2,432,256
UP,235,31,2,Bassanite,2,432,256
UP,235,32,2,Bassanite,2,432,256
UP,235,33,2,Bassanite,2,432,256
UP,235,34,2,Bassanite,2,432,256
UP,235,35,2,Bassanite,2,432,256
UP,235,36,2,Bassanite,2,432,256
UP,235,37,2,Bassanite,2,432,256
UP,235,38,2,Bassanite,2,432,256
UP,235,39,2,Bassanite,2,432,256
UP,235,40,2,Bassanite,2,432,256
UP,235,41,2,Bassanite,2,432,256
UP,235,42,2,Bassanite,2,432,256
UP,235,43,2,Bassanite,2,432,256
UP,235,44,2,Bassanite,2,432,256
UP,235,45,2,Bassanite,2,432,256
UP,235,46,2,Bassanite,2,432,256
UP,235,47,2,Bassanite,2,432,256
UP,235,48,2,Bassanite,2,432,256
UP,235,49,2,Bassanite,2,432,256
UP,235,50,2,Bassanite,2,432,256
UP,235,51,2,Bassanite,2,432,256
UP,235,52,2,Bassanite,2,432,256
UP,235,53,2,Bassanite,2,432,256
UP,235,54,2,Bassanite,2,432,256
UP,235,55,2,Bassanite,2,432,256
UP,235,56,2,Bassanite,2,432,256
UP,235,87,1,Analcime,1,432,256
UP,235,88,1,Analcime,1,432,256
UP,235,89,1,Analcime,1,432,256
UP,235,90,1,Analcime,1,432,256
UP,235,91,1,Analcime,1,432,256
UP,235,92,1,Analcime,1,432,256
UP,235,93,1,Analcime,1,432,256
UP,235,94,1,Analcime,1,432,256
UP,235,95,1,Analcime,1,432,256
UP,235,136,2,Bassanite,2,432,256
UP,235,137,2,Bassanite,2,432,256
UP,235,138,2,Bassanite,2,432,256
UP,235,139,2,Bassanite,2,432,256
UP,235,140,2,Bassanite,2,432,256
UP,235,141,2,Bassanite,2,432,256
UP,235,142,2,Bassanite,2,432,256
UP,235,143,2,Bassanite,2,432,256
UP,235,144,2,Bassanite,2,432,256
UP,235,145,2,Bassanite,2,432,256
UP,235,146,2,Bassanite,2,432,256
UP,235,155,3,High-Ca Pyroxene,6,432,256
UP,235,156,3,High-Ca Pyroxene,6,432,256
UP,235,157,3,High-Ca Pyroxene,6,432,256
UP,235,158,3,High-Ca Pyroxene,6,432,256
UP,235,159,3,High-Ca Pyroxene,6,432,256
UP,235,160,3,High-Ca Pyroxene,6,432,256
UP,235,161,3,High-Ca Pyroxene,6,432,256
UP,235,230,2,Bassanite,2,432,256
UP,235,231,2,Bassanite,2,432,256
UP,235,232,2,Bassanite,2,432,256
UP,235,233,2,Bassanite,2,432,256
UP,235,234,2,Bassanite,2,432,256
UP,235,235,2,Bassanite,2,432,256
UP,235,352,3,High-Ca Pyroxene,6,432,256
UP,235,353,3,High-Ca Pyroxene,6,432,256
UP,235,354,3,High-Ca Pyroxene,6,432,256
UP,235,355,3,High-Ca Pyroxene,6,432,256
UP,235,359,9,Prehnite,14,432,256
UP,235,360,9,Prehnite,14,432,256
UP,235,361,9,Prehnite,14,432,256
UP,236,25,2,Bassanite,2,432,256
UP,236,26,2,Bassanite,2,432,256
UP,236,27,2,Bassanite,2,432,256
UP,236,28,2,Bassanite,2,432,256
UP,236,29,2,Bassanite,2,432,256
UP,236,30,2,Bassanite,2,432,256
UP,236,31,2,Bassanite,2,432,256
UP,236,32,2,Bassanite,2,432,256
UP,236,33,2,Bassanite,2,432,256
UP,236,34,2,Bassanite,2,432,256
UP,236,35,2,Bassanite,2,432,256
UP,236,36,2,Bassanite,2,432,256
UP,236,37,2,Bassanite,2,432,256
UP,236,38,2,Bassanite,2,432,256
UP,236,39,2,Bassanite,2,432,256
UP,236,40,2,Bassanite,2,432,256
UP,236,41,2,Bassanite,2,432,256
UP,236,42,2,Bassanite,2,432,256
UP,236,43,2,Bassanite,2,432,256
UP,236,44,2,Bassanite,2,432,256
UP,236,45,2,Bassanite,2,432,256
UP,236,46,2,Bassanite,2,432,256
UP,236,47,2,Bassanite,2,432,256
UP,236,48,2,Bassanite,2,432,256
UP,236,49,2,Bassanite,2,432,256
UP,236,50,2,Bassanite,2,432,256
UP,236,51,2,Bassanite,2,432,256
UP,236,52,2,Bassanite,2,432,256
UP,236,53,2,Bassanite,2,432,256
UP,236,54,2,Bassanite,2,432,256
UP,236,55,2,Bassanite,2,432,256
UP,236,87,1,Analcime,1,432,256
UP,236,88,1,Analcime,1,432,256
UP,236,89,1,Analcime,1,432,256
UP,236,90,1,Analcime,1,432,256
UP,236,91,1,Analcime,1,432,256
UP,236,92,1,Analcime,1,432,256
UP,236,93,1,Analcime,1,432,256
UP,236,94,1,Analcime,1,432,256
UP,236,137,2,Bassanite,2,432,256
UP,236,138,2,Bassanite,2,432,256
UP,236,139,2,Bassanite,2,432,256
UP,236,140,2,Bassanite,2,432,256
UP,236,141,2,Bassanite,2,432,256
UP,236,142,2,Bassanite,2,432,256
UP,236,143,2,Bassanite,2,432,256
UP,236,144,2,Bassanite,2,432,256
UP,236,145,2,Bassanite,2,432,256
UP,236,146,2,Bassanite,2,432,256
UP,236,147,2,Bassanite,2,432,256
UP,236,156,3,High-Ca Pyroxene,6,432,256
UP,236,157,3,High-Ca Pyroxene,6,432,256
UP,236,158,3,High-Ca Pyroxene,6,432,256
UP,236,159,3,High-Ca Pyroxene,6,432,256
UP,236,160,3,High-Ca Pyroxene,6,432,256
UP,236,161,3,High-Ca Pyroxene,6,432,256
UP,236,231,2,Bassanite,2,432,256
UP,236,232,2,Bassanite,2,432,256
UP,236,233,2,Bassanite,2,432,256
UP,236,234,2,Bassanite,2,432,256
UP,236,353,3,High-Ca Pyroxene,6,432,256
UP,236,354,3,High-Ca Pyroxene,6,432,256
UP,236,355,3,High-Ca Pyroxene,6,432,256
UP,236,356,3,High-Ca Pyroxene,6,432,256
UP,236,359,9,Prehnite,14,432,256
UP,236,360,9,Prehnite,14,432,256
UP,236,361,9,Prehnite,14,432,256
UP,236,366,9,Prehnite,14,432,256
UP,236,367,9,Prehnite,14,432,256
UP,236,368,9,Prehnite,14,432,256
UP,236,369,9,Prehnite,14,432,256
UP,236,370,9,Prehnite,14,432,256
UP,237,24,2,Bassanite,2,432,256
UP,237,25,2,Bassanite,2,432,256
UP,237,26,2,Bassanite,2,432,256
UP,237,27,2,Bassanite,2,432,256
UP,237,28,2,Bassanite,2,432,256
UP,237,29,2,Bassanite,2,432,256
UP,237,30,2,Bassanite,2,432,256
UP,237,31,2,Bassanite,2,432,256
UP,237,32,2,Bassanite,2,432,256
UP,237,33,2,Bassanite,2,432,256
UP,237,34,2,Bassanite,2,432,256
UP,237,35,2,Bassanite,2,432,256
UP,237,36,2,Bassanite,2,432,256
UP,237,37,2,Bassanite,2,432,256
UP,237,38,2,Bassanite,2,432,256
UP,237,39,2,Bassanite,2,432,256
UP,237,40,2,Bassanite,2,432,256
UP,237,41,2,Bassanite,2,432,256
UP,237,42,2,Bassanite,2,432,256
UP,237,43,2,Bassanite,2,432,256
UP,237,44,2,Bassanite,2,432,256
UP,237,45,2,Bassanite,2,432,256
UP,237,46,2,Bassanite,2,432,256
UP,237,47,2,Bassanite,2,432,256
UP,237,48,2,Bassanite,2,432,256
UP,237,49,2,Bassanite,2,432,256
UP,237,50,2,Bassanite,2,432,256
UP,237,51,2,Bassanite,2,432,256
UP,237,52,2,Bassanite,2,432,256
UP,237,53,2,Bassanite,2,432,256
UP,237,54,2,Bassanite,2,432,256
UP,237,55,2,Bassanite,2,432,256
UP,237,87,1,Analcime,1,432,256
UP,237,88,1,Analcime,1,432,256
UP,237,89,1,Analcime,1,432,256
UP,237,90,1,Analcime,1,432,256
UP,237,91,1,Analcime,1,432,256
UP,237,92,1,Analcime,1,432,256
UP,237,93,1,Analcime,1,432,256
UP,237,94,1,Analcime,1,432,256
UP,237,138,2,Bassanite,2,432,256
UP,237,139,2,Bassanite,2,432,256
UP,237,140,2,Bassanite,2,432,256
UP,237,141,2,Bassanite,2,432,256
UP,237,142,2,Bassanite,2,432,256
UP,237,143,2,Bassanite,2,432,256
UP,237,144,2,Bassanite,2,432,256
UP,237,145,2,Bassanite,2,432,256
UP,237,146,2,Bassanite,2,432,256
UP,237,147,2,Bassanite,2,432,256
UP,237,148,2,Bassanite,2,432,256
UP,237,157,3,High-Ca Pyroxene,6,432,256
UP,237,158,3,High-Ca Pyroxene,6,432,256
UP,237,159,3,High-Ca Pyroxene,6,432,256
UP,237,160,3,High-Ca Pyroxene,6,432,256
UP,237,161,3,High-Ca Pyroxene,6,432,256
UP,237,162,3,High-Ca Pyroxene,6,432,256
UP,237,353,3,High-Ca Pyroxene,6,432,256
UP,237,354,3,High-Ca Pyroxene,6,432,256
UP,237,355,3,High-Ca Pyroxene,6,432,256
UP,237,356,3,High-Ca Pyroxene,6,432,256
UP,237,359,9,Prehnite,14,432,256
UP,237,360,9,Prehnite,14,432,256
UP,237,361,9,Prehnite,14,432,256
UP,237,365,9,Prehnite,14,432,256
UP,237,366,9,Prehnite,14,432,256
UP,237,367,9,Prehnite,14,432,256
UP,237,368,9,Prehnite,14,432,256
UP,237,369,9,Prehnite,14,432,256
UP,237,370,9,Prehnite,14,432,256
UP,238,24,2,Bassanite,2,432,256
UP,238,25,2,Bassanite,2,432,256
UP,238,26,2,Bassanite,2,432,256
UP,238,27,2,Bassanite,2,432,256
UP,238,28,2,Bassanite,2,432,256
UP,238,29,2,Bassanite,2,432,256
UP,238,30,2,Bassanite,2,432,256
UP,238,31,2,Bassanite,2,432,256
UP,238,32,2,Bassanite,2,432,256
UP,238,33,2,Bassanite,2,432,256
UP,238,34,2,Bassanite,2,432,256
UP,238,35,2,Bassanite,2,432,256
UP,238,36,2,Bassanite,2,432,256
UP,238,37,2,Bassanite,2,432,256
UP,238,38,2,Bassanite,2,432,256
UP,238,39,2,Bassanite,2,432,256
UP,238,40,2,Bassanite,2,432,256
UP,238,41,2,Bassanite,2,432,256
UP,238,42,2,Bassanite,2,432,256
UP,238,43,2,Bassanite,2,432,256
UP,238,44,2,Bassanite,2,432,256
UP,238,45,2,Bassanite,2,432,256
UP,238,46,2,Bassanite,2,432,256
UP,238,47,2,Bassanite,2,432,256
UP,238,48,2,Bassanite,2,432,256
UP,238,49,2,Bassanite,2,432,256
UP,238,50,2,Bassanite,2,432,256
UP,238,51,2,Bassanite,2,432,256
UP,238,52,2,Bassanite,2,432,256
UP,238,53,2,Bassanite,2,432,256
UP,238,54,2,Bassanite,2,432,256
UP,238,88,1,Analcime,1,432,256
UP,238,89,1,Analcime,1,432,256
UP,238,90,1,Analcime,1,432,256
UP,238,91,1,Analcime,1,432,256
UP,238,92,1,Analcime,1,432,256
UP,238,140,2,Bassanite,2,432,256
UP,238,141,2,Bassanite,2,432,256
UP,238,142,2,Bassanite,2,432,256
UP,238,143,2,Bassanite,2,432,256
UP,238,144,2,Bassanite,2,432,256
UP,238,145,2,Bassanite,2,432,256
UP,238,146,2,Bassanite,2,432,256
UP,238,147,2,Bassanite,2,432,256
UP,238,148,2,Bassanite,2,432,256
UP,238,158,3,High-Ca Pyroxene,6,432,256
UP,238,159,3,High-Ca Pyroxene,6,432,256
UP,238,160,3,High-Ca Pyroxene,6,432,256
UP,238,161,3,High-Ca Pyroxene,6,432,256
UP,238,162,3,High-Ca Pyroxene,6,432,256
UP,238,347,4,Illite/Muscovite,7,432,256
UP,238,348,4,Illite/Muscovite,7,432,256
UP,238,349,4,Illite/Muscovite,7,432,256
UP,238,350,4,Illite/Muscovite,7,432,256
UP,238,351,4,Illite/Muscovite,7,432,256
UP,238,354,3,High-Ca Pyroxene,6,432,256
UP,238,355,3,High-Ca Pyroxene,6,432,256
UP,238,356,3,High-Ca Pyroxene,6,432,256
UP,238,364,9,Prehnite,14,432,256
UP,238,365,9,Prehnite,14,432,256
UP,238,366,9,Prehnite,14,432,256
UP,238,367,9,Prehnite,14,432,256
UP,238,368,9,Prehnite,14,432,256
UP,238,369,9,Prehnite,14,432,256
UP,238,370,9,Prehnite,14,432,256
UP,238,371,9,Prehnite,14,432,256
UP,239,23,2,Bassanite,2,432,256
UP,239,24,2,Bassanite,2,432,256
UP,239,25,2,Bassanite,2,432,256
UP,239,26,2,Bassanite,2,432,256
UP,239,27,2,Bassanite,2,432,256
UP,239,28,2,Bassanite,2,432,256
UP,239,29,2,Bassanite,2,432,256
UP,239,30,2,Bassanite,2,432,256
UP,239,31,2,Bassanite,2,432,256
UP,239,32,2,Bassanite,2,432,256
UP,239,33,2,Bassanite,2,432,256
UP,239,34,2,Bassanite,2,432,256
UP,239,35,2,Bassanite,2,432,256
UP,239,36,2,Bassanite,2,432,256
UP,239,37,2,Bassanite,2,432,256
UP,239,38,2,Bassanite,2,432,256
UP,239,39,2,Bassanite,2,432,256
UP,239,40,2,Bassanite,2,432,256
UP,239,41,2,Bassanite,2,432,256
UP,239,42,2,Bassanite,2,432,256
UP,239,43,2,Bassanite,2,432,256
UP,239,44,2,Bassanite,2,432,256
UP,239,45,2,Bassanite,2,432,256
UP,239,46,2,Bassanite,2,432,256
UP,239,47,2,Bassanite,2,432,256
UP,239,48,2,Bassanite,2,432,256
UP,239,49,2,Bassanite,2,432,256
UP,239,50,2,Bassanite,2,432,256
UP,239,51,2,Bassanite,2,432,256
UP,239,52,2,Bassanite,2,432,256
UP,239,53,2,Bassanite,2,432,256
UP,239,142,2,Bassanite,2,432,256
UP,239,143,2,Bassanite,2,432,256
UP,239,144,2,Bassanite,2,432,256
UP,239,145,2,Bassanite,2,432,256
UP,239,146,2,Bassanite,2,432,256
UP,239,147,2,Bassanite,2,432,256
UP,239,148,2,Bassanite,2,432,256
UP,239,149,2,Bassanite,2,432,256
UP,239,160,3,High-Ca Pyroxene,6,432,256
UP,239,161,3,High-Ca Pyroxene,6,432,256
UP,239,162,3,High-Ca Pyroxene,6,432,256
UP,239,166,9,Prehnite,14,432,256
UP,239,167,9,Prehnite,14,432,256
UP,239,168,9,Prehnite,14,432,256
UP,239,347,4,Illite/Muscovite,7,432,256
UP,239,348,4,Illite/Muscovite,7,432,256
UP,239,349,4,Illite/Muscovite,7,432,256
UP,239,350,4,Illite/Muscovite,7,432,256
UP,239,351,4,Illite/Muscovite,7,432,256
UP,239,354,3,High-Ca Pyroxene,6,432,256
UP,239,355,3,High-Ca Pyroxene,6,432,256
UP,239,356,3,High-Ca Pyroxene,6,432,256
UP,239,364,9,Prehnite,14,432,256
UP,239,365,9,Prehnite,14,432,256
UP,239,366,9,Prehnite,14,432,256
UP,239,367,9,Prehnite,14,432,256
UP,239,368,9,Prehnite,14,432,256
UP,239,369,9,Prehnite,14,432,256
UP,239,370,9,Prehnite,14,432,256
UP,239,371,9,Prehnite,14,432,256
UP,239,372,9,Prehnite,14,432,256
UP,240,22,2,Bassanite,2,432,256
UP,240,23,2,Bassanite,2,432,256
UP,240,24,2,Bassanite,2,432,256
UP,240,25,2,Bassanite,2,432,256
UP,240,26,2,Bassanite,2,432,256
UP,240,27,2,Bassanite,2,432,256
UP,240,28,2,Bassanite,2,432,256
UP,240,29,2,Bassanite,2,432,256
UP,240,30,2,Bassanite,2,432,256
UP,240,31,2,Bassanite,2,432,256
UP,240,32,2,Bassanite,2,432,256
UP,240,33,2,Bassanite,2,432,256
UP,240,34,2,Bassanite,2,432,256
UP,240,35,2,Bassanite,2,432,256
UP,240,36,2,Bassanite,2,432,256
UP,240,37,2,Bassanite,2,432,256
UP,240,38,2,Bassanite,2,432,256
UP,240,39,2,Bassanite,2,432,256
UP,240,40,2,Bassanite,2,432,256
UP,240,41,2,Bassanite,2,432,256
UP,240,42,2,Bassanite,2,432,256
UP,240,43,2,Bassanite,2,432,256
UP,240,44,2,Bassanite,2,432,256
UP,240,45,2,Bassanite,2,432,256
UP,240,46,2,Bassanite,2,432,256
UP,240,47,2,Bassanite,2,432,256
UP,240,48,2,Bassanite,2,432,256
UP,240,49,2,Bassanite,2,432,256
UP,240,50,2,Bassanite,2,432,256
UP,240,51,2,Bassanite,2,432,256
UP,240,52,2,Bassanite,2,432,256
UP,240,53,2,Bassanite,2,432,256
UP,240,144,2,Bassanite,2,432,256
UP,240,145,2,Bassanite,2,432,256
UP,240,146,2,Bassanite,2,432,256
UP,240,147,2,Bassanite,2,432,256
UP,240,148,2,Bassanite,2,432,256
UP,240,149,2,Bassanite,2,432,256
UP,240,160,3,High-Ca Pyroxene,6,432,256
UP,240,161,3,High-Ca Pyroxene,6,432,256
UP,240,162,3,High-Ca Pyroxene,6,432,256
UP,240,166,9,Prehnite,14,432,256
UP,240,167,9,Prehnite,14,432,256
UP,240,168,9,Prehnite,14,432,256
UP,240,169,9,Prehnite,14,432,256
UP,240,347,4,Illite/Muscovite,7,432,256
UP,240,348,4,Illite/Muscovite,7,432,256
UP,240,349,4,Illite/Muscovite,7,432,256
UP,240,350,4,Illite/Muscovite,7,432,256
UP,240,351,4,Illite/Muscovite,7,432,256
UP,240,352,4,Illite/Muscovite,7,432,256
UP,240,354,3,High-Ca Pyroxene,6,432,256
UP,240,355,3,High-Ca Pyroxene,6,432,256
UP,240,356,3,High-Ca Pyroxene,6,432,256
UP,240,357,3,High-Ca Pyroxene,6,432,256
UP,240,365,9,Prehnite,14,432,256
UP,240,366,9,Prehnite,14,432,256
UP,240,367,9,Prehnite,14,432,256
UP,240,368,9,Prehnite,14,432,256
UP,240,369,9,Prehnite,14,432,256
UP,240,370,9,Prehnite,14,432,256
UP,240,371,9,Prehnite,14,432,256
UP,240,372,9,Prehnite,14,432,256
UP,241,21,2,Bassanite,2,432,256
UP,241,22,2,Bassanite,2,432,256
UP,241,23,2,Bassanite,2,432,256
UP,241,24,2,Bassanite,2,432,256
UP,241,25,2,Bassanite,2,432,256
UP,241,26,2,Bassanite,2,432,256
UP,241,27,2,Bassanite,2,432,256
UP,241,28,2,Bassanite,2,432,256
UP,241,29,2,Bassanite,2,432,256
UP,241,30,2,Bassanite,2,432,256
UP,241,31,2,Bassanite,2,432,256
UP,241,32,2,Bassanite,2,432,256
UP,241,33,2,Bassanite,2,432,256
UP,241,34,2,Bassanite,2,432,256
UP,241,35,2,Bassanite,2,432,256
UP,241,36,2,Bassanite,2,432,256
UP,241,37,2,Bassanite,2,432,256
UP,241,38,2,Bassanite,2,432,256
UP,241,39,2,Bassanite,2,432,256
UP,241,40,2,Bassanite,2,432,256
UP,241,41,2,Bassanite,2,432,256
UP,241,42,2,Bassanite,2,432,256
UP,241,43,2,Bassanite,2,432,256
UP,241,44,2,Bassanite,2,432,256
UP,241,45,2,Bassanite,2,432,256
UP,241,46,2,Bassanite,2,432,256
UP,241,47,2,Bassanite,2,432,256
UP,241,48,2,Bassanite,2,432,256
UP,241,49,2,Bassanite,2,432,256
UP,241,50,2,Bassanite,2,432,256
UP,241,51,2,Bassanite,2,432,256
UP,241,52,2,Bassanite,2,432,256
UP,241,146,2,Bassanite,2,432,256
UP,241,147,2,Bassanite,2,432,256
UP,241,148,2,Bassanite,2,432,256
UP,241,149,2,Bassanite,2,432,256
UP,241,160,3,High-Ca Pyroxene,6,432,256
UP,241,161,3,High-Ca Pyroxene,6,432,256
UP,241,162,3,High-Ca Pyroxene,6,432,256
UP,241,163,3,High-Ca Pyroxene,6,432,256
UP,241,166,9,Prehnite,14,432,256
UP,241,167,9,Prehnite,14,432,256
UP,241,168,9,Prehnite,14,432,256
UP,241,169,9,Prehnite,14,432,256
UP,241,347,4,Illite/Muscovite,7,432,256
UP,241,348,4,Illite/Muscovite,7,432,256
UP,241,349,4,Illite/Muscovite,7,432,256
UP,241,350,4,Illite/Muscovite,7,432,256
UP,241,351,4,Illite/Muscovite,7,432,256
UP,241,352,4,Illite/Muscovite,7,432,256
UP,241,354,3,High-Ca Pyroxene,6,432,256
UP,241,355,3,High-Ca Pyroxene,6,432,256
UP,241,356,3,High-Ca Pyroxene,6,432,256
UP,241,357,3,High-Ca Pyroxene,6,432,256
UP,241,365,9,Prehnite,14,432,256
UP,241,366,9,Prehnite,14,432,256
UP,241,367,9,Prehnite,14,432,256
UP,241,368,9,Prehnite,14,432,256
UP,241,369,9,Prehnite,14,432,256
UP,241,370,9,Prehnite,14,432,256
UP,241,371,9,Prehnite,14,432,256
UP,241,372,9,Prehnite,14,432,256
UP,242,20,2,Bassanite,2,432,256
UP,242,21,2,Bassanite,2,432,256
UP,242,22,2,Bassanite,2,432,256
UP,242,23,2,Bassanite,2,432,256
UP,242,24,2,Bassanite,2,432,256
UP,242,25,2,Bassanite,2,432,256
UP,242,26,2,Bassanite,2,432,256
UP,242,27,2,Bassanite,2,432,256
UP,242,28,2,Bassanite,2,432,256
UP,242,29,2,Bassanite,2,432,256
UP,242,30,2,Bassanite,2,432,256
UP,242,31,2,Bassanite,2,432,256
UP,242,32,2,Bassanite,2,432,256
UP,242,33,2,Bassanite,2,432,256
UP,242,34,2,Bassanite,2,432,256
UP,242,35,2,Bassanite,2,432,256
UP,242,36,2,Bassanite,2,432,256
UP,242,37,2,Bassanite,2,432,256
UP,242,38,2,Bassanite,2,432,256
UP,242,39,2,Bassanite,2,432,256
UP,242,40,2,Bassanite,2,432,256
UP,242,41,2,Bassanite,2,432,256
UP,242,42,2,Bassanite,2,432,256
UP,242,43,2,Bassanite,2,432,256
UP,242,44,2,Bassanite,2,432,256
UP,242,45,2,Bassanite,2,432,256
UP,242,46,2,Bassanite,2,432,256
UP,242,47,2,Bassanite,2,432,256
UP,242,48,2,Bassanite,2,432,256
UP,242,49,2,Bassanite,2,432,256
UP,242,50,2,Bassanite,2,432,256
UP,242,51,2,Bassanite,2,432,256
UP,242,146,2,Bassanite,2,432,256
UP,242,147,2,Bassanite,2,432,256
UP,242,148,2,Bassanite,2,432,256
UP,242,149,2,Bassanite,2,432,256
UP,242,150,2,Bassanite,2,432,256
UP,242,161,3,High-Ca Pyroxene,6,432,256
UP,242,162,3,High-Ca Pyroxene,6,432,256
UP,242,163,3,High-Ca Pyroxene,6,432,256
UP,242,167,9,Prehnite,14,432,256
UP,242,168,9,Prehnite,14,432,256
UP,242,169,9,Prehnite,14,432,256
UP,242,170,9,Prehnite,14,432,256
UP,242,347,4,Illite/Muscovite,7,432,256
UP,242,348,4,Illite/Muscovite,7,432,256
UP,242,349,4,Illite/Muscovite,7,432,256
UP,242,350,4,Illite/Muscovite,7,432,256
UP,242,351,4,Illite/Muscovite,7,432,256
UP,242,352,4,Illite/Muscovite,7,432,256
UP,242,355,3,High-Ca Pyroxene,6,432,256
UP,242,356,3,High-Ca Pyroxene,6,432,256
UP,242,357,3,High-Ca Pyroxene,6,432,256
UP,242,358,3,High-Ca Pyroxene,6,432,256
UP,242,365,9,Prehnite,14,432,256
UP,242,366,9,Prehnite,14,432,256
UP,242,367,9,Prehnite,14,432,256
UP,242,368,9,Prehnite,14,432,256
UP,242,369,9,Prehnite,14,432,256
UP,242,370,9,Prehnite,14,432,256
UP,242,371,9,Prehnite,14,432,256
UP,242,372,9,Prehnite,14,432,256
UP,242,373,9,Prehnite,14,432,256
UP,243,19,2,Bassanite,2,432,256
UP,243,20,2,Bassanite,2,432,256
UP,243,21,2,Bassanite,2,432,256
UP,243,22,2,Bassanite,2,432,256
UP,243,23,2,Bassanite,2,432,256
UP,243,24,2,Bassanite,2,432,256
UP,243,25,2,Bassanite,2,432,256
UP,243,26,2,Bassanite,2,432,256
UP,243,27,2,Bassanite,2,432,256
UP,243,28,2,Bassanite,2,432,256
UP,243,29,2,Bassanite,2,432,256
UP,243,30,2,Bassanite,2,432,256
UP,243,31,2,Bassanite,2,432,256
UP,243,32,2,Bassanite,2,432,256
UP,243,33,2,Bassanite,2,432,256
UP,243,34,2,Bassanite,2,432,256
UP,243,35,2,Bassanite,2,432,256
UP,243,36,2,Bassanite,2,432,256
UP,243,37,2,Bassanite,2,432,256
UP,243,38,2,Bassanite,2,432,256
UP,243,39,2,Bassanite,2,432,256
UP,243,40,2,Bassanite,2,432,256
UP,243,41,2,Bassanite,2,432,256
UP,243,42,2,Bassanite,2,432,256
UP,243,43,2,Bassanite,2,432,256
UP,243,44,2,Bassanite,2,432,256
UP,243,45,2,Bassanite,2,432,256
UP,243,46,2,Bassanite,2,432,256
UP,243,47,2,Bassanite,2,432,256
UP,243,48,2,Bassanite,2,432,256
UP,243,49,2,Bassanite,2,432,256
UP,243,50,2,Bassanite,2,432,256
UP,243,148,2,Bassanite,2,432,256
UP,243,149,2,Bassanite,2,432,256
UP,243,150,2,Bassanite,2,432,256
UP,243,151,2,Bassanite,2,432,256
UP,243,161,3,High-Ca Pyroxene,6,432,256
UP,243,162,3,High-Ca Pyroxene,6,432,256
UP,243,163,3,High-Ca Pyroxene,6,432,256
UP,243,164,3,High-Ca Pyroxene,6,432,256
UP,243,167,9,Prehnite,14,432,256
UP,243,168,9,Prehnite,14,432,256
UP,243,169,9,Prehnite,14,432,256
UP,243,170,9,Prehnite,14,432,256
UP,243,171,9,Prehnite,14,432,256
UP,243,347,4,Illite/Muscovite,7,432,256
UP,243,348,4,Illite/Muscovite,7,432,256
UP,243,349,4,Illite/Muscovite,7,432,256
UP,243,350,4,Illite/Muscovite,7,432,256
UP,243,351,4,Illite/Muscovite,7,432,256
UP,243,352,4,Illite/Muscovite,7,432,256
UP,243,355,3,High-Ca Pyroxene,6,432,256
UP,243,356,3,High-Ca Pyroxene,6,432,256
UP,243,357,3,High-Ca Pyroxene,6,432,256
UP,243,358,3,High-Ca Pyroxene,6,432,256
UP,243,365,9,Prehnite,14,432,256
UP,243,366,9,Prehnite,14,432,256
UP,243,367,9,Prehnite,14,432,256
UP,243,368,9,Prehnite,14,432,256
UP,243,369,9,Prehnite,14,432,256
UP,243,370,9,Prehnite,14,432,256
UP,243,371,9,Prehnite,14,432,256
UP,243,372,9,Prehnite,14,432,256
UP,243,373,9,Prehnite,14,432,256
UP,244,17,2,Bassanite,2,432,256
UP,244,18,2,Bassanite,2,432,256
UP,244,19,2,Bassanite,2,432,256
UP,244,20,2,Bassanite,2,432,256
UP,244,21,2,Bassanite,2,432,256
UP,244,22,2,Bassanite,2,432,256
UP,244,23,2,Bassanite,2,432,256
UP,244,24,2,Bassanite,2,432,256
UP,244,25,2,Bassanite,2,432,256
UP,244,26,2,Bassanite,2,432,256
UP,244,27,2,Bassanite,2,432,256
UP,244,28,2,Bassanite,2,432,256
UP,244,29,2,Bassanite,2,432,256
UP,244,30,2,Bassanite,2,432,256
UP,244,31,2,Bassanite,2,432,256
UP,244,32,2,Bassanite,2,432,256
UP,244,33,2,Bassanite,2,432,256
UP,244,34,2,Bassanite,2,432,256
UP,244,35,2,Bassanite,2,432,256
UP,244,36,2,Bassanite,2,432,256
UP,244,37,2,Bassanite,2,432,256
UP,244,38,2,Bassanite,2,432,256
UP,244,39,2,Bassanite,2,432,256
UP,244,40,2,Bassanite,2,432,256
UP,244,41,2,Bassanite,2,432,256
UP,244,42,2,Bassanite,2,432,256
UP,244,43,2,Bassanite,2,432,256
UP,244,44,2,Bassanite,2,432,256
UP,244,45,2,Bassanite,2,432,256
UP,244,46,2,Bassanite,2,432,256
UP,244,47,2,Bassanite,2,432,256
UP,244,48,2,Bassanite,2,432,256
UP,244,49,2,Bassanite,2,432,256
UP,244,148,2,Bassanite,2,432,256
UP,244,149,2,Bassanite,2,432,256
UP,244,150,2,Bassanite,2,432,256
UP,244,151,2,Bassanite,2,432,256
UP,244,162,3,High-Ca Pyroxene,6,432,256
UP,244,163,3,High-Ca Pyroxene,6,432,256
UP,244,164,3,High-Ca Pyroxene,6,432,256
UP,244,168,9,Prehnite,14,432,256
UP,244,169,9,Prehnite,14,432,256
UP,244,170,9,Prehnite,14,432,256
UP,244,171,9,Prehnite,14,432,256
UP,244,172,9,Prehnite,14,432,256
UP,244,347,4,Illite/Muscovite,7,432,256
UP,244,348,4,Illite/Muscovite,7,432,256
UP,244,349,4,Illite/Muscovite,7,432,256
UP,244,350,4,Illite/Muscovite,7,432,256
UP,244,351,4,Illite/Muscovite,7,432,256
UP,244,352,4,Illite/Muscovite,7,432,256
UP,244,355,3,High-Ca Pyroxene,6,432,256
UP,244,356,3,High-Ca Pyroxene,6,432,256
UP,244,357,3,High-Ca Pyroxene,6,432,256
UP,244,358,3,High-Ca Pyroxene,6,432,256
UP,244,365,9,Prehnite,14,432,256
UP,244,366,9,Prehnite,14,432,256
UP,244,367,9,Prehnite,14,432,256
UP,244,368,9,Prehnite,14,432,256
UP,244,369,9,Prehnite,14,432,256
UP,244,370,9,Prehnite,14,432,256
UP,244,371,9,Prehnite,14,432,256
UP,244,372,9,Prehnite,14,432,256
UP,244,373,9,Prehnite,14,432,256
UP,245,16,2,Bassanite,2,432,256
UP,245,17,2,Bassanite,2,432,256
UP,245,18,2,Bassanite,2,432,256
UP,245,19,2,Bassanite,2,432,256
UP,245,20,2,Bassanite,2,432,256
UP,245,21,2,Bassanite,2,432,256
UP,245,22,2,Bassanite,2,432,256
UP,245,23,2,Bassanite,2,432,256
UP,245,24,2,Bassanite,2,432,256
UP,245,25,2,Bassanite,2,432,256
UP,245,26,2,Bassanite,2,432,256
UP,245,27,2,Bassanite,2,432,256
UP,245,28,2,Bassanite,2,432,256
UP,245,29,2,Bassanite,2,432,256
UP,245,30,2,Bassanite,2,432,256
UP,245,31,2,Bassanite,2,432,256
UP,245,32,2,Bassanite,2,432,256
UP,245,33,2,Bassanite,2,432,256
UP,245,34,2,Bassanite,2,432,256
UP,245,35,2,Bassanite,2,432,256
UP,245,36,2,Bassanite,2,432,256
UP,245,37,2,Bassanite,2,432,256
UP,245,38,2,Bassanite,2,432,256
UP,245,39,2,Bassanite,2,432,256
UP,245,40,2,Bassanite,2,432,256
UP,245,41,2,Bassanite,2,432,256
UP,245,42,2,Bassanite,2,432,256
UP,245,43,2,Bassanite,2,432,256
UP,245,44,2,Bassanite,2,432,256
UP,245,45,2,Bassanite,2,432,256
UP,245,46,2,Bassanite,2,432,256
UP,245,47,2,Bassanite,2,432,256
UP,245,48,2,Bassanite,2,432,256
UP,245,149,2,Bassanite,2,432,256
UP,245,150,2,Bassanite,2,432,256
UP,245,151,2,Bassanite,2,432,256
UP,245,152,2,Bassanite,2,432,256
UP,245,162,3,High-Ca Pyroxene,6,432,256
UP,245,163,3,High-Ca Pyroxene,6,432,256
UP,245,164,3,High-Ca Pyroxene,6,432,256
UP,245,170,9,Prehnite,14,432,256
UP,245,171,9,Prehnite,14,432,256
UP,245,172,9,Prehnite,14,432,256
UP,245,177,9,Prehnite,14,432,256
UP,245,178,9,Prehnite,14,432,256
UP,245,179,9,Prehnite,14,432,256
UP,245,180,9,Prehnite,14,432,256
UP,245,347,4,Illite/Muscovite,7,432,256
UP,245,348,4,Illite/Muscovite,7,432,256
UP,245,349,4,Illite/Muscovite,7,432,256
UP,245,350,4,Illite/Muscovite,7,432,256
UP,245,351,4,Illite/Muscovite,7,432,256
UP,245,352,4,Illite/Muscovite,7,432,256
UP,245,355,3,High-Ca Pyroxene,6,432,256
UP,245,356,3,High-Ca Pyroxene,6,432,256
UP,245,357,3,High-Ca Pyroxene,6,432,256
UP,245,358,3,High-Ca Pyroxene,6,432,256
UP,245,365,9,Prehnite,14,432,256
UP,245,366,9,Prehnite,14,432,256
UP,245,367,9,Prehnite,14,432,256
UP,245,368,9,Prehnite,14,432,256
UP,245,369,9,Prehnite,14,432,256
UP,245,370,9,Prehnite,14,432,256
UP,245,371,9,Prehnite,14,432,256
UP,245,372,9,Prehnite,14,432,256
UP,245,373,9,Prehnite,14,432,256
UP,246,14,2,Bassanite,2,432,256
UP,246,15,2,Bassanite,2,432,256
UP,246,16,2,Bassanite,2,432,256
UP,246,17,2,Bassanite,2,432,256
UP,246,18,2,Bassanite,2,432,256
UP,246,19,2,Bassanite,2,432,256
UP,246,20,2,Bassanite,2,432,256
UP,246,21,2,Bassanite,2,432,256
UP,246,22,2,Bassanite,2,432,256
UP,246,23,2,Bassanite,2,432,256
UP,246,24,2,Bassanite,2,432,256
UP,246,25,2,Bassanite,2,432,256
UP,246,26,2,Bassanite,2,432,256
UP,246,27,2,Bassanite,2,432,256
UP,246,28,2,Bassanite,2,432,256
UP,246,29,2,Bassanite,2,432,256
UP,246,30,2,Bassanite,2,432,256
UP,246,31,2,Bassanite,2,432,256
UP,246,32,2,Bassanite,2,432,256
UP,246,33,2,Bassanite,2,432,256
UP,246,34,2,Bassanite,2,432,256
UP,246,35,2,Bassanite,2,432,256
UP,246,36,2,Bassanite,2,432,256
UP,246,37,2,Bassanite,2,432,256
UP,246,38,2,Bassanite,2,432,256
UP,246,39,2,Bassanite,2,432,256
UP,246,40,2,Bassanite,2,432,256
UP,246,41,2,Bassanite,2,432,256
UP,246,42,2,Bassanite,2,432,256
UP,246,43,2,Bassanite,2,432,256
UP,246,44,2,Bassanite,2,432,256
UP,246,45,2,Bassanite,2,432,256
UP,246,46,2,Bassanite,2,432,256
UP,246,47,2,Bassanite,2,432,256
UP,246,149,2,Bassanite,2,432,256
UP,246,150,2,Bassanite,2,432,256
UP,246,151,2,Bassanite,2,432,256
UP,246,152,2,Bassanite,2,432,256
UP,246,163,3,High-Ca Pyroxene,6,432,256
UP,246,164,3,High-Ca Pyroxene,6,432,256
UP,246,177,9,Prehnite,14,432,256
UP,246,178,9,Prehnite,14,432,256
UP,246,179,9,Prehnite,14,432,256
UP,246,180,9,Prehnite,14,432,256
UP,246,347,4,Illite/Muscovite,7,432,256
UP,246,348,4,Illite/Muscovite,7,432,256
UP,246,349,4,Illite/Muscovite,7,432,256
UP,246,350,4,Illite/Muscovite,7,432,256
UP,246,351,4,Illite/Muscovite,7,432,256
UP,246,352,4,Illite/Muscovite,7,432,256
UP,246,353,4,Illite/Muscovite,7,432,256
UP,246,355,3,High-Ca Pyroxene,6,432,256
UP,246,356,3,High-Ca Pyroxene,6,432,256
UP,246,357,3,High-Ca Pyroxene,6,432,256
UP,246,358,3,High-Ca Pyroxene,6,432,256
UP,246,365,9,Prehnite,14,432,256
UP,246,366,9,Prehnite,14,432,256
UP,246,367,9,Prehnite,14,432,256
UP,246,368,9,Prehnite,14,432,256
UP,246,369,9,Prehnite,14,432,256
UP,246,370,9,Prehnite,14,432,256
UP,246,371,9,Prehnite,14,432,256
UP,246,372,9,Prehnite,14,432,256
UP,246,373,9,Prehnite,14,432,256
UP,247,8,2,Bassanite,2,432,256
UP,247,9,2,Bassanite,2,432,256
UP,247,10,2,Bassanite,2,432,256
UP,247,11,2,Bassanite,2,432,256
UP,247,12,2,Bassanite,2,432,256
UP,247,13,2,Bassanite,2,432,256
UP,247,14,2,Bassanite,2,432,256
UP,247,15,2,Bassanite,2,432,256
UP,247,16,2,Bassanite,2,432,256
UP,247,17,2,Bassanite,2,432,256
UP,247,18,2,Bassanite,2,432,256
UP,247,19,2,Bassanite,2,432,256
UP,247,20,2,Bassanite,2,432,256
UP,247,21,2,Bassanite,2,432,256
UP,247,22,2,Bassanite,2,432,256
UP,247,23,2,Bassanite,2,432,256
UP,247,24,2,Bassanite,2,432,256
UP,247,25,2,Bassanite,2,432,256
UP,247,26,2,Bassanite,2,432,256
UP,247,27,2,Bassanite,2,432,256
UP,247,28,2,Bassanite,2,432,256
UP,247,29,2,Bassanite,2,432,256
UP,247,30,2,Bassanite,2,432,256
UP,247,31,2,Bassanite,2,432,256
UP,247,32,2,Bassanite,2,432,256
UP,247,33,2,Bassanite,2,432,256
UP,247,34,2,Bassanite,2,432,256
UP,247,35,2,Bassanite,2,432,256
UP,247,36,2,Bassanite,2,432,256
UP,247,37,2,Bassanite,2,432,256
UP,247,38,2,Bassanite,2,432,256
UP,247,39,2,Bassanite,2,432,256
UP,247,40,2,Bassanite,2,432,256
UP,247,41,2,Bassanite,2,432,256
UP,247,42,2,Bassanite,2,432,256
UP,247,43,2,Bassanite,2,432,256
UP,247,44,2,Bassanite,2,432,256
UP,247,45,2,Bassanite,2,432,256
UP,247,46,2,Bassanite,2,432,256
UP,247,150,2,Bassanite,2,432,256
UP,247,151,2,Bassanite,2,432,256
UP,247,152,2,Bassanite,2,432,256
UP,247,153,2,Bassanite,2,432,256
UP,247,163,3,High-Ca Pyroxene,6,432,256
UP,247,164,3,High-Ca Pyroxene,6,432,256
UP,247,177,9,Prehnite,14,432,256
UP,247,178,9,Prehnite,14,432,256
UP,247,179,9,Prehnite,14,432,256
UP,247,180,9,Prehnite,14,432,256
UP,247,347,4,Illite/Muscovite,7,432,256
UP,247,348,4,Illite/Muscovite,7,432,256
UP,247,349,4,Illite/Muscovite,7,432,256
UP,247,350,4,Illite/Muscovite,7,432,256
UP,247,351,4,Illite/Muscovite,7,432,256
UP,247,352,4,Illite/Muscovite,7,432,256
UP,247,353,4,Illite/Muscovite,7,432,256
UP,247,355,3,High-Ca Pyroxene,6,432,256
UP,247,356,3,High-Ca Pyroxene,6,432,256
UP,247,357,3,High-Ca Pyroxene,6,432,256
UP,247,358,3,High-Ca Pyroxene,6,432,256
UP,247,365,9,Prehnite,14,432,256
UP,247,366,9,Prehnite,14,432,256
UP,247,367,9,Prehnite,14,432,256
UP,247,368,9,Prehnite,14,432,256
UP,247,369,9,Prehnite,14,432,256
UP,247,370,9,Prehnite,14,432,256
UP,247,371,9,Prehnite,14,432,256
UP,247,372,9,Prehnite,14,432,256
UP,247,373,9,Prehnite,14,432,256
UP,248,2,2,Bassanite,2,432,256
UP,248,3,2,Bassanite,2,432,256
UP,248,4,2,Bassanite,2,432,256
UP,248,5,2,Bassanite,2,432,256
UP,248,6,2,Bassanite,2,432,256
UP,248,7,2,Bassanite,2,432,256
UP,248,8,2,Bassanite,2,432,256
UP,248,9,2,Bassanite,2,432,256
UP,248,10,2,Bassanite,2,432,256
UP,248,11,2,Bassanite,2,432,256
UP,248,12,2,Bassanite,2,432,256
UP,248,13,2,Bassanite,2,432,256
UP,248,14,2,Bassanite,2,432,256
UP,248,15,2,Bassanite,2,432,256
UP,248,16,2,Bassanite,2,432,256
UP,248,17,2,Bassanite,2,432,256
UP,248,18,2,Bassanite,2,432,256
UP,248,19,2,Bassanite,2,432,256
UP,248,20,2,Bassanite,2,432,256
UP,248,21,2,Bassanite,2,432,256
UP,248,22,2,Bassanite,2,432,256
UP,248,23,2,Bassanite,2,432,256
UP,248,24,2,Bassanite,2,432,256
UP,248,25,2,Bassanite,2,432,256
UP,248,26,2,Bassanite,2,432,256
UP,248,27,2,Bassanite,2,432,256
UP,248,28,2,Bassanite,2,432,256
UP,248,29,2,Bassanite,2,432,256
UP,248,30,2,Bassanite,2,432,256
UP,248,31,2,Bassanite,2,432,256
UP,248,32,2,Bassanite,2,432,256
UP,248,33,2,Bassanite,2,432,256
UP,248,34,2,Bassanite,2,432,256
UP,248,35,2,Bassanite,2,432,256
UP,248,36,2,Bassanite,2,432,256
UP,248,37,2,Bassanite,2,432,256
UP,248,38,2,Bassanite,2,432,256
UP,248,39,2,Bassanite,2,432,256
UP,248,40,2,Bassanite,2,432,256
UP,248,41,2,Bassanite,2,432,256
UP,248,42,2,Bassanite,2,432,256
UP,248,43,2,Bassanite,2,432,256
UP,248,44,2,Bassanite,2,432,256
UP,248,45,2,Bassanite,2,432,256
UP,248,150,2,Bassanite,2,432,256
UP,248,151,2,Bassanite,2,432,256
UP,248,152,2,Bassanite,2,432,256
UP,248,153,2,Bassanite,2,432,256
UP,248,154,2,Bassanite,2,432,256
UP,248,178,9,Prehnite,14,432,256
UP,248,179,9,Prehnite,14,432,256
UP,248,190,8,Plagioclase,13,432,256
UP,248,347,4,Illite/Muscovite,7,432,256
UP,248,348,4,Illite/Muscovite,7,432,256
UP,248,349,4,Illite/Muscovite,7,432,256
UP,248,350,4,Illite/Muscovite,7,432,256
UP,248,351,4,Illite/Muscovite,7,432,256
UP,248,352,4,Illite/Muscovite,7,432,256
UP,248,353,4,Illite/Muscovite,7,432,256
UP,248,355,3,High-Ca Pyroxene,6,432,256
UP,248,356,3,High-Ca Pyroxene,6,432,256
UP,248,357,3,High-Ca Pyroxene,6,432,256
UP,248,358,3,High-Ca Pyroxene,6,432,256
UP,248,364,9,Prehnite,14,432,256
UP,248,365,9,Prehnite,14,432,256
UP,248,366,9,Prehnite,14,432,256
UP,248,367,9,Prehnite,14,432,256
UP,248,368,9,Prehnite,14,432,256
UP,248,369,9,Prehnite,14,432,256
UP,248,370,9,Prehnite,14,432,256
UP,248,371,9,Prehnite,14,432,256
UP,248,372,9,Prehnite,14,432,256
UP,248,373,9,Prehnite,14,432,256
UP,249,2,2,Bassanite,2,432,256
UP,249,3,2,Bassanite,2,432,256
UP,249,4,2,Bassanite,2,432,256
UP,249,5,2,Bassanite,2,432,256
UP,249,6,2,Bassanite,2,432,256
UP,249,7,2,Bassanite,2,432,256
UP,249,8,2,Bassanite,2,432,256
UP,249,9,2,Bassanite,2,432,256
UP,249,10,2,Bassanite,2,432,256
UP,249,11,2,Bassanite,2,432,256
UP,249,12,2,Bassanite,2,432,256
UP,249,13,2,Bassanite,2,432,256
UP,249,14,2,Bassanite,2,432,256
UP,249,15,2,Bassanite,2,432,256
UP,249,16,2,Bassanite,2,432,256
UP,249,17,2,Bassanite,2,432,256
UP,249,18,2,Bassanite,2,432,256
UP,249,19,2,Bassanite,2,432,256
UP,249,20,2,Bassanite,2,432,256
UP,249,21,2,Bassanite,2,432,256
UP,249,22,2,Bassanite,2,432,256
UP,249,23,2,Bassanite,2,432,256
UP,249,24,2,Bassanite,2,432,256
UP,249,25,2,Bassanite,2,432,256
UP,249,26,2,Bassanite,2,432,256
UP,249,27,2,Bassanite,2,432,256
UP,249,28,2,Bassanite,2,432,256
UP,249,29,2,Bassanite,2,432,256
UP,249,30,2,Bassanite,2,432,256
UP,249,31,2,Bassanite,2,432,256
UP,249,32,2,Bassanite,2,432,256
UP,249,33,2,Bassanite,2,432,256
UP,249,34,2,Bassanite,2,432,256
UP,249,35,2,Bassanite,2,432,256
UP,249,36,2,Bassanite,2,432,256
UP,249,37,2,Bassanite,2,432,256
UP,249,38,2,Bassanite,2,432,256
UP,249,39,2,Bassanite,2,432,256
UP,249,40,2,Bassanite,2,432,256
UP,249,41,2,Bassanite,2,432,256
UP,249,42,2,Bassanite,2,432,256
UP,249,151,2,Bassanite,2,432,256
UP,249,152,2,Bassanite,2,432,256
UP,249,153,2,Bassanite,2,432,256
UP,249,154,2,Bassanite,2,432,256
UP,249,175,3,High-Ca Pyroxene,6,432,256
UP,249,176,3,High-Ca Pyroxene,6,432,256
UP,249,177,3,High-Ca Pyroxene,6,432,256
UP,249,190,8,Plagioclase,13,432,256
UP,249,347,4,Illite/Muscovite,7,432,256
UP,249,348,4,Illite/Muscovite,7,432,256
UP,249,349,4,Illite/Muscovite,7,432,256
UP,249,350,4,Illite/Muscovite,7,432,256
UP,249,351,4,Illite/Muscovite,7,432,256
UP,249,352,4,Illite/Muscovite,7,432,256
UP,249,353,4,Illite/Muscovite,7,432,256
UP,249,355,3,High-Ca Pyroxene,6,432,256
UP,249,356,3,High-Ca Pyroxene,6,432,256
UP,249,357,3,High-Ca Pyroxene,6,432,256
UP,249,358,3,High-Ca Pyroxene,6,432,256
UP,249,364,9,Prehnite,14,432,256
UP,249,365,9,Prehnite,14,432,256
UP,249,366,9,Prehnite,14,432,256
UP,249,367,9,Prehnite,14,432,256
UP,249,368,9,Prehnite,14,432,256
UP,249,369,9,Prehnite,14,432,256
UP,249,370,9,Prehnite,14,432,256
UP,249,371,9,Prehnite,14,432,256
UP,249,372,9,Prehnite,14,432,256
UP,249,373,9,Prehnite,14,432,256
UP,250,3,2,Bassanite,2,432,256
UP,250,4,2,Bassanite,2,432,256
UP,250,5,2,Bassanite,2,432,256
UP,250,6,2,Bassanite,2,432,256
UP,250,7,2,Bassanite,2,432,256
UP,250,8,2,Bassanite,2,432,256
UP,250,9,2,Bassanite,2,432,256
UP,250,10,2,Bassanite,2,432,256
UP,250,11,2,Bassanite,2,432,256
UP,250,12,2,Bassanite,2,432,256
UP,250,13,2,Bassanite,2,432,256
UP,250,14,2,Bassanite,2,432,256
UP,250,15,2,Bassanite,2,432,256
UP,250,16,2,Bassanite,2,432,256
UP,250,17,2,Bassanite,2,432,256
UP,250,18,2,Bassanite,2,432,256
UP,250,19,2,Bassanite,2,432,256
UP,250,20,2,Bassanite,2,432,256
UP,250,21,2,Bassanite,2,432,256
UP,250,22,2,Bassanite,2,432,256
UP,250,23,2,Bassanite,2,432,256
UP,250,24,2,Bassanite,2,432,256
UP,250,25,2,Bassanite,2,432,256
UP,250,26,2,Bassanite,2,432,256
UP,250,27,2,Bassanite,2,432,256
UP,250,28,2,Bassanite,2,432,256
UP,250,29,2,Bassanite,2,432,256
UP,250,30,2,Bassanite,2,432,256
UP,250,31,2,Bassanite,2,432,256
UP,250,32,2,Bassanite,2,432,256
UP,250,33,2,Bassanite,2,432,256
UP,250,34,2,Bassanite,2,432,256
UP,250,35,2,Bassanite,2,432,256
UP,250,36,2,Bassanite,2,432,256
UP,250,37,2,Bassanite,2,432,256
UP,250,38,2,Bassanite,2,432,256
UP,250,39,2,Bassanite,2,432,256
UP,250,40,2,Bassanite,2,432,256
UP,250,41,2,Bassanite,2,432,256
UP,250,151,2,Bassanite,2,432,256
UP,250,152,2,Bassanite,2,432,256
UP,250,153,2,Bassanite,2,432,256
UP,250,154,2,Bassanite,2,432,256
UP,250,155,2,Bassanite,2,432,256
UP,250,174,3,High-Ca Pyroxene,6,432,256
UP,250,175,3,High-Ca Pyroxene,6,432,256
UP,250,176,3,High-Ca Pyroxene,6,432,256
UP,250,177,3,High-Ca Pyroxene,6,432,256
UP,250,178,3,High-Ca Pyroxene,6,432,256
UP,250,179,3,High-Ca Pyroxene,6,432,256
UP,250,348,4,Illite/Muscovite,7,432,256
UP,250,349,4,Illite/Muscovite,7,432,256
UP,250,350,4,Illite/Muscovite,7,432,256
UP,250,351,4,Illite/Muscovite,7,432,256
UP,250,352,4,Illite/Muscovite,7,432,256
UP,250,353,4,Illite/Muscovite,7,432,256
UP,250,355,3,High-Ca Pyroxene,6,432,256
UP,250,356,3,High-Ca Pyroxene,6,432,256
UP,250,357,3,High-Ca Pyroxene,6,432,256
UP,250,358,3,High-Ca Pyroxene,6,432,256
UP,250,363,9,Prehnite,14,432,256
UP,250,364,9,Prehnite,14,432,256
UP,250,365,9,Prehnite,14,432,256
UP,250,366,9,Prehnite,14,432,256
UP,250,367,9,Prehnite,14,432,256
UP,250,368,9,Prehnite,14,432,256
UP,250,369,9,Prehnite,14,432,256
UP,250,370,9,Prehnite,14,432,256
UP,250,371,9,Prehnite,14,432,256
UP,250,372,9,Prehnite,14,432,256
UP,250,373,9,Prehnite,14,432,256
UP,251,3,2,Bassanite,2,432,256
UP,251,4,2,Bassanite,2,432,256
UP,251,5,2,Bassanite,2,432,256
UP,251,6,2,Bassanite,2,432,256
UP,251,7,2,Bassanite,2,432,256
UP,251,8,2,Bassanite,2,432,256
UP,251,9,2,Bassanite,2,432,256
UP,251,10,2,Bassanite,2,432,256
UP,251,11,2,Bassanite,2,432,256
UP,251,12,2,Bassanite,2,432,256
UP,251,13,2,Bassanite,2,432,256
UP,251,14,2,Bassanite,2,432,256
UP,251,15,2,Bassanite,2,432,256
UP,251,16,2,Bassanite,2,432,256
UP,251,17,2,Bassanite,2,432,256
UP,251,18,2,Bassanite,2,432,256
UP,251,19,2,Bassanite,2,432,256
UP,251,20,2,Bassanite,2,432,256
UP,251,21,2,Bassanite,2,432,256
UP,251,22,2,Bassanite,2,432,256
UP,251,23,2,Bassanite,2,432,256
UP,251,24,2,Bassanite,2,432,256
UP,251,25,2,Bassanite,2,432,256
UP,251,26,2,Bassanite,2,432,256
UP,251,27,2,Bassanite,2,432,256
UP,251,28,2,Bassanite,2,432,256
UP,251,29,2,Bassanite,2,432,256
UP,251,30,2,Bassanite,2,432,256
UP,251,31,2,Bassanite,2,432,256
UP,251,32,2,Bassanite,2,432,256
UP,251,33,2,Bassanite,2,432,256
UP,251,34,2,Bassanite,2,432,256
UP,251,35,2,Bassanite,2,432,256
UP,251,36,2,Bassanite,2,432,256
UP,251,37,2,Bassanite,2,432,256
UP,251,38,2,Bassanite,2,432,256
UP,251,39,2,Bassanite,2,432,256
UP,251,40,2,Bassanite,2,432,256
UP,251,152,2,Bassanite,2,432,256
UP,251,153,2,Bassanite,2,432,256
UP,251,154,2,Bassanite,2,432,256
UP,251,155,2,Bassanite,2,432,256
UP,251,156,2,Bassanite,2,432,256
UP,251,174,3,High-Ca Pyroxene,6,432,256
UP,251,175,3,High-Ca Pyroxene,6,432,256
UP,251,176,3,High-Ca Pyroxene,6,432,256
UP,251,177,3,High-Ca Pyroxene,6,432,256
UP,251,178,3,High-Ca Pyroxene,6,432,256
UP,251,179,3,High-Ca Pyroxene,6,432,256
UP,251,180,3,High-Ca Pyroxene,6,432,256
UP,251,181,3,High-Ca Pyroxene,6,432,256
UP,251,187,9,Prehnite,14,432,256
UP,251,188,9,Prehnite,14,432,256
UP,251,189,9,Prehnite,14,432,256
UP,251,348,4,Illite/Muscovite,7,432,256
UP,251,349,4,Illite/Muscovite,7,432,256
UP,251,350,4,Illite/Muscovite,7,432,256
UP,251,351,4,Illite/Muscovite,7,432,256
UP,251,352,4,Illite/Muscovite,7,432,256
UP,251,354,3,High-Ca Pyroxene,6,432,256
UP,251,355,3,High-Ca Pyroxene,6,432,256
UP,251,356,3,High-Ca Pyroxene,6,432,256
UP,251,357,3,High-Ca Pyroxene,6,432,256
UP,251,363,9,Prehnite,14,432,256
UP,251,364,9,Prehnite,14,432,256
UP,251,365,9,Prehnite,14,432,256
UP,251,366,9,Prehnite,14,432,256
UP,251,367,9,Prehnite,14,432,256
UP,251,368,9,Prehnite,14,432,256
UP,251,369,9,Prehnite,14,432,256
UP,251,370,9,Prehnite,14,432,256
UP,251,371,9,Prehnite,14,432,256
UP,251,372,9,Prehnite,14,432,256
UP,251,373,9,Prehnite,14,432,256
UP,252,3,2,Bassanite,2,432,256
UP,252,4,2,Bassanite,2,432,256
UP,252,5,2,Bassanite,2,432,256
UP,252,6,2,Bassanite,2,432,256
UP,252,7,2,Bassanite,2,432,256
UP,252,8,2,Bassanite,2,432,256
UP,252,9,2,Bassanite,2,432,256
UP,252,10,2,Bassanite,2,432,256
UP,252,11,2,Bassanite,2,432,256
UP,252,12,2,Bassanite,2,432,256
UP,252,13,2,Bassanite,2,432,256
UP,252,14,2,Bassanite,2,432,256
UP,252,15,2,Bassanite,2,432,256
UP,252,16,2,Bassanite,2,432,256
UP,252,17,2,Bassanite,2,432,256
UP,252,18,2,Bassanite,2,432,256
UP,252,19,2,Bassanite,2,432,256
UP,252,20,2,Bassanite,2,432,256
UP,252,21,2,Bassanite,2,432,256
UP,252,22,2,Bassanite,2,432,256
UP,252,23,2,Bassanite,2,432,256
UP,252,24,2,Bassanite,2,432,256
UP,252,25,2,Bassanite,2,432,256
UP,252,26,2,Bassanite,2,432,256
UP,252,27,2,Bassanite,2,432,256
UP,252,28,2,Bassanite,2,432,256
UP,252,29,2,Bassanite,2,432,256
UP,252,30,2,Bassanite,2,432,256
UP,252,31,2,Bassanite,2,432,256
UP,252,32,2,Bassanite,2,432,256
UP,252,33,2,Bassanite,2,432,256
UP,252,34,2,Bassanite,2,432,256
UP,252,35,2,Bassanite,2,432,256
UP,252,36,2,Bassanite,2,432,256
UP,252,37,2,Bassanite,2,432,256
UP,252,38,2,Bassanite,2,432,256
UP,252,39,2,Bassanite,2,432,256
UP,252,152,2,Bassanite,2,432,256
UP,252,153,2,Bassanite,2,432,256
UP,252,154,2,Bassanite,2,432,256
UP,252,155,2,Bassanite,2,432,256
UP,252,156,2,Bassanite,2,432,256
UP,252,175,3,High-Ca Pyroxene,6,432,256
UP,252,176,3,High-Ca Pyroxene,6,432,256
UP,252,177,3,High-Ca Pyroxene,6,432,256
UP,252,178,3,High-Ca Pyroxene,6,432,256
UP,252,179,3,High-Ca Pyroxene,6,432,256
UP,252,180,3,High-Ca Pyroxene,6,432,256
UP,252,181,3,High-Ca Pyroxene,6,432,256
UP,252,182,3,High-Ca Pyroxene,6,432,256
UP,252,183,3,High-Ca Pyroxene,6,432,256
UP,252,187,9,Prehnite,14,432,256
UP,252,188,9,Prehnite,14,432,256
UP,252,189,9,Prehnite,14,432,256
UP,252,348,4,Illite/Muscovite,7,432,256
UP,252,349,4,Illite/Muscovite,7,432,256
UP,252,350,4,Illite/Muscovite,7,432,256
UP,252,351,4,Illite/Muscovite,7,432,256
UP,252,352,4,Illite/Muscovite,7,432,256
UP,252,354,3,High-Ca Pyroxene,6,432,256
UP,252,355,3,High-Ca Pyroxene,6,432,256
UP,252,356,3,High-Ca Pyroxene,6,432,256
UP,252,357,3,High-Ca Pyroxene,6,432,256
UP,252,362,9,Prehnite,14,432,256
UP,252,363,9,Prehnite,14,432,256
UP,252,364,9,Prehnite,14,432,256
UP,252,365,9,Prehnite,14,432,256
UP,252,366,9,Prehnite,14,432,256
UP,252,367,9,Prehnite,14,432,256
UP,252,368,9,Prehnite,14,432,256
UP,252,369,9,Prehnite,14,432,256
UP,252,370,9,Prehnite,14,432,256
UP,252,371,9,Prehnite,14,432,256
UP,252,372,9,Prehnite,14,432,256
UP,253,3,2,Bassanite,2,432,256
UP,253,4,2,Bassanite,2,432,256
UP,253,5,2,Bassanite,2,432,256
UP,253,6,2,Bassanite,2,432,256
UP,253,7,2,Bassanite,2,432,256
UP,253,8,2,Bassanite,2,432,256
UP,253,9,2,Bassanite,2,432,256
UP,253,10,2,Bassanite,2,432,256
UP,253,11,2,Bassanite,2,432,256
UP,253,12,2,Bassanite,2,432,256
UP,253,13,2,Bassanite,2,432,256
UP,253,14,2,Bassanite,2,432,256
UP,253,15,2,Bassanite,2,432,256
UP,253,16,2,Bassanite,2,432,256
UP,253,17,2,Bassanite,2,432,256
UP,253,18,2,Bassanite,2,432,256
UP,253,19,2,Bassanite,2,432,256
UP,253,20,2,Bassanite,2,432,256
UP,253,21,2,Bassanite,2,432,256
UP,253,22,2,Bassanite,2,432,256
UP,253,23,2,Bassanite,2,432,256
UP,253,24,2,Bassanite,2,432,256
UP,253,25,2,Bassanite,2,432,256
UP,253,26,2,Bassanite,2,432,256
UP,253,27,2,Bassanite,2,432,256
UP,253,28,2,Bassanite,2,432,256
UP,253,29,2,Bassanite,2,432,256
UP,253,30,2,Bassanite,2,432,256
UP,253,31,2,Bassanite,2,432,256
UP,253,32,2,Bassanite,2,432,256
UP,253,33,2,Bassanite,2,432,256
UP,253,34,2,Bassanite,2,432,256
UP,253,35,2,Bassanite,2,432,256
UP,253,36,2,Bassanite,2,432,256
UP,253,37,2,Bassanite,2,432,256
UP,253,153,2,Bassanite,2,432,256
UP,253,154,2,Bassanite,2,432,256
UP,253,155,2,Bassanite,2,432,256
UP,253,156,2,Bassanite,2,432,256
UP,253,157,2,Bassanite,2,432,256
UP,253,175,3,High-Ca Pyroxene,6,432,256
UP,253,176,3,High-Ca Pyroxene,6,432,256
UP,253,177,3,High-Ca Pyroxene,6,432,256
UP,253,178,3,High-Ca Pyroxene,6,432,256
UP,253,179,3,High-Ca Pyroxene,6,432,256
UP,253,180,3,High-Ca Pyroxene,6,432,256
UP,253,181,3,High-Ca Pyroxene,6,432,256
UP,253,182,3,High-Ca Pyroxene,6,432,256
UP,253,183,3,High-Ca Pyroxene,6,432,256
UP,253,187,9,Prehnite,14,432,256
UP,253,188,9,Prehnite,14,432,256
UP,253,189,9,Prehnite,14,432,256
UP,253,354,3,High-Ca Pyroxene,6,432,256
UP,253,355,3,High-Ca Pyroxene,6,432,256
UP,253,356,3,High-Ca Pyroxene,6,432,256
UP,253,357,3,High-Ca Pyroxene,6,432,256
UP,253,361,9,Prehnite,14,432,256
UP,253,362,9,Prehnite,14,432,256
UP,253,363,9,Prehnite,14,432,256
UP,253,364,9,Prehnite,14,432,256
UP,253,365,9,Prehnite,14,432,256
UP,253,366,9,Prehnite,14,432,256
UP,253,367,9,Prehnite,14,432,256
UP,253,368,9,Prehnite,14,432,256
UP,253,369,9,Prehnite,14,432,256
UP,253,370,9,Prehnite,14,432,256
UP,253,371,9,Prehnite,14,432,256
UP,253,372,9,Prehnite,14,432,256
UP,254,3,2,Bassanite,2,432,256
UP,254,4,2,Bassanite,2,432,256
UP,254,5,2,Bassanite,2,432,256
UP,254,6,2,Bassanite,2,432,256
UP,254,7,2,Bassanite,2,432,256
UP,254,8,2,Bassanite,2,432,256
UP,254,9,2,Bassanite,2,432,256
UP,254,10,2,Bassanite,2,432,256
UP,254,11,2,Bassanite,2,432,256
UP,254,12,2,Bassanite,2,432,256
UP,254,13,2,Bassanite,2,432,256
UP,254,14,2,Bassanite,2,432,256
UP,254,15,2,Bassanite,2,432,256
UP,254,16,2,Bassanite,2,432,256
UP,254,17,2,Bassanite,2,432,256
UP,254,18,2,Bassanite,2,432,256
UP,254,19,2,Bassanite,2,432,256
UP,254,20,2,Bassanite,2,432,256
UP,254,21,2,Bassanite,2,432,256
UP,254,22,2,Bassanite,2,432,256
UP,254,23,2,Bassanite,2,432,256
UP,254,24,2,Bassanite,2,432,256
UP,254,25,2,Bassanite,2,432,256
UP,254,26,2,Bassanite,2,432,256
UP,254,27,2,Bassanite,2,432,256
UP,254,28,2,Bassanite,2,432,256
UP,254,29,2,Bassanite,2,432,256
UP,254,30,2,Bassanite,2,432,256
UP,254,31,2,Bassanite,2,432,256
UP,254,32,2,Bassanite,2,432,256
UP,254,33,2,Bassanite,2,432,256
UP,254,34,2,Bassanite,2,432,256
UP,254,35,2,Bassanite,2,432,256
UP,254,154,2,Bassanite,2,432,256
UP,254,155,2,Bassanite,2,432,256
UP,254,156,2,Bassanite,2,432,256
UP,254,157,2,Bassanite,2,432,256
UP,254,158,2,Bassanite,2,432,256
UP,254,177,3,High-Ca Pyroxene,6,432,256
UP,254,178,3,High-Ca Pyroxene,6,432,256
UP,254,179,3,High-Ca Pyroxene,6,432,256
UP,254,180,3,High-Ca Pyroxene,6,432,256
UP,254,181,3,High-Ca Pyroxene,6,432,256
UP,254,182,3,High-Ca Pyroxene,6,432,256
UP,254,183,3,High-Ca Pyroxene,6,432,256
UP,254,353,3,High-Ca Pyroxene,6,432,256
UP,254,354,3,High-Ca Pyroxene,6,432,256
UP,254,355,3,High-Ca Pyroxene,6,432,256
UP,254,356,3,High-Ca Pyroxene,6,432,256
UP,254,357,3,High-Ca Pyroxene,6,432,256
UP,254,360,9,Prehnite,14,432,256
UP,254,361,9,Prehnite,14,432,256
UP,254,362,9,Prehnite,14,432,256
UP,254,363,9,Prehnite,14,432,256
UP,254,364,9,Prehnite,14,432,256
UP,254,365,9,Prehnite,14,432,256
UP,254,366,9,Prehnite,14,432,256
UP,254,367,9,Prehnite,14,432,256
UP,254,368,9,Prehnite,14,432,256
UP,254,369,9,Prehnite,14,432,256
UP,254,370,9,Prehnite,14,432,256
UP,254,371,9,Prehnite,14,432,256
UP,254,372,9,Prehnite,14,432,256
UP,255,3,2,Bassanite,2,432,256
UP,255,4,2,Bassanite,2,432,256
UP,255,5,2,Bassanite,2,432,256
UP,255,6,2,Bassanite,2,432,256
UP,255,7,2,Bassanite,2,432,256
UP,255,8,2,Bassanite,2,432,256
UP,255,9,2,Bassanite,2,432,256
UP,255,10,2,Bassanite,2,432,256
UP,255,11,2,Bassanite,2,432,256
UP,255,12,2,Bassanite,2,432,256
UP,255,13,2,Bassanite,2,432,256
UP,255,14,2,Bassanite,2,432,256
UP,255,15,2,Bassanite,2,432,256
UP,255,16,2,Bassanite,2,432,256
UP,255,17,2,Bassanite,2,432,256
UP,255,18,2,Bassanite,2,432,256
UP,255,19,2,Bassanite,2,432,256
UP,255,20,2,Bassanite,2,432,256
UP,255,21,2,Bassanite,2,432,256
UP,255,22,2,Bassanite,2,432,256
UP,255,23,2,Bassanite,2,432,256
UP,255,24,2,Bassanite,2,432,256
UP,255,25,2,Bassanite,2,432,256
UP,255,26,2,Bassanite,2,432,256
UP,255,27,2,Bassanite,2,432,256
UP,255,28,2,Bassanite,2,432,256
UP,255,29,2,Bassanite,2,432,256
UP,255,30,2,Bassanite,2,432,256
UP,255,31,2,Bassanite,2,432,256
UP,255,32,2,Bassanite,2,432,256
UP,255,33,2,Bassanite,2,432,256
UP,255,154,2,Bassanite,2,432,256
UP,255,155,2,Bassanite,2,432,256
UP,255,156,2,Bassanite,2,432,256
UP,255,157,2,Bassanite,2,432,256
UP,255,158,2,Bassanite,2,432,256
UP,255,159,2,Bassanite,2,432,256
UP,255,179,3,High-Ca Pyroxene,6,432,256
UP,255,180,3,High-Ca Pyroxene,6,432,256
UP,255,181,3,High-Ca Pyroxene,6,432,256
UP,255,182,3,High-Ca Pyroxene,6,432,256
UP,255,353,3,High-Ca Pyroxene,6,432,256
UP,255,354,3,High-Ca Pyroxene,6,432,256
UP,255,355,3,High-Ca Pyroxene,6,432,256
UP,255,356,3,High-Ca Pyroxene,6,432,256
UP,255,357,3,High-Ca Pyroxene,6,432,256
UP,255,360,9,Prehnite,14,432,256
UP,255,361,9,Prehnite,14,432,256
UP,255,362,9,Prehnite,14,432,256
UP,255,363,9,Prehnite,14,432,256
UP,255,364,9,Prehnite,14,432,256
UP,255,365,9,Prehnite,14,432,256
UP,255,366,9,Prehnite,14,432,256
UP,255,367,9,Prehnite,14,432,256
UP,255,368,9,Prehnite,14,432,256
UP,255,369,9,Prehnite,14,432,256
UP,255,370,9,Prehnite,14,432,256
UP,255,371,9,Prehnite,14,432,256
UP,255,372,9,Prehnite,14,432,256
UP,256,3,2,Bassanite,2,432,256
UP,256,4,2,Bassanite,2,432,256
UP,256,5,2,Bassanite,2,432,256
UP,256,6,2,Bassanite,2,432,256
UP,256,7,2,Bassanite,2,432,256
UP,256,8,2,Bassanite,2,432,256
UP,256,9,2,Bassanite,2,432,256
UP,256,10,2,Bassanite,2,432,256
UP,256,11,2,Bassanite,2,432,256
UP,256,12,2,Bassanite,2,432,256
UP,256,13,2,Bassanite,2,432,256
UP,256,14,2,Bassanite,2,432,256
UP,256,15,2,Bassanite,2,432,256
UP,256,16,2,Bassanite,2,432,256
UP,256,17,2,Bassanite,2,432,256
UP,256,18,2,Bassanite,2,432,256
UP,256,19,2,Bassanite,2,432,256
UP,256,20,2,Bassanite,2,432,256
UP,256,21,2,Bassanite,2,432,256
UP,256,22,2,Bassanite,2,432,256
UP,256,23,2,Bassanite,2,432,256
UP,256,24,2,Bassanite,2,432,256
UP,256,25,2,Bassanite,2,432,256
UP,256,26,2,Bassanite,2,432,256
UP,256,27,2,Bassanite,2,432,256
UP,256,28,2,Bassanite,2,432,256
UP,256,29,2,Bassanite,2,432,256
UP,256,30,2,Bassanite,2,432,256
UP,256,31,2,Bassanite,2,432,256
UP,256,155,2,Bassanite,2,432,256
UP,256,156,2,Bassanite,2,432,256
UP,256,157,2,Bassanite,2,432,256
UP,256,158,2,Bassanite,2,432,256
UP,256,159,2,Bassanite,2,432,256
UP,256,160,2,Bassanite,2,432,256
UP,256,354,3,High-Ca Pyroxene,6,432,256
UP,256,355,3,High-Ca Pyroxene,6,432,256
UP,256,356,3,High-Ca Pyroxene,6,432,256
UP,256,359,9,Prehnite,14,432,256
UP,256,360,9,Prehnite,14,432,256
UP,256,361,9,Prehnite,14,432,256
UP,256,362,9,Prehnite,14,432,256
UP,256,363,9,Prehnite,14,432,256
UP,256,364,9,Prehnite,14,432,256
UP,256,365,9,Prehnite,14,432,256
UP,256,366,9,Prehnite,14,432,256
UP,256,367,9,Prehnite,14,432,256
UP,256,368,9,Prehnite,14,432,256
UP,256,369,9,Prehnite,14,432,256
UP,256,370,9,Prehnite,14,432,256
UP,256,371,9,Prehnite,14,432,256
UP,257,4,2,Bassanite,2,432,256
UP,257,5,2,Bassanite,2,432,256
UP,257,6,2,Bassanite,2,432,256
UP,257,7,2,Bassanite,2,432,256
UP,257,8,2,Bassanite,2,432,256
UP,257,9,2,Bassanite,2,432,256
UP,257,10,2,Bassanite,2,432,256
UP,257,11,2,Bassanite,2,432,256
UP,257,12,2,Bassanite,2,432,256
UP,257,13,2,Bassanite,2,432,256
UP,257,14,2,Bassanite,2,432,256
UP,257,15,2,Bassanite,2,432,256
UP,257,16,2,Bassanite,2,432,256
UP,257,17,2,Bassanite,2,432,256
UP,257,18,2,Bassanite,2,432,256
UP,257,19,2,Bassanite,2,432,256
UP,257,20,2,Bassanite,2,432,256
UP,257,21,2,Bassanite,2,432,256
UP,257,22,2,Bassanite,2,432,256
UP,257,23,2,Bassanite,2,432,256
UP,257,24,2,Bassanite,2,432,256
UP,257,25,2,Bassanite,2,432,256
UP,257,155,2,Bassanite,2,432,256
UP,257,156,2,Bassanite,2,432,256
UP,257,157,2,Bassanite,2,432,256
UP,257,158,2,Bassanite,2,432,256
UP,257,159,2,Bassanite,2,432,256
UP,257,160,2,Bassanite,2,432,256
UP,257,194,8,Plagioclase,13,432,256
UP,257,195,8,Plagioclase,13,432,256
UP,257,196,8,Plagioclase,13,432,256
UP,257,201,8,Plagioclase,13,432,256
UP,257,202,8,Plagioclase,13,432,256
UP,257,203,8,Plagioclase,13,432,256
UP,257,359,9,Prehnite,14,432,256
UP,257,360,9,Prehnite,14,432,256
UP,257,361,9,Prehnite,14,432,256
UP,257,362,9,Prehnite,14,432,256
UP,257,363,9,Prehnite,14,432,256
UP,257,364,9,Prehnite,14,432,256
UP,257,365,9,Prehnite,14,432,256
UP,257,366,9,Prehnite,14,432,256
UP,257,367,9,Prehnite,14,432,256
UP,257,368,9,Prehnite,14,432,256
UP,257,369,9,Prehnite,14,432,256
UP,257,370,9,Prehnite,14,432,256
UP,257,371,9,Prehnite,14,432,256
UP,257,391,1,Analcime,1,432,256
UP,257,392,1,Analcime,1,432,256
UP,257,393,1,Analcime,1,432,256
UP,257,394,1,Analcime,1,432,256
UP,257,395,1,Analcime,1,432,256
UP,257,396,1,Analcime,1,432,256
UP,257,397,1,Analcime,1,432,256
UP,257,398,1,Analcime,1,432,256
UP,258,4,2,Bassanite,2,432,256
UP,258,5,2,Bassanite,2,432,256
UP,258,6,2,Bassanite,2,432,256
UP,258,7,2,Bassanite,2,432,256
UP,258,8,2,Bassanite,2,432,256
UP,258,9,2,Bassanite,2,432,256
UP,258,10,2,Bassanite,2,432,256
UP,258,11,2,Bassanite,2,432,256
UP,258,12,2,Bassanite,2,432,256
UP,258,13,2,Bassanite,2,432,256
UP,258,14,2,Bassanite,2,432,256
UP,258,15,2,Bassanite,2,432,256
UP,258,16,2,Bassanite,2,432,256
UP,258,17,2,Bassanite,2,432,256
UP,258,18,2,Bassanite,2,432,256
UP,258,156,2,Bassanite,2,432,256
UP,258,157,2,Bassanite,2,432,256
UP,258,158,2,Bassanite,2,432,256
UP,258,159,2,Bassanite,2,432,256
UP,258,160,2,Bassanite,2,432,256
UP,258,192,8,Plagioclase,13,432,256
UP,258,193,8,Plagioclase,13,432,256
UP,258,194,8,Plagioclase,13,432,256
UP,258,195,8,Plagioclase,13,432,256
UP,258,196,8,Plagioclase,13,432,256
UP,258,201,8,Plagioclase,13,432,256
UP,258,202,8,Plagioclase,13,432,256
UP,258,203,8,Plagioclase,13,432,256
UP,258,359,9,Prehnite,14,432,256
UP,258,360,9,Prehnite,14,432,256
UP,258,361,9,Prehnite,14,432,256
UP,258,362,9,Prehnite,14,432,256
UP,258,363,9,Prehnite,14,432,256
UP,258,364,9,Prehnite,14,432,256
UP,258,365,9,Prehnite,14,432,256
UP,258,366,9,Prehnite,14,432,256
UP,258,367,9,Prehnite,14,432,256
UP,258,368,9,Prehnite,14,432,256
UP,258,369,9,Prehnite,14,432,256
UP,258,370,9,Prehnite,14,432,256
UP,258,390,1,Analcime,1,432,256
UP,258,391,1,Analcime,1,432,256
UP,258,392,1,Analcime,1,432,256
UP,258,393,1,Analcime,1,432,256
UP,258,394,1,Analcime,1,432,256
UP,258,395,1,Analcime,1,432,256
UP,258,396,1,Analcime,1,432,256
UP,258,397,1,Analcime,1,432,256
UP,258,398,1,Analcime,1,432,256
UP,258,399,1,Analcime,1,432,256
UP,258,400,1,Analcime,1,432,256
UP,258,423,1,Analcime,1,432,256
UP,258,424,1,Analcime,1,432,256
UP,258,425,1,Analcime,1,432,256
UP,258,426,1,Analcime,1,432,256
UP,259,156,2,Bassanite,2,432,256
UP,259,157,2,Bassanite,2,432,256
UP,259,158,2,Bassanite,2,432,256
UP,259,159,2,Bassanite,2,432,256
UP,259,160,2,Bassanite,2,432,256
UP,259,161,2,Bassanite,2,432,256
UP,259,191,8,Plagioclase,13,432,256
UP,259,192,8,Plagioclase,13,432,256
UP,259,193,8,Plagioclase,13,432,256
UP,259,194,8,Plagioclase,13,432,256
UP,259,195,8,Plagioclase,13,432,256
UP,259,196,8,Plagioclase,13,432,256
UP,259,201,8,Plagioclase,13,432,256
UP,259,202,8,Plagioclase,13,432,256
UP,259,203,8,Plagioclase,13,432,256
UP,259,359,9,Prehnite,14,432,256
UP,259,360,9,Prehnite,14,432,256
UP,259,361,9,Prehnite,14,432,256
UP,259,362,9,Prehnite,14,432,256
UP,259,363,9,Prehnite,14,432,256
UP,259,364,9,Prehnite,14,432,256
UP,259,365,9,Prehnite,14,432,256
UP,259,366,9,Prehnite,14,432,256
UP,259,367,9,Prehnite,14,432,256
UP,259,368,9,Prehnite,14,432,256
UP,259,369,9,Prehnite,14,432,256
UP,259,370,9,Prehnite,14,432,256
UP,259,389,1,Analcime,1,432,256
UP,259,390,1,Analcime,1,432,256
UP,259,391,1,Analcime,1,432,256
UP,259,392,1,Analcime,1,432,256
UP,259,393,1,Analcime,1,432,256
UP,259,394,1,Analcime,1,432,256
UP,259,395,1,Analcime,1,432,256
UP,259,396,1,Analcime,1,432,256
UP,259,397,1,Analcime,1,432,256
UP,259,398,1,Analcime,1,432,256
UP,259,399,1,Analcime,1,432,256
UP,259,400,1,Analcime,1,432,256
UP,259,401,1,Analcime,1,432,256
UP,259,402,1,Analcime,1,432,256
UP,259,423,1,Analcime,1,432,256
UP,259,424,1,Analcime,1,432,256
UP,259,425,1,Analcime,1,432,256
UP,259,426,1,Analcime,1,432,256
UP,259,427,1,Analcime,1,432,256
UP,260,156,2,Bassanite,2,432,256
UP,260,157,2,Bassanite,2,432,256
UP,260,158,2,Bassanite,2,432,256
UP,260,159,2,Bassanite,2,432,256
UP,260,160,2,Bassanite,2,432,256
UP,260,161,2,Bassanite,2,432,256
UP,260,190,8,Plagioclase,13,432,256
UP,260,191,8,Plagioclase,13,432,256
UP,260,192,8,Plagioclase,13,432,256
UP,260,193,8,Plagioclase,13,432,256
UP,260,194,8,Plagioclase,13,432,256
UP,260,195,8,Plagioclase,13,432,256
UP,260,358,9,Prehnite,14,432,256
UP,260,359,9,Prehnite,14,432,256
UP,260,360,9,Prehnite,14,432,256
UP,260,361,9,Prehnite,14,432,256
UP,260,362,9,Prehnite,14,432,256
UP,260,363,9,Prehnite,14,432,256
UP,260,364,9,Prehnite,14,432,256
UP,260,365,9,Prehnite,14,432,256
UP,260,366,9,Prehnite,14,432,256
UP,260,367,9,Prehnite,14,432,256
UP,260,368,9,Prehnite,14,432,256
UP,260,369,9,Prehnite,14,432,256
UP,260,370,9,Prehnite,14,432,256
UP,260,388,1,Analcime,1,432,256
UP,260,389,1,Analcime,1,432,256
UP,260,390,1,Analcime,1,432,256
UP,260,391,1,Analcime,1,432,256
UP,260,392,1,Analcime,1,432,256
UP,260,393,1,Analcime,1,432,256
UP,260,394,1,Analcime,1,432,256
UP,260,395,1,Analcime,1,432,256
UP,260,396,1,Analcime,1,432,256
UP,260,397,1,Analcime,1,432,256
UP,260,398,1,Analcime,1,432,256
UP,260,399,1,Analcime,1,432,256
UP,260,400,1,Analcime,1,432,256
UP,260,401,1,Analcime,1,432,256
UP,260,402,1,Analcime,1,432,256
UP,260,403,1,Analcime,1,432,256
UP,260,404,1,Analcime,1,432,256
UP,260,405,1,Analcime,1,432,256
UP,260,423,1,Analcime,1,432,256
UP,260,424,1,Analcime,1,432,256
UP,260,425,1,Analcime,1,432,256
UP,260,426,1,Analcime,1,432,256
UP,260,427,1,Analcime,1,432,256
UP,260,428,1,Analcime,1,432,256
UP,261,156,2,Bassanite,2,432,256
UP,261,157,2,Bassanite,2,432,256
UP,261,158,2,Bassanite,2,432,256
UP,261,159,2,Bassanite,2,432,256
UP,261,160,2,Bassanite,2,432,256
UP,261,161,2,Bassanite,2,432,256
UP,261,162,2,Bassanite,2,432,256
UP,261,190,8,Plagioclase,13,432,256
UP,261,191,8,Plagioclase,13,432,256
UP,261,192,8,Plagioclase,13,432,256
UP,261,193,8,Plagioclase,13,432,256
UP,261,194,8,Plagioclase,13,432,256
UP,261,202,8,Plagioclase,13,432,256
UP,261,203,8,Plagioclase,13,432,256
UP,261,262,6,Mg-Smectite,11,432,256
UP,261,263,6,Mg-Smectite,11,432,256
UP,261,264,6,Mg-Smectite,11,432,256
UP,261,265,6,Mg-Smectite,11,432,256
UP,261,266,6,Mg-Smectite,11,432,256
UP,261,358,9,Prehnite,14,432,256
UP,261,359,9,Prehnite,14,432,256
UP,261,360,9,Prehnite,14,432,256
UP,261,361,9,Prehnite,14,432,256
UP,261,362,9,Prehnite,14,432,256
UP,261,363,9,Prehnite,14,432,256
UP,261,364,9,Prehnite,14,432,256
UP,261,365,9,Prehnite,14,432,256
UP,261,366,9,Prehnite,14,432,256
UP,261,367,9,Prehnite,14,432,256
UP,261,368,9,Prehnite,14,432,256
UP,261,369,9,Prehnite,14,432,256
UP,261,387,1,Analcime,1,432,256
UP,261,388,1,Analcime,1,432,256
UP,261,389,1,Analcime,1,432,256
UP,261,390,1,Analcime,1,432,256
UP,261,391,1,Analcime,1,432,256
UP,261,392,1,Analcime,1,432,256
UP,261,393,1,Analcime,1,432,256
UP,261,394,1,Analcime,1,432,256
UP,261,395,1,Analcime,1,432,256
UP,261,396,1,Analcime,1,432,256
UP,261,397,1,Analcime,1,432,256
UP,261,398,1,Analcime,1,432,256
UP,261,399,1,Analcime,1,432,256
UP,261,400,1,Analcime,1,432,256
UP,261,401,1,Analcime,1,432,256
UP,261,402,1,Analcime,1,432,256
UP,261,403,1,Analcime,1,432,256
UP,261,404,1,Analcime,1,432,256
UP,261,405,1,Analcime,1,432,256
UP,261,406,1,Analcime,1,432,256
UP,261,407,1,Analcime,1,432,256
UP,261,423,1,Analcime,1,432,256
UP,261,424,1,Analcime,1,432,256
UP,261,425,1,Analcime,1,432,256
UP,261,426,1,Analcime,1,432,256
UP,261,427,1,Analcime,1,432,256
UP,261,428,1,Analcime,1,432,256
UP,261,429,1,Analcime,1,432,256
UP,261,430,1,Analcime,1,432,256
UP,262,156,2,Bassanite,2,432,256
UP,262,157,2,Bassanite,2,432,256
UP,262,158,2,Bassanite,2,432,256
UP,262,159,2,Bassanite,2,432,256
UP,262,160,2,Bassanite,2,432,256
UP,262,161,2,Bassanite,2,432,256
UP,262,162,2,Bassanite,2,432,256
UP,262,190,8,Plagioclase,13,432,256
UP,262,191,8,Plagioclase,13,432,256
UP,262,192,8,Plagioclase,13,432,256
UP,262,200,8,Plagioclase,13,432,256
UP,262,201,8,Plagioclase,13,432,256
UP,262,202,8,Plagioclase,13,432,256
UP,262,203,8,Plagioclase,13,432,256
UP,262,204,8,Plagioclase,13,432,256
UP,262,262,6,Mg-Smectite,11,432,256
UP,262,263,6,Mg-Smectite,11,432,256
UP,262,264,6,Mg-Smectite,11,432,256
UP,262,265,6,Mg-Smectite,11,432,256
UP,262,266,6,Mg-Smectite,11,432,256
UP,262,267,6,Mg-Smectite,11,432,256
UP,262,358,9,Prehnite,14,432,256
UP,262,359,9,Prehnite,14,432,256
UP,262,360,9,Prehnite,14,432,256
UP,262,361,9,Prehnite,14,432,256
UP,262,362,9,Prehnite,14,432,256
UP,262,363,9,Prehnite,14,432,256
UP,262,364,9,Prehnite,14,432,256
UP,262,365,9,Prehnite,14,432,256
UP,262,366,9,Prehnite,14,432,256
UP,262,367,9,Prehnite,14,432,256
UP,262,368,9,Prehnite,14,432,256
UP,262,387,1,Analcime,1,432,256
UP,262,388,1,Analcime,1,432,256
UP,262,389,1,Analcime,1,432,256
UP,262,390,1,Analcime,1,432,256
UP,262,391,1,Analcime,1,432,256
UP,262,392,1,Analcime,1,432,256
UP,262,393,1,Analcime,1,432,256
UP,262,394,1,Analcime,1,432,256
UP,262,395,1,Analcime,1,432,256
UP,262,396,1,Analcime,1,432,256
UP,262,397,1,Analcime,1,432,256
UP,262,398,1,Analcime,1,432,256
UP,262,399,1,Analcime,1,432,256
UP,262,400,1,Analcime,1,432,256
UP,262,401,1,Analcime,1,432,256
UP,262,402,1,Analcime,1,432,256
UP,262,403,1,Analcime,1,432,256
UP,262,404,1,Analcime,1,432,256
UP,262,405,1,Analcime,1,432,256
UP,262,406,1,Analcime,1,432,256
UP,262,407,1,Analcime,1,432,256
UP,262,424,1,Analcime,1,432,256
UP,262,425,1,Analcime,1,432,256
UP,262,426,1,Analcime,1,432,256
UP,262,427,1,Analcime,1,432,256
UP,262,428,1,Analcime,1,432,256
UP,262,429,1,Analcime,1,432,256
UP,262,430,1,Analcime,1,432,256
UP,262,431,1,Analcime,1,432,256
UP,262,432,1,Analcime,1,432,256
UP,263,157,2,Bassanite,2,432,256
UP,263,158,2,Bassanite,2,432,256
UP,263,159,2,Bassanite,2,432,256
UP,263,160,2,Bassanite,2,432,256
UP,263,161,2,Bassanite,2,432,256
UP,263,162,2,Bassanite,2,432,256
UP,263,163,2,Bassanite,2,432,256
UP,263,199,8,Plagioclase,13,432,256
UP,263,200,8,Plagioclase,13,432,256
UP,263,201,8,Plagioclase,13,432,256
UP,263,202,8,Plagioclase,13,432,256
UP,263,203,8,Plagioclase,13,432,256
UP,263,204,8,Plagioclase,13,432,256
UP,263,262,6,Mg-Smectite,11,432,256
UP,263,263,6,Mg-Smectite,11,432,256
UP,263,264,6,Mg-Smectite,11,432,256
UP,263,265,6,Mg-Smectite,11,432,256
UP,263,266,6,Mg-Smectite,11,432,256
UP,263,267,6,Mg-Smectite,11,432,256
UP,263,358,9,Prehnite,14,432,256
UP,263,359,9,Prehnite,14,432,256
UP,263,360,9,Prehnite,14,432,256
UP,263,361,9,Prehnite,14,432,256
UP,263,362,9,Prehnite,14,432,256
UP,263,363,9,Prehnite,14,432,256
UP,263,364,9,Prehnite,14,432,256
UP,263,365,9,Prehnite,14,432,256
UP,263,366,9,Prehnite,14,432,256
UP,263,367,9,Prehnite,14,432,256
UP,263,386,1,Analcime,1,432,256
UP,263,387,1,Analcime,1,432,256
UP,263,388,1,Analcime,1,432,256
UP,263,389,1,Analcime,1,432,256
UP,263,390,1,Analcime,1,432,256
UP,263,391,1,Analcime,1,432,256
UP,263,392,1,Analcime,1,432,256
UP,263,393,1,Analcime,1,432,256
UP,263,394,1,Analcime,1,432,256
UP,263,395,1,Analcime,1,432,256
UP,263,396,1,Analcime,1,432,256
UP,263,397,1,Analcime,1,432,256
UP,263,398,1,Analcime,1,432,256
UP,263,399,1,Analcime,1,432,256
UP,263,400,1,Analcime,1,432,256
UP,263,401,1,Analcime,1,432,256
UP,263,402,1,Analcime,1,432,256
UP,263,403,1,Analcime,1,432,256
UP,263,404,1,Analcime,1,432,256
UP,263,405,1,Analcime,1,432,256
UP,263,406,1,Analcime,1,432,256
UP,263,407,1,Analcime,1,432,256
UP,263,408,1,Analcime,1,432,256
UP,263,425,1,Analcime,1,432,256
UP,263,426,1,Analcime,1,432,256
UP,263,427,1,Analcime,1,432,256
UP,263,428,1,Analcime,1,432,256
UP,263,429,1,Analcime,1,432,256
UP,263,430,1,Analcime,1,432,256
UP,263,431,1,Analcime,1,432,256
UP,263,432,1,Analcime,1,432,256
UP,263,433,1,Analcime,1,432,256
UP,264,157,2,Bassanite,2,432,256
UP,264,158,2,Bassanite,2,432,256
UP,264,159,2,Bassanite,2,432,256
UP,264,160,2,Bassanite,2,432,256
UP,264,161,2,Bassanite,2,432,256
UP,264,162,2,Bassanite,2,432,256
UP,264,163,2,Bassanite,2,432,256
UP,264,199,8,Plagioclase,13,432,256
UP,264,200,8,Plagioclase,13,432,256
UP,264,201,8,Plagioclase,13,432,256
UP,264,202,8,Plagioclase,13,432,256
UP,264,203,8,Plagioclase,13,432,256
UP,264,204,8,Plagioclase,13,432,256
UP,264,263,6,Mg-Smectite,11,432,256
UP,264,264,6,Mg-Smectite,11,432,256
UP,264,265,6,Mg-Smectite,11,432,256
UP,264,266,6,Mg-Smectite,11,432,256
UP,264,267,6,Mg-Smectite,11,432,256
UP,264,359,9,Prehnite,14,432,256
UP,264,360,9,Prehnite,14,432,256
UP,264,361,9,Prehnite,14,432,256
UP,264,362,9,Prehnite,14,432,256
UP,264,363,9,Prehnite,14,432,256
UP,264,364,9,Prehnite,14,432,256
UP,264,365,9,Prehnite,14,432,256
UP,264,366,9,Prehnite,14,432,256
UP,264,386,1,Analcime,1,432,256
UP,264,387,1,Analcime,1,432,256
UP,264,388,1,Analcime,1,432,256
UP,264,389,1,Analcime,1,432,256
UP,264,390,1,Analcime,1,432,256
UP,264,391,1,Analcime,1,432,256
UP,264,392,1,Analcime,1,432,256
UP,264,393,1,Analcime,1,432,256
UP,264,394,1,Analcime,1,432,256
UP,264,395,1,Analcime,1,432,256
UP,264,396,1,Analcime,1,432,256
UP,264,397,1,Analcime,1,432,256
UP,264,398,1,Analcime,1,432,256
UP,264,399,1,Analcime,1,432,256
UP,264,400,1,Analcime,1,432,256
UP,264,401,1,Analcime,1,432,256
UP,264,402,1,Analcime,1,432,256
UP,264,403,1,Analcime,1,432,256
UP,264,404,1,Analcime,1,432,256
UP,264,405,1,Analcime,1,432,256
UP,264,406,1,Analcime,1,432,256
UP,264,407,1,Analcime,1,432,256
UP,264,408,1,Analcime,1,432,256
UP,264,426,1,Analcime,1,432,256
UP,264,427,1,Analcime,1,432,256
UP,264,428,1,Analcime,1,432,256
UP,264,429,1,Analcime,1,432,256
UP,264,430,1,Analcime,1,432,256
UP,264,431,1,Analcime,1,432,256
UP,264,432,1,Analcime,1,432,256
UP,264,433,1,Analcime,1,432,256
UP,264,434,1,Analcime,1,432,256
UP,264,435,1,Analcime,1,432,256
UP,265,157,2,Bassanite,2,432,256
UP,265,158,2,Bassanite,2,432,256
UP,265,159,2,Bassanite,2,432,256
UP,265,160,2,Bassanite,2,432,256
UP,265,161,2,Bassanite,2,432,256
UP,265,162,2,Bassanite,2,432,256
UP,265,163,2,Bassanite,2,432,256
UP,265,235,1,Analcime,1,432,256
UP,265,236,1,Analcime,1,432,256
UP,265,264,6,Mg-Smectite,11,432,256
UP,265,265,6,Mg-Smectite,11,432,256
UP,265,266,6,Mg-Smectite,11,432,256
UP,265,267,6,Mg-Smectite,11,432,256
UP,265,268,6,Mg-Smectite,11,432,256
UP,265,359,9,Prehnite,14,432,256
UP,265,360,9,Prehnite,14,432,256
UP,265,361,9,Prehnite,14,432,256
UP,265,362,9,Prehnite,14,432,256
UP,265,363,9,Prehnite,14,432,256
UP,265,364,9,Prehnite,14,432,256
UP,265,365,9,Prehnite,14,432,256
UP,265,386,1,Analcime,1,432,256
UP,265,387,1,Analcime,1,432,256
UP,265,388,1,Analcime,1,432,256
UP,265,389,1,Analcime,1,432,256
UP,265,390,1,Analcime,1,432,256
UP,265,391,1,Analcime,1,432,256
UP,265,392,1,Analcime,1,432,256
UP,265,393,1,Analcime,1,432,256
UP,265,394,1,Analcime,1,432,256
UP,265,395,1,Analcime,1,432,256
UP,265,396,1,Analcime,1,432,256
UP,265,397,1,Analcime,1,432,256
UP,265,398,1,Analcime,1,432,256
UP,265,399,1,Analcime,1,432,256
UP,265,400,1,Analcime,1,432,256
UP,265,401,1,Analcime,1,432,256
UP,265,402,1,Analcime,1,432,256
UP,265,403,1,Analcime,1,432,256
UP,265,404,1,Analcime,1,432,256
UP,265,405,1,Analcime,1,432,256
UP,265,406,1,Analcime,1,432,256
UP,265,407,1,Analcime,1,432,256
UP,265,408,1,Analcime,1,432,256
UP,265,427,1,Analcime,1,432,256
UP,265,428,1,Analcime,1,432,256
UP,265,429,1,Analcime,1,432,256
UP,265,430,1,Analcime,1,432,256
UP,265,431,1,Analcime,1,432,256
UP,265,432,1,Analcime,1,432,256
UP,265,433,1,Analcime,1,432,256
UP,265,434,1,Analcime,1,432,256
UP,265,435,1,Analcime,1,432,256
UP,265,436,1,Analcime,1,432,256
UP,266,157,2,Bassanite,2,432,256
UP,266,158,2,Bassanite,2,432,256
UP,266,159,2,Bassanite,2,432,256
UP,266,160,2,Bassanite,2,432,256
UP,266,161,2,Bassanite,2,432,256
UP,266,162,2,Bassanite,2,432,256
UP,266,163,2,Bassanite,2,432,256
UP,266,235,1,Analcime,1,432,256
UP,266,236,1,Analcime,1,432,256
UP,266,237,1,Analcime,1,432,256
UP,266,238,1,Analcime,1,432,256
UP,266,264,6,Mg-Smectite,11,432,256
UP,266,265,6,Mg-Smectite,11,432,256
UP,266,266,6,Mg-Smectite,11,432,256
UP,266,267,6,Mg-Smectite,11,432,256
UP,266,268,6,Mg-Smectite,11,432,256
UP,266,269,6,Mg-Smectite,11,432,256
UP,266,270,6,Mg-Smectite,11,432,256
UP,266,386,1,Analcime,1,432,256
UP,266,387,1,Analcime,1,432,256
UP,266,388,1,Analcime,1,432,256
UP,266,389,1,Analcime,1,432,256
UP,266,390,1,Analcime,1,432,256
UP,266,391,1,Analcime,1,432,256
UP,266,392,1,Analcime,1,432,256
UP,266,393,1,Analcime,1,432,256
UP,266,394,1,Analcime,1,432,256
UP,266,395,1,Analcime,1,432,256
UP,266,396,1,Analcime,1,432,256
UP,266,397,1,Analcime,1,432,256
UP,266,398,1,Analcime,1,432,256
UP,266,399,1,Analcime,1,432,256
UP,266,400,1,Analcime,1,432,256
UP,266,401,1,Analcime,1,432,256
UP,266,402,1,Analcime,1,432,256
UP,266,403,1,Analcime,1,432,256
UP,266,404,1,Analcime,1,432,256
UP,266,405,1,Analcime,1,432,256
UP,266,406,1,Analcime,1,432,256
UP,266,407,1,Analcime,1,432,256
UP,266,408,1,Analcime,1,432,256
UP,266,429,1,Analcime,1,432,256
UP,266,430,1,Analcime,1,432,256
UP,266,431,1,Analcime,1,432,256
UP,266,432,1,Analcime,1,432,256
UP,266,433,1,Analcime,1,432,256
UP,266,434,1,Analcime,1,432,256
UP,266,435,1,Analcime,1,432,256
UP,266,436,1,Analcime,1,432,256
UP,266,437,1,Analcime,1,432,256
UP,267,157,2,Bassanite,2,432,256
UP,267,158,2,Bassanite,2,432,256
UP,267,159,2,Bassanite,2,432,256
UP,267,160,2,Bassanite,2,432,256
UP,267,161,2,Bassanite,2,432,256
UP,267,162,2,Bassanite,2,432,256
UP,267,163,2,Bassanite,2,432,256
UP,267,168,1,Analcime,1,432,256
UP,267,169,1,Analcime,1,432,256
UP,267,235,1,Analcime,1,432,256
UP,267,236,1,Analcime,1,432,256
UP,267,237,1,Analcime,1,432,256
UP,267,238,1,Analcime,1,432,256
UP,267,239,1,Analcime,1,432,256
UP,267,265,6,Mg-Smectite,11,432,256
UP,267,266,6,Mg-Smectite,11,432,256
UP,267,267,6,Mg-Smectite,11,432,256
UP,267,268,6,Mg-Smectite,11,432,256
UP,267,269,6,Mg-Smectite,11,432,256
UP,267,270,6,Mg-Smectite,11,432,256
UP,267,271,6,Mg-Smectite,11,432,256
UP,267,386,1,Analcime,1,432,256
UP,267,387,1,Analcime,1,432,256
UP,267,388,1,Analcime,1,432,256
UP,267,389,1,Analcime,1,432,256
UP,267,390,1,Analcime,1,432,256
UP,267,391,1,Analcime,1,432,256
UP,267,392,1,Analcime,1,432,256
UP,267,393,1,Analcime,1,432,256
UP,267,394,1,Analcime,1,432,256
UP,267,395,1,Analcime,1,432,256
UP,267,396,1,Analcime,1,432,256
UP,267,397,1,Analcime,1,432,256
UP,267,398,1,Analcime,1,432,256
UP,267,399,1,Analcime,1,432,256
UP,267,400,1,Analcime,1,432,256
UP,267,401,1,Analcime,1,432,256
UP,267,402,1,Analcime,1,432,256
UP,267,403,1,Analcime,1,432,256
UP,267,404,1,Analcime,1,432,256
UP,267,405,1,Analcime,1,432,256
UP,267,406,1,Analcime,1,432,256
UP,267,407,1,Analcime,1,432,256
UP,267,408,1,Analcime,1,432,256
UP,267,430,1,Analcime,1,432,256
UP,267,431,1,Analcime,1,432,256
UP,267,432,1,Analcime,1,432,256
UP,267,433,1,Analcime,1,432,256
UP,267,434,1,Analcime,1,432,256
UP,267,435,1,Analcime,1,432,256
UP,267,436,1,Analcime,1,432,256
UP,267,437,1,Analcime,1,432,256
UP,267,438,1,Analcime,1,432,256
UP,268,157,2,Bassanite,2,432,256
UP,268,158,2,Bassanite,2,432,256
UP,268,159,2,Bassanite,2,432,256
UP,268,160,2,Bassanite,2,432,256
UP,268,161,2,Bassanite,2,432,256
UP,268,162,2,Bassanite,2,432,256
UP,268,163,2,Bassanite,2,432,256
UP,268,167,1,Analcime,1,432,256
UP,268,168,1,Analcime,1,432,256
UP,268,169,1,Analcime,1,432,256
UP,268,170,1,Analcime,1,432,256
UP,268,235,1,Analcime,1,432,256
UP,268,236,1,Analcime,1,432,256
UP,268,237,1,Analcime,1,432,256
UP,268,238,1,Analcime,1,432,256
UP,268,239,1,Analcime,1,432,256
UP,268,240,1,Analcime,1,432,256
UP,268,266,6,Mg-Smectite,11,432,256
UP,268,267,6,Mg-Smectite,11,432,256
UP,268,268,6,Mg-Smectite,11,432,256
UP,268,269,6,Mg-Smectite,11,432,256
UP,268,270,6,Mg-Smectite,11,432,256
UP,268,271,6,Mg-Smectite,11,432,256
UP,268,272,6,Mg-Smectite,11,432,256
UP,268,386,1,Analcime,1,432,256
UP,268,387,1,Analcime,1,432,256
UP,268,388,1,Analcime,1,432,256
UP,268,389,1,Analcime,1,432,256
UP,268,390,1,Analcime,1,432,256
UP,268,391,1,Analcime,1,432,256
UP,268,392,1,Analcime,1,432,256
UP,268,393,1,Analcime,1,432,256
UP,268,394,1,Analcime,1,432,256
UP,268,395,1,Analcime,1,432,256
UP,268,396,1,Analcime,1,432,256
UP,268,397,1,Analcime,1,432,256
UP,268,398,1,Analcime,1,432,256
UP,268,399,1,Analcime,1,432,256
UP,268,400,1,Analcime,1,432,256
UP,268,401,1,Analcime,1,432,256
UP,268,402,1,Analcime,1,432,256
UP,268,403,1,Analcime,1,432,256
UP,268,404,1,Analcime,1,432,256
UP,268,405,1,Analcime,1,432,256
UP,268,406,1,Analcime,1,432,256
UP,268,407,1,Analcime,1,432,256
UP,268,408,1,Analcime,1,432,256
UP,268,432,1,Analcime,1,432,256
UP,268,433,1,Analcime,1,432,256
UP,268,434,1,Analcime,1,432,256
UP,268,435,1,Analcime,1,432,256
UP,268,436,1,Analcime,1,432,256
UP,268,437,1,Analcime,1,432,256
UP,268,438,1,Analcime,1,432,256
UP,268,439,1,Analcime,1,432,256
UP,269,157,2,Bassanite,2,432,256
UP,269,158,2,Bassanite,2,432,256
UP,269,159,2,Bassanite,2,432,256
UP,269,160,2,Bassanite,2,432,256
UP,269,161,2,Bassanite,2,432,256
UP,269,162,2,Bassanite,2,432,256
UP,269,163,2,Bassanite,2,432,256
UP,269,167,1,Analcime,1,432,256
UP,269,168,1,Analcime,1,432,256
UP,269,169,1,Analcime,1,432,256
UP,269,170,1,Analcime,1,432,256
UP,269,211,8,Plagioclase,13,432,256
UP,269,212,8,Plagioclase,13,432,256
UP,269,235,1,Analcime,1,432,256
UP,269,236,1,Analcime,1,432,256
UP,269,237,1,Analcime,1,432,256
UP,269,238,1,Analcime,1,432,256
UP,269,239,1,Analcime,1,432,256
UP,269,240,1,Analcime,1,432,256
UP,269,241,1,Analcime,1,432,256
UP,269,267,6,Mg-Smectite,11,432,256
UP,269,268,6,Mg-Smectite,11,432,256
UP,269,269,6,Mg-Smectite,11,432,256
UP,269,270,6,Mg-Smectite,11,432,256
UP,269,271,6,Mg-Smectite,11,432,256
UP,269,272,6,Mg-Smectite,11,432,256
UP,269,386,1,Analcime,1,432,256
UP,269,387,1,Analcime,1,432,256
UP,269,388,1,Analcime,1,432,256
UP,269,389,1,Analcime,1,432,256
UP,269,390,1,Analcime,1,432,256
UP,269,391,1,Analcime,1,432,256
UP,269,392,1,Analcime,1,432,256
UP,269,393,1,Analcime,1,432,256
UP,269,394,1,Analcime,1,432,256
UP,269,395,1,Analcime,1,432,256
UP,269,396,1,Analcime,1,432,256
UP,269,397,1,Analcime,1,432,256
UP,269,398,1,Analcime,1,432,256
UP,269,399,1,Analcime,1,432,256
UP,269,400,1,Analcime,1,432,256
UP,269,401,1,Analcime,1,432,256
UP,269,402,1,Analcime,1,432,256
UP,269,403,1,Analcime,1,432,256
UP,269,404,1,Analcime,1,432,256
UP,269,405,1,Analcime,1,432,256
UP,269,406,1,Analcime,1,432,256
UP,269,407,1,Analcime,1,432,256
UP,269,408,1,Analcime,1,432,256
UP,269,434,1,Analcime,1,432,256
UP,269,435,1,Analcime,1,432,256
UP,269,436,1,Analcime,1,432,256
UP,269,437,1,Analcime,1,432,256
UP,269,438,1,Analcime,1,432,256
UP,269,439,1,Analcime,1,432,256
UP,270,157,2,Bassanite,2,432,256
UP,270,158,2,Bassanite,2,432,256
UP,270,159,2,Bassanite,2,432,256
UP,270,160,2,Bassanite,2,432,256
UP,270,161,2,Bassanite,2,432,256
UP,270,162,2,Bassanite,2,432,256
UP,270,163,2,Bassanite,2,432,256
UP,270,167,1,Analcime,1,432,256
UP,270,168,1,Analcime,1,432,256
UP,270,169,1,Analcime,1,432,256
UP,270,170,1,Analcime,1,432,256
UP,270,171,1,Analcime,1,432,256
UP,270,210,8,Plagioclase,13,432,256
UP,270,211,8,Plagioclase,13,432,256
UP,270,212,8,Plagioclase,13,432,256
UP,270,236,1,Analcime,1,432,256
UP,270,237,1,Analcime,1,432,256
UP,270,238,1,Analcime,1,432,256
UP,270,239,1,Analcime,1,432,256
UP,270,240,1,Analcime,1,432,256
UP,270,241,1,Analcime,1,432,256
UP,270,242,1,Analcime,1,432,256
UP,270,267,6,Mg-Smectite,11,432,256
UP,270,268,6,Mg-Smectite,11,432,256
UP,270,269,6,Mg-Smectite,11,432,256
UP,270,270,6,Mg-Smectite,11,432,256
UP,270,271,6,Mg-Smectite,11,432,256
UP,270,272,6,Mg-Smectite,11,432,256
UP,270,386,1,Analcime,1,432,256
UP,270,387,1,Analcime,1,432,256
UP,270,388,1,Analcime,1,432,256
UP,270,389,1,Analcime,1,432,256
UP,270,390,1,Analcime,1,432,256
UP,270,391,1,Analcime,1,432,256
UP,270,392,1,Analcime,1,432,256
UP,270,393,1,Analcime,1,432,256
UP,270,394,1,Analcime,1,432,256
UP,270,395,1,Analcime,1,432,256
UP,270,396,1,Analcime,1,432,256
UP,270,397,1,Analcime,1,432,256
UP,270,398,1,Analcime,1,432,256
UP,270,399,1,Analcime,1,432,256
UP,270,400,1,Analcime,1,432,256
UP,270,401,1,Analcime,1,432,256
UP,270,402,1,Analcime,1,432,256
UP,270,403,1,Analcime,1,432,256
UP,270,404,1,Analcime,1,432,256
UP,270,405,1,Analcime,1,432,256
UP,270,406,1,Analcime,1,432,256
UP,270,407,1,Analcime,1,432,256
UP,270,408,1,Analcime,1,432,256
UP,270,435,1,Analcime,1,432,256
UP,270,436,1,Analcime,1,432,256
UP,270,437,1,Analcime,1,432,256
UP,270,438,1,Analcime,1,432,256
UP,270,439,1,Analcime,1,432,256
UP,271,158,2,Bassanite,2,432,256
UP,271,159,2,Bassanite,2,432,256
UP,271,160,2,Bassanite,2,432,256
UP,271,161,2,Bassanite,2,432,256
UP,271,162,2,Bassanite,2,432,256
UP,271,163,2,Bassanite,2,432,256
UP,271,167,1,Analcime,1,432,256
UP,271,168,1,Analcime,1,432,256
UP,271,169,1,Analcime,1,432,256
UP,271,170,1,Analcime,1,432,256
UP,271,171,1,Analcime,1,432,256
UP,271,237,1,Analcime,1,432,256
UP,271,238,1,Analcime,1,432,256
UP,271,239,1,Analcime,1,432,256
UP,271,240,1,Analcime,1,432,256
UP,271,241,1,Analcime,1,432,256
UP,271,242,1,Analcime,1,432,256
UP,271,268,6,Mg-Smectite,11,432,256
UP,271,269,6,Mg-Smectite,11,432,256
UP,271,270,6,Mg-Smectite,11,432,256
UP,271,271,6,Mg-Smectite,11,432,256
UP,271,272,6,Mg-Smectite,11,432,256
UP,271,273,6,Mg-Smectite,11,432,256
UP,271,387,1,Analcime,1,432,256
UP,271,388,1,Analcime,1,432,256
UP,271,389,1,Analcime,1,432,256
UP,271,390,1,Analcime,1,432,256
UP,271,391,1,Analcime,1,432,256
UP,271,392,1,Analcime,1,432,256
UP,271,393,1,Analcime,1,432,256
UP,271,394,1,Analcime,1,432,256
UP,271,395,1,Analcime,1,432,256
UP,271,396,1,Analcime,1,432,256
UP,271,397,1,Analcime,1,432,256
UP,271,398,1,Analcime,1,432,256
UP,271,399,1,Analcime,1,432,256
UP,271,400,1,Analcime,1,432,256
UP,271,401,1,Analcime,1,432,256
UP,271,402,1,Analcime,1,432,256
UP,271,403,1,Analcime,1,432,256
UP,271,404,1,Analcime,1,432,256
UP,271,405,1,Analcime,1,432,256
UP,271,406,1,Analcime,1,432,256
UP,271,407,1,Analcime,1,432,256
UP,271,408,1,Analcime,1,432,256
UP,271,435,1,Analcime,1,432,256
UP,271,436,1,Analcime,1,432,256
UP,271,437,1,Analcime,1,432,256
UP,271,438,1,Analcime,1,432,256
UP,271,439,1,Analcime,1,432,256
UP,271,440,1,Analcime,1,432,256
UP,271,441,1,Analcime,1,432,256
UP,272,158,2,Bassanite,2,432,256
UP,272,159,2,Bassanite,2,432,256
UP,272,160,2,Bassanite,2,432,256
UP,272,161,2,Bassanite,2,432,256
UP,272,162,2,Bassanite,2,432,256
UP,272,163,2,Bassanite,2,432,256
UP,272,167,1,Analcime,1,432,256
UP,272,168,1,Analcime,1,432,256
UP,272,169,1,Analcime,1,432,256
UP,272,170,1,Analcime,1,432,256
UP,272,171,1,Analcime,1,432,256
UP,272,172,1,Analcime,1,432,256
UP,272,238,1,Analcime,1,432,256
UP,272,239,1,Analcime,1,432,256
UP,272,240,1,Analcime,1,432,256
UP,272,241,1,Analcime,1,432,256
UP,272,242,1,Analcime,1,432,256
UP,272,243,1,Analcime,1,432,256
UP,272,269,6,Mg-Smectite,11,432,256
UP,272,270,6,Mg-Smectite,11,432,256
UP,272,271,6,Mg-Smectite,11,432,256
UP,272,272,6,Mg-Smectite,11,432,256
UP,272,273,6,Mg-Smectite,11,432,256
UP,272,388,1,Analcime,1,432,256
UP,272,389,1,Analcime,1,432,256
UP,272,390,1,Analcime,1,432,256
UP,272,391,1,Analcime,1,432,256
UP,272,392,1,Analcime,1,432,256
UP,272,393,1,Analcime,1,432,256
UP,272,394,1,Analcime,1,432,256
UP,272,395,1,Analcime,1,432,256
UP,272,396,1,Analcime,1,432,256
UP,272,397,1,Analcime,1,432,256
UP,272,398,1,Analcime,1,432,256
UP,272,399,1,Analcime,1,432,256
UP,272,400,1,Analcime,1,432,256
UP,272,401,1,Analcime,1,432,256
UP,272,402,1,Analcime,1,432,256
UP,272,403,1,Analcime,1,432,256
UP,272,404,1,Analcime,1,432,256
UP,272,405,1,Analcime,1,432,256
UP,272,406,1,Analcime,1,432,256
UP,272,407,1,Analcime,1,432,256
UP,272,408,1,Analcime,1,432,256
UP,272,435,1,Analcime,1,432,256
UP,272,436,1,Analcime,1,432,256
UP,272,437,1,Analcime,1,432,256
UP,272,438,1,Analcime,1,432,256
UP,272,439,1,Analcime,1,432,256
UP,272,440,1,Analcime,1,432,256
UP,272,441,1,Analcime,1,432,256
UP,272,442,1,Analcime,1,432,256
UP,273,158,2,Bassanite,2,432,256
UP,273,159,2,Bassanite,2,432,256
UP,273,160,2,Bassanite,2,432,256
UP,273,161,2,Bassanite,2,432,256
UP,273,162,2,Bassanite,2,432,256
UP,273,167,1,Analcime,1,432,256
UP,273,168,1,Analcime,1,432,256
UP,273,169,1,Analcime,1,432,256
UP,273,170,1,Analcime,1,432,256
UP,273,171,1,Analcime,1,432,256
UP,273,172,1,Analcime,1,432,256
UP,273,239,1,Analcime,1,432,256
UP,273,240,1,Analcime,1,432,256
UP,273,241,1,Analcime,1,432,256
UP,273,242,1,Analcime,1,432,256
UP,273,243,1,Analcime,1,432,256
UP,273,244,1,Analcime,1,432,256
UP,273,269,6,Mg-Smectite,11,432,256
UP,273,270,6,Mg-Smectite,11,432,256
UP,273,271,6,Mg-Smectite,11,432,256
UP,273,272,6,Mg-Smectite,11,432,256
UP,273,273,6,Mg-Smectite,11,432,256
UP,273,389,1,Analcime,1,432,256
UP,273,390,1,Analcime,1,432,256
UP,273,391,1,Analcime,1,432,256
UP,273,392,1,Analcime,1,432,256
UP,273,393,1,Analcime,1,432,256
UP,273,394,1,Analcime,1,432,256
UP,273,395,1,Analcime,1,432,256
UP,273,396,1,Analcime,1,432,256
UP,273,397,1,Analcime,1,432,256
UP,273,398,1,Analcime,1,432,256
UP,273,399,1,Analcime,1,432,256
UP,273,400,1,Analcime,1,432,256
UP,273,401,1,Analcime,1,432,256
UP,273,402,1,Analcime,1,432,256
UP,273,403,1,Analcime,1,432,256
UP,273,404,1,Analcime,1,432,256
UP,273,405,1,Analcime,1,432,256
UP,273,406,1,Analcime,1,432,256
UP,273,407,1,Analcime,1,432,256
UP,273,408,1,Analcime,1,432,256
UP,273,436,1,Analcime,1,432,256
UP,273,437,1,Analcime,1,432,256
UP,273,438,1,Analcime,1,432,256
UP,273,439,1,Analcime,1,432,256
UP,273,440,1,Analcime,1,432,256
UP,273,441,1,Analcime,1,432,256
UP,273,442,1,Analcime,1,432,256
UP,273,443,1,Analcime,1,432,256
UP,274,159,2,Bassanite,2,432,256
UP,274,160,2,Bassanite,2,432,256
UP,274,161,2,Bassanite,2,432,256
UP,274,167,1,Analcime,1,432,256
UP,274,168,1,Analcime,1,432,256
UP,274,169,1,Analcime,1,432,256
UP,274,170,1,Analcime,1,432,256
UP,274,171,1,Analcime,1,432,256
UP,274,172,1,Analcime,1,432,256
UP,274,220,8,Plagioclase,13,432,256
UP,274,221,8,Plagioclase,13,432,256
UP,274,222,8,Plagioclase,13,432,256
UP,274,241,1,Analcime,1,432,256
UP,274,242,1,Analcime,1,432,256
UP,274,243,1,Analcime,1,432,256
UP,274,244,1,Analcime,1,432,256
UP,274,269,6,Mg-Smectite,11,432,256
UP,274,270,6,Mg-Smectite,11,432,256
UP,274,271,6,Mg-Smectite,11,432,256
UP,274,272,6,Mg-Smectite,11,432,256
UP,274,273,6,Mg-Smectite,11,432,256
UP,274,390,1,Analcime,1,432,256
UP,274,391,1,Analcime,1,432,256
UP,274,392,1,Analcime,1,432,256
UP,274,393,1,Analcime,1,432,256
UP,274,394,1,Analcime,1,432,256
UP,274,395,1,Analcime,1,432,256
UP,274,396,1,Analcime,1,432,256
UP,274,397,1,Analcime,1,432,256
UP,274,398,1,Analcime,1,432,256
UP,274,399,1,Analcime,1,432,256
UP,274,400,1,Analcime,1,432,256
UP,274,401,1,Analcime,1,432,256
UP,274,402,1,Analcime,1,432,256
UP,274,403,1,Analcime,1,432,256
UP,274,404,1,Analcime,1,432,256
UP,274,405,1,Analcime,1,432,256
UP,274,406,1,Analcime,1,432,256
UP,274,407,1,Analcime,1,432,256
UP,274,408,1,Analcime,1,432,256
UP,274,436,1,Analcime,1,432,256
UP,274,437,1,Analcime,1,432,256
UP,274,438,1,Analcime,1,432,256
UP,274,439,1,Analcime,1,432,256
UP,274,440,1,Analcime,1,432,256
UP,274,441,1,Analcime,1,432,256
UP,274,442,1,Analcime,1,432,256
UP,274,443,1,Analcime,1,432,256
UP,274,444,1,Analcime,1,432,256
UP,274,445,1,Analcime,1,432,256
UP,275,167,1,Analcime,1,432,256
UP,275,168,1,Analcime,1,432,256
UP,275,169,1,Analcime,1,432,256
UP,275,170,1,Analcime,1,432,256
UP,275,171,1,Analcime,1,432,256
UP,275,172,1,Analcime,1,432,256
UP,275,220,8,Plagioclase,13,432,256
UP,275,221,8,Plagioclase,13,432,256
UP,275,222,8,Plagioclase,13,432,256
UP,275,225,8,Plagioclase,13,432,256
UP,275,226,8,Plagioclase,13,432,256
UP,275,227,8,Plagioclase,13,432,256
UP,275,241,1,Analcime,1,432,256
UP,275,242,1,Analcime,1,432,256
UP,275,243,1,Analcime,1,432,256
UP,275,244,1,Analcime,1,432,256
UP,275,245,1,Analcime,1,432,256
UP,275,269,6,Mg-Smectite,11,432,256
UP,275,270,6,Mg-Smectite,11,432,256
UP,275,271,6,Mg-Smectite,11,432,256
UP,275,272,6,Mg-Smectite,11,432,256
UP,275,273,6,Mg-Smectite,11,432,256
UP,275,390,1,Analcime,1,432,256
UP,275,391,1,Analcime,1,432,256
UP,275,392,1,Analcime,1,432,256
UP,275,393,1,Analcime,1,432,256
UP,275,394,1,Analcime,1,432,256
UP,275,395,1,Analcime,1,432,256
UP,275,396,1,Analcime,1,432,256
UP,275,397,1,Analcime,1,432,256
UP,275,398,1,Analcime,1,432,256
UP,275,399,1,Analcime,1,432,256
UP,275,400,1,Analcime,1,432,256
UP,275,401,1,Analcime,1,432,256
UP,275,402,1,Analcime,1,432,256
UP,275,403,1,Analcime,1,432,256
UP,275,404,1,Analcime,1,432,256
UP,275,405,1,Analcime,1,432,256
UP,275,406,1,Analcime,1,432,256
UP,275,407,1,Analcime,1,432,256
UP,275,437,1,Analcime,1,432,256
UP,275,438,1,Analcime,1,432,256
UP,275,439,1,Analcime,1,432,256
UP,275,440,1,Analcime,1,432,256
UP,275,441,1,Analcime,1,432,256
UP,275,442,1,Analcime,1,432,256
UP,275,443,1,Analcime,1,432,256
UP,275,444,1,Analcime,1,432,256
UP,275,445,1,Analcime,1,432,256
UP,275,446,1,Analcime,1,432,256
UP,276,167,1,Analcime,1,432,256
UP,276,168,1,Analcime,1,432,256
UP,276,169,1,Analcime,1,432,256
UP,276,170,1,Analcime,1,432,256
UP,276,171,1,Analcime,1,432,256
UP,276,172,1,Analcime,1,432,256
UP,276,224,8,Plagioclase,13,432,256
UP,276,225,8,Plagioclase,13,432,256
UP,276,226,8,Plagioclase,13,432,256
UP,276,227,8,Plagioclase,13,432,256
UP,276,243,1,Analcime,1,432,256
UP,276,244,1,Analcime,1,432,256
UP,276,245,1,Analcime,1,432,256
UP,276,246,1,Analcime,1,432,256
UP,276,247,1,Analcime,1,432,256
UP,276,270,6,Mg-Smectite,11,432,256
UP,276,271,6,Mg-Smectite,11,432,256
UP,276,272,6,Mg-Smectite,11,432,256
UP,276,273,6,Mg-Smectite,11,432,256
UP,276,274,6,Mg-Smectite,11,432,256
UP,276,393,1,Analcime,1,432,256
UP,276,394,1,Analcime,1,432,256
UP,276,395,1,Analcime,1,432,256
UP,276,396,1,Analcime,1,432,256
UP,276,397,1,Analcime,1,432,256
UP,276,398,1,Analcime,1,432,256
UP,276,399,1,Analcime,1,432,256
UP,276,400,1,Analcime,1,432,256
UP,276,401,1,Analcime,1,432,256
UP,276,402,1,Analcime,1,432,256
UP,276,403,1,Analcime,1,432,256
UP,276,404,1,Analcime,1,432,256
UP,276,405,1,Analcime,1,432,256
UP,276,406,1,Analcime,1,432,256
UP,276,438,1,Analcime,1,432,256
UP,276,439,1,Analcime,1,432,256
UP,276,440,1,Analcime,1,432,256
UP,276,441,1,Analcime,1,432,256
UP,276,442,1,Analcime,1,432,256
UP,276,443,1,Analcime,1,432,256
UP,276,444,1,Analcime,1,432,256
UP,276,445,1,Analcime,1,432,256
UP,276,446,1,Analcime,1,432,256
UP,277,168,1,Analcime,1,432,256
UP,277,169,1,Analcime,1,432,256
UP,277,170,1,Analcime,1,432,256
UP,277,171,1,Analcime,1,432,256
UP,277,172,1,Analcime,1,432,256
UP,277,224,8,Plagioclase,13,432,256
UP,277,225,8,Plagioclase,13,432,256
UP,277,226,8,Plagioclase,13,432,256
UP,277,243,1,Analcime,1,432,256
UP,277,244,1,Analcime,1,432,256
UP,277,245,1,Analcime,1,432,256
UP,277,246,1,Analcime,1,432,256
UP,277,247,1,Analcime,1,432,256
UP,277,248,1,Analcime,1,432,256
UP,277,270,6,Mg-Smectite,11,432,256
UP,277,271,6,Mg-Smectite,11,432,256
UP,277,272,6,Mg-Smectite,11,432,256
UP,277,273,6,Mg-Smectite,11,432,256
UP,277,274,6,Mg-Smectite,11,432,256
UP,277,395,1,Analcime,1,432,256
UP,277,396,1,Analcime,1,432,256
UP,277,397,1,Analcime,1,432,256
UP,277,398,1,Analcime,1,432,256
UP,277,399,1,Analcime,1,432,256
UP,277,400,1,Analcime,1,432,256
UP,277,401,1,Analcime,1,432,256
UP,277,402,1,Analcime,1,432,256
UP,277,403,1,Analcime,1,432,256
UP,277,404,1,Analcime,1,432,256
UP,277,439,1,Analcime,1,432,256
UP,277,440,1,Analcime,1,432,256
UP,277,441,1,Analcime,1,432,256
UP,277,442,1,Analcime,1,432,256
UP,277,443,1,Analcime,1,432,256
UP,277,444,1,Analcime,1,432,256
UP,277,445,1,Analcime,1,432,256
UP,277,446,1,Analcime,1,432,256
UP,277,447,1,Analcime,1,432,256
UP,277,448,1,Analcime,1,432,256
UP,277,449,1,Analcime,1,432,256
UP,277,450,1,Analcime,1,432,256
UP,277,451,1,Analcime,1,432,256
UP,278,169,1,Analcime,1,432,256
UP,278,170,1,Analcime,1,432,256
UP,278,171,1,Analcime,1,432,256
UP,278,172,1,Analcime,1,432,256
UP,278,244,1,Analcime,1,432,256
UP,278,245,1,Analcime,1,432,256
UP,278,246,1,Analcime,1,432,256
UP,278,247,1,Analcime,1,432,256
UP,278,248,1,Analcime,1,432,256
UP,278,249,1,Analcime,1,432,256
UP,278,271,6,Mg-Smectite,11,432,256
UP,278,272,6,Mg-Smectite,11,432,256
UP,278,273,6,Mg-Smectite,11,432,256
UP,278,274,6,Mg-Smectite,11,432,256
UP,278,398,1,Analcime,1,432,256
UP,278,399,1,Analcime,1,432,256
UP,278,400,1,Analcime,1,432,256
UP,278,401,1,Analcime,1,432,256
UP,278,402,1,Analcime,1,432,256
UP,278,403,1,Analcime,1,432,256
UP,278,440,1,Analcime,1,432,256
UP,278,441,1,Analcime,1,432,256
UP,278,442,1,Analcime,1,432,256
UP,278,443,1,Analcime,1,432,256
UP,278,444,1,Analcime,1,432,256
UP,278,445,1,Analcime,1,432,256
UP,278,446,1,Analcime,1,432,256
UP,278,447,1,Analcime,1,432,256
UP,278,448,1,Analcime,1,432,256
UP,278,449,1,Analcime,1,432,256
UP,278,450,1,Analcime,1,432,256
UP,278,451,1,Analcime,1,432,256
UP,278,452,1,Analcime,1,432,256
UP,278,453,1,Analcime,1,432,256
UP,278,454,1,Analcime,1,432,256
UP,278,455,1,Analcime,1,432,256
UP,278,456,1,Analcime,1,432,256
UP,279,35,2,Bassanite,2,432,256
UP,279,36,2,Bassanite,2,432,256
UP,279,37,2,Bassanite,2,432,256
UP,279,38,2,Bassanite,2,432,256
UP,279,39,2,Bassanite,2,432,256
UP,279,40,2,Bassanite,2,432,256
UP,279,41,2,Bassanite,2,432,256
UP,279,42,2,Bassanite,2,432,256
UP,279,43,2,Bassanite,2,432,256
UP,279,170,1,Analcime,1,432,256
UP,279,171,1,Analcime,1,432,256
UP,279,172,1,Analcime,1,432,256
UP,279,233,8,Plagioclase,13,432,256
UP,279,234,8,Plagioclase,13,432,256
UP,279,235,8,Plagioclase,13,432,256
UP,279,236,8,Plagioclase,13,432,256
UP,279,245,1,Analcime,1,432,256
UP,279,246,1,Analcime,1,432,256
UP,279,247,1,Analcime,1,432,256
UP,279,248,1,Analcime,1,432,256
UP,279,249,1,Analcime,1,432,256
UP,279,250,1,Analcime,1,432,256
UP,279,271,6,Mg-Smectite,11,432,256
UP,279,272,6,Mg-Smectite,11,432,256
UP,279,273,6,Mg-Smectite,11,432,256
UP,279,274,6,Mg-Smectite,11,432,256
UP,279,275,6,Mg-Smectite,11,432,256
UP,279,442,1,Analcime,1,432,256
UP,279,443,1,Analcime,1,432,256
UP,279,444,1,Analcime,1,432,256
UP,279,445,1,Analcime,1,432,256
UP,279,446,1,Analcime,1,432,256
UP,279,447,1,Analcime,1,432,256
UP,279,448,1,Analcime,1,432,256
UP,279,449,1,Analcime,1,432,256
UP,279,450,1,Analcime,1,432,256
UP,279,451,1,Analcime,1,432,256
UP,279,452,1,Analcime,1,432,256
UP,279,453,1,Analcime,1,432,256
UP,279,454,1,Analcime,1,432,256
UP,279,455,1,Analcime,1,432,256
UP,279,456,1,Analcime,1,432,256
UP,280,35,2,Bassanite,2,432,256
UP,280,36,2,Bassanite,2,432,256
UP,280,37,2,Bassanite,2,432,256
UP,280,38,2,Bassanite,2,432,256
UP,280,39,2,Bassanite,2,432,256
UP,280,40,2,Bassanite,2,432,256
UP,280,41,2,Bassanite,2,432,256
UP,280,42,2,Bassanite,2,432,256
UP,280,43,2,Bassanite,2,432,256
UP,280,44,2,Bassanite,2,432,256
UP,280,45,2,Bassanite,2,432,256
UP,280,46,2,Bassanite,2,432,256
UP,280,177,1,Analcime,1,432,256
UP,280,178,1,Analcime,1,432,256
UP,280,179,1,Analcime,1,432,256
UP,280,180,1,Analcime,1,432,256
UP,280,233,8,Plagioclase,13,432,256
UP,280,234,8,Plagioclase,13,432,256
UP,280,235,8,Plagioclase,13,432,256
UP,280,236,8,Plagioclase,13,432,256
UP,280,246,1,Analcime,1,432,256
UP,280,247,1,Analcime,1,432,256
UP,280,248,1,Analcime,1,432,256
UP,280,249,1,Analcime,1,432,256
UP,280,250,1,Analcime,1,432,256
UP,280,271,6,Mg-Smectite,11,432,256
UP,280,272,6,Mg-Smectite,11,432,256
UP,280,273,6,Mg-Smectite,11,432,256
UP,280,274,6,Mg-Smectite,11,432,256
UP,280,275,6,Mg-Smectite,11,432,256
UP,280,276,6,Mg-Smectite,11,432,256
UP,280,388,1,Analcime,1,432,256
UP,280,389,1,Analcime,1,432,256
UP,280,444,1,Analcime,1,432,256
UP,280,445,1,Analcime,1,432,256
UP,280,446,1,Analcime,1,432,256
UP,280,447,1,Analcime,1,432,256
UP,280,448,1,Analcime,1,432,256
UP,280,449,1,Analcime,1,432,256
UP,280,450,1,Analcime,1,432,256
UP,280,451,1,Analcime,1,432,256
UP,280,452,1,Analcime,1,432,256
UP,280,453,1,Analcime,1,432,256
UP,280,454,1,Analcime,1,432,256
UP,280,455,1,Analcime,1,432,256
UP,280,456,1,Analcime,1,432,256
UP,280,457,1,Analcime,1,432,256
UP,281,35,2,Bassanite,2,432,256
UP,281,36,2,Bassanite,2,432,256
UP,281,37,2,Bassanite,2,432,256
UP,281,38,2,Bassanite,2,432,256
UP,281,39,2,Bassanite,2,432,256
UP,281,40,2,Bassanite,2,432,256
UP,281,41,2,Bassanite,2,432,256
UP,281,42,2,Bassanite,2,432,256
UP,281,43,2,Bassanite,2,432,256
UP,281,44,2,Bassanite,2,432,256
UP,281,45,2,Bassanite,2,432,256
UP,281,46,2,Bassanite,2,432,256
UP,281,47,2,Bassanite,2,432,256
UP,281,48,2,Bassanite,2,432,256
UP,281,49,2,Bassanite,2,432,256
UP,281,177,1,Analcime,1,432,256
UP,281,178,1,Analcime,1,432,256
UP,281,179,1,Analcime,1,432,256
UP,281,180,1,Analcime,1,432,256
UP,281,247,1,Analcime,1,432,256
UP,281,248,1,Analcime,1,432,256
UP,281,249,1,Analcime,1,432,256
UP,281,250,1,Analcime,1,432,256
UP,281,251,1,Analcime,1,432,256
UP,281,252,1,Analcime,1,432,256
UP,281,271,6,Mg-Smectite,11,432,256
UP,281,272,6,Mg-Smectite,11,432,256
UP,281,273,6,Mg-Smectite,11,432,256
UP,281,274,6,Mg-Smectite,11,432,256
UP,281,275,6,Mg-Smectite,11,432,256
UP,281,276,6,Mg-Smectite,11,432,256
UP,281,277,6,Mg-Smectite,11,432,256
UP,281,387,1,Analcime,1,432,256
UP,281,388,1,Analcime,1,432,256
UP,281,389,1,Analcime,1,432,256
UP,281,390,1,Analcime,1,432,256
UP,281,391,1,Analcime,1,432,256
UP,281,392,1,Analcime,1,432,256
UP,281,445,1,Analcime,1,432,256
UP,281,446,1,Analcime,1,432,256
UP,281,447,1,Analcime,1,432,256
UP,281,448,1,Analcime,1,432,256
UP,281,449,1,Analcime,1,432,256
UP,281,450,1,Analcime,1,432,256
UP,281,451,1,Analcime,1,432,256
UP,281,452,1,Analcime,1,432,256
UP,281,453,1,Analcime,1,432,256
UP,281,454,1,Analcime,1,432,256
UP,281,455,1,Analcime,1,432,256
UP,281,456,1,Analcime,1,432,256
UP,281,457,1,Analcime,1,432,256
UP,282,35,2,Bassanite,2,432,256
UP,282,36,2,Bassanite,2,432,256
UP,282,37,2,Bassanite,2,432,256
UP,282,38,2,Bassanite,2,432,256
UP,282,39,2,Bassanite,2,432,256
UP,282,40,2,Bassanite,2,432,256
UP,282,41,2,Bassanite,2,432,256
UP,282,42,2,Bassanite,2,432,256
UP,282,43,2,Bassanite,2,432,256
UP,282,44,2,Bassanite,2,432,256
UP,282,45,2,Bassanite,2,432,256
UP,282,46,2,Bassanite,2,432,256
UP,282,47,2,Bassanite,2,432,256
UP,282,48,2,Bassanite,2,432,256
UP,282,49,2,Bassanite,2,432,256
UP,282,50,2,Bassanite,2,432,256
UP,282,51,2,Bassanite,2,432,256
UP,282,52,2,Bassanite,2,432,256
UP,282,248,1,Analcime,1,432,256
UP,282,249,1,Analcime,1,432,256
UP,282,250,1,Analcime,1,432,256
UP,282,251,1,Analcime,1,432,256
UP,282,252,1,Analcime,1,432,256
UP,282,253,1,Analcime,1,432,256
UP,282,272,6,Mg-Smectite,11,432,256
UP,282,273,6,Mg-Smectite,11,432,256
UP,282,274,6,Mg-Smectite,11,432,256
UP,282,275,6,Mg-Smectite,11,432,256
UP,282,276,6,Mg-Smectite,11,432,256
UP,282,277,6,Mg-Smectite,11,432,256
UP,282,388,1,Analcime,1,432,256
UP,282,389,1,Analcime,1,432,256
UP,282,390,1,Analcime,1,432,256
UP,282,391,1,Analcime,1,432,256
UP,282,392,1,Analcime,1,432,256
UP,282,393,1,Analcime,1,432,256
UP,282,394,1,Analcime,1,432,256
UP,282,395,1,Analcime,1,432,256
UP,282,447,1,Analcime,1,432,256
UP,282,448,1,Analcime,1,432,256
UP,282,449,1,Analcime,1,432,256
UP,282,450,1,Analcime,1,432,256
UP,282,451,1,Analcime,1,432,256
UP,282,452,1,Analcime,1,432,256
UP,282,453,1,Analcime,1,432,256
UP,282,454,1,Analcime,1,432,256
UP,282,455,1,Analcime,1,432,256
UP,282,456,1,Analcime,1,432,256
UP,282,457,1,Analcime,1,432,256
UP,283,38,2,Bassanite,2,432,256
UP,283,39,2,Bassanite,2,432,256
UP,283,40,2,Bassanite,2,432,256
UP,283,41,2,Bassanite,2,432,256
UP,283,42,2,Bassanite,2,432,256
UP,283,43,2,Bassanite,2,432,256
UP,283,44,2,Bassanite,2,432,256
UP,283,45,2,Bassanite,2,432,256
UP,283,46,2,Bassanite,2,432,256
UP,283,47,2,Bassanite,2,432,256
UP,283,48,2,Bassanite,2,432,256
UP,283,49,2,Bassanite,2,432,256
UP,283,50,2,Bassanite,2,432,256
UP,283,51,2,Bassanite,2,432,256
UP,283,52,2,Bassanite,2,432,256
UP,283,53,2,Bassanite,2,432,256
UP,283,54,2,Bassanite,2,432,256
UP,283,249,1,Analcime,1,432,256
UP,283,250,1,Analcime,1,432,256
UP,283,251,1,Analcime,1,432,256
UP,283,252,1,Analcime,1,432,256
UP,283,253,1,Analcime,1,432,256
UP,283,272,6,Mg-Smectite,11,432,256
UP,283,273,6,Mg-Smectite,11,432,256
UP,283,274,6,Mg-Smectite,11,432,256
UP,283,275,6,Mg-Smectite,11,432,256
UP,283,276,6,Mg-Smectite,11,432,256
UP,283,277,6,Mg-Smectite,11,432,256
UP,283,278,6,Mg-Smectite,11,432,256
UP,283,381,4,Illite/Muscovite,7,432,256
UP,283,382,4,Illite/Muscovite,7,432,256
UP,283,389,1,Analcime,1,432,256
UP,283,390,1,Analcime,1,432,256
UP,283,391,1,Analcime,1,432,256
UP,283,392,1,Analcime,1,432,256
UP,283,393,1,Analcime,1,432,256
UP,283,394,1,Analcime,1,432,256
UP,283,395,1,Analcime,1,432,256
UP,283,396,1,Analcime,1,432,256
UP,283,397,1,Analcime,1,432,256
UP,283,452,1,Analcime,1,432,256
UP,283,453,1,Analcime,1,432,256
UP,283,454,1,Analcime,1,432,256
UP,283,455,1,Analcime,1,432,256
UP,283,456,1,Analcime,1,432,256
UP,284,41,2,Bassanite,2,432,256
UP,284,42,2,Bassanite,2,432,256
UP,284,43,2,Bassanite,2,432,256
UP,284,44,2,Bassanite,2,432,256
UP,284,45,2,Bassanite,2,432,256
UP,284,46,2,Bassanite,2,432,256
UP,284,47,2,Bassanite,2,432,256
UP,284,48,2,Bassanite,2,432,256
UP,284,49,2,Bassanite,2,432,256
UP,284,50,2,Bassanite,2,432,256
UP,284,51,2,Bassanite,2,432,256
UP,284,52,2,Bassanite,2,432,256
UP,284,53,2,Bassanite,2,432,256
UP,284,54,2,Bassanite,2,432,256
UP,284,55,2,Bassanite,2,432,256
UP,284,56,2,Bassanite,2,432,256
UP,284,199,2,Bassanite,2,432,256
UP,284,200,2,Bassanite,2,432,256
UP,284,201,2,Bassanite,2,432,256
UP,284,243,8,Plagioclase,13,432,256
UP,284,244,8,Plagioclase,13,432,256
UP,284,251,1,Analcime,1,432,256
UP,284,252,1,Analcime,1,432,256
UP,284,253,1,Analcime,1,432,256
UP,284,272,6,Mg-Smectite,11,432,256
UP,284,273,6,Mg-Smectite,11,432,256
UP,284,274,6,Mg-Smectite,11,432,256
UP,284,275,6,Mg-Smectite,11,432,256
UP,284,276,6,Mg-Smectite,11,432,256
UP,284,277,6,Mg-Smectite,11,432,256
UP,284,278,6,Mg-Smectite,11,432,256
UP,284,381,4,Illite/Muscovite,7,432,256
UP,284,382,4,Illite/Muscovite,7,432,256
UP,284,392,1,Analcime,1,432,256
UP,284,393,1,Analcime,1,432,256
UP,284,394,1,Analcime,1,432,256
UP,284,395,1,Analcime,1,432,256
UP,284,396,1,Analcime,1,432,256
UP,284,397,1,Analcime,1,432,256
UP,284,398,1,Analcime,1,432,256
UP,284,399,1,Analcime,1,432,256
UP,284,400,1,Analcime,1,432,256
UP,284,401,1,Analcime,1,432,256
UP,284,402,1,Analcime,1,432,256
UP,285,45,2,Bassanite,2,432,256
UP,285,46,2,Bassanite,2,432,256
UP,285,47,2,Bassanite,2,432,256
UP,285,48,2,Bassanite,2,432,256
UP,285,49,2,Bassanite,2,432,256
UP,285,50,2,Bassanite,2,432,256
UP,285,51,2,Bassanite,2,432,256
UP,285,52,2,Bassanite,2,432,256
UP,285,53,2,Bassanite,2,432,256
UP,285,54,2,Bassanite,2,432,256
UP,285,55,2,Bassanite,2,432,256
UP,285,56,2,Bassanite,2,432,256
UP,285,57,2,Bassanite,2,432,256
UP,285,58,2,Bassanite,2,432,256
UP,285,59,2,Bassanite,2,432,256
UP,285,60,2,Bassanite,2,432,256
UP,285,174,2,Bassanite,2,432,256
UP,285,175,2,Bassanite,2,432,256
UP,285,176,2,Bassanite,2,432,256
UP,285,177,2,Bassanite,2,432,256
UP,285,197,2,Bassanite,2,432,256
UP,285,198,2,Bassanite,2,432,256
UP,285,199,2,Bassanite,2,432,256
UP,285,200,2,Bassanite,2,432,256
UP,285,201,2,Bassanite,2,432,256
UP,285,243,8,Plagioclase,13,432,256
UP,285,244,8,Plagioclase,13,432,256
UP,285,245,8,Plagioclase,13,432,256
UP,285,272,6,Mg-Smectite,11,432,256
UP,285,273,6,Mg-Smectite,11,432,256
UP,285,274,6,Mg-Smectite,11,432,256
UP,285,275,6,Mg-Smectite,11,432,256
UP,285,276,6,Mg-Smectite,11,432,256
UP,285,277,6,Mg-Smectite,11,432,256
UP,285,278,6,Mg-Smectite,11,432,256
UP,285,381,4,Illite/Muscovite,7,432,256
UP,285,382,4,Illite/Muscovite,7,432,256
UP,285,395,1,Analcime,1,432,256
UP,285,396,1,Analcime,1,432,256
UP,285,397,1,Analcime,1,432,256
UP,285,398,1,Analcime,1,432,256
UP,285,399,1,Analcime,1,432,256
UP,285,400,1,Analcime,1,432,256
UP,285,401,1,Analcime,1,432,256
UP,285,402,1,Analcime,1,432,256
UP,285,403,1,Analcime,1,432,256
UP,285,404,1,Analcime,1,432,256
UP,285,405,1,Analcime,1,432,256
UP,285,406,1,Analcime,1,432,256
UP,285,407,1,Analcime,1,432,256
UP,285,408,1,Analcime,1,432,256
UP,285,409,1,Analcime,1,432,256
UP,285,410,1,Analcime,1,432,256
UP,285,411,1,Analcime,1,432,256
UP,285,412,1,Analcime,1,432,256
UP,285,413,1,Analcime,1,432,256
UP,285,414,1,Analcime,1,432,256
UP,285,415,1,Analcime,1,432,256
UP,286,48,2,Bassanite,2,432,256
UP,286,49,2,Bassanite,2,432,256
UP,286,50,2,Bassanite,2,432,256
UP,286,51,2,Bassanite,2,432,256
UP,286,52,2,Bassanite,2,432,256
UP,286,53,2,Bassanite,2,432,256
UP,286,54,2,Bassanite,2,432,256
UP,286,55,2,Bassanite,2,432,256
UP,286,56,2,Bassanite,2,432,256
UP,286,57,2,Bassanite,2,432,256
UP,286,58,2,Bassanite,2,432,256
UP,286,59,2,Bassanite,2,432,256
UP,286,60,2,Bassanite,2,432,256
UP,286,61,2,Bassanite,2,432,256
UP,286,62,2,Bassanite,2,432,256
UP,286,173,2,Bassanite,2,432,256
UP,286,174,2,Bassanite,2,432,256
UP,286,175,2,Bassanite,2,432,256
UP,286,176,2,Bassanite,2,432,256
UP,286,177,2,Bassanite,2,432,256
UP,286,178,2,Bassanite,2,432,256
UP,286,179,2,Bassanite,2,432,256
UP,286,180,2,Bassanite,2,432,256
UP,286,181,2,Bassanite,2,432,256
UP,286,182,2,Bassanite,2,432,256
UP,286,183,2,Bassanite,2,432,256
UP,286,184,2,Bassanite,2,432,256
UP,286,185,2,Bassanite,2,432,256
UP,286,196,2,Bassanite,2,432,256
UP,286,197,2,Bassanite,2,432,256
UP,286,198,2,Bassanite,2,432,256
UP,286,199,2,Bassanite,2,432,256
UP,286,200,2,Bassanite,2,432,256
UP,286,201,2,Bassanite,2,432,256
UP,286,202,2,Bassanite,2,432,256
UP,286,243,8,Plagioclase,13,432,256
UP,286,244,8,Plagioclase,13,432,256
UP,286,245,8,Plagioclase,13,432,256
UP,286,272,6,Mg-Smectite,11,432,256
UP,286,273,6,Mg-Smectite,11,432,256
UP,286,274,6,Mg-Smectite,11,432,256
UP,286,275,6,Mg-Smectite,11,432,256
UP,286,276,6,Mg-Smectite,11,432,256
UP,286,277,6,Mg-Smectite,11,432,256
UP,286,278,6,Mg-Smectite,11,432,256
UP,286,279,6,Mg-Smectite,11,432,256
UP,286,398,1,Analcime,1,432,256
UP,286,399,1,Analcime,1,432,256
UP,286,400,1,Analcime,1,432,256
UP,286,401,1,Analcime,1,432,256
UP,286,402,1,Analcime,1,432,256
UP,286,403,1,Analcime,1,432,256
UP,286,404,1,Analcime,1,432,256
UP,286,405,1,Analcime,1,432,256
UP,286,406,1,Analcime,1,432,256
UP,286,407,1,Analcime,1,432,256
UP,286,408,1,Analcime,1,432,256
UP,286,409,1,Analcime,1,432,256
UP,286,410,1,Analcime,1,432,256
UP,286,411,1,Analcime,1,432,256
UP,286,412,1,Analcime,1,432,256
UP,286,413,1,Analcime,1,432,256
UP,286,414,1,Analcime,1,432,256
UP,286,415,1,Analcime,1,432,256
UP,286,416,1,Analcime,1,432,256
UP,287,55,2,Bassanite,2,432,256
UP,287,56,2,Bassanite,2,432,256
UP,287,57,2,Bassanite,2,432,256
UP,287,58,2,Bassanite,2,432,256
UP,287,59,2,Bassanite,2,432,256
UP,287,60,2,Bassanite,2,432,256
UP,287,61,2,Bassanite,2,432,256
UP,287,62,2,Bassanite,2,432,256
UP,287,63,2,Bassanite,2,432,256
UP,287,64,2,Bassanite,2,432,256
UP,287,65,2,Bassanite,2,432,256
UP,287,66,2,Bassanite,2,432,256
UP,287,172,2,Bassanite,2,432,256
UP,287,173,2,Bassanite,2,432,256
UP,287,174,2,Bassanite,2,432,256
UP,287,175,2,Bassanite,2,432,256
UP,287,176,2,Bassanite,2,432,256
UP,287,177,2,Bassanite,2,432,256
UP,287,178,2,Bassanite,2,432,256
UP,287,179,2,Bassanite,2,432,256
UP,287,180,2,Bassanite,2,432,256
UP,287,181,2,Bassanite,2,432,256
UP,287,182,2,Bassanite,2,432,256
UP,287,183,2,Bassanite,2,432,256
UP,287,184,2,Bassanite,2,432,256
UP,287,185,2,Bassanite,2,432,256
UP,287,186,2,Bassanite,2,432,256
UP,287,187,2,Bassanite,2,432,256
UP,287,188,2,Bassanite,2,432,256
UP,287,189,2,Bassanite,2,432,256
UP,287,190,2,Bassanite,2,432,256
UP,287,191,2,Bassanite,2,432,256
UP,287,192,2,Bassanite,2,432,256
UP,287,193,2,Bassanite,2,432,256
UP,287,194,2,Bassanite,2,432,256
UP,287,195,2,Bassanite,2,432,256
UP,287,196,2,Bassanite,2,432,256
UP,287,197,2,Bassanite,2,432,256
UP,287,198,2,Bassanite,2,432,256
UP,287,199,2,Bassanite,2,432,256
UP,287,200,2,Bassanite,2,432,256
UP,287,201,2,Bassanite,2,432,256
UP,287,202,2,Bassanite,2,432,256
UP,287,203,2,Bassanite,2,432,256
UP,287,243,8,Plagioclase,13,432,256
UP,287,244,8,Plagioclase,13,432,256
UP,287,245,8,Plagioclase,13,432,256
UP,287,272,6,Mg-Smectite,11,432,256
UP,287,273,6,Mg-Smectite,11,432,256
UP,287,274,6,Mg-Smectite,11,432,256
UP,287,275,6,Mg-Smectite,11,432,256
UP,287,276,6,Mg-Smectite,11,432,256
UP,287,277,6,Mg-Smectite,11,432,256
UP,287,278,6,Mg-Smectite,11,432,256
UP,287,279,6,Mg-Smectite,11,432,256
UP,287,400,1,Analcime,1,432,256
UP,287,401,1,Analcime,1,432,256
UP,287,402,1,Analcime,1,432,256
UP,287,403,1,Analcime,1,432,256
UP,287,404,1,Analcime,1,432,256
UP,287,405,1,Analcime,1,432,256
UP,287,406,1,Analcime,1,432,256
UP,287,407,1,Analcime,1,432,256
UP,287,408,1,Analcime,1,432,256
UP,287,409,1,Analcime,1,432,256
UP,287,410,1,Analcime,1,432,256
UP,287,411,1,Analcime,1,432,256
UP,287,412,1,Analcime,1,432,256
UP,287,413,1,Analcime,1,432,256
UP,287,414,1,Analcime,1,432,256
UP,287,415,1,Analcime,1,432,256
UP,287,416,1,Analcime,1,432,256
UP,288,59,2,Bassanite,2,432,256
UP,288,60,2,Bassanite,2,432,256
UP,288,61,2,Bassanite,2,432,256
UP,288,62,2,Bassanite,2,432,256
UP,288,63,2,Bassanite,2,432,256
UP,288,64,2,Bassanite,2,432,256
UP,288,65,2,Bassanite,2,432,256
UP,288,66,2,Bassanite,2,432,256
UP,288,67,2,Bassanite,2,432,256
UP,288,68,2,Bassanite,2,432,256
UP,288,69,2,Bassanite,2,432,256
UP,288,70,2,Bassanite,2,432,256
UP,288,171,2,Bassanite,2,432,256
UP,288,172,2,Bassanite,2,432,256
UP,288,173,2,Bassanite,2,432,256
UP,288,174,2,Bassanite,2,432,256
UP,288,175,2,Bassanite,2,432,256
UP,288,176,2,Bassanite,2,432,256
UP,288,177,2,Bassanite,2,432,256
UP,288,178,2,Bassanite,2,432,256
UP,288,179,2,Bassanite,2,432,256
UP,288,180,2,Bassanite,2,432,256
UP,288,181,2,Bassanite,2,432,256
UP,288,182,2,Bassanite,2,432,256
UP,288,183,2,Bassanite,2,432,256
UP,288,184,2,Bassanite,2,432,256
UP,288,185,2,Bassanite,2,432,256
UP,288,186,2,Bassanite,2,432,256
UP,288,187,2,Bassanite,2,432,256
UP,288,188,2,Bassanite,2,432,256
UP,288,189,2,Bassanite,2,432,256
UP,288,190,2,Bassanite,2,432,256
UP,288,191,2,Bassanite,2,432,256
UP,288,192,2,Bassanite,2,432,256
UP,288,193,2,Bassanite,2,432,256
UP,288,194,2,Bassanite,2,432,256
UP,288,195,2,Bassanite,2,432,256
UP,288,196,2,Bassanite,2,432,256
UP,288,197,2,Bassanite,2,432,256
UP,288,198,2,Bassanite,2,432,256
UP,288,199,2,Bassanite,2,432,256
UP,288,200,2,Bassanite,2,432,256
UP,288,201,2,Bassanite,2,432,256
UP,288,202,2,Bassanite,2,432,256
UP,288,203,2,Bassanite,2,432,256
UP,288,204,2,Bassanite,2,432,256
UP,288,243,8,Plagioclase,13,432,256
UP,288,244,8,Plagioclase,13,432,256
UP,288,245,8,Plagioclase,13,432,256
UP,288,273,6,Mg-Smectite,11,432,256
UP,288,274,6,Mg-Smectite,11,432,256
UP,288,275,6,Mg-Smectite,11,432,256
UP,288,276,6,Mg-Smectite,11,432,256
UP,288,277,6,Mg-Smectite,11,432,256
UP,288,278,6,Mg-Smectite,11,432,256
UP,288,279,6,Mg-Smectite,11,432,256
UP,288,405,1,Analcime,1,432,256
UP,288,406,1,Analcime,1,432,256
UP,288,407,1,Analcime,1,432,256
UP,288,408,1,Analcime,1,432,256
UP,288,409,1,Analcime,1,432,256
UP,288,410,1,Analcime,1,432,256
UP,288,411,1,Analcime,1,432,256
UP,288,412,1,Analcime,1,432,256
UP,288,413,1,Analcime,1,432,256
UP,288,414,1,Analcime,1,432,256
UP,288,415,1,Analcime,1,432,256
UP,289,62,2,Bassanite,2,432,256
UP,289,63,2,Bassanite,2,432,256
UP,289,64,2,Bassanite,2,432,256
UP,289,65,2,Bassanite,2,432,256
UP,289,66,2,Bassanite,2,432,256
UP,289,67,2,Bassanite,2,432,256
UP,289,68,2,Bassanite,2,432,256
UP,289,69,2,Bassanite,2,432,256
UP,289,70,2,Bassanite,2,432,256
UP,289,71,2,Bassanite,2,432,256
UP,289,72,2,Bassanite,2,432,256
UP,289,73,2,Bassanite,2,432,256
UP,289,74,2,Bassanite,2,432,256
UP,289,171,2,Bassanite,2,432,256
UP,289,172,2,Bassanite,2,432,256
UP,289,173,2,Bassanite,2,432,256
UP,289,174,2,Bassanite,2,432,256
UP,289,175,2,Bassanite,2,432,256
UP,289,176,2,Bassanite,2,432,256
UP,289,177,2,Bassanite,2,432,256
UP,289,178,2,Bassanite,2,432,256
UP,289,179,2,Bassanite,2,432,256
UP,289,180,2,Bassanite,2,432,256
UP,289,181,2,Bassanite,2,432,256
UP,289,182,2,Bassanite,2,432,256
UP,289,183,2,Bassanite,2,432,256
UP,289,184,2,Bassanite,2,432,256
UP,289,185,2,Bassanite,2,432,256
UP,289,186,2,Bassanite,2,432,256
UP,289,187,2,Bassanite,2,432,256
UP,289,188,2,Bassanite,2,432,256
UP,289,189,2,Bassanite,2,432,256
UP,289,190,2,Bassanite,2,432,256
UP,289,191,2,Bassanite,2,432,256
UP,289,192,2,Bassanite,2,432,256
UP,289,193,2,Bassanite,2,432,256
UP,289,194,2,Bassanite,2,432,256
UP,289,195,2,Bassanite,2,432,256
UP,289,196,2,Bassanite,2,432,256
UP,289,197,2,Bassanite,2,432,256
UP,289,198,2,Bassanite,2,432,256
UP,289,199,2,Bassanite,2,432,256
UP,289,200,2,Bassanite,2,432,256
UP,289,201,2,Bassanite,2,432,256
UP,289,202,2,Bassanite,2,432,256
UP,289,203,2,Bassanite,2,432,256
UP,289,204,2,Bassanite,2,432,256
UP,289,243,8,Plagioclase,13,432,256
UP,289,244,8,Plagioclase,13,432,256
UP,289,245,8,Plagioclase,13,432,256
UP,289,274,6,Mg-Smectite,11,432,256
UP,289,275,6,Mg-Smectite,11,432,256
UP,289,276,6,Mg-Smectite,11,432,256
UP,289,277,6,Mg-Smectite,11,432,256
UP,289,278,6,Mg-Smectite,11,432,256
UP,289,279,6,Mg-Smectite,11,432,256
UP,290,65,2,Bassanite,2,432,256
UP,290,66,2,Bassanite,2,432,256
UP,290,67,2,Bassanite,2,432,256
UP,290,68,2,Bassanite,2,432,256
UP,290,69,2,Bassanite,2,432,256
UP,290,70,2,Bassanite,2,432,256
UP,290,71,2,Bassanite,2,432,256
UP,290,72,2,Bassanite,2,432,256
UP,290,73,2,Bassanite,2,432,256
UP,290,74,2,Bassanite,2,432,256
UP,290,75,2,Bassanite,2,432,256
UP,290,76,2,Bassanite,2,432,256
UP,290,77,2,Bassanite,2,432,256
UP,290,78,2,Bassanite,2,432,256
UP,290,79,2,Bassanite,2,432,256
UP,290,80,2,Bassanite,2,432,256
UP,290,171,2,Bassanite,2,432,256
UP,290,172,2,Bassanite,2,432,256
UP,290,173,2,Bassanite,2,432,256
UP,290,174,2,Bassanite,2,432,256
UP,290,175,2,Bassanite,2,432,256
UP,290,176,2,Bassanite,2,432,256
UP,290,177,2,Bassanite,2,432,256
UP,290,178,2,Bassanite,2,432,256
UP,290,179,2,Bassanite,2,432,256
UP,290,180,2,Bassanite,2,432,256
UP,290,181,2,Bassanite,2,432,256
UP,290,182,2,Bassanite,2,432,256
UP,290,183,2,Bassanite,2,432,256
UP,290,184,2,Bassanite,2,432,256
UP,290,185,2,Bassanite,2,432,256
UP,290,186,2,Bassanite,2,432,256
UP,290,187,2,Bassanite,2,432,256
UP,290,188,2,Bassanite,2,432,256
UP,290,189,2,Bassanite,2,432,256
UP,290,190,2,Bassanite,2,432,256
UP,290,191,2,Bassanite,2,432,256
UP,290,192,2,Bassanite,2,432,256
UP,290,193,2,Bassanite,2,432,256
UP,290,194,2,Bassanite,2,432,256
UP,290,195,2,Bassanite,2,432,256
UP,290,196,2,Bassanite,2,432,256
UP,290,197,2,Bassanite,2,432,256
UP,290,198,2,Bassanite,2,432,256
UP,290,199,2,Bassanite,2,432,256
UP,290,200,2,Bassanite,2,432,256
UP,290,201,2,Bassanite,2,432,256
UP,290,202,2,Bassanite,2,432,256
UP,290,203,2,Bassanite,2,432,256
UP,290,204,2,Bassanite,2,432,256
UP,290,205,2,Bassanite,2,432,256
UP,290,243,8,Plagioclase,13,432,256
UP,290,244,8,Plagioclase,13,432,256
UP,290,245,8,Plagioclase,13,432,256
UP,290,274,6,Mg-Smectite,11,432,256
UP,290,275,6,Mg-Smectite,11,432,256
UP,290,276,6,Mg-Smectite,11,432,256
UP,290,277,6,Mg-Smectite,11,432,256
UP,290,278,6,Mg-Smectite,11,432,256
UP,290,279,6,Mg-Smectite,11,432,256
UP,291,69,2,Bassanite,2,432,256
UP,291,70,2,Bassanite,2,432,256
UP,291,71,2,Bassanite,2,432,256
UP,291,72,2,Bassanite,2,432,256
UP,291,73,2,Bassanite,2,432,256
UP,291,74,2,Bassanite,2,432,256
UP,291,75,2,Bassanite,2,432,256
UP,291,76,2,Bassanite,2,432,256
UP,291,77,2,Bassanite,2,432,256
UP,291,78,2,Bassanite,2,432,256
UP,291,79,2,Bassanite,2,432,256
UP,291,80,2,Bassanite,2,432,256
UP,291,81,2,Bassanite,2,432,256
UP,291,82,2,Bassanite,2,432,256
UP,291,83,2,Bassanite,2,432,256
UP,291,171,2,Bassanite,2,432,256
UP,291,172,2,Bassanite,2,432,256
UP,291,173,2,Bassanite,2,432,256
UP,291,174,2,Bassanite,2,432,256
UP,291,175,2,Bassanite,2,432,256
UP,291,176,2,Bassanite,2,432,256
UP,291,177,2,Bassanite,2,432,256
UP,291,178,2,Bassanite,2,432,256
UP,291,179,2,Bassanite,2,432,256
UP,291,180,2,Bassanite,2,432,256
UP,291,181,2,Bassanite,2,432,256
UP,291,182,2,Bassanite,2,432,256
UP,291,183,2,Bassanite,2,432,256
UP,291,184,2,Bassanite,2,432,256
UP,291,185,2,Bassanite,2,432,256
UP,291,186,2,Bassanite,2,432,256
UP,291,187,2,Bassanite,2,432,256
UP,291,188,2,Bassanite,2,432,256
UP,291,189,2,Bassanite,2,432,256
UP,291,190,2,Bassanite,2,432,256
UP,291,191,2,Bassanite,2,432,256
UP,291,192,2,Bassanite,2,432,256
UP,291,193,2,Bassanite,2,432,256
UP,291,194,2,Bassanite,2,432,256
UP,291,195,2,Bassanite,2,432,256
UP,291,196,2,Bassanite,2,432,256
UP,291,197,2,Bassanite,2,432,256
UP,291,198,2,Bassanite,2,432,256
UP,291,199,2,Bassanite,2,432,256
UP,291,200,2,Bassanite,2,432,256
UP,291,201,2,Bassanite,2,432,256
UP,291,202,2,Bassanite,2,432,256
UP,291,203,2,Bassanite,2,432,256
UP,291,204,2,Bassanite,2,432,256
UP,291,205,2,Bassanite,2,432,256
UP,291,206,2,Bassanite,2,432,256
UP,291,244,8,Plagioclase,13,432,256
UP,291,274,6,Mg-Smectite,11,432,256
UP,291,275,6,Mg-Smectite,11,432,256
UP,291,276,6,Mg-Smectite,11,432,256
UP,291,277,6,Mg-Smectite,11,432,256
UP,291,278,6,Mg-Smectite,11,432,256
UP,291,279,6,Mg-Smectite,11,432,256
UP,292,72,2,Bassanite,2,432,256
UP,292,73,2,Bassanite,2,432,256
UP,292,74,2,Bassanite,2,432,256
UP,292,75,2,Bassanite,2,432,256
UP,292,76,2,Bassanite,2,432,256
UP,292,77,2,Bassanite,2,432,256
UP,292,78,2,Bassanite,2,432,256
UP,292,79,2,Bassanite,2,432,256
UP,292,80,2,Bassanite,2,432,256
UP,292,81,2,Bassanite,2,432,256
UP,292,82,2,Bassanite,2,432,256
UP,292,83,2,Bassanite,2,432,256
UP,292,84,2,Bassanite,2,432,256
UP,292,85,2,Bassanite,2,432,256
UP,292,86,2,Bassanite,2,432,256
UP,292,87,2,Bassanite,2,432,256
UP,292,88,2,Bassanite,2,432,256
UP,292,89,2,Bassanite,2,432,256
UP,292,90,2,Bassanite,2,432,256
UP,292,91,2,Bassanite,2,432,256
UP,292,171,2,Bassanite,2,432,256
UP,292,172,2,Bassanite,2,432,256
UP,292,173,2,Bassanite,2,432,256
UP,292,174,2,Bassanite,2,432,256
UP,292,175,2,Bassanite,2,432,256
UP,292,176,2,Bassanite,2,432,256
UP,292,177,2,Bassanite,2,432,256
UP,292,178,2,Bassanite,2,432,256
UP,292,179,2,Bassanite,2,432,256
UP,292,180,2,Bassanite,2,432,256
UP,292,181,2,Bassanite,2,432,256
UP,292,182,2,Bassanite,2,432,256
UP,292,183,2,Bassanite,2,432,256
UP,292,184,2,Bassanite,2,432,256
UP,292,185,2,Bassanite,2,432,256
UP,292,186,2,Bassanite,2,432,256
UP,292,187,2,Bassanite,2,432,256
UP,292,188,2,Bassanite,2,432,256
UP,292,189,2,Bassanite,2,432,256
UP,292,190,2,Bassanite,2,432,256
UP,292,191,2,Bassanite,2,432,256
UP,292,192,2,Bassanite,2,432,256
UP,292,193,2,Bassanite,2,432,256
UP,292,194,2,Bassanite,2,432,256
UP,292,195,2,Bassanite,2,432,256
UP,292,196,2,Bassanite,2,432,256
UP,292,197,2,Bassanite,2,432,256
UP,292,198,2,Bassanite,2,432,256
UP,292,199,2,Bassanite,2,432,256
UP,292,200,2,Bassanite,2,432,256
UP,292,201,2,Bassanite,2,432,256
UP,292,202,2,Bassanite,2,432,256
UP,292,203,2,Bassanite,2,432,256
UP,292,204,2,Bassanite,2,432,256
UP,292,205,2,Bassanite,2,432,256
UP,292,206,2,Bassanite,2,432,256
UP,292,274,6,Mg-Smectite,11,432,256
UP,292,275,6,Mg-Smectite,11,432,256
UP,292,276,6,Mg-Smectite,11,432,256
UP,292,277,6,Mg-Smectite,11,432,256
UP,292,278,6,Mg-Smectite,11,432,256
UP,292,279,6,Mg-Smectite,11,432,256
UP,292,438,4,Illite/Muscovite,7,432,256
UP,292,439,4,Illite/Muscovite,7,432,256
UP,292,444,9,Prehnite,14,432,256
UP,292,445,9,Prehnite,14,432,256
UP,293,77,2,Bassanite,2,432,256
UP,293,78,2,Bassanite,2,432,256
UP,293,79,2,Bassanite,2,432,256
UP,293,80,2,Bassanite,2,432,256
UP,293,81,2,Bassanite,2,432,256
UP,293,82,2,Bassanite,2,432,256
UP,293,83,2,Bassanite,2,432,256
UP,293,84,2,Bassanite,2,432,256
UP,293,85,2,Bassanite,2,432,256
UP,293,86,2,Bassanite,2,432,256
UP,293,87,2,Bassanite,2,432,256
UP,293,88,2,Bassanite,2,432,256
UP,293,89,2,Bassanite,2,432,256
UP,293,90,2,Bassanite,2,432,256
UP,293,91,2,Bassanite,2,432,256
UP,293,92,2,Bassanite,2,432,256
UP,293,93,2,Bassanite,2,432,256
UP,293,94,2,Bassanite,2,432,256
UP,293,95,2,Bassanite,2,432,256
UP,293,96,2,Bassanite,2,432,256
UP,293,97,2,Bassanite,2,432,256
UP,293,98,2,Bassanite,2,432,256
UP,293,99,2,Bassanite,2,432,256
UP,293,100,2,Bassanite,2,432,256
UP,293,101,2,Bassanite,2,432,256
UP,293,102,2,Bassanite,2,432,256
UP,293,171,2,Bassanite,2,432,256
UP,293,172,2,Bassanite,2,432,256
UP,293,173,2,Bassanite,2,432,256
UP,293,174,2,Bassanite,2,432,256
UP,293,175,2,Bassanite,2,432,256
UP,293,176,2,Bassanite,2,432,256
UP,293,177,2,Bassanite,2,432,256
UP,293,178,2,Bassanite,2,432,256
UP,293,179,2,Bassanite,2,432,256
UP,293,180,2,Bassanite,2,432,256
UP,293,181,2,Bassanite,2,432,256
UP,293,182,2,Bassanite,2,432,256
UP,293,183,2,Bassanite,2,432,256
UP,293,184,2,Bassanite,2,432,256
UP,293,185,2,Bassanite,2,432,256
UP,293,186,2,Bassanite,2,432,256
UP,293,187,2,Bassanite,2,432,256
UP,293,188,2,Bassanite,2,432,256
UP,293,189,2,Bassanite,2,432,256
UP,293,190,2,Bassanite,2,432,256
UP,293,191,2,Bassanite,2,432,256
UP,293,192,2,Bassanite,2,432,256
UP,293,193,2,Bassanite,2,432,256
UP,293,194,2,Bassanite,2,432,256
UP,293,195,2,Bassanite,2,432,256
UP,293,196,2,Bassanite,2,432,256
UP,293,197,2,Bassanite,2,432,256
UP,293,198,2,Bassanite,2,432,256
UP,293,199,2,Bassanite,2,432,256
UP,293,200,2,Bassanite,2,432,256
UP,293,201,2,Bassanite,2,432,256
UP,293,202,2,Bassanite,2,432,256
UP,293,203,2,Bassanite,2,432,256
UP,293,204,2,Bassanite,2,432,256
UP,293,205,2,Bassanite,2,432,256
UP,293,206,2,Bassanite,2,432,256
UP,293,274,6,Mg-Smectite,11,432,256
UP,293,275,6,Mg-Smectite,11,432,256
UP,293,276,6,Mg-Smectite,11,432,256
UP,293,277,6,Mg-Smectite,11,432,256
UP,293,278,6,Mg-Smectite,11,432,256
UP,293,304,5,Low-Ca Pyroxene,8,432,256
UP,293,305,5,Low-Ca Pyroxene,8,432,256
UP,293,306,5,Low-Ca Pyroxene,8,432,256
UP,293,307,5,Low-Ca Pyroxene,8,432,256
UP,293,438,4,Illite/Muscovite,7,432,256
UP,293,439,4,Illite/Muscovite,7,432,256
UP,293,444,9,Prehnite,14,432,256
UP,293,445,9,Prehnite,14,432,256
UP,293,446,9,Prehnite,14,432,256
UP,294,91,2,Bassanite,2,432,256
UP,294,92,2,Bassanite,2,432,256
UP,294,93,2,Bassanite,2,432,256
UP,294,94,2,Bassanite,2,432,256
UP,294,95,2,Bassanite,2,432,256
UP,294,96,2,Bassanite,2,432,256
UP,294,97,2,Bassanite,2,432,256
UP,294,98,2,Bassanite,2,432,256
UP,294,99,2,Bassanite,2,432,256
UP,294,100,2,Bassanite,2,432,256
UP,294,101,2,Bassanite,2,432,256
UP,294,102,2,Bassanite,2,432,256
UP,294,103,2,Bassanite,2,432,256
UP,294,104,2,Bassanite,2,432,256
UP,294,105,2,Bassanite,2,432,256
UP,294,106,2,Bassanite,2,432,256
UP,294,171,2,Bassanite,2,432,256
UP,294,172,2,Bassanite,2,432,256
UP,294,173,2,Bassanite,2,432,256
UP,294,174,2,Bassanite,2,432,256
UP,294,175,2,Bassanite,2,432,256
UP,294,176,2,Bassanite,2,432,256
UP,294,177,2,Bassanite,2,432,256
UP,294,178,2,Bassanite,2,432,256
UP,294,179,2,Bassanite,2,432,256
UP,294,180,2,Bassanite,2,432,256
UP,294,181,2,Bassanite,2,432,256
UP,294,182,2,Bassanite,2,432,256
UP,294,183,2,Bassanite,2,432,256
UP,294,184,2,Bassanite,2,432,256
UP,294,185,2,Bassanite,2,432,256
UP,294,186,2,Bassanite,2,432,256
UP,294,187,2,Bassanite,2,432,256
UP,294,188,2,Bassanite,2,432,256
UP,294,189,2,Bassanite,2,432,256
UP,294,190,2,Bassanite,2,432,256
UP,294,191,2,Bassanite,2,432,256
UP,294,192,2,Bassanite,2,432,256
UP,294,193,2,Bassanite,2,432,256
UP,294,194,2,Bassanite,2,432,256
UP,294,195,2,Bassanite,2,432,256
UP,294,196,2,Bassanite,2,432,256
UP,294,197,2,Bassanite,2,432,256
UP,294,198,2,Bassanite,2,432,256
UP,294,199,2,Bassanite,2,432,256
UP,294,200,2,Bassanite,2,432,256
UP,294,201,2,Bassanite,2,432,256
UP,294,202,2,Bassanite,2,432,256
UP,294,203,2,Bassanite,2,432,256
UP,294,204,2,Bassanite,2,432,256
UP,294,205,2,Bassanite,2,432,256
UP,294,206,2,Bassanite,2,432,256
UP,294,274,6,Mg-Smectite,11,432,256
UP,294,275,6,Mg-Smectite,11,432,256
UP,294,276,6,Mg-Smectite,11,432,256
UP,294,277,6,Mg-Smectite,11,432,256
UP,294,278,6,Mg-Smectite,11,432,256
UP,294,303,5,Low-Ca Pyroxene,8,432,256
UP,294,304,5,Low-Ca Pyroxene,8,432,256
UP,294,305,5,Low-Ca Pyroxene,8,432,256
UP,294,306,5,Low-Ca Pyroxene,8,432,256
UP,294,307,5,Low-Ca Pyroxene,8,432,256
UP,294,308,5,Low-Ca Pyroxene,8,432,256
UP,294,438,4,Illite/Muscovite,7,432,256
UP,294,439,4,Illite/Muscovite,7,432,256
UP,294,444,9,Prehnite,14,432,256
UP,294,445,9,Prehnite,14,432,256
UP,294,446,9,Prehnite,14,432,256
UP,294,447,9,Prehnite,14,432,256
UP,295,93,2,Bassanite,2,432,256
UP,295,94,2,Bassanite,2,432,256
UP,295,95,2,Bassanite,2,432,256
UP,295,96,2,Bassanite,2,432,256
UP,295,97,2,Bassanite,2,432,256
UP,295,98,2,Bassanite,2,432,256
UP,295,99,2,Bassanite,2,432,256
UP,295,100,2,Bassanite,2,432,256
UP,295,101,2,Bassanite,2,432,256
UP,295,102,2,Bassanite,2,432,256
UP,295,103,2,Bassanite,2,432,256
UP,295,104,2,Bassanite,2,432,256
UP,295,105,2,Bassanite,2,432,256
UP,295,106,2,Bassanite,2,432,256
UP,295,107,2,Bassanite,2,432,256
UP,295,108,2,Bassanite,2,432,256
UP,295,109,2,Bassanite,2,432,256
UP,295,110,2,Bassanite,2,432,256
UP,295,171,2,Bassanite,2,432,256
UP,295,172,2,Bassanite,2,432,256
UP,295,173,2,Bassanite,2,432,256
UP,295,174,2,Bassanite,2,432,256
UP,295,175,2,Bassanite,2,432,256
UP,295,176,2,Bassanite,2,432,256
UP,295,177,2,Bassanite,2,432,256
UP,295,178,2,Bassanite,2,432,256
UP,295,179,2,Bassanite,2,432,256
UP,295,180,2,Bassanite,2,432,256
UP,295,181,2,Bassanite,2,432,256
UP,295,182,2,Bassanite,2,432,256
UP,295,183,2,Bassanite,2,432,256
UP,295,184,2,Bassanite,2,432,256
UP,295,185,2,Bassanite,2,432,256
UP,295,186,2,Bassanite,2,432,256
UP,295,187,2,Bassanite,2,432,256
UP,295,188,2,Bassanite,2,432,256
UP,295,189,2,Bassanite,2,432,256
UP,295,190,2,Bassanite,2,432,256
UP,295,191,2,Bassanite,2,432,256
UP,295,192,2,Bassanite,2,432,256
UP,295,193,2,Bassanite,2,432,256
UP,295,194,2,Bassanite,2,432,256
UP,295,195,2,Bassanite,2,432,256
UP,295,196,2,Bassanite,2,432,256
UP,295,197,2,Bassanite,2,432,256
UP,295,198,2,Bassanite,2,432,256
UP,295,199,2,Bassanite,2,432,256
UP,295,200,2,Bassanite,2,432,256
UP,295,201,2,Bassanite,2,432,256
UP,295,202,2,Bassanite,2,432,256
UP,295,203,2,Bassanite,2,432,256
UP,295,204,2,Bassanite,2,432,256
UP,295,205,2,Bassanite,2,432,256
UP,295,206,2,Bassanite,2,432,256
UP,295,275,6,Mg-Smectite,11,432,256
UP,295,276,6,Mg-Smectite,11,432,256
UP,295,277,6,Mg-Smectite,11,432,256
UP,295,303,5,Low-Ca Pyroxene,8,432,256
UP,295,304,5,Low-Ca Pyroxene,8,432,256
UP,295,305,5,Low-Ca Pyroxene,8,432,256
UP,295,306,5,Low-Ca Pyroxene,8,432,256
UP,295,307,5,Low-Ca Pyroxene,8,432,256
UP,295,308,5,Low-Ca Pyroxene,8,432,256
UP,295,309,5,Low-Ca Pyroxene,8,432,256
UP,295,310,5,Low-Ca Pyroxene,8,432,256
UP,295,444,9,Prehnite,14,432,256
UP,295,445,9,Prehnite,14,432,256
UP,295,446,9,Prehnite,14,432,256
UP,295,447,9,Prehnite,14,432,256
UP,296,101,2,Bassanite,2,432,256
UP,296,102,2,Bassanite,2,432,256
UP,296,103,2,Bassanite,2,432,256
UP,296,104,2,Bassanite,2,432,256
UP,296,105,2,Bassanite,2,432,256
UP,296,106,2,Bassanite,2,432,256
UP,296,107,2,Bassanite,2,432,256
UP,296,108,2,Bassanite,2,432,256
UP,296,109,2,Bassanite,2,432,256
UP,296,110,2,Bassanite,2,432,256
UP,296,111,2,Bassanite,2,432,256
UP,296,112,2,Bassanite,2,432,256
UP,296,113,2,Bassanite,2,432,256
UP,296,114,2,Bassanite,2,432,256
UP,296,115,2,Bassanite,2,432,256
UP,296,116,2,Bassanite,2,432,256
UP,296,171,2,Bassanite,2,432,256
UP,296,172,2,Bassanite,2,432,256
UP,296,173,2,Bassanite,2,432,256
UP,296,174,2,Bassanite,2,432,256
UP,296,175,2,Bassanite,2,432,256
UP,296,176,2,Bassanite,2,432,256
UP,296,177,2,Bassanite,2,432,256
UP,296,178,2,Bassanite,2,432,256
UP,296,179,2,Bassanite,2,432,256
UP,296,180,2,Bassanite,2,432,256
UP,296,181,2,Bassanite,2,432,256
UP,296,182,2,Bassanite,2,432,256
UP,296,183,2,Bassanite,2,432,256
UP,296,184,2,Bassanite,2,432,256
UP,296,185,2,Bassanite,2,432,256
UP,296,186,2,Bassanite,2,432,256
UP,296,187,2,Bassanite,2,432,256
UP,296,188,2,Bassanite,2,432,256
UP,296,189,2,Bassanite,2,432,256
UP,296,190,2,Bassanite,2,432,256
UP,296,191,2,Bassanite,2,432,256
UP,296,192,2,Bassanite,2,432,256
UP,296,193,2,Bassanite,2,432,256
UP,296,194,2,Bassanite,2,432,256
UP,296,195,2,Bassanite,2,432,256
UP,296,196,2,Bassanite,2,432,256
UP,296,197,2,Bassanite,2,432,256
UP,296,198,2,Bassanite,2,432,256
UP,296,199,2,Bassanite,2,432,256
UP,296,200,2,Bassanite,2,432,256
UP,296,201,2,Bassanite,2,432,256
UP,296,202,2,Bassanite,2,432,256
UP,296,203,2,Bassanite,2,432,256
UP,296,204,2,Bassanite,2,432,256
UP,296,205,2,Bassanite,2,432,256
UP,296,206,2,Bassanite,2,432,256
UP,296,275,6,Mg-Smectite,11,432,256
UP,296,276,6,Mg-Smectite,11,432,256
UP,296,277,6,Mg-Smectite,11,432,256
UP,296,303,5,Low-Ca Pyroxene,8,432,256
UP,296,304,5,Low-Ca Pyroxene,8,432,256
UP,296,305,5,Low-Ca Pyroxene,8,432,256
UP,296,306,5,Low-Ca Pyroxene,8,432,256
UP,296,307,5,Low-Ca Pyroxene,8,432,256
UP,296,308,5,Low-Ca Pyroxene,8,432,256
UP,296,309,5,Low-Ca Pyroxene,8,432,256
UP,296,310,5,Low-Ca Pyroxene,8,432,256
UP,296,311,5,Low-Ca Pyroxene,8,432,256
UP,296,312,5,Low-Ca Pyroxene,8,432,256
UP,296,445,9,Prehnite,14,432,256
UP,296,446,9,Prehnite,14,432,256
UP,296,447,9,Prehnite,14,432,256
UP,296,448,9,Prehnite,14,432,256
UP,296,452,9,Prehnite,14,432,256
UP,296,453,9,Prehnite,14,432,256
UP,297,112,2,Bassanite,2,432,256
UP,297,113,2,Bassanite,2,432,256
UP,297,114,2,Bassanite,2,432,256
UP,297,115,2,Bassanite,2,432,256
UP,297,116,2,Bassanite,2,432,256
UP,297,117,2,Bassanite,2,432,256
UP,297,118,2,Bassanite,2,432,256
UP,297,119,2,Bassanite,2,432,256
UP,297,120,2,Bassanite,2,432,256
UP,297,172,2,Bassanite,2,432,256
UP,297,173,2,Bassanite,2,432,256
UP,297,174,2,Bassanite,2,432,256
UP,297,175,2,Bassanite,2,432,256
UP,297,176,2,Bassanite,2,432,256
UP,297,177,2,Bassanite,2,432,256
UP,297,178,2,Bassanite,2,432,256
UP,297,179,2,Bassanite,2,432,256
UP,297,180,2,Bassanite,2,432,256
UP,297,181,2,Bassanite,2,432,256
UP,297,182,2,Bassanite,2,432,256
UP,297,183,2,Bassanite,2,432,256
UP,297,184,2,Bassanite,2,432,256
UP,297,185,2,Bassanite,2,432,256
UP,297,186,2,Bassanite,2,432,256
UP,297,187,2,Bassanite,2,432,256
UP,297,188,2,Bassanite,2,432,256
UP,297,189,2,Bassanite,2,432,256
UP,297,190,2,Bassanite,2,432,256
UP,297,191,2,Bassanite,2,432,256
UP,297,192,2,Bassanite,2,432,256
UP,297,193,2,Bassanite,2,432,256
UP,297,194,2,Bassanite,2,432,256
UP,297,195,2,Bassanite,2,432,256
UP,297,196,2,Bassanite,2,432,256
UP,297,197,2,Bassanite,2,432,256
UP,297,198,2,Bassanite,2,432,256
UP,297,199,2,Bassanite,2,432,256
UP,297,200,2,Bassanite,2,432,256
UP,297,201,2,Bassanite,2,432,256
UP,297,202,2,Bassanite,2,432,256
UP,297,203,2,Bassanite,2,432,256
UP,297,204,2,Bassanite,2,432,256
UP,297,205,2,Bassanite,2,432,256
UP,297,206,2,Bassanite,2,432,256
UP,297,276,6,Mg-Smectite,11,432,256
UP,297,277,6,Mg-Smectite,11,432,256
UP,297,304,5,Low-Ca Pyroxene,8,432,256
UP,297,305,5,Low-Ca Pyroxene,8,432,256
UP,297,306,5,Low-Ca Pyroxene,8,432,256
UP,297,307,5,Low-Ca Pyroxene,8,432,256
UP,297,308,5,Low-Ca Pyroxene,8,432,256
UP,297,309,5,Low-Ca Pyroxene,8,432,256
UP,297,310,5,Low-Ca Pyroxene,8,432,256
UP,297,311,5,Low-Ca Pyroxene,8,432,256
UP,297,312,5,Low-Ca Pyroxene,8,432,256
UP,297,313,5,Low-Ca Pyroxene,8,432,256
UP,297,439,4,Illite/Muscovite,7,432,256
UP,297,440,4,Illite/Muscovite,7,432,256
UP,297,441,4,Illite/Muscovite,7,432,256
UP,297,446,9,Prehnite,14,432,256
UP,297,447,9,Prehnite,14,432,256
UP,297,448,9,Prehnite,14,432,256
UP,297,451,9,Prehnite,14,432,256
UP,297,452,9,Prehnite,14,432,256
UP,297,453,9,Prehnite,14,432,256
UP,297,454,9,Prehnite,14,432,256
UP,298,117,2,Bassanite,2,432,256
UP,298,118,2,Bassanite,2,432,256
UP,298,119,2,Bassanite,2,432,256
UP,298,120,2,Bassanite,2,432,256
UP,298,121,2,Bassanite,2,432,256
UP,298,122,2,Bassanite,2,432,256
UP,298,123,2,Bassanite,2,432,256
UP,298,124,2,Bassanite,2,432,256
UP,298,125,2,Bassanite,2,432,256
UP,298,172,2,Bassanite,2,432,256
UP,298,173,2,Bassanite,2,432,256
UP,298,174,2,Bassanite,2,432,256
UP,298,175,2,Bassanite,2,432,256
UP,298,176,2,Bassanite,2,432,256
UP,298,177,2,Bassanite,2,432,256
UP,298,178,2,Bassanite,2,432,256
UP,298,179,2,Bassanite,2,432,256
UP,298,180,2,Bassanite,2,432,256
UP,298,181,2,Bassanite,2,432,256
UP,298,182,2,Bassanite,2,432,256
UP,298,183,2,Bassanite,2,432,256
UP,298,184,2,Bassanite,2,432,256
UP,298,185,2,Bassanite,2,432,256
UP,298,186,2,Bassanite,2,432,256
UP,298,187,2,Bassanite,2,432,256
UP,298,188,2,Bassanite,2,432,256
UP,298,189,2,Bassanite,2,432,256
UP,298,190,2,Bassanite,2,432,256
UP,298,191,2,Bassanite,2,432,256
UP,298,192,2,Bassanite,2,432,256
UP,298,193,2,Bassanite,2,432,256
UP,298,194,2,Bassanite,2,432,256
UP,298,195,2,Bassanite,2,432,256
UP,298,196,2,Bassanite,2,432,256
UP,298,197,2,Bassanite,2,432,256
UP,298,198,2,Bassanite,2,432,256
UP,298,199,2,Bassanite,2,432,256
UP,298,200,2,Bassanite,2,432,256
UP,298,201,2,Bassanite,2,432,256
UP,298,202,2,Bassanite,2,432,256
UP,298,203,2,Bassanite,2,432,256
UP,298,204,2,Bassanite,2,432,256
UP,298,205,2,Bassanite,2,432,256
UP,298,206,2,Bassanite,2,432,256
UP,298,306,5,Low-Ca Pyroxene,8,432,256
UP,298,307,5,Low-Ca Pyroxene,8,432,256
UP,298,308,5,Low-Ca Pyroxene,8,432,256
UP,298,309,5,Low-Ca Pyroxene,8,432,256
UP,298,310,5,Low-Ca Pyroxene,8,432,256
UP,298,311,5,Low-Ca Pyroxene,8,432,256
UP,298,312,5,Low-Ca Pyroxene,8,432,256
UP,298,313,5,Low-Ca Pyroxene,8,432,256
UP,298,439,4,Illite/Muscovite,7,432,256
UP,298,440,4,Illite/Muscovite,7,432,256
UP,298,441,4,Illite/Muscovite,7,432,256
UP,298,451,9,Prehnite,14,432,256
UP,298,452,9,Prehnite,14,432,256
UP,298,453,9,Prehnite,14,432,256
UP,298,454,9,Prehnite,14,432,256
UP,299,120,2,Bassanite,2,432,256
UP,299,121,2,Bassanite,2,432,256
UP,299,122,2,Bassanite,2,432,256
UP,299,123,2,Bassanite,2,432,256
UP,299,124,2,Bassanite,2,432,256
UP,299,125,2,Bassanite,2,432,256
UP,299,126,2,Bassanite,2,432,256
UP,299,127,2,Bassanite,2,432,256
UP,299,128,2,Bassanite,2,432,256
UP,299,129,2,Bassanite,2,432,256
UP,299,172,2,Bassanite,2,432,256
UP,299,173,2,Bassanite,2,432,256
UP,299,174,2,Bassanite,2,432,256
UP,299,175,2,Bassanite,2,432,256
UP,299,176,2,Bassanite,2,432,256
UP,299,177,2,Bassanite,2,432,256
UP,299,178,2,Bassanite,2,432,256
UP,299,179,2,Bassanite,2,432,256
UP,299,180,2,Bassanite,2,432,256
UP,299,181,2,Bassanite,2,432,256
UP,299,182,2,Bassanite,2,432,256
UP,299,183,2,Bassanite,2,432,256
UP,299,184,2,Bassanite,2,432,256
UP,299,185,2,Bassanite,2,432,256
UP,299,186,2,Bassanite,2,432,256
UP,299,187,2,Bassanite,2,432,256
UP,299,188,2,Bassanite,2,432,256
UP,299,189,2,Bassanite,2,432,256
UP,299,190,2,Bassanite,2,432,256
UP,299,191,2,Bassanite,2,432,256
UP,299,192,2,Bassanite,2,432,256
UP,299,193,2,Bassanite,2,432,256
UP,299,194,2,Bassanite,2,432,256
UP,299,195,2,Bassanite,2,432,256
UP,299,196,2,Bassanite,2,432,256
UP,299,197,2,Bassanite,2,432,256
UP,299,198,2,Bassanite,2,432,256
UP,299,199,2,Bassanite,2,432,256
UP,299,200,2,Bassanite,2,432,256
UP,299,201,2,Bassanite,2,432,256
UP,299,202,2,Bassanite,2,432,256
UP,299,203,2,Bassanite,2,432,256
UP,299,204,2,Bassanite,2,432,256
UP,299,205,2,Bassanite,2,432,256
UP,299,307,5,Low-Ca Pyroxene,8,432,256
UP,299,308,5,Low-Ca Pyroxene,8,432,256
UP,299,309,5,Low-Ca Pyroxene,8,432,256
UP,299,310,5,Low-Ca Pyroxene,8,432,256
UP,299,311,5,Low-Ca Pyroxene,8,432,256
UP,299,312,5,Low-Ca Pyroxene,8,432,256
UP,299,313,5,Low-Ca Pyroxene,8,432,256
UP,299,314,5,Low-Ca Pyroxene,8,432,256
UP,299,451,9,Prehnite,14,432,256
UP,299,452,9,Prehnite,14,432,256
UP,299,453,9,Prehnite,14,432,256
UP,300,122,2,Bassanite,2,432,256
UP,300,123,2,Bassanite,2,432,256
UP,300,124,2,Bassanite,2,432,256
UP,300,125,2,Bassanite,2,432,256
UP,300,126,2,Bassanite,2,432,256
UP,300,127,2,Bassanite,2,432,256
UP,300,128,2,Bassanite,2,432,256
UP,300,129,2,Bassanite,2,432,256
UP,300,130,2,Bassanite,2,432,256
UP,300,131,2,Bassanite,2,432,256
UP,300,132,2,Bassanite,2,432,256
UP,300,133,2,Bassanite,2,432,256
UP,300,173,2,Bassanite,2,432,256
UP,300,174,2,Bassanite,2,432,256
UP,300,175,2,Bassanite,2,432,256
UP,300,176,2,Bassanite,2,432,256
UP,300,177,2,Bassanite,2,432,256
UP,300,178,2,Bassanite,2,432,256
UP,300,179,2,Bassanite,2,432,256
UP,300,180,2,Bassanite,2,432,256
UP,300,181,2,Bassanite,2,432,256
UP,300,182,2,Bassanite,2,432,256
UP,300,183,2,Bassanite,2,432,256
UP,300,184,2,Bassanite,2,432,256
UP,300,185,2,Bassanite,2,432,256
UP,300,186,2,Bassanite,2,432,256
UP,300,187,2,Bassanite,2,432,256
UP,300,188,2,Bassanite,2,432,256
UP,300,189,2,Bassanite,2,432,256
UP,300,190,2,Bassanite,2,432,256
UP,300,191,2,Bassanite,2,432,256
UP,300,192,2,Bassanite,2,432,256
UP,300,193,2,Bassanite,2,432,256
UP,300,194,2,Bassanite,2,432,256
UP,300,195,2,Bassanite,2,432,256
UP,300,196,2,Bassanite,2,432,256
UP,300,197,2,Bassanite,2,432,256
UP,300,198,2,Bassanite,2,432,256
UP,300,199,2,Bassanite,2,432,256
UP,300,200,2,Bassanite,2,432,256
UP,300,201,2,Bassanite,2,432,256
UP,300,202,2,Bassanite,2,432,256
UP,300,203,2,Bassanite,2,432,256
UP,300,204,2,Bassanite,2,432,256
UP,300,308,5,Low-Ca Pyroxene,8,432,256
UP,300,309,5,Low-Ca Pyroxene,8,432,256
UP,300,310,5,Low-Ca Pyroxene,8,432,256
UP,300,311,5,Low-Ca Pyroxene,8,432,256
UP,300,312,5,Low-Ca Pyroxene,8,432,256
UP,300,313,5,Low-Ca Pyroxene,8,432,256
UP,300,314,5,Low-Ca Pyroxene,8,432,256
UP,300,451,9,Prehnite,14,432,256
UP,300,452,9,Prehnite,14,432,256
UP,300,453,9,Prehnite,14,432,256
UP,301,126,2,Bassanite,2,432,256
UP,301,127,2,Bassanite,2,432,256
UP,301,128,2,Bassanite,2,432,256
UP,301,129,2,Bassanite,2,432,256
UP,301,130,2,Bassanite,2,432,256
UP,301,131,2,Bassanite,2,432,256
UP,301,132,2,Bassanite,2,432,256
UP,301,133,2,Bassanite,2,432,256
UP,301,134,2,Bassanite,2,432,256
UP,301,174,2,Bassanite,2,432,256
UP,301,175,2,Bassanite,2,432,256
UP,301,176,2,Bassanite,2,432,256
UP,301,177,2,Bassanite,2,432,256
UP,301,178,2,Bassanite,2,432,256
UP,301,179,2,Bassanite,2,432,256
UP,301,180,2,Bassanite,2,432,256
UP,301,181,2,Bassanite,2,432,256
UP,301,182,2,Bassanite,2,432,256
UP,301,183,2,Bassanite,2,432,256
UP,301,184,2,Bassanite,2,432,256
UP,301,185,2,Bassanite,2,432,256
UP,301,186,2,Bassanite,2,432,256
UP,301,187,2,Bassanite,2,432,256
UP,301,188,2,Bassanite,2,432,256
UP,301,189,2,Bassanite,2,432,256
UP,301,190,2,Bassanite,2,432,256
UP,301,191,2,Bassanite,2,432,256
UP,301,192,2,Bassanite,2,432,256
UP,301,193,2,Bassanite,2,432,256
UP,301,194,2,Bassanite,2,432,256
UP,301,195,2,Bassanite,2,432,256
UP,301,196,2,Bassanite,2,432,256
UP,301,197,2,Bassanite,2,432,256
UP,301,198,2,Bassanite,2,432,256
UP,301,199,2,Bassanite,2,432,256
UP,301,200,2,Bassanite,2,432,256
UP,301,201,2,Bassanite,2,432,256
UP,301,202,2,Bassanite,2,432,256
UP,301,203,2,Bassanite,2,432,256
UP,301,309,5,Low-Ca Pyroxene,8,432,256
UP,301,310,5,Low-Ca Pyroxene,8,432,256
UP,301,311,5,Low-Ca Pyroxene,8,432,256
UP,301,312,5,Low-Ca Pyroxene,8,432,256
UP,301,313,5,Low-Ca Pyroxene,8,432,256
UP,301,314,5,Low-Ca Pyroxene,8,432,256
UP,301,451,9,Prehnite,14,432,256
UP,301,452,9,Prehnite,14,432,256
UP,301,453,9,Prehnite,14,432,256
UP,302,129,2,Bassanite,2,432,256
UP,302,130,2,Bassanite,2,432,256
UP,302,131,2,Bassanite,2,432,256
UP,302,132,2,Bassanite,2,432,256
UP,302,133,2,Bassanite,2,432,256
UP,302,134,2,Bassanite,2,432,256
UP,302,176,2,Bassanite,2,432,256
UP,302,177,2,Bassanite,2,432,256
UP,302,178,2,Bassanite,2,432,256
UP,302,179,2,Bassanite,2,432,256
UP,302,180,2,Bassanite,2,432,256
UP,302,181,2,Bassanite,2,432,256
UP,302,182,2,Bassanite,2,432,256
UP,302,183,2,Bassanite,2,432,256
UP,302,184,2,Bassanite,2,432,256
UP,302,185,2,Bassanite,2,432,256
UP,302,186,2,Bassanite,2,432,256
UP,302,187,2,Bassanite,2,432,256
UP,302,188,2,Bassanite,2,432,256
UP,302,189,2,Bassanite,2,432,256
UP,302,190,2,Bassanite,2,432,256
UP,302,191,2,Bassanite,2,432,256
UP,302,192,2,Bassanite,2,432,256
UP,302,193,2,Bassanite,2,432,256
UP,302,194,2,Bassanite,2,432,256
UP,302,195,2,Bassanite,2,432,256
UP,302,196,2,Bassanite,2,432,256
UP,302,197,2,Bassanite,2,432,256
UP,302,198,2,Bassanite,2,432,256
UP,302,199,2,Bassanite,2,432,256
UP,302,200,2,Bassanite,2,432,256
UP,302,201,2,Bassanite,2,432,256
UP,302,202,2,Bassanite,2,432,256
UP,302,203,2,Bassanite,2,432,256
UP,302,310,5,Low-Ca Pyroxene,8,432,256
UP,302,311,5,Low-Ca Pyroxene,8,432,256
UP,302,312,5,Low-Ca Pyroxene,8,432,256
UP,302,313,5,Low-Ca Pyroxene,8,432,256
UP,302,314,5,Low-Ca Pyroxene,8,432,256
UP,302,315,5,Low-Ca Pyroxene,8,432,256
UP,302,451,9,Prehnite,14,432,256
UP,302,452,9,Prehnite,14,432,256
UP,302,453,9,Prehnite,14,432,256
UP,303,177,2,Bassanite,2,432,256
UP,303,178,2,Bassanite,2,432,256
UP,303,179,2,Bassanite,2,432,256
UP,303,180,2,Bassanite,2,432,256
UP,303,181,2,Bassanite,2,432,256
UP,303,182,2,Bassanite,2,432,256
UP,303,183,2,Bassanite,2,432,256
UP,303,184,2,Bassanite,2,432,256
UP,303,185,2,Bassanite,2,432,256
UP,303,186,2,Bassanite,2,432,256
UP,303,187,2,Bassanite,2,432,256
UP,303,188,2,Bassanite,2,432,256
UP,303,189,2,Bassanite,2,432,256
UP,303,190,2,Bassanite,2,432,256
UP,303,191,2,Bassanite,2,432,256
UP,303,192,2,Bassanite,2,432,256
UP,303,193,2,Bassanite,2,432,256
UP,303,194,2,Bassanite,2,432,256
UP,303,195,2,Bassanite,2,432,256
UP,303,196,2,Bassanite,2,432,256
UP,303,197,2,Bassanite,2,432,256
UP,303,198,2,Bassanite,2,432,256
UP,303,199,2,Bassanite,2,432,256
UP,303,200,2,Bassanite,2,432,256
UP,303,310,5,Low-Ca Pyroxene,8,432,256
UP,303,311,5,Low-Ca Pyroxene,8,432,256
UP,303,312,5,Low-Ca Pyroxene,8,432,256
UP,303,313,5,Low-Ca Pyroxene,8,432,256
UP,303,314,5,Low-Ca Pyroxene,8,432,256
UP,303,315,5,Low-Ca Pyroxene,8,432,256
UP,304,179,2,Bassanite,2,432,256
UP,304,180,2,Bassanite,2,432,256
UP,304,181,2,Bassanite,2,432,256
UP,304,182,2,Bassanite,2,432,256
UP,304,183,2,Bassanite,2,432,256
UP,304,184,2,Bassanite,2,432,256
UP,304,185,2,Bassanite,2,432,256
UP,304,186,2,Bassanite,2,432,256
UP,304,187,2,Bassanite,2,432,256
UP,304,188,2,Bassanite,2,432,256
UP,304,189,2,Bassanite,2,432,256
UP,304,190,2,Bassanite,2,432,256
UP,304,191,2,Bassanite,2,432,256
UP,304,192,2,Bassanite,2,432,256
UP,304,193,2,Bassanite,2,432,256
UP,304,194,2,Bassanite,2,432,256
UP,304,195,2,Bassanite,2,432,256
UP,304,311,5,Low-Ca Pyroxene,8,432,256
UP,304,312,5,Low-Ca Pyroxene,8,432,256
UP,304,313,5,Low-Ca Pyroxene,8,432,256
UP,304,314,5,Low-Ca Pyroxene,8,432,256
UP,304,315,5,Low-Ca Pyroxene,8,432,256
UP,305,182,2,Bassanite,2,432,256
UP,305,183,2,Bassanite,2,432,256
UP,305,184,2,Bassanite,2,432,256
UP,305,185,2,Bassanite,2,432,256
UP,305,186,2,Bassanite,2,432,256
UP,305,187,2,Bassanite,2,432,256
UP,305,188,2,Bassanite,2,432,256
UP,305,311,5,Low-Ca Pyroxene,8,432,256
UP,305,312,5,Low-Ca Pyroxene,8,432,256
UP,305,313,5,Low-Ca Pyroxene,8,432,256
UP,305,314,5,Low-Ca Pyroxene,8,432,256
UP,305,315,5,Low-Ca Pyroxene,8,432,256
UP,305,316,5,Low-Ca Pyroxene,8,432,256
UP,306,312,5,Low-Ca Pyroxene,8,432,256
UP,306,313,5,Low-Ca Pyroxene,8,432,256
UP,306,314,5,Low-Ca Pyroxene,8,432,256
UP,306,315,5,Low-Ca Pyroxene,8,432,256
UP,306,316,5,Low-Ca Pyroxene,8,432,256
UP,306,460,4,Illite/Muscovite,7,432,256
UP,306,461,4,Illite/Muscovite,7,432,256
UP,307,312,5,Low-Ca Pyroxene,8,432,256
UP,307,313,5,Low-Ca Pyroxene,8,432,256
UP,307,314,5,Low-Ca Pyroxene,8,432,256
UP,307,315,5,Low-Ca Pyroxene,8,432,256
UP,307,316,5,Low-Ca Pyroxene,8,432,256
UP,307,458,4,Illite/Muscovite,7,432,256
UP,307,459,4,Illite/Muscovite,7,432,256
UP,307,460,4,Illite/Muscovite,7,432,256
UP,307,461,4,Illite/Muscovite,7,432,256
UP,308,312,5,Low-Ca Pyroxene,8,432,256
UP,308,313,5,Low-Ca Pyroxene,8,432,256
UP,308,314,5,Low-Ca Pyroxene,8,432,256
UP,308,315,5,Low-Ca Pyroxene,8,432,256
UP,308,316,5,Low-Ca Pyroxene,8,432,256
UP,308,457,4,Illite/Muscovite,7,432,256
UP,308,458,4,Illite/Muscovite,7,432,256
UP,308,459,4,Illite/Muscovite,7,432,256
UP,308,460,4,Illite/Muscovite,7,432,256
UP,308,461,4,Illite/Muscovite,7,432,256
UP,308,465,9,Prehnite,14,432,256
UP,308,466,9,Prehnite,14,432,256
UP,308,467,9,Prehnite,14,432,256
UP,309,312,5,Low-Ca Pyroxene,8,432,256
UP,309,313,5,Low-Ca Pyroxene,8,432,256
UP,309,314,5,Low-Ca Pyroxene,8,432,256
UP,309,315,5,Low-Ca Pyroxene,8,432,256
UP,309,316,5,Low-Ca Pyroxene,8,432,256
UP,309,457,4,Illite/Muscovite,7,432,256
UP,309,458,4,Illite/Muscovite,7,432,256
UP,309,459,4,Illite/Muscovite,7,432,256
UP,309,460,4,Illite/Muscovite,7,432,256
UP,309,464,9,Prehnite,14,432,256
UP,309,465,9,Prehnite,14,432,256
UP,309,466,9,Prehnite,14,432,256
UP,309,467,9,Prehnite,14,432,256
UP,309,468,9,Prehnite,14,432,256
UP,310,312,5,Low-Ca Pyroxene,8,432,256
UP,310,313,5,Low-Ca Pyroxene,8,432,256
UP,310,314,5,Low-Ca Pyroxene,8,432,256
UP,310,315,5,Low-Ca Pyroxene,8,432,256
UP,310,316,5,Low-Ca Pyroxene,8,432,256
UP,310,457,4,Illite/Muscovite,7,432,256
UP,310,458,4,Illite/Muscovite,7,432,256
UP,310,459,4,Illite/Muscovite,7,432,256
UP,310,464,9,Prehnite,14,432,256
UP,310,465,9,Prehnite,14,432,256
UP,310,466,9,Prehnite,14,432,256
UP,310,467,9,Prehnite,14,432,256
UP,310,468,9,Prehnite,14,432,256
UP,311,312,5,Low-Ca Pyroxene,8,432,256
UP,311,313,5,Low-Ca Pyroxene,8,432,256
UP,311,314,5,Low-Ca Pyroxene,8,432,256
UP,311,315,5,Low-Ca Pyroxene,8,432,256
UP,311,316,5,Low-Ca Pyroxene,8,432,256
UP,311,465,9,Prehnite,14,432,256
UP,311,466,9,Prehnite,14,432,256
UP,311,467,9,Prehnite,14,432,256
UP,312,313,5,Low-Ca Pyroxene,8,432,256
UP,312,314,5,Low-Ca Pyroxene,8,432,256
UP,312,315,5,Low-Ca Pyroxene,8,432,256
UP,312,316,5,Low-Ca Pyroxene,8,432,256
UP,312,527,6,Mg-Smectite,11,432,256
UP,312,528,6,Mg-Smectite,11,432,256
UP,312,529,6,Mg-Smectite,11,432,256
UP,312,530,6,Mg-Smectite,11,432,256
UP,312,531,6,Mg-Smectite,11,432,256
UP,312,532,6,Mg-Smectite,11,432,256
UP,313,313,5,Low-Ca Pyroxene,8,432,256
UP,313,314,5,Low-Ca Pyroxene,8,432,256
UP,313,315,5,Low-Ca Pyroxene,8,432,256
UP,313,316,5,Low-Ca Pyroxene,8,432,256
UP,313,526,6,Mg-Smectite,11,432,256
UP,313,527,6,Mg-Smectite,11,432,256
UP,313,528,6,Mg-Smectite,11,432,256
UP,313,529,6,Mg-Smectite,11,432,256
UP,313,530,6,Mg-Smectite,11,432,256
UP,313,531,6,Mg-Smectite,11,432,256
UP,313,532,6,Mg-Smectite,11,432,256
UP,313,533,6,Mg-Smectite,11,432,256
UP,313,534,6,Mg-Smectite,11,432,256
UP,314,313,5,Low-Ca Pyroxene,8,432,256
UP,314,314,5,Low-Ca Pyroxene,8,432,256
UP,314,315,5,Low-Ca Pyroxene,8,432,256
UP,314,316,5,Low-Ca Pyroxene,8,432,256
UP,314,526,6,Mg-Smectite,11,432,256
UP,314,527,6,Mg-Smectite,11,432,256
UP,314,528,6,Mg-Smectite,11,432,256
UP,314,529,6,Mg-Smectite,11,432,256
UP,314,530,6,Mg-Smectite,11,432,256
UP,314,531,6,Mg-Smectite,11,432,256
UP,314,532,6,Mg-Smectite,11,432,256
UP,314,533,6,Mg-Smectite,11,432,256
UP,314,534,6,Mg-Smectite,11,432,256
UP,314,535,6,Mg-Smectite,11,432,256
UP,315,313,5,Low-Ca Pyroxene,8,432,256
UP,315,314,5,Low-Ca Pyroxene,8,432,256
UP,315,315,5,Low-Ca Pyroxene,8,432,256
UP,315,316,5,Low-Ca Pyroxene,8,432,256
UP,315,528,6,Mg-Smectite,11,432,256
UP,315,529,6,Mg-Smectite,11,432,256
UP,315,530,6,Mg-Smectite,11,432,256
UP,315,531,6,Mg-Smectite,11,432,256
UP,315,532,6,Mg-Smectite,11,432,256
UP,315,533,6,Mg-Smectite,11,432,256
UP,315,534,6,Mg-Smectite,11,432,256
UP,315,535,6,Mg-Smectite,11,432,256
UP,315,536,6,Mg-Smectite,11,432,256
UP,316,313,5,Low-Ca Pyroxene,8,432,256
UP,316,314,5,Low-Ca Pyroxene,8,432,256
UP,316,315,5,Low-Ca Pyroxene,8,432,256
UP,316,316,5,Low-Ca Pyroxene,8,432,256
UP,316,532,6,Mg-Smectite,11,432,256
UP,316,533,6,Mg-Smectite,11,432,256
UP,316,534,6,Mg-Smectite,11,432,256
UP,316,535,6,Mg-Smectite,11,432,256
UP,316,536,6,Mg-Smectite,11,432,256
UP,316,537,6,Mg-Smectite,11,432,256
UP,317,313,5,Low-Ca Pyroxene,8,432,256
UP,317,314,5,Low-Ca Pyroxene,8,432,256
UP,317,315,5,Low-Ca Pyroxene,8,432,256
UP,317,316,5,Low-Ca Pyroxene,8,432,256
UP,317,533,6,Mg-Smectite,11,432,256
UP,317,534,6,Mg-Smectite,11,432,256
UP,317,535,6,Mg-Smectite,11,432,256
UP,317,536,6,Mg-Smectite,11,432,256
UP,317,537,6,Mg-Smectite,11,432,256
UP,318,313,5,Low-Ca Pyroxene,8,432,256
UP,318,314,5,Low-Ca Pyroxene,8,432,256
UP,318,315,5,Low-Ca Pyroxene,8,432,256
UP,318,468,4,Illite/Muscovite,7,432,256
UP,318,469,4,Illite/Muscovite,7,432,256
UP,318,470,4,Illite/Muscovite,7,432,256
UP,318,534,6,Mg-Smectite,11,432,256
UP,318,535,6,Mg-Smectite,11,432,256
UP,318,536,6,Mg-Smectite,11,432,256
UP,318,537,6,Mg-Smectite,11,432,256
UP,318,538,6,Mg-Smectite,11,432,256
UP,319,312,5,Low-Ca Pyroxene,8,432,256
UP,319,313,5,Low-Ca Pyroxene,8,432,256
UP,319,314,5,Low-Ca Pyroxene,8,432,256
UP,319,315,5,Low-Ca Pyroxene,8,432,256
UP,319,468,4,Illite/Muscovite,7,432,256
UP,319,469,4,Illite/Muscovite,7,432,256
UP,319,470,4,Illite/Muscovite,7,432,256
UP,319,536,6,Mg-Smectite,11,432,256
UP,319,537,6,Mg-Smectite,11,432,256
UP,319,538,6,Mg-Smectite,11,432,256
UP,319,539,6,Mg-Smectite,11,432,256
UP,320,312,5,Low-Ca Pyroxene,8,432,256
UP,320,313,5,Low-Ca Pyroxene,8,432,256
UP,320,314,5,Low-Ca Pyroxene,8,432,256
UP,320,468,4,Illite/Muscovite,7,432,256
UP,320,469,4,Illite/Muscovite,7,432,256
UP,320,470,4,Illite/Muscovite,7,432,256
UP,320,537,6,Mg-Smectite,11,432,256
UP,320,538,6,Mg-Smectite,11,432,256
UP,320,539,6,Mg-Smectite,11,432,256
UP,321,312,5,Low-Ca Pyroxene,8,432,256
UP,321,313,5,Low-Ca Pyroxene,8,432,256
UP,321,314,5,Low-Ca Pyroxene,8,432,256
UP,321,538,6,Mg-Smectite,11,432,256
UP,321,539,6,Mg-Smectite,11,432,256
UP,321,540,6,Mg-Smectite,11,432,256
UP,322,539,6,Mg-Smectite,11,432,256
UP,322,540,6,Mg-Smectite,11,432,256
UP,322,541,6,Mg-Smectite,11,432,256
UP,323,540,6,Mg-Smectite,11,432,256
UP,323,541,6,Mg-Smectite,11,432,256
UP,323,542,6,Mg-Smectite,11,432,256
UP,324,471,4,Illite/Muscovite,7,432,256
UP,324,472,4,Illite/Muscovite,7,432,256
UP,324,540,6,Mg-Smectite,11,432,256
UP,324,541,6,Mg-Smectite,11,432,256
UP,324,542,6,Mg-Smectite,11,432,256
UP,325,471,4,Illite/Muscovite,7,432,256
UP,325,472,4,Illite/Muscovite,7,432,256
UP,325,473,4,Illite/Muscovite,7,432,256
UP,325,541,6,Mg-Smectite,11,432,256
UP,325,542,6,Mg-Smectite,11,432,256
UP,326,471,4,Illite/Muscovite,7,432,256
UP,326,472,4,Illite/Muscovite,7,432,256
UP,326,473,4,Illite/Muscovite,7,432,256
UP,326,541,6,Mg-Smectite,11,432,256
UP,326,542,6,Mg-Smectite,11,432,256
UP,326,543,6,Mg-Smectite,11,432,256
UP,326,544,6,Mg-Smectite,11,432,256
UP,327,472,4,Illite/Muscovite,7,432,256
UP,327,473,4,Illite/Muscovite,7,432,256
UP,327,474,4,Illite/Muscovite,7,432,256
UP,327,542,6,Mg-Smectite,11,432,256
UP,327,543,6,Mg-Smectite,11,432,256
UP,327,544,6,Mg-Smectite,11,432,256
UP,328,291,1,Analcime,1,432,256
UP,328,292,1,Analcime,1,432,256
UP,328,293,1,Analcime,1,432,256
UP,328,542,6,Mg-Smectite,11,432,256
UP,328,543,6,Mg-Smectite,11,432,256
UP,328,544,6,Mg-Smectite,11,432,256
UP,329,292,1,Analcime,1,432,256
UP,329,293,1,Analcime,1,432,256
UP,329,294,1,Analcime,1,432,256
UP,329,295,1,Analcime,1,432,256
UP,329,296,1,Analcime,1,432,256
UP,329,297,1,Analcime,1,432,256
UP,329,543,6,Mg-Smectite,11,432,256
UP,329,544,6,Mg-Smectite,11,432,256
UP,330,292,1,Analcime,1,432,256
UP,330,293,1,Analcime,1,432,256
UP,330,294,1,Analcime,1,432,256
UP,330,295,1,Analcime,1,432,256
UP,330,296,1,Analcime,1,432,256
UP,330,297,1,Analcime,1,432,256
UP,330,298,1,Analcime,1,432,256
UP,330,299,1,Analcime,1,432,256
UP,330,300,1,Analcime,1,432,256
UP,330,301,1,Analcime,1,432,256
UP,331,292,1,Analcime,1,432,256
UP,331,293,1,Analcime,1,432,256
UP,331,294,1,Analcime,1,432,256
UP,331,295,1,Analcime,1,432,256
UP,331,296,1,Analcime,1,432,256
UP,331,297,1,Analcime,1,432,256
UP,331,298,1,Analcime,1,432,256
UP,331,299,1,Analcime,1,432,256
UP,331,300,1,Analcime,1,432,256
UP,331,301,1,Analcime,1,432,256
UP,331,302,1,Analcime,1,432,256
UP,331,303,1,Analcime,1,432,256
UP,332,294,1,Analcime,1,432,256
UP,332,295,1,Analcime,1,432,256
UP,332,296,1,Analcime,1,432,256
UP,332,297,1,Analcime,1,432,256
UP,332,298,1,Analcime,1,432,256
UP,332,299,1,Analcime,1,432,256
UP,332,300,1,Analcime,1,432,256
UP,332,301,1,Analcime,1,432,256
UP,332,302,1,Analcime,1,432,256
UP,332,303,1,Analcime,1,432,256
UP,332,304,1,Analcime,1,432,256
UP,332,557,2,Bassanite,2,432,256
UP,332,558,2,Bassanite,2,432,256
UP,332,559,2,Bassanite,2,432,256
UP,332,560,2,Bassanite,2,432,256
UP,333,296,1,Analcime,1,432,256
UP,333,297,1,Analcime,1,432,256
UP,333,298,1,Analcime,1,432,256
UP,333,299,1,Analcime,1,432,256
UP,333,300,1,Analcime,1,432,256
UP,333,301,1,Analcime,1,432,256
UP,333,302,1,Analcime,1,432,256
UP,333,303,1,Analcime,1,432,256
UP,333,304,1,Analcime,1,432,256
UP,333,305,1,Analcime,1,432,256
UP,333,511,5,Low-Ca Pyroxene,8,432,256
UP,333,512,5,Low-Ca Pyroxene,8,432,256
UP,333,519,4,Illite/Muscovite,7,432,256
UP,333,520,4,Illite/Muscovite,7,432,256
UP,333,521,4,Illite/Muscovite,7,432,256
UP,333,522,4,Illite/Muscovite,7,432,256
UP,333,556,2,Bassanite,2,432,256
UP,333,557,2,Bassanite,2,432,256
UP,333,558,2,Bassanite,2,432,256
UP,333,559,2,Bassanite,2,432,256
UP,333,560,2,Bassanite,2,432,256
UP,333,561,2,Bassanite,2,432,256
UP,334,299,1,Analcime,1,432,256
UP,334,300,1,Analcime,1,432,256
UP,334,301,1,Analcime,1,432,256
UP,334,302,1,Analcime,1,432,256
UP,334,303,1,Analcime,1,432,256
UP,334,304,1,Analcime,1,432,256
UP,334,305,1,Analcime,1,432,256
UP,334,306,1,Analcime,1,432,256
UP,334,510,5,Low-Ca Pyroxene,8,432,256
UP,334,511,5,Low-Ca Pyroxene,8,432,256
UP,334,512,5,Low-Ca Pyroxene,8,432,256
UP,334,513,5,Low-Ca Pyroxene,8,432,256
UP,334,518,4,Illite/Muscovite,7,432,256
UP,334,519,4,Illite/Muscovite,7,432,256
UP,334,520,4,Illite/Muscovite,7,432,256
UP,334,521,4,Illite/Muscovite,7,432,256
UP,334,522,4,Illite/Muscovite,7,432,256
UP,334,523,4,Illite/Muscovite,7,432,256
UP,334,556,2,Bassanite,2,432,256
UP,334,557,2,Bassanite,2,432,256
UP,334,558,2,Bassanite,2,432,256
UP,334,559,2,Bassanite,2,432,256
UP,334,560,2,Bassanite,2,432,256
UP,334,561,2,Bassanite,2,432,256
UP,335,300,1,Analcime,1,432,256
UP,335,301,1,Analcime,1,432,256
UP,335,302,1,Analcime,1,432,256
UP,335,303,1,Analcime,1,432,256
UP,335,304,1,Analcime,1,432,256
UP,335,305,1,Analcime,1,432,256
UP,335,306,1,Analcime,1,432,256
UP,335,509,5,Low-Ca Pyroxene,8,432,256
UP,335,510,5,Low-Ca Pyroxene,8,432,256
UP,335,511,5,Low-Ca Pyroxene,8,432,256
UP,335,512,5,Low-Ca Pyroxene,8,432,256
UP,335,513,5,Low-Ca Pyroxene,8,432,256
UP,335,514,5,Low-Ca Pyroxene,8,432,256
UP,335,518,4,Illite/Muscovite,7,432,256
UP,335,519,4,Illite/Muscovite,7,432,256
UP,335,520,4,Illite/Muscovite,7,432,256
UP,335,521,4,Illite/Muscovite,7,432,256
UP,335,522,4,Illite/Muscovite,7,432,256
UP,335,523,4,Illite/Muscovite,7,432,256
UP,335,556,2,Bassanite,2,432,256
UP,335,557,2,Bassanite,2,432,256
UP,335,558,2,Bassanite,2,432,256
UP,335,559,2,Bassanite,2,432,256
UP,335,560,2,Bassanite,2,432,256
UP,335,561,2,Bassanite,2,432,256
UP,336,302,1,Analcime,1,432,256
UP,336,303,1,Analcime,1,432,256
UP,336,304,1,Analcime,1,432,256
UP,336,305,1,Analcime,1,432,256
UP,336,306,1,Analcime,1,432,256
UP,336,508,5,Low-Ca Pyroxene,8,432,256
UP,336,509,5,Low-Ca Pyroxene,8,432,256
UP,336,510,5,Low-Ca Pyroxene,8,432,256
UP,336,511,5,Low-Ca Pyroxene,8,432,256
UP,336,512,5,Low-Ca Pyroxene,8,432,256
UP,336,513,5,Low-Ca Pyroxene,8,432,256
UP,336,514,5,Low-Ca Pyroxene,8,432,256
UP,336,519,4,Illite/Muscovite,7,432,256
UP,336,520,4,Illite/Muscovite,7,432,256
UP,336,521,4,Illite/Muscovite,7,432,256
UP,336,522,4,Illite/Muscovite,7,432,256
UP,336,523,4,Illite/Muscovite,7,432,256
UP,336,524,4,Illite/Muscovite,7,432,256
UP,336,556,2,Bassanite,2,432,256
UP,336,557,2,Bassanite,2,432,256
UP,336,558,2,Bassanite,2,432,256
UP,336,559,2,Bassanite,2,432,256
UP,336,560,2,Bassanite,2,432,256
UP,336,561,2,Bassanite,2,432,256
UP,336,562,2,Bassanite,2,432,256
UP,337,303,1,Analcime,1,432,256
UP,337,304,1,Analcime,1,432,256
UP,337,305,1,Analcime,1,432,256
UP,337,507,5,Low-Ca Pyroxene,8,432,256
UP,337,508,5,Low-Ca Pyroxene,8,432,256
UP,337,509,5,Low-Ca Pyroxene,8,432,256
UP,337,510,5,Low-Ca Pyroxene,8,432,256
UP,337,511,5,Low-Ca Pyroxene,8,432,256
UP,337,512,5,Low-Ca Pyroxene,8,432,256
UP,337,513,5,Low-Ca Pyroxene,8,432,256
UP,337,514,5,Low-Ca Pyroxene,8,432,256
UP,337,515,5,Low-Ca Pyroxene,8,432,256
UP,337,519,4,Illite/Muscovite,7,432,256
UP,337,520,4,Illite/Muscovite,7,432,256
UP,337,521,4,Illite/Muscovite,7,432,256
UP,337,522,4,Illite/Muscovite,7,432,256
UP,337,523,4,Illite/Muscovite,7,432,256
UP,337,524,4,Illite/Muscovite,7,432,256
UP,337,525,4,Illite/Muscovite,7,432,256
UP,337,556,2,Bassanite,2,432,256
UP,337,557,2,Bassanite,2,432,256
UP,337,558,2,Bassanite,2,432,256
UP,337,559,2,Bassanite,2,432,256
UP,337,560,2,Bassanite,2,432,256
UP,337,561,2,Bassanite,2,432,256
UP,337,562,2,Bassanite,2,432,256
UP,338,506,5,Low-Ca Pyroxene,8,432,256
UP,338,507,5,Low-Ca Pyroxene,8,432,256
UP,338,508,5,Low-Ca Pyroxene,8,432,256
UP,338,509,5,Low-Ca Pyroxene,8,432,256
UP,338,510,5,Low-Ca Pyroxene,8,432,256
UP,338,511,5,Low-Ca Pyroxene,8,432,256
UP,338,512,5,Low-Ca Pyroxene,8,432,256
UP,338,513,5,Low-Ca Pyroxene,8,432,256
UP,338,514,5,Low-Ca Pyroxene,8,432,256
UP,338,515,5,Low-Ca Pyroxene,8,432,256
UP,338,516,5,Low-Ca Pyroxene,8,432,256
UP,338,520,4,Illite/Muscovite,7,432,256
UP,338,521,4,Illite/Muscovite,7,432,256
UP,338,522,4,Illite/Muscovite,7,432,256
UP,338,523,4,Illite/Muscovite,7,432,256
UP,338,524,4,Illite/Muscovite,7,432,256
UP,338,525,4,Illite/Muscovite,7,432,256
UP,338,526,4,Illite/Muscovite,7,432,256
UP,338,556,2,Bassanite,2,432,256
UP,338,557,2,Bassanite,2,432,256
UP,338,558,2,Bassanite,2,432,256
UP,338,559,2,Bassanite,2,432,256
UP,338,560,2,Bassanite,2,432,256
UP,338,561,2,Bassanite,2,432,256
UP,338,562,2,Bassanite,2,432,256
UP,338,563,2,Bassanite,2,432,256
UP,339,232,1,Analcime,1,432,256
UP,339,233,1,Analcime,1,432,256
UP,339,506,5,Low-Ca Pyroxene,8,432,256
UP,339,507,5,Low-Ca Pyroxene,8,432,256
UP,339,508,5,Low-Ca Pyroxene,8,432,256
UP,339,509,5,Low-Ca Pyroxene,8,432,256
UP,339,510,5,Low-Ca Pyroxene,8,432,256
UP,339,511,5,Low-Ca Pyroxene,8,432,256
UP,339,512,5,Low-Ca Pyroxene,8,432,256
UP,339,513,5,Low-Ca Pyroxene,8,432,256
UP,339,514,5,Low-Ca Pyroxene,8,432,256
UP,339,515,5,Low-Ca Pyroxene,8,432,256
UP,339,516,5,Low-Ca Pyroxene,8,432,256
UP,339,520,4,Illite/Muscovite,7,432,256
UP,339,521,4,Illite/Muscovite,7,432,256
UP,339,522,4,Illite/Muscovite,7,432,256
UP,339,523,4,Illite/Muscovite,7,432,256
UP,339,524,4,Illite/Muscovite,7,432,256
UP,339,525,4,Illite/Muscovite,7,432,256
UP,339,526,4,Illite/Muscovite,7,432,256
UP,339,556,2,Bassanite,2,432,256
UP,339,557,2,Bassanite,2,432,256
UP,339,558,2,Bassanite,2,432,256
UP,339,559,2,Bassanite,2,432,256
UP,339,560,2,Bassanite,2,432,256
UP,339,561,2,Bassanite,2,432,256
UP,339,562,2,Bassanite,2,432,256
UP,339,563,2,Bassanite,2,432,256
UP,340,231,1,Analcime,1,432,256
UP,340,232,1,Analcime,1,432,256
UP,340,233,1,Analcime,1,432,256
UP,340,234,1,Analcime,1,432,256
UP,340,505,5,Low-Ca Pyroxene,8,432,256
UP,340,506,5,Low-Ca Pyroxene,8,432,256
UP,340,507,5,Low-Ca Pyroxene,8,432,256
UP,340,508,5,Low-Ca Pyroxene,8,432,256
UP,340,509,5,Low-Ca Pyroxene,8,432,256
UP,340,510,5,Low-Ca Pyroxene,8,432,256
UP,340,511,5,Low-Ca Pyroxene,8,432,256
UP,340,512,5,Low-Ca Pyroxene,8,432,256
UP,340,513,5,Low-Ca Pyroxene,8,432,256
UP,340,514,5,Low-Ca Pyroxene,8,432,256
UP,340,515,5,Low-Ca Pyroxene,8,432,256
UP,340,516,5,Low-Ca Pyroxene,8,432,256
UP,340,520,4,Illite/Muscovite,7,432,256
UP,340,521,4,Illite/Muscovite,7,432,256
UP,340,522,4,Illite/Muscovite,7,432,256
UP,340,523,4,Illite/Muscovite,7,432,256
UP,340,524,4,Illite/Muscovite,7,432,256
UP,340,525,4,Illite/Muscovite,7,432,256
UP,340,526,4,Illite/Muscovite,7,432,256
UP,340,557,2,Bassanite,2,432,256
UP,340,558,2,Bassanite,2,432,256
UP,340,559,2,Bassanite,2,432,256
UP,340,560,2,Bassanite,2,432,256
UP,340,561,2,Bassanite,2,432,256
UP,340,562,2,Bassanite,2,432,256
UP,340,563,2,Bassanite,2,432,256
UP,341,232,1,Analcime,1,432,256
UP,341,233,1,Analcime,1,432,256
UP,341,234,1,Analcime,1,432,256
UP,341,235,1,Analcime,1,432,256
UP,341,505,5,Low-Ca Pyroxene,8,432,256
UP,341,506,5,Low-Ca Pyroxene,8,432,256
UP,341,507,5,Low-Ca Pyroxene,8,432,256
UP,341,508,5,Low-Ca Pyroxene,8,432,256
UP,341,509,5,Low-Ca Pyroxene,8,432,256
UP,341,510,5,Low-Ca Pyroxene,8,432,256
UP,341,511,5,Low-Ca Pyroxene,8,432,256
UP,341,512,5,Low-Ca Pyroxene,8,432,256
UP,341,513,5,Low-Ca Pyroxene,8,432,256
UP,341,514,5,Low-Ca Pyroxene,8,432,256
UP,341,515,5,Low-Ca Pyroxene,8,432,256
UP,341,516,5,Low-Ca Pyroxene,8,432,256
UP,341,522,4,Illite/Muscovite,7,432,256
UP,341,523,4,Illite/Muscovite,7,432,256
UP,341,524,4,Illite/Muscovite,7,432,256
UP,341,525,4,Illite/Muscovite,7,432,256
UP,341,526,4,Illite/Muscovite,7,432,256
UP,341,527,4,Illite/Muscovite,7,432,256
UP,341,557,2,Bassanite,2,432,256
UP,341,558,2,Bassanite,2,432,256
UP,341,559,2,Bassanite,2,432,256
UP,341,560,2,Bassanite,2,432,256
UP,341,561,2,Bassanite,2,432,256
UP,341,562,2,Bassanite,2,432,256
UP,341,563,2,Bassanite,2,432,256
UP,342,233,1,Analcime,1,432,256
UP,342,234,1,Analcime,1,432,256
UP,342,235,1,Analcime,1,432,256
UP,342,236,1,Analcime,1,432,256
UP,342,300,1,Analcime,1,432,256
UP,342,301,1,Analcime,1,432,256
UP,342,302,1,Analcime,1,432,256
UP,342,303,1,Analcime,1,432,256
UP,342,304,1,Analcime,1,432,256
UP,342,305,1,Analcime,1,432,256
UP,342,306,1,Analcime,1,432,256
UP,342,307,1,Analcime,1,432,256
UP,342,308,1,Analcime,1,432,256
UP,342,309,1,Analcime,1,432,256
UP,342,310,1,Analcime,1,432,256
UP,342,311,1,Analcime,1,432,256
UP,342,312,1,Analcime,1,432,256
UP,342,313,1,Analcime,1,432,256
UP,342,314,1,Analcime,1,432,256
UP,342,315,1,Analcime,1,432,256
UP,342,316,1,Analcime,1,432,256
UP,342,317,1,Analcime,1,432,256
UP,342,318,1,Analcime,1,432,256
UP,342,319,1,Analcime,1,432,256
UP,342,320,1,Analcime,1,432,256
UP,342,505,5,Low-Ca Pyroxene,8,432,256
UP,342,506,5,Low-Ca Pyroxene,8,432,256
UP,342,507,5,Low-Ca Pyroxene,8,432,256
UP,342,508,5,Low-Ca Pyroxene,8,432,256
UP,342,509,5,Low-Ca Pyroxene,8,432,256
UP,342,510,5,Low-Ca Pyroxene,8,432,256
UP,342,511,5,Low-Ca Pyroxene,8,432,256
UP,342,512,5,Low-Ca Pyroxene,8,432,256
UP,342,513,5,Low-Ca Pyroxene,8,432,256
UP,342,514,5,Low-Ca Pyroxene,8,432,256
UP,342,515,5,Low-Ca Pyroxene,8,432,256
UP,342,516,5,Low-Ca Pyroxene,8,432,256
UP,342,517,5,Low-Ca Pyroxene,8,432,256
UP,342,523,4,Illite/Muscovite,7,432,256
UP,342,524,4,Illite/Muscovite,7,432,256
UP,342,525,4,Illite/Muscovite,7,432,256
UP,342,526,4,Illite/Muscovite,7,432,256
UP,342,527,4,Illite/Muscovite,7,432,256
UP,342,558,2,Bassanite,2,432,256
UP,342,559,2,Bassanite,2,432,256
UP,342,560,2,Bassanite,2,432,256
UP,342,561,2,Bassanite,2,432,256
UP,342,562,2,Bassanite,2,432,256
UP,342,563,2,Bassanite,2,432,256
UP,342,564,2,Bassanite,2,432,256
UP,343,233,1,Analcime,1,432,256
UP,343,234,1,Analcime,1,432,256
UP,343,235,1,Analcime,1,432,256
UP,343,236,1,Analcime,1,432,256
UP,343,237,1,Analcime,1,432,256
UP,343,238,1,Analcime,1,432,256
UP,343,300,1,Analcime,1,432,256
UP,343,301,1,Analcime,1,432,256
UP,343,302,1,Analcime,1,432,256
UP,343,303,1,Analcime,1,432,256
UP,343,304,1,Analcime,1,432,256
UP,343,305,1,Analcime,1,432,256
UP,343,306,1,Analcime,1,432,256
UP,343,307,1,Analcime,1,432,256
UP,343,308,1,Analcime,1,432,256
UP,343,309,1,Analcime,1,432,256
UP,343,310,1,Analcime,1,432,256
UP,343,311,1,Analcime,1,432,256
UP,343,312,1,Analcime,1,432,256
UP,343,313,1,Analcime,1,432,256
UP,343,314,1,Analcime,1,432,256
UP,343,315,1,Analcime,1,432,256
UP,343,316,1,Analcime,1,432,256
UP,343,317,1,Analcime,1,432,256
UP,343,318,1,Analcime,1,432,256
UP,343,319,1,Analcime,1,432,256
UP,343,320,1,Analcime,1,432,256
UP,343,505,5,Low-Ca Pyroxene,8,432,256
UP,343,506,5,Low-Ca Pyroxene,8,432,256
UP,343,507,5,Low-Ca Pyroxene,8,432,256
UP,343,508,5,Low-Ca Pyroxene,8,432,256
UP,343,509,5,Low-Ca Pyroxene,8,432,256
UP,343,510,5,Low-Ca Pyroxene,8,432,256
UP,343,511,5,Low-Ca Pyroxene,8,432,256
UP,343,512,5,Low-Ca Pyroxene,8,432,256
UP,343,513,5,Low-Ca Pyroxene,8,432,256
UP,343,514,5,Low-Ca Pyroxene,8,432,256
UP,343,515,5,Low-Ca Pyroxene,8,432,256
UP,343,516,5,Low-Ca Pyroxene,8,432,256
UP,343,517,5,Low-Ca Pyroxene,8,432,256
UP,343,524,4,Illite/Muscovite,7,432,256
UP,343,525,4,Illite/Muscovite,7,432,256
UP,343,526,4,Illite/Muscovite,7,432,256
UP,343,527,4,Illite/Muscovite,7,432,256
UP,343,528,4,Illite/Muscovite,7,432,256
UP,343,551,6,Mg-Smectite,11,432,256
UP,343,552,6,Mg-Smectite,11,432,256
UP,343,553,6,Mg-Smectite,11,432,256
UP,343,558,2,Bassanite,2,432,256
UP,343,559,2,Bassanite,2,432,256
UP,343,560,2,Bassanite,2,432,256
UP,343,561,2,Bassanite,2,432,256
UP,343,562,2,Bassanite,2,432,256
UP,343,563,2,Bassanite,2,432,256
UP,343,564,2,Bassanite,2,432,256
UP,344,234,1,Analcime,1,432,256
UP,344,235,1,Analcime,1,432,256
UP,344,236,1,Analcime,1,432,256
UP,344,237,1,Analcime,1,432,256
UP,344,238,1,Analcime,1,432,256
UP,344,239,1,Analcime,1,432,256
UP,344,300,1,Analcime,1,432,256
UP,344,301,1,Analcime,1,432,256
UP,344,302,1,Analcime,1,432,256
UP,344,303,1,Analcime,1,432,256
UP,344,304,1,Analcime,1,432,256
UP,344,305,1,Analcime,1,432,256
UP,344,306,1,Analcime,1,432,256
UP,344,307,1,Analcime,1,432,256
UP,344,308,1,Analcime,1,432,256
UP,344,309,1,Analcime,1,432,256
UP,344,310,1,Analcime,1,432,256
UP,344,311,1,Analcime,1,432,256
UP,344,312,1,Analcime,1,432,256
UP,344,313,1,Analcime,1,432,256
UP,344,314,1,Analcime,1,432,256
UP,344,315,1,Analcime,1,432,256
UP,344,316,1,Analcime,1,432,256
UP,344,317,1,Analcime,1,432,256
UP,344,318,1,Analcime,1,432,256
UP,344,319,1,Analcime,1,432,256
UP,344,320,1,Analcime,1,432,256
UP,344,504,5,Low-Ca Pyroxene,8,432,256
UP,344,505,5,Low-Ca Pyroxene,8,432,256
UP,344,506,5,Low-Ca Pyroxene,8,432,256
UP,344,507,5,Low-Ca Pyroxene,8,432,256
UP,344,508,5,Low-Ca Pyroxene,8,432,256
UP,344,509,5,Low-Ca Pyroxene,8,432,256
UP,344,510,5,Low-Ca Pyroxene,8,432,256
UP,344,511,5,Low-Ca Pyroxene,8,432,256
UP,344,512,5,Low-Ca Pyroxene,8,432,256
UP,344,513,5,Low-Ca Pyroxene,8,432,256
UP,344,514,5,Low-Ca Pyroxene,8,432,256
UP,344,515,5,Low-Ca Pyroxene,8,432,256
UP,344,516,5,Low-Ca Pyroxene,8,432,256
UP,344,517,5,Low-Ca Pyroxene,8,432,256
UP,344,525,4,Illite/Muscovite,7,432,256
UP,344,526,4,Illite/Muscovite,7,432,256
UP,344,527,4,Illite/Muscovite,7,432,256
UP,344,528,4,Illite/Muscovite,7,432,256
UP,344,550,6,Mg-Smectite,11,432,256
UP,344,551,6,Mg-Smectite,11,432,256
UP,344,552,6,Mg-Smectite,11,432,256
UP,344,553,6,Mg-Smectite,11,432,256
UP,344,554,6,Mg-Smectite,11,432,256
UP,344,558,2,Bassanite,2,432,256
UP,344,559,2,Bassanite,2,432,256
UP,344,560,2,Bassanite,2,432,256
UP,344,561,2,Bassanite,2,432,256
UP,344,562,2,Bassanite,2,432,256
UP,344,563,2,Bassanite,2,432,256
UP,344,564,2,Bassanite,2,432,256
UP,345,234,1,Analcime,1,432,256
UP,345,235,1,Analcime,1,432,256
UP,345,236,1,Analcime,1,432,256
UP,345,237,1,Analcime,1,432,256
UP,345,238,1,Analcime,1,432,256
UP,345,239,1,Analcime,1,432,256
UP,345,240,1,Analcime,1,432,256
UP,345,306,1,Analcime,1,432,256
UP,345,307,1,Analcime,1,432,256
UP,345,308,1,Analcime,1,432,256
UP,345,309,1,Analcime,1,432,256
UP,345,310,1,Analcime,1,432,256
UP,345,311,1,Analcime,1,432,256
UP,345,312,1,Analcime,1,432,256
UP,345,313,1,Analcime,1,432,256
UP,345,314,1,Analcime,1,432,256
UP,345,315,1,Analcime,1,432,256
UP,345,316,1,Analcime,1,432,256
UP,345,317,1,Analcime,1,432,256
UP,345,318,1,Analcime,1,432,256
UP,345,504,5,Low-Ca Pyroxene,8,432,256
UP,345,505,5,Low-Ca Pyroxene,8,432,256
UP,345,506,5,Low-Ca Pyroxene,8,432,256
UP,345,507,5,Low-Ca Pyroxene,8,432,256
UP,345,508,5,Low-Ca Pyroxene,8,432,256
UP,345,509,5,Low-Ca Pyroxene,8,432,256
UP,345,510,5,Low-Ca Pyroxene,8,432,256
UP,345,511,5,Low-Ca Pyroxene,8,432,256
UP,345,512,5,Low-Ca Pyroxene,8,432,256
UP,345,513,5,Low-Ca Pyroxene,8,432,256
UP,345,514,5,Low-Ca Pyroxene,8,432,256
UP,345,515,5,Low-Ca Pyroxene,8,432,256
UP,345,516,5,Low-Ca Pyroxene,8,432,256
UP,345,517,5,Low-Ca Pyroxene,8,432,256
UP,345,518,5,Low-Ca Pyroxene,8,432,256
UP,345,526,4,Illite/Muscovite,7,432,256
UP,345,527,4,Illite/Muscovite,7,432,256
UP,345,528,4,Illite/Muscovite,7,432,256
UP,345,529,4,Illite/Muscovite,7,432,256
UP,345,550,6,Mg-Smectite,11,432,256
UP,345,551,6,Mg-Smectite,11,432,256
UP,345,552,6,Mg-Smectite,11,432,256
UP,345,553,6,Mg-Smectite,11,432,256
UP,345,554,6,Mg-Smectite,11,432,256
UP,345,558,2,Bassanite,2,432,256
UP,345,559,2,Bassanite,2,432,256
UP,345,560,2,Bassanite,2,432,256
UP,345,561,2,Bassanite,2,432,256
UP,345,562,2,Bassanite,2,432,256
UP,345,563,2,Bassanite,2,432,256
UP,345,564,2,Bassanite,2,432,256
UP,346,235,1,Analcime,1,432,256
UP,346,236,1,Analcime,1,432,256
UP,346,237,1,Analcime,1,432,256
UP,346,238,1,Analcime,1,432,256
UP,346,239,1,Analcime,1,432,256
UP,346,240,1,Analcime,1,432,256
UP,346,243,1,Analcime,1,432,256
UP,346,244,1,Analcime,1,432,256
UP,346,245,1,Analcime,1,432,256
UP,346,246,1,Analcime,1,432,256
UP,346,502,5,Low-Ca Pyroxene,8,432,256
UP,346,503,5,Low-Ca Pyroxene,8,432,256
UP,346,504,5,Low-Ca Pyroxene,8,432,256
UP,346,505,5,Low-Ca Pyroxene,8,432,256
UP,346,506,5,Low-Ca Pyroxene,8,432,256
UP,346,507,5,Low-Ca Pyroxene,8,432,256
UP,346,508,5,Low-Ca Pyroxene,8,432,256
UP,346,509,5,Low-Ca Pyroxene,8,432,256
UP,346,510,5,Low-Ca Pyroxene,8,432,256
UP,346,511,5,Low-Ca Pyroxene,8,432,256
UP,346,512,5,Low-Ca Pyroxene,8,432,256
UP,346,513,5,Low-Ca Pyroxene,8,432,256
UP,346,514,5,Low-Ca Pyroxene,8,432,256
UP,346,515,5,Low-Ca Pyroxene,8,432,256
UP,346,516,5,Low-Ca Pyroxene,8,432,256
UP,346,517,5,Low-Ca Pyroxene,8,432,256
UP,346,518,5,Low-Ca Pyroxene,8,432,256
UP,346,519,5,Low-Ca Pyroxene,8,432,256
UP,346,526,4,Illite/Muscovite,7,432,256
UP,346,527,4,Illite/Muscovite,7,432,256
UP,346,528,4,Illite/Muscovite,7,432,256
UP,346,529,4,Illite/Muscovite,7,432,256
UP,346,551,6,Mg-Smectite,11,432,256
UP,346,552,6,Mg-Smectite,11,432,256
UP,346,553,6,Mg-Smectite,11,432,256
UP,346,554,6,Mg-Smectite,11,432,256
UP,346,555,6,Mg-Smectite,11,432,256
UP,346,558,2,Bassanite,2,432,256
UP,346,559,2,Bassanite,2,432,256
UP,346,560,2,Bassanite,2,432,256
UP,346,561,2,Bassanite,2,432,256
UP,346,562,2,Bassanite,2,432,256
UP,346,563,2,Bassanite,2,432,256
UP,346,564,2,Bassanite,2,432,256
UP,346,565,2,Bassanite,2,432,256
UP,347,243,1,Analcime,1,432,256
UP,347,244,1,Analcime,1,432,256
UP,347,245,1,Analcime,1,432,256
UP,347,246,1,Analcime,1,432,256
UP,347,247,1,Analcime,1,432,256
UP,347,248,1,Analcime,1,432,256
UP,347,501,5,Low-Ca Pyroxene,8,432,256
UP,347,502,5,Low-Ca Pyroxene,8,432,256
UP,347,503,5,Low-Ca Pyroxene,8,432,256
UP,347,504,5,Low-Ca Pyroxene,8,432,256
UP,347,505,5,Low-Ca Pyroxene,8,432,256
UP,347,506,5,Low-Ca Pyroxene,8,432,256
UP,347,507,5,Low-Ca Pyroxene,8,432,256
UP,347,508,5,Low-Ca Pyroxene,8,432,256
UP,347,509,5,Low-Ca Pyroxene,8,432,256
UP,347,510,5,Low-Ca Pyroxene,8,432,256
UP,347,511,5,Low-Ca Pyroxene,8,432,256
UP,347,512,5,Low-Ca Pyroxene,8,432,256
UP,347,513,5,Low-Ca Pyroxene,8,432,256
UP,347,514,5,Low-Ca Pyroxene,8,432,256
UP,347,515,5,Low-Ca Pyroxene,8,432,256
UP,347,516,5,Low-Ca Pyroxene,8,432,256
UP,347,517,5,Low-Ca Pyroxene,8,432,256
UP,347,518,5,Low-Ca Pyroxene,8,432,256
UP,347,519,5,Low-Ca Pyroxene,8,432,256
UP,347,526,4,Illite/Muscovite,7,432,256
UP,347,527,4,Illite/Muscovite,7,432,256
UP,347,528,4,Illite/Muscovite,7,432,256
UP,347,529,4,Illite/Muscovite,7,432,256
UP,347,530,4,Illite/Muscovite,7,432,256
UP,347,551,6,Mg-Smectite,11,432,256
UP,347,552,6,Mg-Smectite,11,432,256
UP,347,553,6,Mg-Smectite,11,432,256
UP,347,554,6,Mg-Smectite,11,432,256
UP,347,555,6,Mg-Smectite,11,432,256
UP,347,559,2,Bassanite,2,432,256
UP,347,560,2,Bassanite,2,432,256
UP,347,561,2,Bassanite,2,432,256
UP,347,562,2,Bassanite,2,432,256
UP,347,563,2,Bassanite,2,432,256
UP,347,564,2,Bassanite,2,432,256
UP,347,565,2,Bassanite,2,432,256
UP,348,243,1,Analcime,1,432,256
UP,348,244,1,Analcime,1,432,256
UP,348,245,1,Analcime,1,432,256
UP,348,246,1,Analcime,1,432,256
UP,348,247,1,Analcime,1,432,256
UP,348,248,1,Analcime,1,432,256
UP,348,249,1,Analcime,1,432,256
UP,348,250,1,Analcime,1,432,256
UP,348,276,1,Analcime,1,432,256
UP,348,277,1,Analcime,1,432,256
UP,348,278,1,Analcime,1,432,256
UP,348,279,1,Analcime,1,432,256
UP,348,280,1,Analcime,1,432,256
UP,348,281,1,Analcime,1,432,256
UP,348,282,1,Analcime,1,432,256
UP,348,283,1,Analcime,1,432,256
UP,348,500,5,Low-Ca Pyroxene,8,432,256
UP,348,501,5,Low-Ca Pyroxene,8,432,256
UP,348,502,5,Low-Ca Pyroxene,8,432,256
UP,348,503,5,Low-Ca Pyroxene,8,432,256
UP,348,504,5,Low-Ca Pyroxene,8,432,256
UP,348,505,5,Low-Ca Pyroxene,8,432,256
UP,348,506,5,Low-Ca Pyroxene,8,432,256
UP,348,507,5,Low-Ca Pyroxene,8,432,256
UP,348,508,5,Low-Ca Pyroxene,8,432,256
UP,348,509,5,Low-Ca Pyroxene,8,432,256
UP,348,510,5,Low-Ca Pyroxene,8,432,256
UP,348,511,5,Low-Ca Pyroxene,8,432,256
UP,348,512,5,Low-Ca Pyroxene,8,432,256
UP,348,513,5,Low-Ca Pyroxene,8,432,256
UP,348,514,5,Low-Ca Pyroxene,8,432,256
UP,348,515,5,Low-Ca Pyroxene,8,432,256
UP,348,516,5,Low-Ca Pyroxene,8,432,256
UP,348,517,5,Low-Ca Pyroxene,8,432,256
UP,348,518,5,Low-Ca Pyroxene,8,432,256
UP,348,519,5,Low-Ca Pyroxene,8,432,256
UP,348,520,5,Low-Ca Pyroxene,8,432,256
UP,348,527,4,Illite/Muscovite,7,432,256
UP,348,528,4,Illite/Muscovite,7,432,256
UP,348,529,4,Illite/Muscovite,7,432,256
UP,348,530,4,Illite/Muscovite,7,432,256
UP,348,552,6,Mg-Smectite,11,432,256
UP,348,553,6,Mg-Smectite,11,432,256
UP,348,554,6,Mg-Smectite,11,432,256
UP,348,555,6,Mg-Smectite,11,432,256
UP,348,559,2,Bassanite,2,432,256
UP,348,560,2,Bassanite,2,432,256
UP,348,561,2,Bassanite,2,432,256
UP,348,562,2,Bassanite,2,432,256
UP,348,563,2,Bassanite,2,432,256
UP,348,564,2,Bassanite,2,432,256
UP,348,565,2,Bassanite,2,432,256
UP,349,226,2,Bassanite,2,432,256
UP,349,227,2,Bassanite,2,432,256
UP,349,228,2,Bassanite,2,432,256
UP,349,229,2,Bassanite,2,432,256
UP,349,230,2,Bassanite,2,432,256
UP,349,231,2,Bassanite,2,432,256
UP,349,245,1,Analcime,1,432,256
UP,349,246,1,Analcime,1,432,256
UP,349,247,1,Analcime,1,432,256
UP,349,248,1,Analcime,1,432,256
UP,349,249,1,Analcime,1,432,256
UP,349,250,1,Analcime,1,432,256
UP,349,251,1,Analcime,1,432,256
UP,349,252,1,Analcime,1,432,256
UP,349,253,1,Analcime,1,432,256
UP,349,271,1,Analcime,1,432,256
UP,349,272,1,Analcime,1,432,256
UP,349,273,1,Analcime,1,432,256
UP,349,274,1,Analcime,1,432,256
UP,349,275,1,Analcime,1,432,256
UP,349,276,1,Analcime,1,432,256
UP,349,277,1,Analcime,1,432,256
UP,349,278,1,Analcime,1,432,256
UP,349,279,1,Analcime,1,432,256
UP,349,280,1,Analcime,1,432,256
UP,349,281,1,Analcime,1,432,256
UP,349,282,1,Analcime,1,432,256
UP,349,283,1,Analcime,1,432,256
UP,349,284,1,Analcime,1,432,256
UP,349,285,1,Analcime,1,432,256
UP,349,286,1,Analcime,1,432,256
UP,349,287,1,Analcime,1,432,256
UP,349,288,1,Analcime,1,432,256
UP,349,499,5,Low-Ca Pyroxene,8,432,256
UP,349,500,5,Low-Ca Pyroxene,8,432,256
UP,349,501,5,Low-Ca Pyroxene,8,432,256
UP,349,502,5,Low-Ca Pyroxene,8,432,256
UP,349,503,5,Low-Ca Pyroxene,8,432,256
UP,349,504,5,Low-Ca Pyroxene,8,432,256
UP,349,505,5,Low-Ca Pyroxene,8,432,256
UP,349,506,5,Low-Ca Pyroxene,8,432,256
UP,349,507,5,Low-Ca Pyroxene,8,432,256
UP,349,508,5,Low-Ca Pyroxene,8,432,256
UP,349,509,5,Low-Ca Pyroxene,8,432,256
UP,349,510,5,Low-Ca Pyroxene,8,432,256
UP,349,511,5,Low-Ca Pyroxene,8,432,256
UP,349,512,5,Low-Ca Pyroxene,8,432,256
UP,349,513,5,Low-Ca Pyroxene,8,432,256
UP,349,514,5,Low-Ca Pyroxene,8,432,256
UP,349,515,5,Low-Ca Pyroxene,8,432,256
UP,349,516,5,Low-Ca Pyroxene,8,432,256
UP,349,517,5,Low-Ca Pyroxene,8,432,256
UP,349,518,5,Low-Ca Pyroxene,8,432,256
UP,349,519,5,Low-Ca Pyroxene,8,432,256
UP,349,520,5,Low-Ca Pyroxene,8,432,256
UP,349,527,4,Illite/Muscovite,7,432,256
UP,349,528,4,Illite/Muscovite,7,432,256
UP,349,529,4,Illite/Muscovite,7,432,256
UP,349,530,4,Illite/Muscovite,7,432,256
UP,349,535,8,Plagioclase,13,432,256
UP,349,536,8,Plagioclase,13,432,256
UP,349,552,6,Mg-Smectite,11,432,256
UP,349,553,6,Mg-Smectite,11,432,256
UP,349,554,6,Mg-Smectite,11,432,256
UP,349,555,6,Mg-Smectite,11,432,256
UP,349,559,2,Bassanite,2,432,256
UP,349,560,2,Bassanite,2,432,256
UP,349,561,2,Bassanite,2,432,256
UP,349,562,2,Bassanite,2,432,256
UP,349,563,2,Bassanite,2,432,256
UP,349,564,2,Bassanite,2,432,256
UP,349,565,2,Bassanite,2,432,256
UP,350,226,2,Bassanite,2,432,256
UP,350,227,2,Bassanite,2,432,256
UP,350,228,2,Bassanite,2,432,256
UP,350,229,2,Bassanite,2,432,256
UP,350,230,2,Bassanite,2,432,256
UP,350,231,2,Bassanite,2,432,256
UP,350,232,2,Bassanite,2,432,256
UP,350,248,1,Analcime,1,432,256
UP,350,249,1,Analcime,1,432,256
UP,350,250,1,Analcime,1,432,256
UP,350,251,1,Analcime,1,432,256
UP,350,252,1,Analcime,1,432,256
UP,350,253,1,Analcime,1,432,256
UP,350,254,1,Analcime,1,432,256
UP,350,255,1,Analcime,1,432,256
UP,350,256,1,Analcime,1,432,256
UP,350,257,1,Analcime,1,432,256
UP,350,271,1,Analcime,1,432,256
UP,350,272,1,Analcime,1,432,256
UP,350,273,1,Analcime,1,432,256
UP,350,274,1,Analcime,1,432,256
UP,350,275,1,Analcime,1,432,256
UP,350,276,1,Analcime,1,432,256
UP,350,277,1,Analcime,1,432,256
UP,350,278,1,Analcime,1,432,256
UP,350,279,1,Analcime,1,432,256
UP,350,280,1,Analcime,1,432,256
UP,350,281,1,Analcime,1,432,256
UP,350,282,1,Analcime,1,432,256
UP,350,283,1,Analcime,1,432,256
UP,350,284,1,Analcime,1,432,256
UP,350,285,1,Analcime,1,432,256
UP,350,286,1,Analcime,1,432,256
UP,350,287,1,Analcime,1,432,256
UP,350,288,1,Analcime,1,432,256
UP,350,289,1,Analcime,1,432,256
UP,350,290,1,Analcime,1,432,256
UP,350,291,1,Analcime,1,432,256
UP,350,292,1,Analcime,1,432,256
UP,350,293,1,Analcime,1,432,256
UP,350,499,5,Low-Ca Pyroxene,8,432,256
UP,350,500,5,Low-Ca Pyroxene,8,432,256
UP,350,501,5,Low-Ca Pyroxene,8,432,256
UP,350,502,5,Low-Ca Pyroxene,8,432,256
UP,350,503,5,Low-Ca Pyroxene,8,432,256
UP,350,504,5,Low-Ca Pyroxene,8,432,256
UP,350,505,5,Low-Ca Pyroxene,8,432,256
UP,350,506,5,Low-Ca Pyroxene,8,432,256
UP,350,507,5,Low-Ca Pyroxene,8,432,256
UP,350,508,5,Low-Ca Pyroxene,8,432,256
UP,350,509,5,Low-Ca Pyroxene,8,432,256
UP,350,510,5,Low-Ca Pyroxene,8,432,256
UP,350,511,5,Low-Ca Pyroxene,8,432,256
UP,350,512,5,Low-Ca Pyroxene,8,432,256
UP,350,513,5,Low-Ca Pyroxene,8,432,256
UP,350,514,5,Low-Ca Pyroxene,8,432,256
UP,350,515,5,Low-Ca Pyroxene,8,432,256
UP,350,516,5,Low-Ca Pyroxene,8,432,256
UP,350,517,5,Low-Ca Pyroxene,8,432,256
UP,350,518,5,Low-Ca Pyroxene,8,432,256
UP,350,519,5,Low-Ca Pyroxene,8,432,256
UP,350,520,5,Low-Ca Pyroxene,8,432,256
UP,350,527,4,Illite/Muscovite,7,432,256
UP,350,528,4,Illite/Muscovite,7,432,256
UP,350,529,4,Illite/Muscovite,7,432,256
UP,350,530,4,Illite/Muscovite,7,432,256
UP,350,531,4,Illite/Muscovite,7,432,256
UP,350,535,8,Plagioclase,13,432,256
UP,350,536,8,Plagioclase,13,432,256
UP,350,537,8,Plagioclase,13,432,256
UP,350,552,6,Mg-Smectite,11,432,256
UP,350,553,6,Mg-Smectite,11,432,256
UP,350,554,6,Mg-Smectite,11,432,256
UP,350,555,6,Mg-Smectite,11,432,256
UP,350,560,2,Bassanite,2,432,256
UP,350,561,2,Bassanite,2,432,256
UP,350,562,2,Bassanite,2,432,256
UP,350,563,2,Bassanite,2,432,256
UP,350,564,2,Bassanite,2,432,256
UP,350,565,2,Bassanite,2,432,256
UP,351,226,2,Bassanite,2,432,256
UP,351,227,2,Bassanite,2,432,256
UP,351,228,2,Bassanite,2,432,256
UP,351,229,2,Bassanite,2,432,256
UP,351,230,2,Bassanite,2,432,256
UP,351,231,2,Bassanite,2,432,256
UP,351,232,2,Bassanite,2,432,256
UP,351,233,2,Bassanite,2,432,256
UP,351,234,2,Bassanite,2,432,256
UP,351,250,1,Analcime,1,432,256
UP,351,251,1,Analcime,1,432,256
UP,351,252,1,Analcime,1,432,256
UP,351,253,1,Analcime,1,432,256
UP,351,254,1,Analcime,1,432,256
UP,351,255,1,Analcime,1,432,256
UP,351,256,1,Analcime,1,432,256
UP,351,257,1,Analcime,1,432,256
UP,351,271,1,Analcime,1,432,256
UP,351,272,1,Analcime,1,432,256
UP,351,273,1,Analcime,1,432,256
UP,351,274,1,Analcime,1,432,256
UP,351,275,1,Analcime,1,432,256
UP,351,276,1,Analcime,1,432,256
UP,351,277,1,Analcime,1,432,256
UP,351,278,1,Analcime,1,432,256
UP,351,279,1,Analcime,1,432,256
UP,351,280,1,Analcime,1,432,256
UP,351,281,1,Analcime,1,432,256
UP,351,282,1,Analcime,1,432,256
UP,351,283,1,Analcime,1,432,256
UP,351,284,1,Analcime,1,432,256
UP,351,285,1,Analcime,1,432,256
UP,351,286,1,Analcime,1,432,256
UP,351,287,1,Analcime,1,432,256
UP,351,288,1,Analcime,1,432,256
UP,351,289,1,Analcime,1,432,256
UP,351,290,1,Analcime,1,432,256
UP,351,291,1,Analcime,1,432,256
UP,351,292,1,Analcime,1,432,256
UP,351,293,1,Analcime,1,432,256
UP,351,499,5,Low-Ca Pyroxene,8,432,256
UP,351,500,5,Low-Ca Pyroxene,8,432,256
UP,351,501,5,Low-Ca Pyroxene,8,432,256
UP,351,502,5,Low-Ca Pyroxene,8,432,256
UP,351,503,5,Low-Ca Pyroxene,8,432,256
UP,351,504,5,Low-Ca Pyroxene,8,432,256
UP,351,505,5,Low-Ca Pyroxene,8,432,256
UP,351,506,5,Low-Ca Pyroxene,8,432,256
UP,351,507,5,Low-Ca Pyroxene,8,432,256
UP,351,508,5,Low-Ca Pyroxene,8,432,256
UP,351,509,5,Low-Ca Pyroxene,8,432,256
UP,351,510,5,Low-Ca Pyroxene,8,432,256
UP,351,511,5,Low-Ca Pyroxene,8,432,256
UP,351,512,5,Low-Ca Pyroxene,8,432,256
UP,351,513,5,Low-Ca Pyroxene,8,432,256
UP,351,514,5,Low-Ca Pyroxene,8,432,256
UP,351,515,5,Low-Ca Pyroxene,8,432,256
UP,351,516,5,Low-Ca Pyroxene,8,432,256
UP,351,517,5,Low-Ca Pyroxene,8,432,256
UP,351,518,5,Low-Ca Pyroxene,8,432,256
UP,351,519,5,Low-Ca Pyroxene,8,432,256
UP,351,520,5,Low-Ca Pyroxene,8,432,256
UP,351,528,4,Illite/Muscovite,7,432,256
UP,351,529,4,Illite/Muscovite,7,432,256
UP,351,530,4,Illite/Muscovite,7,432,256
UP,351,531,4,Illite/Muscovite,7,432,256
UP,351,534,8,Plagioclase,13,432,256
UP,351,535,8,Plagioclase,13,432,256
UP,351,536,8,Plagioclase,13,432,256
UP,351,537,8,Plagioclase,13,432,256
UP,351,538,8,Plagioclase,13,432,256
UP,351,552,6,Mg-Smectite,11,432,256
UP,351,553,6,Mg-Smectite,11,432,256
UP,351,554,6,Mg-Smectite,11,432,256
UP,351,555,6,Mg-Smectite,11,432,256
UP,351,556,6,Mg-Smectite,11,432,256
UP,351,560,2,Bassanite,2,432,256
UP,351,561,2,Bassanite,2,432,256
UP,351,562,2,Bassanite,2,432,256
UP,351,563,2,Bassanite,2,432,256
UP,351,564,2,Bassanite,2,432,256
UP,351,565,2,Bassanite,2,432,256
UP,352,228,2,Bassanite,2,432,256
UP,352,229,2,Bassanite,2,432,256
UP,352,230,2,Bassanite,2,432,256
UP,352,231,2,Bassanite,2,432,256
UP,352,232,2,Bassanite,2,432,256
UP,352,233,2,Bassanite,2,432,256
UP,352,234,2,Bassanite,2,432,256
UP,352,235,2,Bassanite,2,432,256
UP,352,236,2,Bassanite,2,432,256
UP,352,272,1,Analcime,1,432,256
UP,352,273,1,Analcime,1,432,256
UP,352,274,1,Analcime,1,432,256
UP,352,275,1,Analcime,1,432,256
UP,352,276,1,Analcime,1,432,256
UP,352,277,1,Analcime,1,432,256
UP,352,278,1,Analcime,1,432,256
UP,352,279,1,Analcime,1,432,256
UP,352,280,1,Analcime,1,432,256
UP,352,281,1,Analcime,1,432,256
UP,352,282,1,Analcime,1,432,256
UP,352,283,1,Analcime,1,432,256
UP,352,284,1,Analcime,1,432,256
UP,352,285,1,Analcime,1,432,256
UP,352,286,1,Analcime,1,432,256
UP,352,287,1,Analcime,1,432,256
UP,352,288,1,Analcime,1,432,256
UP,352,289,1,Analcime,1,432,256
UP,352,290,1,Analcime,1,432,256
UP,352,291,1,Analcime,1,432,256
UP,352,292,1,Analcime,1,432,256
UP,352,293,1,Analcime,1,432,256
UP,352,499,5,Low-Ca Pyroxene,8,432,256
UP,352,500,5,Low-Ca Pyroxene,8,432,256
UP,352,501,5,Low-Ca Pyroxene,8,432,256
UP,352,502,5,Low-Ca Pyroxene,8,432,256
UP,352,503,5,Low-Ca Pyroxene,8,432,256
UP,352,504,5,Low-Ca Pyroxene,8,432,256
UP,352,505,5,Low-Ca Pyroxene,8,432,256
UP,352,506,5,Low-Ca Pyroxene,8,432,256
UP,352,507,5,Low-Ca Pyroxene,8,432,256
UP,352,508,5,Low-Ca Pyroxene,8,432,256
UP,352,509,5,Low-Ca Pyroxene,8,432,256
UP,352,510,5,Low-Ca Pyroxene,8,432,256
UP,352,511,5,Low-Ca Pyroxene,8,432,256
UP,352,512,5,Low-Ca Pyroxene,8,432,256
UP,352,513,5,Low-Ca Pyroxene,8,432,256
UP,352,514,5,Low-Ca Pyroxene,8,432,256
UP,352,515,5,Low-Ca Pyroxene,8,432,256
UP,352,516,5,Low-Ca Pyroxene,8,432,256
UP,352,517,5,Low-Ca Pyroxene,8,432,256
UP,352,518,5,Low-Ca Pyroxene,8,432,256
UP,352,519,5,Low-Ca Pyroxene,8,432,256
UP,352,520,5,Low-Ca Pyroxene,8,432,256
UP,352,528,4,Illite/Muscovite,7,432,256
UP,352,529,4,Illite/Muscovite,7,432,256
UP,352,530,4,Illite/Muscovite,7,432,256
UP,352,531,4,Illite/Muscovite,7,432,256
UP,352,534,8,Plagioclase,13,432,256
UP,352,535,8,Plagioclase,13,432,256
UP,352,536,8,Plagioclase,13,432,256
UP,352,537,8,Plagioclase,13,432,256
UP,352,538,8,Plagioclase,13,432,256
UP,352,552,6,Mg-Smectite,11,432,256
UP,352,553,6,Mg-Smectite,11,432,256
UP,352,554,6,Mg-Smectite,11,432,256
UP,352,555,6,Mg-Smectite,11,432,256
UP,352,556,6,Mg-Smectite,11,432,256
UP,352,560,2,Bassanite,2,432,256
UP,352,561,2,Bassanite,2,432,256
UP,352,562,2,Bassanite,2,432,256
UP,352,563,2,Bassanite,2,432,256
UP,352,564,2,Bassanite,2,432,256
UP,352,565,2,Bassanite,2,432,256
UP,352,566,2,Bassanite,2,432,256
UP,353,229,2,Bassanite,2,432,256
UP,353,230,2,Bassanite,2,432,256
UP,353,231,2,Bassanite,2,432,256
UP,353,232,2,Bassanite,2,432,256
UP,353,233,2,Bassanite,2,432,256
UP,353,234,2,Bassanite,2,432,256
UP,353,235,2,Bassanite,2,432,256
UP,353,236,2,Bassanite,2,432,256
UP,353,237,2,Bassanite,2,432,256
UP,353,238,2,Bassanite,2,432,256
UP,353,239,2,Bassanite,2,432,256
UP,353,240,2,Bassanite,2,432,256
UP,353,241,2,Bassanite,2,432,256
UP,353,242,2,Bassanite,2,432,256
UP,353,243,2,Bassanite,2,432,256
UP,353,284,1,Analcime,1,432,256
UP,353,285,1,Analcime,1,432,256
UP,353,286,1,Analcime,1,432,256
UP,353,287,1,Analcime,1,432,256
UP,353,288,1,Analcime,1,432,256
UP,353,289,1,Analcime,1,432,256
UP,353,290,1,Analcime,1,432,256
UP,353,291,1,Analcime,1,432,256
UP,353,292,1,Analcime,1,432,256
UP,353,293,1,Analcime,1,432,256
UP,353,500,5,Low-Ca Pyroxene,8,432,256
UP,353,501,5,Low-Ca Pyroxene,8,432,256
UP,353,502,5,Low-Ca Pyroxene,8,432,256
UP,353,503,5,Low-Ca Pyroxene,8,432,256
UP,353,504,5,Low-Ca Pyroxene,8,432,256
UP,353,505,5,Low-Ca Pyroxene,8,432,256
UP,353,506,5,Low-Ca Pyroxene,8,432,256
UP,353,507,5,Low-Ca Pyroxene,8,432,256
UP,353,508,5,Low-Ca Pyroxene,8,432,256
UP,353,509,5,Low-Ca Pyroxene,8,432,256
UP,353,510,5,Low-Ca Pyroxene,8,432,256
UP,353,511,5,Low-Ca Pyroxene,8,432,256
UP,353,512,5,Low-Ca Pyroxene,8,432,256
UP,353,513,5,Low-Ca Pyroxene,8,432,256
UP,353,514,5,Low-Ca Pyroxene,8,432,256
UP,353,515,5,Low-Ca Pyroxene,8,432,256
UP,353,516,5,Low-Ca Pyroxene,8,432,256
UP,353,517,5,Low-Ca Pyroxene,8,432,256
UP,353,518,5,Low-Ca Pyroxene,8,432,256
UP,353,519,5,Low-Ca Pyroxene,8,432,256
UP,353,520,5,Low-Ca Pyroxene,8,432,256
UP,353,529,4,Illite/Muscovite,7,432,256
UP,353,530,4,Illite/Muscovite,7,432,256
UP,353,531,4,Illite/Muscovite,7,432,256
UP,353,534,8,Plagioclase,13,432,256
UP,353,535,8,Plagioclase,13,432,256
UP,353,536,8,Plagioclase,13,432,256
UP,353,537,8,Plagioclase,13,432,256
UP,353,538,8,Plagioclase,13,432,256
UP,353,552,6,Mg-Smectite,11,432,256
UP,353,553,6,Mg-Smectite,11,432,256
UP,353,554,6,Mg-Smectite,11,432,256
UP,353,555,6,Mg-Smectite,11,432,256
UP,353,556,6,Mg-Smectite,11,432,256
UP,353,560,2,Bassanite,2,432,256
UP,353,561,2,Bassanite,2,432,256
UP,353,562,2,Bassanite,2,432,256
UP,353,563,2,Bassanite,2,432,256
UP,353,564,2,Bassanite,2,432,256
UP,353,565,2,Bassanite,2,432,256
UP,353,566,2,Bassanite,2,432,256
UP,354,230,2,Bassanite,2,432,256
UP,354,231,2,Bassanite,2,432,256
UP,354,232,2,Bassanite,2,432,256
UP,354,233,2,Bassanite,2,432,256
UP,354,234,2,Bassanite,2,432,256
UP,354,235,2,Bassanite,2,432,256
UP,354,236,2,Bassanite,2,432,256
UP,354,237,2,Bassanite,2,432,256
UP,354,238,2,Bassanite,2,432,256
UP,354,239,2,Bassanite,2,432,256
UP,354,240,2,Bassanite,2,432,256
UP,354,241,2,Bassanite,2,432,256
UP,354,242,2,Bassanite,2,432,256
UP,354,243,2,Bassanite,2,432,256
UP,354,244,2,Bassanite,2,432,256
UP,354,245,2,Bassanite,2,432,256
UP,354,246,2,Bassanite,2,432,256
UP,354,247,2,Bassanite,2,432,256
UP,354,248,2,Bassanite,2,432,256
UP,354,249,2,Bassanite,2,432,256
UP,354,250,2,Bassanite,2,432,256
UP,354,251,2,Bassanite,2,432,256
UP,354,501,5,Low-Ca Pyroxene,8,432,256
UP,354,502,5,Low-Ca Pyroxene,8,432,256
UP,354,503,5,Low-Ca Pyroxene,8,432,256
UP,354,504,5,Low-Ca Pyroxene,8,432,256
UP,354,505,5,Low-Ca Pyroxene,8,432,256
UP,354,506,5,Low-Ca Pyroxene,8,432,256
UP,354,507,5,Low-Ca Pyroxene,8,432,256
UP,354,508,5,Low-Ca Pyroxene,8,432,256
UP,354,509,5,Low-Ca Pyroxene,8,432,256
UP,354,510,5,Low-Ca Pyroxene,8,432,256
UP,354,511,5,Low-Ca Pyroxene,8,432,256
UP,354,512,5,Low-Ca Pyroxene,8,432,256
UP,354,513,5,Low-Ca Pyroxene,8,432,256
UP,354,514,5,Low-Ca Pyroxene,8,432,256
UP,354,515,5,Low-Ca Pyroxene,8,432,256
UP,354,516,5,Low-Ca Pyroxene,8,432,256
UP,354,517,5,Low-Ca Pyroxene,8,432,256
UP,354,518,5,Low-Ca Pyroxene,8,432,256
UP,354,519,5,Low-Ca Pyroxene,8,432,256
UP,354,520,5,Low-Ca Pyroxene,8,432,256
UP,354,529,4,Illite/Muscovite,7,432,256
UP,354,530,4,Illite/Muscovite,7,432,256
UP,354,531,4,Illite/Muscovite,7,432,256
UP,354,534,8,Plagioclase,13,432,256
UP,354,535,8,Plagioclase,13,432,256
UP,354,536,8,Plagioclase,13,432,256
UP,354,537,8,Plagioclase,13,432,256
UP,354,538,8,Plagioclase,13,432,256
UP,354,552,6,Mg-Smectite,11,432,256
UP,354,553,6,Mg-Smectite,11,432,256
UP,354,554,6,Mg-Smectite,11,432,256
UP,354,555,6,Mg-Smectite,11,432,256
UP,354,556,6,Mg-Smectite,11,432,256
UP,354,560,2,Bassanite,2,432,256
UP,354,561,2,Bassanite,2,432,256
UP,354,562,2,Bassanite,2,432,256
UP,354,563,2,Bassanite,2,432,256
UP,354,564,2,Bassanite,2,432,256
UP,354,565,2,Bassanite,2,432,256
UP,354,566,2,Bassanite,2,432,256
UP,355,233,2,Bassanite,2,432,256
UP,355,234,2,Bassanite,2,432,256
UP,355,235,2,Bassanite,2,432,256
UP,355,236,2,Bassanite,2,432,256
UP,355,237,2,Bassanite,2,432,256
UP,355,238,2,Bassanite,2,432,256
UP,355,239,2,Bassanite,2,432,256
UP,355,240,2,Bassanite,2,432,256
UP,355,241,2,Bassanite,2,432,256
UP,355,242,2,Bassanite,2,432,256
UP,355,243,2,Bassanite,2,432,256
UP,355,244,2,Bassanite,2,432,256
UP,355,245,2,Bassanite,2,432,256
UP,355,246,2,Bassanite,2,432,256
UP,355,247,2,Bassanite,2,432,256
UP,355,248,2,Bassanite,2,432,256
UP,355,249,2,Bassanite,2,432,256
UP,355,250,2,Bassanite,2,432,256
UP,355,251,2,Bassanite,2,432,256
UP,355,252,2,Bassanite,2,432,256
UP,355,253,2,Bassanite,2,432,256
UP,355,254,2,Bassanite,2,432,256
UP,355,255,2,Bassanite,2,432,256
UP,355,256,2,Bassanite,2,432,256
UP,355,506,5,Low-Ca Pyroxene,8,432,256
UP,355,507,5,Low-Ca Pyroxene,8,432,256
UP,355,508,5,Low-Ca Pyroxene,8,432,256
UP,355,509,5,Low-Ca Pyroxene,8,432,256
UP,355,510,5,Low-Ca Pyroxene,8,432,256
UP,355,511,5,Low-Ca Pyroxene,8,432,256
UP,355,512,5,Low-Ca Pyroxene,8,432,256
UP,355,513,5,Low-Ca Pyroxene,8,432,256
UP,355,514,5,Low-Ca Pyroxene,8,432,256
UP,355,515,5,Low-Ca Pyroxene,8,432,256
UP,355,516,5,Low-Ca Pyroxene,8,432,256
UP,355,517,5,Low-Ca Pyroxene,8,432,256
UP,355,518,5,Low-Ca Pyroxene,8,432,256
UP,355,519,5,Low-Ca Pyroxene,8,432,256
UP,355,534,8,Plagioclase,13,432,256
UP,355,535,8,Plagioclase,13,432,256
UP,355,536,8,Plagioclase,13,432,256
UP,355,537,8,Plagioclase,13,432,256
UP,355,538,8,Plagioclase,13,432,256
UP,355,552,6,Mg-Smectite,11,432,256
UP,355,553,6,Mg-Smectite,11,432,256
UP,355,554,6,Mg-Smectite,11,432,256
UP,355,555,6,Mg-Smectite,11,432,256
UP,355,560,2,Bassanite,2,432,256
UP,355,561,2,Bassanite,2,432,256
UP,355,562,2,Bassanite,2,432,256
UP,355,563,2,Bassanite,2,432,256
UP,355,564,2,Bassanite,2,432,256
UP,355,565,2,Bassanite,2,432,256
UP,355,566,2,Bassanite,2,432,256
UP,356,236,2,Bassanite,2,432,256
UP,356,237,2,Bassanite,2,432,256
UP,356,238,2,Bassanite,2,432,256
UP,356,239,2,Bassanite,2,432,256
UP,356,240,2,Bassanite,2,432,256
UP,356,241,2,Bassanite,2,432,256
UP,356,242,2,Bassanite,2,432,256
UP,356,243,2,Bassanite,2,432,256
UP,356,244,2,Bassanite,2,432,256
UP,356,245,2,Bassanite,2,432,256
UP,356,246,2,Bassanite,2,432,256
UP,356,247,2,Bassanite,2,432,256
UP,356,248,2,Bassanite,2,432,256
UP,356,249,2,Bassanite,2,432,256
UP,356,250,2,Bassanite,2,432,256
UP,356,251,2,Bassanite,2,432,256
UP,356,252,2,Bassanite,2,432,256
UP,356,253,2,Bassanite,2,432,256
UP,356,254,2,Bassanite,2,432,256
UP,356,255,2,Bassanite,2,432,256
UP,356,256,2,Bassanite,2,432,256
UP,356,257,2,Bassanite,2,432,256
UP,356,258,2,Bassanite,2,432,256
UP,356,259,2,Bassanite,2,432,256
UP,356,534,8,Plagioclase,13,432,256
UP,356,535,8,Plagioclase,13,432,256
UP,356,536,8,Plagioclase,13,432,256
UP,356,537,8,Plagioclase,13,432,256
UP,356,538,8,Plagioclase,13,432,256
UP,356,552,6,Mg-Smectite,11,432,256
UP,356,553,6,Mg-Smectite,11,432,256
UP,356,554,6,Mg-Smectite,11,432,256
UP,356,555,6,Mg-Smectite,11,432,256
UP,356,560,2,Bassanite,2,432,256
UP,356,561,2,Bassanite,2,432,256
UP,356,562,2,Bassanite,2,432,256
UP,356,563,2,Bassanite,2,432,256
UP,356,564,2,Bassanite,2,432,256
UP,356,565,2,Bassanite,2,432,256
UP,356,566,2,Bassanite,2,432,256
UP,357,240,2,Bassanite,2,432,256
UP,357,241,2,Bassanite,2,432,256
UP,357,242,2,Bassanite,2,432,256
UP,357,243,2,Bassanite,2,432,256
UP,357,244,2,Bassanite,2,432,256
UP,357,245,2,Bassanite,2,432,256
UP,357,246,2,Bassanite,2,432,256
UP,357,247,2,Bassanite,2,432,256
UP,357,248,2,Bassanite,2,432,256
UP,357,249,2,Bassanite,2,432,256
UP,357,250,2,Bassanite,2,432,256
UP,357,251,2,Bassanite,2,432,256
UP,357,252,2,Bassanite,2,432,256
UP,357,253,2,Bassanite,2,432,256
UP,357,254,2,Bassanite,2,432,256
UP,357,255,2,Bassanite,2,432,256
UP,357,256,2,Bassanite,2,432,256
UP,357,257,2,Bassanite,2,432,256
UP,357,258,2,Bassanite,2,432,256
UP,357,259,2,Bassanite,2,432,256
UP,357,534,8,Plagioclase,13,432,256
UP,357,535,8,Plagioclase,13,432,256
UP,357,536,8,Plagioclase,13,432,256
UP,357,537,8,Plagioclase,13,432,256
UP,357,538,8,Plagioclase,13,432,256
UP,357,552,6,Mg-Smectite,11,432,256
UP,357,553,6,Mg-Smectite,11,432,256
UP,357,554,6,Mg-Smectite,11,432,256
UP,357,555,6,Mg-Smectite,11,432,256
UP,357,560,2,Bassanite,2,432,256
UP,357,561,2,Bassanite,2,432,256
UP,357,562,2,Bassanite,2,432,256
UP,357,563,2,Bassanite,2,432,256
UP,357,564,2,Bassanite,2,432,256
UP,357,565,2,Bassanite,2,432,256
UP,357,566,2,Bassanite,2,432,256
UP,358,247,2,Bassanite,2,432,256
UP,358,248,2,Bassanite,2,432,256
UP,358,249,2,Bassanite,2,432,256
UP,358,250,2,Bassanite,2,432,256
UP,358,251,2,Bassanite,2,432,256
UP,358,252,2,Bassanite,2,432,256
UP,358,253,2,Bassanite,2,432,256
UP,358,254,2,Bassanite,2,432,256
UP,358,255,2,Bassanite,2,432,256
UP,358,256,2,Bassanite,2,432,256
UP,358,257,2,Bassanite,2,432,256
UP,358,258,2,Bassanite,2,432,256
UP,358,259,2,Bassanite,2,432,256
UP,358,534,8,Plagioclase,13,432,256
UP,358,535,8,Plagioclase,13,432,256
UP,358,536,8,Plagioclase,13,432,256
UP,358,537,8,Plagioclase,13,432,256
UP,358,538,8,Plagioclase,13,432,256
UP,358,552,6,Mg-Smectite,11,432,256
UP,358,553,6,Mg-Smectite,11,432,256
UP,358,554,6,Mg-Smectite,11,432,256
UP,358,555,6,Mg-Smectite,11,432,256
UP,358,561,2,Bassanite,2,432,256
UP,358,562,2,Bassanite,2,432,256
UP,358,563,2,Bassanite,2,432,256
UP,358,564,2,Bassanite,2,432,256
UP,358,565,2,Bassanite,2,432,256
UP,358,566,2,Bassanite,2,432,256
UP,358,567,2,Bassanite,2,432,256
UP,359,253,2,Bassanite,2,432,256
UP,359,254,2,Bassanite,2,432,256
UP,359,255,2,Bassanite,2,432,256
UP,359,256,2,Bassanite,2,432,256
UP,359,257,2,Bassanite,2,432,256
UP,359,258,2,Bassanite,2,432,256
UP,359,259,2,Bassanite,2,432,256
UP,359,535,8,Plagioclase,13,432,256
UP,359,536,8,Plagioclase,13,432,256
UP,359,537,8,Plagioclase,13,432,256
UP,359,538,8,Plagioclase,13,432,256
UP,359,553,6,Mg-Smectite,11,432,256
UP,359,554,6,Mg-Smectite,11,432,256
UP,359,561,2,Bassanite,2,432,256
UP,359,562,2,Bassanite,2,432,256
UP,359,563,2,Bassanite,2,432,256
UP,359,564,2,Bassanite,2,432,256
UP,359,565,2,Bassanite,2,432,256
UP,359,566,2,Bassanite,2,432,256
UP,359,567,2,Bassanite,2,432,256
UP,360,535,8,Plagioclase,13,432,256
UP,360,536,8,Plagioclase,13,432,256
UP,360,537,8,Plagioclase,13,432,256
UP,360,538,8,Plagioclase,13,432,256
UP,360,561,2,Bassanite,2,432,256
UP,360,562,2,Bassanite,2,432,256
UP,360,563,2,Bassanite,2,432,256
UP,360,564,2,Bassanite,2,432,256
UP,360,565,2,Bassanite,2,432,256
UP,360,566,2,Bassanite,2,432,256
UP,360,567,2,Bassanite,2,432,256
UP,360,568,2,Bassanite,2,432,256
UP,361,535,8,Plagioclase,13,432,256
UP,361,536,8,Plagioclase,13,432,256
UP,361,537,8,Plagioclase,13,432,256
UP,361,561,2,Bassanite,2,432,256
UP,361,562,2,Bassanite,2,432,256
UP,361,563,2,Bassanite,2,432,256
UP,361,564,2,Bassanite,2,432,256
UP,361,565,2,Bassanite,2,432,256
UP,361,566,2,Bassanite,2,432,256
UP,361,567,2,Bassanite,2,432,256
UP,361,568,2,Bassanite,2,432,256
UP,362,536,8,Plagioclase,13,432,256
UP,362,537,8,Plagioclase,13,432,256
UP,362,561,2,Bassanite,2,432,256
UP,362,562,2,Bassanite,2,432,256
UP,362,563,2,Bassanite,2,432,256
UP,362,564,2,Bassanite,2,432,256
UP,362,565,2,Bassanite,2,432,256
UP,362,566,2,Bassanite,2,432,256
UP,362,567,2,Bassanite,2,432,256
UP,362,568,2,Bassanite,2,432,256
UP,363,562,2,Bassanite,2,432,256
UP,363,563,2,Bassanite,2,432,256
UP,363,564,2,Bassanite,2,432,256
UP,363,565,2,Bassanite,2,432,256
UP,363,566,2,Bassanite,2,432,256
UP,363,567,2,Bassanite,2,432,256
UP,363,568,2,Bassanite,2,432,256
UP,363,569,2,Bassanite,2,432,256
UP,364,562,2,Bassanite,2,432,256
UP,364,563,2,Bassanite,2,432,256
UP,364,564,2,Bassanite,2,432,256
UP,364,565,2,Bassanite,2,432,256
UP,364,566,2,Bassanite,2,432,256
UP,364,567,2,Bassanite,2,432,256
UP,364,568,2,Bassanite,2,432,256
UP,364,569,2,Bassanite,2,432,256
UP,365,562,2,Bassanite,2,432,256
UP,365,563,2,Bassanite,2,432,256
UP,365,564,2,Bassanite,2,432,256
UP,365,565,2,Bassanite,2,432,256
UP,365,566,2,Bassanite,2,432,256
UP,365,567,2,Bassanite,2,432,256
UP,365,568,2,Bassanite,2,432,256
UP,365,569,2,Bassanite,2,432,256
UP,366,562,2,Bassanite,2,432,256
UP,366,563,2,Bassanite,2,432,256
UP,366,564,2,Bassanite,2,432,256
UP,366,565,2,Bassanite,2,432,256
UP,366,566,2,Bassanite,2,432,256
UP,366,567,2,Bassanite,2,432,256
UP,366,568,2,Bassanite,2,432,256
UP,366,569,2,Bassanite,2,432,256
UP,367,562,2,Bassanite,2,432,256
UP,367,563,2,Bassanite,2,432,256
UP,367,564,2,Bassanite,2,432,256
UP,367,565,2,Bassanite,2,432,256
UP,367,566,2,Bassanite,2,432,256
UP,367,567,2,Bassanite,2,432,256
UP,367,568,2,Bassanite,2,432,256
UP,367,569,2,Bassanite,2,432,256
UP,367,570,2,Bassanite,2,432,256
UP,368,563,2,Bassanite,2,432,256
UP,368,564,2,Bassanite,2,432,256
UP,368,565,2,Bassanite,2,432,256
UP,368,566,2,Bassanite,2,432,256
UP,368,567,2,Bassanite,2,432,256
UP,368,568,2,Bassanite,2,432,256
UP,368,569,2,Bassanite,2,432,256
UP,368,570,2,Bassanite,2,432,256
UP,369,563,2,Bassanite,2,432,256
UP,369,564,2,Bassanite,2,432,256
UP,369,565,2,Bassanite,2,432,256
UP,369,566,2,Bassanite,2,432,256
UP,369,567,2,Bassanite,2,432,256
UP,369,568,2,Bassanite,2,432,256
UP,369,569,2,Bassanite,2,432,256
UP,369,570,2,Bassanite,2,432,256
UP,370,563,2,Bassanite,2,432,256
UP,370,564,2,Bassanite,2,432,256
UP,370,565,2,Bassanite,2,432,256
UP,370,566,2,Bassanite,2,432,256
UP,370,567,2,Bassanite,2,432,256
UP,370,568,2,Bassanite,2,432,256
UP,370,569,2,Bassanite,2,432,256
UP,370,570,2,Bassanite,2,432,256
UP,370,571,2,Bassanite,2,432,256
UP,371,564,2,Bassanite,2,432,256
UP,371,565,2,Bassanite,2,432,256
UP,371,566,2,Bassanite,2,432,256
UP,371,567,2,Bassanite,2,432,256
UP,371,568,2,Bassanite,2,432,256
UP,371,569,2,Bassanite,2,432,256
UP,371,570,2,Bassanite,2,432,256
UP,371,571,2,Bassanite,2,432,256
UP,371,572,2,Bassanite,2,432,256
UP,372,564,2,Bassanite,2,432,256
UP,372,565,2,Bassanite,2,432,256
UP,372,566,2,Bassanite,2,432,256
UP,372,567,2,Bassanite,2,432,256
UP,372,568,2,Bassanite,2,432,256
UP,372,569,2,Bassanite,2,432,256
UP,372,570,2,Bassanite,2,432,256
UP,372,571,2,Bassanite,2,432,256
UP,372,572,2,Bassanite,2,432,256
UP,373,565,2,Bassanite,2,432,256
UP,373,566,2,Bassanite,2,432,256
UP,373,567,2,Bassanite,2,432,256
UP,373,568,2,Bassanite,2,432,256
UP,373,569,2,Bassanite,2,432,256
UP,373,570,2,Bassanite,2,432,256
UP,373,571,2,Bassanite,2,432,256
UP,374,566,2,Bassanite,2,432,256
UP,374,567,2,Bassanite,2,432,256
UP,374,568,2,Bassanite,2,432,256
UP,374,569,2,Bassanite,2,432,256
UP,374,570,2,Bassanite,2,432,256
UP,375,568,2,Bassanite,2,432,256
UP,375,569,2,Bassanite,2,432,256
UP,376,541,1,Analcime,1,432,256
UP,376,542,1,Analcime,1,432,256
UP,377,539,1,Analcime,1,432,256
UP,377,540,1,Analcime,1,432,256
UP,377,541,1,Analcime,1,432,256
UP,377,542,1,Analcime,1,432,256
UP,377,543,1,Analcime,1,432,256
UP,378,537,1,Analcime,1,432,256
UP,378,538,1,Analcime,1,432,256
UP,378,539,1,Analcime,1,432,256
UP,378,540,1,Analcime,1,432,256
UP,378,541,1,Analcime,1,432,256
UP,378,542,1,Analcime,1,432,256
UP,378,543,1,Analcime,1,432,256
UP,378,544,1,Analcime,1,432,256
UP,379,536,1,Analcime,1,432,256
UP,379,537,1,Analcime,1,432,256
UP,379,538,1,Analcime,1,432,256
UP,379,539,1,Analcime,1,432,256
UP,379,540,1,Analcime,1,432,256
UP,379,541,1,Analcime,1,432,256
UP,379,542,1,Analcime,1,432,256
UP,379,543,1,Analcime,1,432,256
UP,379,544,1,Analcime,1,432,256
UP,380,535,1,Analcime,1,432,256
UP,380,536,1,Analcime,1,432,256
UP,380,537,1,Analcime,1,432,256
UP,380,538,1,Analcime,1,432,256
UP,380,539,1,Analcime,1,432,256
UP,380,540,1,Analcime,1,432,256
UP,380,541,1,Analcime,1,432,256
UP,380,542,1,Analcime,1,432,256
UP,380,543,1,Analcime,1,432,256
UP,380,544,1,Analcime,1,432,256
UP,380,545,1,Analcime,1,432,256
UP,381,533,1,Analcime,1,432,256
UP,381,534,1,Analcime,1,432,256
UP,381,535,1,Analcime,1,432,256
UP,381,536,1,Analcime,1,432,256
UP,381,537,1,Analcime,1,432,256
UP,381,538,1,Analcime,1,432,256
UP,381,539,1,Analcime,1,432,256
UP,381,540,1,Analcime,1,432,256
UP,381,541,1,Analcime,1,432,256
UP,381,542,1,Analcime,1,432,256
UP,381,543,1,Analcime,1,432,256
UP,381,544,1,Analcime,1,432,256
UP,381,545,1,Analcime,1,432,256
UP,382,7,7,Monohydrated sulfate,12,432,256
UP,382,8,7,Monohydrated sulfate,12,432,256
UP,382,532,1,Analcime,1,432,256
UP,382,533,1,Analcime,1,432,256
UP,382,534,1,Analcime,1,432,256
UP,382,535,1,Analcime,1,432,256
UP,382,536,1,Analcime,1,432,256
UP,382,537,1,Analcime,1,432,256
UP,382,538,1,Analcime,1,432,256
UP,382,539,1,Analcime,1,432,256
UP,382,540,1,Analcime,1,432,256
UP,382,541,1,Analcime,1,432,256
UP,382,542,1,Analcime,1,432,256
UP,382,543,1,Analcime,1,432,256
UP,382,544,1,Analcime,1,432,256
UP,382,545,1,Analcime,1,432,256
UP,383,7,7,Monohydrated sulfate,12,432,256
UP,383,8,7,Monohydrated sulfate,12,432,256
UP,383,13,7,Monohydrated sulfate,12,432,256
UP,383,14,7,Monohydrated sulfate,12,432,256
UP,383,15,7,Monohydrated sulfate,12,432,256
UP,383,532,1,Analcime,1,432,256
UP,383,533,1,Analcime,1,432,256
UP,383,534,1,Analcime,1,432,256
UP,383,535,1,Analcime,1,432,256
UP,383,536,1,Analcime,1,432,256
UP,383,537,1,Analcime,1,432,256
UP,383,538,1,Analcime,1,432,256
UP,383,539,1,Analcime,1,432,256
UP,383,540,1,Analcime,1,432,256
UP,383,541,1,Analcime,1,432,256
UP,383,542,1,Analcime,1,432,256
UP,383,543,1,Analcime,1,432,256
UP,383,544,1,Analcime,1,432,256
UP,383,545,1,Analcime,1,432,256
UP,384,7,7,Monohydrated sulfate,12,432,256
UP,384,8,7,Monohydrated sulfate,12,432,256
UP,384,13,7,Monohydrated sulfate,12,432,256
UP,384,14,7,Monohydrated sulfate,12,432,256
UP,384,15,7,Monohydrated sulfate,12,432,256
UP,384,532,1,Analcime,1,432,256
UP,384,533,1,Analcime,1,432,256
UP,384,534,1,Analcime,1,432,256
UP,384,535,1,Analcime,1,432,256
UP,384,536,1,Analcime,1,432,256
UP,384,537,1,Analcime,1,432,256
UP,384,538,1,Analcime,1,432,256
UP,384,539,1,Analcime,1,432,256
UP,384,540,1,Analcime,1,432,256
UP,384,541,1,Analcime,1,432,256
UP,384,542,1,Analcime,1,432,256
UP,384,543,1,Analcime,1,432,256
UP,384,544,1,Analcime,1,432,256
UP,385,7,7,Monohydrated sulfate,12,432,256
UP,385,8,7,Monohydrated sulfate,12,432,256
UP,385,13,7,Monohydrated sulfate,12,432,256
UP,385,14,7,Monohydrated sulfate,12,432,256
UP,385,15,7,Monohydrated sulfate,12,432,256
UP,385,532,1,Analcime,1,432,256
UP,385,533,1,Analcime,1,432,256
UP,385,534,1,Analcime,1,432,256
UP,385,535,1,Analcime,1,432,256
UP,385,536,1,Analcime,1,432,256
UP,385,537,1,Analcime,1,432,256
UP,385,538,1,Analcime,1,432,256
UP,385,539,1,Analcime,1,432,256
UP,385,540,1,Analcime,1,432,256
UP,385,541,1,Analcime,1,432,256
UP,385,542,1,Analcime,1,432,256
UP,385,543,1,Analcime,1,432,256
UP,385,544,1,Analcime,1,432,256
UP,386,7,7,Monohydrated sulfate,12,432,256
UP,386,8,7,Monohydrated sulfate,12,432,256
UP,386,9,7,Monohydrated sulfate,12,432,256
UP,386,13,7,Monohydrated sulfate,12,432,256
UP,386,14,7,Monohydrated sulfate,12,432,256
UP,386,15,7,Monohydrated sulfate,12,432,256
UP,386,532,1,Analcime,1,432,256
UP,386,533,1,Analcime,1,432,256
UP,386,534,1,Analcime,1,432,256
UP,386,535,1,Analcime,1,432,256
UP,386,536,1,Analcime,1,432,256
UP,386,537,1,Analcime,1,432,256
UP,386,538,1,Analcime,1,432,256
UP,386,539,1,Analcime,1,432,256
UP,386,540,1,Analcime,1,432,256
UP,386,541,1,Analcime,1,432,256
UP,386,542,1,Analcime,1,432,256
UP,386,543,1,Analcime,1,432,256
UP,386,544,1,Analcime,1,432,256
UP,387,8,7,Monohydrated sulfate,12,432,256
UP,387,9,7,Monohydrated sulfate,12,432,256
UP,387,13,7,Monohydrated sulfate,12,432,256
UP,387,14,7,Monohydrated sulfate,12,432,256
UP,387,15,7,Monohydrated sulfate,12,432,256
UP,387,532,1,Analcime,1,432,256
UP,387,533,1,Analcime,1,432,256
UP,387,534,1,Analcime,1,432,256
UP,387,535,1,Analcime,1,432,256
UP,387,536,1,Analcime,1,432,256
UP,387,537,1,Analcime,1,432,256
UP,387,538,1,Analcime,1,432,256
UP,387,539,1,Analcime,1,432,256
UP,387,540,1,Analcime,1,432,256
UP,387,541,1,Analcime,1,432,256
UP,387,542,1,Analcime,1,432,256
UP,387,543,1,Analcime,1,432,256
UP,387,544,1,Analcime,1,432,256
UP,388,8,7,Monohydrated sulfate,12,432,256
UP,388,9,7,Monohydrated sulfate,12,432,256
UP,388,13,7,Monohydrated sulfate,12,432,256
UP,388,14,7,Monohydrated sulfate,12,432,256
UP,388,15,7,Monohydrated sulfate,12,432,256
UP,388,532,1,Analcime,1,432,256
UP,388,533,1,Analcime,1,432,256
UP,388,534,1,Analcime,1,432,256
UP,388,535,1,Analcime,1,432,256
UP,388,536,1,Analcime,1,432,256
UP,388,537,1,Analcime,1,432,256
UP,388,538,1,Analcime,1,432,256
UP,388,539,1,Analcime,1,432,256
UP,388,540,1,Analcime,1,432,256
UP,388,541,1,Analcime,1,432,256
UP,388,542,1,Analcime,1,432,256
UP,388,543,1,Analcime,1,432,256
UP,388,544,1,Analcime,1,432,256
UP,389,9,7,Monohydrated sulfate,12,432,256
UP,389,10,7,Monohydrated sulfate,12,432,256
UP,389,13,7,Monohydrated sulfate,12,432,256
UP,389,14,7,Monohydrated sulfate,12,432,256
UP,389,15,7,Monohydrated sulfate,12,432,256
UP,389,533,1,Analcime,1,432,256
UP,389,534,1,Analcime,1,432,256
UP,389,535,1,Analcime,1,432,256
UP,389,536,1,Analcime,1,432,256
UP,389,537,1,Analcime,1,432,256
UP,389,538,1,Analcime,1,432,256
UP,389,539,1,Analcime,1,432,256
UP,389,540,1,Analcime,1,432,256
UP,389,541,1,Analcime,1,432,256
UP,389,542,1,Analcime,1,432,256
UP,389,543,1,Analcime,1,432,256
UP,390,9,7,Monohydrated sulfate,12,432,256
UP,390,10,7,Monohydrated sulfate,12,432,256
UP,390,11,7,Monohydrated sulfate,12,432,256
UP,390,533,1,Analcime,1,432,256
UP,390,534,1,Analcime,1,432,256
UP,390,535,1,Analcime,1,432,256
UP,390,536,1,Analcime,1,432,256
UP,390,537,1,Analcime,1,432,256
UP,390,538,1,Analcime,1,432,256
UP,390,539,1,Analcime,1,432,256
UP,390,540,1,Analcime,1,432,256
UP,390,541,1,Analcime,1,432,256
UP,390,542,1,Analcime,1,432,256
UP,390,543,1,Analcime,1,432,256
UP,391,10,7,Monohydrated sulfate,12,432,256
UP,391,11,7,Monohydrated sulfate,12,432,256
UP,391,12,7,Monohydrated sulfate,12,432,256
UP,391,534,1,Analcime,1,432,256
UP,391,535,1,Analcime,1,432,256
UP,391,536,1,Analcime,1,432,256
UP,391,537,1,Analcime,1,432,256
UP,391,538,1,Analcime,1,432,256
UP,391,539,1,Analcime,1,432,256
UP,391,540,1,Analcime,1,432,256
UP,391,541,1,Analcime,1,432,256
UP,391,542,1,Analcime,1,432,256
UP,391,543,1,Analcime,1,432,256
UP,392,10,7,Monohydrated sulfate,12,432,256
UP,392,11,7,Monohydrated sulfate,12,432,256
UP,392,12,7,Monohydrated sulfate,12,432,256
UP,392,535,1,Analcime,1,432,256
UP,392,536,1,Analcime,1,432,256
UP,392,537,1,Analcime,1,432,256
UP,392,538,1,Analcime,1,432,256
UP,392,539,1,Analcime,1,432,256
UP,392,540,1,Analcime,1,432,256
UP,392,541,1,Analcime,1,432,256
UP,392,542,1,Analcime,1,432,256
UP,392,543,1,Analcime,1,432,256
UP,393,11,7,Monohydrated sulfate,12,432,256
UP,393,12,7,Monohydrated sulfate,12,432,256
UP,393,13,7,Monohydrated sulfate,12,432,256
UP,393,536,1,Analcime,1,432,256
UP,393,537,1,Analcime,1,432,256
UP,393,538,1,Analcime,1,432,256
UP,393,539,1,Analcime,1,432,256
UP,393,540,1,Analcime,1,432,256
UP,393,541,1,Analcime,1,432,256
UP,393,542,1,Analcime,1,432,256
UP,394,11,7,Monohydrated sulfate,12,432,256
UP,394,12,7,Monohydrated sulfate,12,432,256
UP,394,13,7,Monohydrated sulfate,12,432,256
UP,394,537,1,Analcime,1,432,256
UP,394,538,1,Analcime,1,432,256
UP,394,539,1,Analcime,1,432,256
UP,394,540,1,Analcime,1,432,256
UP,394,541,1,Analcime,1,432,256
UP,402,16,7,Monohydrated sulfate,12,432,256
UP,402,17,7,Monohydrated sulfate,12,432,256
UP,402,18,7,Monohydrated sulfate,12,432,256
UP,403,16,7,Monohydrated sulfate,12,432,256
UP,403,17,7,Monohydrated sulfate,12,432,256
UP,403,18,7,Monohydrated sulfate,12,432,256
UP,403,19,7,Monohydrated sulfate,12,432,256
UP,403,558,6,Mg-Smectite,11,432,256
UP,403,559,6,Mg-Smectite,11,432,256
UP,403,560,6,Mg-Smectite,11,432,256
UP,403,561,6,Mg-Smectite,11,432,256
UP,403,562,6,Mg-Smectite,11,432,256
UP,403,563,6,Mg-Smectite,11,432,256
UP,403,564,6,Mg-Smectite,11,432,256
UP,404,16,7,Monohydrated sulfate,12,432,256
UP,404,17,7,Monohydrated sulfate,12,432,256
UP,404,18,7,Monohydrated sulfate,12,432,256
UP,404,19,7,Monohydrated sulfate,12,432,256
UP,404,554,6,Mg-Smectite,11,432,256
UP,404,555,6,Mg-Smectite,11,432,256
UP,404,556,6,Mg-Smectite,11,432,256
UP,404,557,6,Mg-Smectite,11,432,256
UP,404,558,6,Mg-Smectite,11,432,256
UP,404,559,6,Mg-Smectite,11,432,256
UP,404,560,6,Mg-Smectite,11,432,256
UP,404,561,6,Mg-Smectite,11,432,256
UP,404,562,6,Mg-Smectite,11,432,256
UP,404,563,6,Mg-Smectite,11,432,256
UP,404,564,6,Mg-Smectite,11,432,256
UP,404,565,6,Mg-Smectite,11,432,256
UP,404,566,6,Mg-Smectite,11,432,256
UP,405,17,7,Monohydrated sulfate,12,432,256
UP,405,18,7,Monohydrated sulfate,12,432,256
UP,405,19,7,Monohydrated sulfate,12,432,256
UP,405,20,7,Monohydrated sulfate,12,432,256
UP,405,553,6,Mg-Smectite,11,432,256
UP,405,554,6,Mg-Smectite,11,432,256
UP,405,555,6,Mg-Smectite,11,432,256
UP,405,556,6,Mg-Smectite,11,432,256
UP,405,557,6,Mg-Smectite,11,432,256
UP,405,558,6,Mg-Smectite,11,432,256
UP,405,559,6,Mg-Smectite,11,432,256
UP,405,560,6,Mg-Smectite,11,432,256
UP,405,561,6,Mg-Smectite,11,432,256
UP,405,562,6,Mg-Smectite,11,432,256
UP,405,563,6,Mg-Smectite,11,432,256
UP,405,564,6,Mg-Smectite,11,432,256
UP,405,565,6,Mg-Smectite,11,432,256
UP,405,566,6,Mg-Smectite,11,432,256
UP,405,567,6,Mg-Smectite,11,432,256
UP,406,18,7,Monohydrated sulfate,12,432,256
UP,406,19,7,Monohydrated sulfate,12,432,256
UP,406,550,6,Mg-Smectite,11,432,256
UP,406,551,6,Mg-Smectite,11,432,256
UP,406,552,6,Mg-Smectite,11,432,256
UP,406,553,6,Mg-Smectite,11,432,256
UP,406,554,6,Mg-Smectite,11,432,256
UP,406,555,6,Mg-Smectite,11,432,256
UP,406,556,6,Mg-Smectite,11,432,256
UP,406,557,6,Mg-Smectite,11,432,256
UP,406,558,6,Mg-Smectite,11,432,256
UP,406,559,6,Mg-Smectite,11,432,256
UP,406,560,6,Mg-Smectite,11,432,256
UP,406,561,6,Mg-Smectite,11,432,256
UP,406,562,6,Mg-Smectite,11,432,256
UP,406,563,6,Mg-Smectite,11,432,256
UP,406,564,6,Mg-Smectite,11,432,256
UP,406,565,6,Mg-Smectite,11,432,256
UP,406,566,6,Mg-Smectite,11,432,256
UP,406,567,6,Mg-Smectite,11,432,256
UP,407,549,6,Mg-Smectite,11,432,256
UP,407,550,6,Mg-Smectite,11,432,256
UP,407,551,6,Mg-Smectite,11,432,256
UP,407,552,6,Mg-Smectite,11,432,256
UP,407,553,6,Mg-Smectite,11,432,256
UP,407,554,6,Mg-Smectite,11,432,256
UP,407,555,6,Mg-Smectite,11,432,256
UP,407,556,6,Mg-Smectite,11,432,256
UP,407,557,6,Mg-Smectite,11,432,256
UP,407,558,6,Mg-Smectite,11,432,256
UP,407,559,6,Mg-Smectite,11,432,256
UP,407,560,6,Mg-Smectite,11,432,256
UP,407,561,6,Mg-Smectite,11,432,256
UP,407,562,6,Mg-Smectite,11,432,256
UP,407,563,6,Mg-Smectite,11,432,256
UP,407,564,6,Mg-Smectite,11,432,256
UP,407,565,6,Mg-Smectite,11,432,256
UP,407,566,6,Mg-Smectite,11,432,256
UP,407,567,6,Mg-Smectite,11,432,256
UP,407,568,6,Mg-Smectite,11,432,256
UP,408,548,6,Mg-Smectite,11,432,256
UP,408,549,6,Mg-Smectite,11,432,256
UP,408,550,6,Mg-Smectite,11,432,256
UP,408,551,6,Mg-Smectite,11,432,256
UP,408,552,6,Mg-Smectite,11,432,256
UP,408,553,6,Mg-Smectite,11,432,256
UP,408,554,6,Mg-Smectite,11,432,256
UP,408,555,6,Mg-Smectite,11,432,256
UP,408,556,6,Mg-Smectite,11,432,256
UP,408,557,6,Mg-Smectite,11,432,256
UP,408,558,6,Mg-Smectite,11,432,256
UP,408,559,6,Mg-Smectite,11,432,256
UP,408,560,6,Mg-Smectite,11,432,256
UP,408,561,6,Mg-Smectite,11,432,256
UP,408,562,6,Mg-Smectite,11,432,256
UP,408,563,6,Mg-Smectite,11,432,256
UP,408,564,6,Mg-Smectite,11,432,256
UP,408,565,6,Mg-Smectite,11,432,256
UP,408,566,6,Mg-Smectite,11,432,256
UP,408,567,6,Mg-Smectite,11,432,256
UP,408,568,6,Mg-Smectite,11,432,256
UP,409,548,6,Mg-Smectite,11,432,256
UP,409,549,6,Mg-Smectite,11,432,256
UP,409,550,6,Mg-Smectite,11,432,256
UP,409,551,6,Mg-Smectite,11,432,256
UP,409,552,6,Mg-Smectite,11,432,256
UP,409,553,6,Mg-Smectite,11,432,256
UP,409,554,6,Mg-Smectite,11,432,256
UP,409,555,6,Mg-Smectite,11,432,256
UP,409,556,6,Mg-Smectite,11,432,256
UP,409,557,6,Mg-Smectite,11,432,256
UP,409,558,6,Mg-Smectite,11,432,256
UP,409,559,6,Mg-Smectite,11,432,256
UP,409,560,6,Mg-Smectite,11,432,256
UP,409,561,6,Mg-Smectite,11,432,256
UP,409,562,6,Mg-Smectite,11,432,256
UP,409,563,6,Mg-Smectite,11,432,256
UP,409,564,6,Mg-Smectite,11,432,256
UP,409,565,6,Mg-Smectite,11,432,256
UP,409,566,6,Mg-Smectite,11,432,256
UP,409,567,6,Mg-Smectite,11,432,256
UP,409,568,6,Mg-Smectite,11,432,256
UP,410,14,7,Monohydrated sulfate,12,432,256
UP,410,15,7,Monohydrated sulfate,12,432,256
UP,410,548,6,Mg-Smectite,11,432,256
UP,410,549,6,Mg-Smectite,11,432,256
UP,410,550,6,Mg-Smectite,11,432,256
UP,410,551,6,Mg-Smectite,11,432,256
UP,410,552,6,Mg-Smectite,11,432,256
UP,410,553,6,Mg-Smectite,11,432,256
UP,410,554,6,Mg-Smectite,11,432,256
UP,410,555,6,Mg-Smectite,11,432,256
UP,410,556,6,Mg-Smectite,11,432,256
UP,410,557,6,Mg-Smectite,11,432,256
UP,410,558,6,Mg-Smectite,11,432,256
UP,410,559,6,Mg-Smectite,11,432,256
UP,410,560,6,Mg-Smectite,11,432,256
UP,410,561,6,Mg-Smectite,11,432,256
UP,410,562,6,Mg-Smectite,11,432,256
UP,410,563,6,Mg-Smectite,11,432,256
UP,410,564,6,Mg-Smectite,11,432,256
UP,410,565,6,Mg-Smectite,11,432,256
UP,410,566,6,Mg-Smectite,11,432,256
UP,410,567,6,Mg-Smectite,11,432,256
UP,410,568,6,Mg-Smectite,11,432,256
UP,410,569,6,Mg-Smectite,11,432,256
UP,411,14,7,Monohydrated sulfate,12,432,256
UP,411,15,7,Monohydrated sulfate,12,432,256
UP,411,34,7,Monohydrated sulfate,12,432,256
UP,411,35,7,Monohydrated sulfate,12,432,256
UP,411,549,6,Mg-Smectite,11,432,256
UP,411,550,6,Mg-Smectite,11,432,256
UP,411,551,6,Mg-Smectite,11,432,256
UP,411,552,6,Mg-Smectite,11,432,256
UP,411,553,6,Mg-Smectite,11,432,256
UP,411,554,6,Mg-Smectite,11,432,256
UP,411,555,6,Mg-Smectite,11,432,256
UP,411,556,6,Mg-Smectite,11,432,256
UP,411,557,6,Mg-Smectite,11,432,256
UP,411,558,6,Mg-Smectite,11,432,256
UP,411,559,6,Mg-Smectite,11,432,256
UP,411,560,6,Mg-Smectite,11,432,256
UP,411,561,6,Mg-Smectite,11,432,256
UP,411,562,6,Mg-Smectite,11,432,256
UP,411,563,6,Mg-Smectite,11,432,256
UP,411,564,6,Mg-Smectite,11,432,256
UP,411,565,6,Mg-Smectite,11,432,256
UP,411,566,6,Mg-Smectite,11,432,256
UP,411,567,6,Mg-Smectite,11,432,256
UP,411,568,6,Mg-Smectite,11,432,256
UP,411,569,6,Mg-Smectite,11,432,256
UP,412,14,7,Monohydrated sulfate,12,432,256
UP,412,15,7,Monohydrated sulfate,12,432,256
UP,412,16,7,Monohydrated sulfate,12,432,256
UP,412,33,7,Monohydrated sulfate,12,432,256
UP,412,34,7,Monohydrated sulfate,12,432,256
UP,412,35,7,Monohydrated sulfate,12,432,256
UP,412,549,6,Mg-Smectite,11,432,256
UP,412,550,6,Mg-Smectite,11,432,256
UP,412,551,6,Mg-Smectite,11,432,256
UP,412,552,6,Mg-Smectite,11,432,256
UP,412,553,6,Mg-Smectite,11,432,256
UP,412,554,6,Mg-Smectite,11,432,256
UP,412,555,6,Mg-Smectite,11,432,256
UP,412,556,6,Mg-Smectite,11,432,256
UP,412,557,6,Mg-Smectite,11,432,256
UP,412,558,6,Mg-Smectite,11,432,256
UP,412,559,6,Mg-Smectite,11,432,256
UP,412,560,6,Mg-Smectite,11,432,256
UP,412,561,6,Mg-Smectite,11,432,256
UP,412,562,6,Mg-Smectite,11,432,256
UP,412,563,6,Mg-Smectite,11,432,256
UP,412,564,6,Mg-Smectite,11,432,256
UP,412,565,6,Mg-Smectite,11,432,256
UP,412,566,6,Mg-Smectite,11,432,256
UP,412,567,6,Mg-Smectite,11,432,256
UP,412,568,6,Mg-Smectite,11,432,256
UP,412,569,6,Mg-Smectite,11,432,256
UP,413,14,7,Monohydrated sulfate,12,432,256
UP,413,15,7,Monohydrated sulfate,12,432,256
UP,413,16,7,Monohydrated sulfate,12,432,256
UP,413,33,7,Monohydrated sulfate,12,432,256
UP,413,34,7,Monohydrated sulfate,12,432,256
UP,413,35,7,Monohydrated sulfate,12,432,256
UP,413,419,5,Low-Ca Pyroxene,8,432,256
UP,413,420,5,Low-Ca Pyroxene,8,432,256
UP,413,421,5,Low-Ca Pyroxene,8,432,256
UP,413,551,6,Mg-Smectite,11,432,256
UP,413,552,6,Mg-Smectite,11,432,256
UP,413,553,6,Mg-Smectite,11,432,256
UP,413,554,6,Mg-Smectite,11,432,256
UP,413,555,6,Mg-Smectite,11,432,256
UP,413,556,6,Mg-Smectite,11,432,256
UP,413,557,6,Mg-Smectite,11,432,256
UP,413,558,6,Mg-Smectite,11,432,256
UP,413,559,6,Mg-Smectite,11,432,256
UP,413,560,6,Mg-Smectite,11,432,256
UP,413,561,6,Mg-Smectite,11,432,256
UP,413,562,6,Mg-Smectite,11,432,256
UP,413,563,6,Mg-Smectite,11,432,256
UP,413,564,6,Mg-Smectite,11,432,256
UP,413,565,6,Mg-Smectite,11,432,256
UP,413,566,6,Mg-Smectite,11,432,256
UP,413,567,6,Mg-Smectite,11,432,256
UP,413,568,6,Mg-Smectite,11,432,256
UP,413,569,6,Mg-Smectite,11,432,256
UP,413,570,6,Mg-Smectite,11,432,256
UP,414,14,7,Monohydrated sulfate,12,432,256
UP,414,15,7,Monohydrated sulfate,12,432,256
UP,414,16,7,Monohydrated sulfate,12,432,256
UP,414,34,7,Monohydrated sulfate,12,432,256
UP,414,418,5,Low-Ca Pyroxene,8,432,256
UP,414,419,5,Low-Ca Pyroxene,8,432,256
UP,414,420,5,Low-Ca Pyroxene,8,432,256
UP,414,421,5,Low-Ca Pyroxene,8,432,256
UP,414,552,6,Mg-Smectite,11,432,256
UP,414,553,6,Mg-Smectite,11,432,256
UP,414,554,6,Mg-Smectite,11,432,256
UP,414,555,6,Mg-Smectite,11,432,256
UP,414,556,6,Mg-Smectite,11,432,256
UP,414,557,6,Mg-Smectite,11,432,256
UP,414,558,6,Mg-Smectite,11,432,256
UP,414,559,6,Mg-Smectite,11,432,256
UP,414,560,6,Mg-Smectite,11,432,256
UP,414,561,6,Mg-Smectite,11,432,256
UP,414,562,6,Mg-Smectite,11,432,256
UP,414,563,6,Mg-Smectite,11,432,256
UP,414,564,6,Mg-Smectite,11,432,256
UP,414,565,6,Mg-Smectite,11,432,256
UP,414,566,6,Mg-Smectite,11,432,256
UP,414,567,6,Mg-Smectite,11,432,256
UP,414,568,6,Mg-Smectite,11,432,256
UP,414,569,6,Mg-Smectite,11,432,256
UP,414,570,6,Mg-Smectite,11,432,256
UP,415,1,7,Monohydrated sulfate,12,432,256
UP,415,2,7,Monohydrated sulfate,12,432,256
UP,415,3,7,Monohydrated sulfate,12,432,256
UP,415,15,7,Monohydrated sulfate,12,432,256
UP,415,16,7,Monohydrated sulfate,12,432,256
UP,415,418,5,Low-Ca Pyroxene,8,432,256
UP,415,419,5,Low-Ca Pyroxene,8,432,256
UP,415,420,5,Low-Ca Pyroxene,8,432,256
UP,415,421,5,Low-Ca Pyroxene,8,432,256
UP,415,532,5,Low-Ca Pyroxene,8,432,256
UP,415,553,6,Mg-Smectite,11,432,256
UP,415,554,6,Mg-Smectite,11,432,256
UP,415,555,6,Mg-Smectite,11,432,256
UP,415,556,6,Mg-Smectite,11,432,256
UP,415,557,6,Mg-Smectite,11,432,256
UP,415,558,6,Mg-Smectite,11,432,256
UP,415,559,6,Mg-Smectite,11,432,256
UP,415,560,6,Mg-Smectite,11,432,256
UP,415,561,6,Mg-Smectite,11,432,256
UP,415,562,6,Mg-Smectite,11,432,256
UP,415,563,6,Mg-Smectite,11,432,256
UP,415,564,6,Mg-Smectite,11,432,256
UP,415,565,6,Mg-Smectite,11,432,256
UP,415,566,6,Mg-Smectite,11,432,256
UP,415,567,6,Mg-Smectite,11,432,256
UP,415,568,6,Mg-Smectite,11,432,256
UP,415,569,6,Mg-Smectite,11,432,256
UP,415,570,6,Mg-Smectite,11,432,256
UP,416,1,7,Monohydrated sulfate,12,432,256
UP,416,2,7,Monohydrated sulfate,12,432,256
UP,416,3,7,Monohydrated sulfate,12,432,256
UP,416,418,5,Low-Ca Pyroxene,8,432,256
UP,416,419,5,Low-Ca Pyroxene,8,432,256
UP,416,420,5,Low-Ca Pyroxene,8,432,256
UP,416,421,5,Low-Ca Pyroxene,8,432,256
UP,416,422,5,Low-Ca Pyroxene,8,432,256
UP,416,526,5,Low-Ca Pyroxene,8,432,256
UP,416,527,5,Low-Ca Pyroxene,8,432,256
UP,416,528,5,Low-Ca Pyroxene,8,432,256
UP,416,529,5,Low-Ca Pyroxene,8,432,256
UP,416,530,5,Low-Ca Pyroxene,8,432,256
UP,416,531,5,Low-Ca Pyroxene,8,432,256
UP,416,532,5,Low-Ca Pyroxene,8,432,256
UP,416,533,5,Low-Ca Pyroxene,8,432,256
UP,416,554,6,Mg-Smectite,11,432,256
UP,416,555,6,Mg-Smectite,11,432,256
UP,416,556,6,Mg-Smectite,11,432,256
UP,416,557,6,Mg-Smectite,11,432,256
UP,416,558,6,Mg-Smectite,11,432,256
UP,416,559,6,Mg-Smectite,11,432,256
UP,416,560,6,Mg-Smectite,11,432,256
UP,416,561,6,Mg-Smectite,11,432,256
UP,416,562,6,Mg-Smectite,11,432,256
UP,416,563,6,Mg-Smectite,11,432,256
UP,416,564,6,Mg-Smectite,11,432,256
UP,416,565,6,Mg-Smectite,11,432,256
UP,416,566,6,Mg-Smectite,11,432,256
UP,416,567,6,Mg-Smectite,11,432,256
UP,416,568,6,Mg-Smectite,11,432,256
UP,416,569,6,Mg-Smectite,11,432,256
UP,416,570,6,Mg-Smectite,11,432,256
UP,417,1,7,Monohydrated sulfate,12,432,256
UP,417,2,7,Monohydrated sulfate,12,432,256
UP,417,3,7,Monohydrated sulfate,12,432,256
UP,417,418,5,Low-Ca Pyroxene,8,432,256
UP,417,419,5,Low-Ca Pyroxene,8,432,256
UP,417,420,5,Low-Ca Pyroxene,8,432,256
UP,417,421,5,Low-Ca Pyroxene,8,432,256
UP,417,422,5,Low-Ca Pyroxene,8,432,256
UP,417,523,5,Low-Ca Pyroxene,8,432,256
UP,417,524,5,Low-Ca Pyroxene,8,432,256
UP,417,525,5,Low-Ca Pyroxene,8,432,256
UP,417,526,5,Low-Ca Pyroxene,8,432,256
UP,417,527,5,Low-Ca Pyroxene,8,432,256
UP,417,528,5,Low-Ca Pyroxene,8,432,256
UP,417,529,5,Low-Ca Pyroxene,8,432,256
UP,417,530,5,Low-Ca Pyroxene,8,432,256
UP,417,531,5,Low-Ca Pyroxene,8,432,256
UP,417,532,5,Low-Ca Pyroxene,8,432,256
UP,417,533,5,Low-Ca Pyroxene,8,432,256
UP,417,534,5,Low-Ca Pyroxene,8,432,256
UP,417,554,6,Mg-Smectite,11,432,256
UP,417,555,6,Mg-Smectite,11,432,256
UP,417,556,6,Mg-Smectite,11,432,256
UP,417,557,6,Mg-Smectite,11,432,256
UP,417,558,6,Mg-Smectite,11,432,256
UP,417,559,6,Mg-Smectite,11,432,256
UP,417,560,6,Mg-Smectite,11,432,256
UP,417,561,6,Mg-Smectite,11,432,256
UP,417,562,6,Mg-Smectite,11,432,256
UP,417,563,6,Mg-Smectite,11,432,256
UP,417,564,6,Mg-Smectite,11,432,256
UP,417,565,6,Mg-Smectite,11,432,256
UP,417,566,6,Mg-Smectite,11,432,256
UP,417,567,6,Mg-Smectite,11,432,256
UP,417,568,6,Mg-Smectite,11,432,256
UP,417,569,6,Mg-Smectite,11,432,256
UP,417,570,6,Mg-Smectite,11,432,256
UP,417,571,6,Mg-Smectite,11,432,256
UP,417,572,6,Mg-Smectite,11,432,256
UP,418,12,7,Monohydrated sulfate,12,432,256
UP,418,13,7,Monohydrated sulfate,12,432,256
UP,418,45,7,Monohydrated sulfate,12,432,256
UP,418,46,7,Monohydrated sulfate,12,432,256
UP,418,47,7,Monohydrated sulfate,12,432,256
UP,418,418,5,Low-Ca Pyroxene,8,432,256
UP,418,419,5,Low-Ca Pyroxene,8,432,256
UP,418,420,5,Low-Ca Pyroxene,8,432,256
UP,418,421,5,Low-Ca Pyroxene,8,432,256
UP,418,422,5,Low-Ca Pyroxene,8,432,256
UP,418,423,5,Low-Ca Pyroxene,8,432,256
UP,418,522,5,Low-Ca Pyroxene,8,432,256
UP,418,523,5,Low-Ca Pyroxene,8,432,256
UP,418,524,5,Low-Ca Pyroxene,8,432,256
UP,418,525,5,Low-Ca Pyroxene,8,432,256
UP,418,526,5,Low-Ca Pyroxene,8,432,256
UP,418,527,5,Low-Ca Pyroxene,8,432,256
UP,418,528,5,Low-Ca Pyroxene,8,432,256
UP,418,529,5,Low-Ca Pyroxene,8,432,256
UP,418,530,5,Low-Ca Pyroxene,8,432,256
UP,418,531,5,Low-Ca Pyroxene,8,432,256
UP,418,532,5,Low-Ca Pyroxene,8,432,256
UP,418,533,5,Low-Ca Pyroxene,8,432,256
UP,418,534,5,Low-Ca Pyroxene,8,432,256
UP,418,535,5,Low-Ca Pyroxene,8,432,256
UP,418,554,6,Mg-Smectite,11,432,256
UP,418,555,6,Mg-Smectite,11,432,256
UP,418,556,6,Mg-Smectite,11,432,256
UP,418,557,6,Mg-Smectite,11,432,256
UP,418,558,6,Mg-Smectite,11,432,256
UP,418,559,6,Mg-Smectite,11,432,256
UP,418,560,6,Mg-Smectite,11,432,256
UP,418,561,6,Mg-Smectite,11,432,256
UP,418,562,6,Mg-Smectite,11,432,256
UP,418,563,6,Mg-Smectite,11,432,256
UP,418,564,6,Mg-Smectite,11,432,256
UP,418,565,6,Mg-Smectite,11,432,256
UP,418,566,6,Mg-Smectite,11,432,256
UP,418,567,6,Mg-Smectite,11,432,256
UP,418,568,6,Mg-Smectite,11,432,256
UP,418,569,6,Mg-Smectite,11,432,256
UP,418,570,6,Mg-Smectite,11,432,256
UP,418,571,6,Mg-Smectite,11,432,256
UP,418,572,6,Mg-Smectite,11,432,256
UP,418,573,6,Mg-Smectite,11,432,256
UP,419,5,7,Monohydrated sulfate,12,432,256
UP,419,6,7,Monohydrated sulfate,12,432,256
UP,419,12,7,Monohydrated sulfate,12,432,256
UP,419,13,7,Monohydrated sulfate,12,432,256
UP,419,14,7,Monohydrated sulfate,12,432,256
UP,419,45,7,Monohydrated sulfate,12,432,256
UP,419,46,7,Monohydrated sulfate,12,432,256
UP,419,47,7,Monohydrated sulfate,12,432,256
UP,419,419,5,Low-Ca Pyroxene,8,432,256
UP,419,420,5,Low-Ca Pyroxene,8,432,256
UP,419,421,5,Low-Ca Pyroxene,8,432,256
UP,419,422,5,Low-Ca Pyroxene,8,432,256
UP,419,423,5,Low-Ca Pyroxene,8,432,256
UP,419,521,5,Low-Ca Pyroxene,8,432,256
UP,419,522,5,Low-Ca Pyroxene,8,432,256
UP,419,523,5,Low-Ca Pyroxene,8,432,256
UP,419,524,5,Low-Ca Pyroxene,8,432,256
UP,419,525,5,Low-Ca Pyroxene,8,432,256
UP,419,526,5,Low-Ca Pyroxene,8,432,256
UP,419,527,5,Low-Ca Pyroxene,8,432,256
UP,419,528,5,Low-Ca Pyroxene,8,432,256
UP,419,529,5,Low-Ca Pyroxene,8,432,256
UP,419,530,5,Low-Ca Pyroxene,8,432,256
UP,419,531,5,Low-Ca Pyroxene,8,432,256
UP,419,532,5,Low-Ca Pyroxene,8,432,256
UP,419,533,5,Low-Ca Pyroxene,8,432,256
UP,419,534,5,Low-Ca Pyroxene,8,432,256
UP,419,535,5,Low-Ca Pyroxene,8,432,256
UP,419,536,5,Low-Ca Pyroxene,8,432,256
UP,419,555,6,Mg-Smectite,11,432,256
UP,419,556,6,Mg-Smectite,11,432,256
UP,419,557,6,Mg-Smectite,11,432,256
UP,419,558,6,Mg-Smectite,11,432,256
UP,419,559,6,Mg-Smectite,11,432,256
UP,419,560,6,Mg-Smectite,11,432,256
UP,419,561,6,Mg-Smectite,11,432,256
UP,419,562,6,Mg-Smectite,11,432,256
UP,419,563,6,Mg-Smectite,11,432,256
UP,419,564,6,Mg-Smectite,11,432,256
UP,419,565,6,Mg-Smectite,11,432,256
UP,419,566,6,Mg-Smectite,11,432,256
UP,419,567,6,Mg-Smectite,11,432,256
UP,419,568,6,Mg-Smectite,11,432,256
UP,419,569,6,Mg-Smectite,11,432,256
UP,419,570,6,Mg-Smectite,11,432,256
UP,419,571,6,Mg-Smectite,11,432,256
UP,419,572,6,Mg-Smectite,11,432,256
UP,419,573,6,Mg-Smectite,11,432,256
UP,419,574,6,Mg-Smectite,11,432,256
UP,419,575,6,Mg-Smectite,11,432,256
UP,420,5,7,Monohydrated sulfate,12,432,256
UP,420,6,7,Monohydrated sulfate,12,432,256
UP,420,7,7,Monohydrated sulfate,12,432,256
UP,420,12,7,Monohydrated sulfate,12,432,256
UP,420,13,7,Monohydrated sulfate,12,432,256
UP,420,14,7,Monohydrated sulfate,12,432,256
UP,420,15,7,Monohydrated sulfate,12,432,256
UP,420,45,7,Monohydrated sulfate,12,432,256
UP,420,46,7,Monohydrated sulfate,12,432,256
UP,420,47,7,Monohydrated sulfate,12,432,256
UP,420,60,7,Monohydrated sulfate,12,432,256
UP,420,61,7,Monohydrated sulfate,12,432,256
UP,420,419,5,Low-Ca Pyroxene,8,432,256
UP,420,420,5,Low-Ca Pyroxene,8,432,256
UP,420,421,5,Low-Ca Pyroxene,8,432,256
UP,420,422,5,Low-Ca Pyroxene,8,432,256
UP,420,423,5,Low-Ca Pyroxene,8,432,256
UP,420,424,5,Low-Ca Pyroxene,8,432,256
UP,420,520,5,Low-Ca Pyroxene,8,432,256
UP,420,521,5,Low-Ca Pyroxene,8,432,256
UP,420,522,5,Low-Ca Pyroxene,8,432,256
UP,420,523,5,Low-Ca Pyroxene,8,432,256
UP,420,524,5,Low-Ca Pyroxene,8,432,256
UP,420,525,5,Low-Ca Pyroxene,8,432,256
UP,420,526,5,Low-Ca Pyroxene,8,432,256
UP,420,527,5,Low-Ca Pyroxene,8,432,256
UP,420,528,5,Low-Ca Pyroxene,8,432,256
UP,420,529,5,Low-Ca Pyroxene,8,432,256
UP,420,530,5,Low-Ca Pyroxene,8,432,256
UP,420,531,5,Low-Ca Pyroxene,8,432,256
UP,420,532,5,Low-Ca Pyroxene,8,432,256
UP,420,533,5,Low-Ca Pyroxene,8,432,256
UP,420,534,5,Low-Ca Pyroxene,8,432,256
UP,420,535,5,Low-Ca Pyroxene,8,432,256
UP,420,536,5,Low-Ca Pyroxene,8,432,256
UP,420,555,6,Mg-Smectite,11,432,256
UP,420,556,6,Mg-Smectite,11,432,256
UP,420,557,6,Mg-Smectite,11,432,256
UP,420,558,6,Mg-Smectite,11,432,256
UP,420,559,6,Mg-Smectite,11,432,256
UP,420,560,6,Mg-Smectite,11,432,256
UP,420,561,6,Mg-Smectite,11,432,256
UP,420,562,6,Mg-Smectite,11,432,256
UP,420,563,6,Mg-Smectite,11,432,256
UP,420,564,6,Mg-Smectite,11,432,256
UP,420,565,6,Mg-Smectite,11,432,256
UP,420,566,6,Mg-Smectite,11,432,256
UP,420,567,6,Mg-Smectite,11,432,256
UP,420,568,6,Mg-Smectite,11,432,256
UP,420,569,6,Mg-Smectite,11,432,256
UP,420,570,6,Mg-Smectite,11,432,256
UP,420,571,6,Mg-Smectite,11,432,256
UP,420,572,6,Mg-Smectite,11,432,256
UP,420,573,6,Mg-Smectite,11,432,256
UP,420,574,6,Mg-Smectite,11,432,256
UP,420,575,6,Mg-Smectite,11,432,256
UP,421,5,7,Monohydrated sulfate,12,432,256
UP,421,6,7,Monohydrated sulfate,12,432,256
UP,421,7,7,Monohydrated sulfate,12,432,256
UP,421,12,7,Monohydrated sulfate,12,432,256
UP,421,13,7,Monohydrated sulfate,12,432,256
UP,421,14,7,Monohydrated sulfate,12,432,256
UP,421,15,7,Monohydrated sulfate,12,432,256
UP,421,60,7,Monohydrated sulfate,12,432,256
UP,421,61,7,Monohydrated sulfate,12,432,256
UP,421,420,5,Low-Ca Pyroxene,8,432,256
UP,421,421,5,Low-Ca Pyroxene,8,432,256
UP,421,422,5,Low-Ca Pyroxene,8,432,256
UP,421,423,5,Low-Ca Pyroxene,8,432,256
UP,421,424,5,Low-Ca Pyroxene,8,432,256
UP,421,469,5,Low-Ca Pyroxene,8,432,256
UP,421,470,5,Low-Ca Pyroxene,8,432,256
UP,421,471,5,Low-Ca Pyroxene,8,432,256
UP,421,520,5,Low-Ca Pyroxene,8,432,256
UP,421,521,5,Low-Ca Pyroxene,8,432,256
UP,421,522,5,Low-Ca Pyroxene,8,432,256
UP,421,523,5,Low-Ca Pyroxene,8,432,256
UP,421,524,5,Low-Ca Pyroxene,8,432,256
UP,421,525,5,Low-Ca Pyroxene,8,432,256
UP,421,526,5,Low-Ca Pyroxene,8,432,256
UP,421,527,5,Low-Ca Pyroxene,8,432,256
UP,421,528,5,Low-Ca Pyroxene,8,432,256
UP,421,529,5,Low-Ca Pyroxene,8,432,256
UP,421,530,5,Low-Ca Pyroxene,8,432,256
UP,421,531,5,Low-Ca Pyroxene,8,432,256
UP,421,532,5,Low-Ca Pyroxene,8,432,256
UP,421,533,5,Low-Ca Pyroxene,8,432,256
UP,421,534,5,Low-Ca Pyroxene,8,432,256
UP,421,535,5,Low-Ca Pyroxene,8,432,256
UP,421,536,5,Low-Ca Pyroxene,8,432,256
UP,421,537,5,Low-Ca Pyroxene,8,432,256
UP,421,556,6,Mg-Smectite,11,432,256
UP,421,557,6,Mg-Smectite,11,432,256
UP,421,558,6,Mg-Smectite,11,432,256
UP,421,559,6,Mg-Smectite,11,432,256
UP,421,560,6,Mg-Smectite,11,432,256
UP,421,561,6,Mg-Smectite,11,432,256
UP,421,562,6,Mg-Smectite,11,432,256
UP,421,563,6,Mg-Smectite,11,432,256
UP,421,564,6,Mg-Smectite,11,432,256
UP,421,565,6,Mg-Smectite,11,432,256
UP,421,566,6,Mg-Smectite,11,432,256
UP,421,567,6,Mg-Smectite,11,432,256
UP,421,568,6,Mg-Smectite,11,432,256
UP,421,569,6,Mg-Smectite,11,432,256
UP,421,570,6,Mg-Smectite,11,432,256
UP,421,571,6,Mg-Smectite,11,432,256
UP,421,572,6,Mg-Smectite,11,432,256
UP,421,573,6,Mg-Smectite,11,432,256
UP,421,574,6,Mg-Smectite,11,432,256
UP,421,575,6,Mg-Smectite,11,432,256
UP,421,576,6,Mg-Smectite,11,432,256
UP,422,6,7,Monohydrated sulfate,12,432,256
UP,422,7,7,Monohydrated sulfate,12,432,256
UP,422,13,7,Monohydrated sulfate,12,432,256
UP,422,14,7,Monohydrated sulfate,12,432,256
UP,422,15,7,Monohydrated sulfate,12,432,256
UP,422,60,7,Monohydrated sulfate,12,432,256
UP,422,61,7,Monohydrated sulfate,12,432,256
UP,422,420,5,Low-Ca Pyroxene,8,432,256
UP,422,421,5,Low-Ca Pyroxene,8,432,256
UP,422,422,5,Low-Ca Pyroxene,8,432,256
UP,422,423,5,Low-Ca Pyroxene,8,432,256
UP,422,424,5,Low-Ca Pyroxene,8,432,256
UP,422,425,5,Low-Ca Pyroxene,8,432,256
UP,422,468,5,Low-Ca Pyroxene,8,432,256
UP,422,469,5,Low-Ca Pyroxene,8,432,256
UP,422,470,5,Low-Ca Pyroxene,8,432,256
UP,422,471,5,Low-Ca Pyroxene,8,432,256
UP,422,519,5,Low-Ca Pyroxene,8,432,256
UP,422,520,5,Low-Ca Pyroxene,8,432,256
UP,422,521,5,Low-Ca Pyroxene,8,432,256
UP,422,522,5,Low-Ca Pyroxene,8,432,256
UP,422,523,5,Low-Ca Pyroxene,8,432,256
UP,422,524,5,Low-Ca Pyroxene,8,432,256
UP,422,525,5,Low-Ca Pyroxene,8,432,256
UP,422,526,5,Low-Ca Pyroxene,8,432,256
UP,422,527,5,Low-Ca Pyroxene,8,432,256
UP,422,528,5,Low-Ca Pyroxene,8,432,256
UP,422,529,5,Low-Ca Pyroxene,8,432,256
UP,422,530,5,Low-Ca Pyroxene,8,432,256
UP,422,531,5,Low-Ca Pyroxene,8,432,256
UP,422,532,5,Low-Ca Pyroxene,8,432,256
UP,422,533,5,Low-Ca Pyroxene,8,432,256
UP,422,534,5,Low-Ca Pyroxene,8,432,256
UP,422,535,5,Low-Ca Pyroxene,8,432,256
UP,422,536,5,Low-Ca Pyroxene,8,432,256
UP,422,537,5,Low-Ca Pyroxene,8,432,256
UP,422,538,5,Low-Ca Pyroxene,8,432,256
UP,422,556,6,Mg-Smectite,11,432,256
UP,422,557,6,Mg-Smectite,11,432,256
UP,422,558,6,Mg-Smectite,11,432,256
UP,422,559,6,Mg-Smectite,11,432,256
UP,422,560,6,Mg-Smectite,11,432,256
UP,422,561,6,Mg-Smectite,11,432,256
UP,422,562,6,Mg-Smectite,11,432,256
UP,422,563,6,Mg-Smectite,11,432,256
UP,422,564,6,Mg-Smectite,11,432,256
UP,422,565,6,Mg-Smectite,11,432,256
UP,422,566,6,Mg-Smectite,11,432,256
UP,422,567,6,Mg-Smectite,11,432,256
UP,422,568,6,Mg-Smectite,11,432,256
UP,422,569,6,Mg-Smectite,11,432,256
UP,422,570,6,Mg-Smectite,11,432,256
UP,422,571,6,Mg-Smectite,11,432,256
UP,422,572,6,Mg-Smectite,11,432,256
UP,422,573,6,Mg-Smectite,11,432,256
UP,422,574,6,Mg-Smectite,11,432,256
UP,422,575,6,Mg-Smectite,11,432,256
UP,422,576,6,Mg-Smectite,11,432,256
UP,423,6,7,Monohydrated sulfate,12,432,256
UP,423,7,7,Monohydrated sulfate,12,432,256
UP,423,13,7,Monohydrated sulfate,12,432,256
UP,423,14,7,Monohydrated sulfate,12,432,256
UP,423,15,7,Monohydrated sulfate,12,432,256
UP,423,60,7,Monohydrated sulfate,12,432,256
UP,423,61,7,Monohydrated sulfate,12,432,256
UP,423,420,5,Low-Ca Pyroxene,8,432,256
UP,423,421,5,Low-Ca Pyroxene,8,432,256
UP,423,422,5,Low-Ca Pyroxene,8,432,256
UP,423,423,5,Low-Ca Pyroxene,8,432,256
UP,423,424,5,Low-Ca Pyroxene,8,432,256
UP,423,425,5,Low-Ca Pyroxene,8,432,256
UP,423,426,5,Low-Ca Pyroxene,8,432,256
UP,423,467,5,Low-Ca Pyroxene,8,432,256
UP,423,468,5,Low-Ca Pyroxene,8,432,256
UP,423,469,5,Low-Ca Pyroxene,8,432,256
UP,423,470,5,Low-Ca Pyroxene,8,432,256
UP,423,471,5,Low-Ca Pyroxene,8,432,256
UP,423,472,5,Low-Ca Pyroxene,8,432,256
UP,423,518,5,Low-Ca Pyroxene,8,432,256
UP,423,519,5,Low-Ca Pyroxene,8,432,256
UP,423,520,5,Low-Ca Pyroxene,8,432,256
UP,423,521,5,Low-Ca Pyroxene,8,432,256
UP,423,522,5,Low-Ca Pyroxene,8,432,256
UP,423,523,5,Low-Ca Pyroxene,8,432,256
UP,423,524,5,Low-Ca Pyroxene,8,432,256
UP,423,525,5,Low-Ca Pyroxene,8,432,256
UP,423,526,5,Low-Ca Pyroxene,8,432,256
UP,423,527,5,Low-Ca Pyroxene,8,432,256
UP,423,528,5,Low-Ca Pyroxene,8,432,256
UP,423,529,5,Low-Ca Pyroxene,8,432,256
UP,423,530,5,Low-Ca Pyroxene,8,432,256
UP,423,531,5,Low-Ca Pyroxene,8,432,256
UP,423,532,5,Low-Ca Pyroxene,8,432,256
UP,423,533,5,Low-Ca Pyroxene,8,432,256
UP,423,534,5,Low-Ca Pyroxene,8,432,256
UP,423,535,5,Low-Ca Pyroxene,8,432,256
UP,423,536,5,Low-Ca Pyroxene,8,432,256
UP,423,537,5,Low-Ca Pyroxene,8,432,256
UP,423,538,5,Low-Ca Pyroxene,8,432,256
UP,423,539,5,Low-Ca Pyroxene,8,432,256
UP,423,557,6,Mg-Smectite,11,432,256
UP,423,558,6,Mg-Smectite,11,432,256
UP,423,559,6,Mg-Smectite,11,432,256
UP,423,560,6,Mg-Smectite,11,432,256
UP,423,561,6,Mg-Smectite,11,432,256
UP,423,562,6,Mg-Smectite,11,432,256
UP,423,563,6,Mg-Smectite,11,432,256
UP,423,564,6,Mg-Smectite,11,432,256
UP,423,565,6,Mg-Smectite,11,432,256
UP,423,566,6,Mg-Smectite,11,432,256
UP,423,567,6,Mg-Smectite,11,432,256
UP,423,568,6,Mg-Smectite,11,432,256
UP,423,569,6,Mg-Smectite,11,432,256
UP,423,570,6,Mg-Smectite,11,432,256
UP,423,571,6,Mg-Smectite,11,432,256
UP,423,572,6,Mg-Smectite,11,432,256
UP,423,573,6,Mg-Smectite,11,432,256
UP,423,574,6,Mg-Smectite,11,432,256
UP,423,575,6,Mg-Smectite,11,432,256
UP,423,576,6,Mg-Smectite,11,432,256
UP,423,577,6,Mg-Smectite,11,432,256
UP,424,1,7,Monohydrated sulfate,12,432,256
UP,424,2,7,Monohydrated sulfate,12,432,256
UP,424,14,7,Monohydrated sulfate,12,432,256
UP,424,15,7,Monohydrated sulfate,12,432,256
UP,424,60,7,Monohydrated sulfate,12,432,256
UP,424,61,7,Monohydrated sulfate,12,432,256
UP,424,421,5,Low-Ca Pyroxene,8,432,256
UP,424,422,5,Low-Ca Pyroxene,8,432,256
UP,424,423,5,Low-Ca Pyroxene,8,432,256
UP,424,424,5,Low-Ca Pyroxene,8,432,256
UP,424,425,5,Low-Ca Pyroxene,8,432,256
UP,424,426,5,Low-Ca Pyroxene,8,432,256
UP,424,467,5,Low-Ca Pyroxene,8,432,256
UP,424,468,5,Low-Ca Pyroxene,8,432,256
UP,424,469,5,Low-Ca Pyroxene,8,432,256
UP,424,470,5,Low-Ca Pyroxene,8,432,256
UP,424,471,5,Low-Ca Pyroxene,8,432,256
UP,424,472,5,Low-Ca Pyroxene,8,432,256
UP,424,517,5,Low-Ca Pyroxene,8,432,256
UP,424,518,5,Low-Ca Pyroxene,8,432,256
UP,424,519,5,Low-Ca Pyroxene,8,432,256
UP,424,520,5,Low-Ca Pyroxene,8,432,256
UP,424,521,5,Low-Ca Pyroxene,8,432,256
UP,424,522,5,Low-Ca Pyroxene,8,432,256
UP,424,523,5,Low-Ca Pyroxene,8,432,256
UP,424,524,5,Low-Ca Pyroxene,8,432,256
UP,424,525,5,Low-Ca Pyroxene,8,432,256
UP,424,526,5,Low-Ca Pyroxene,8,432,256
UP,424,527,5,Low-Ca Pyroxene,8,432,256
UP,424,528,5,Low-Ca Pyroxene,8,432,256
UP,424,529,5,Low-Ca Pyroxene,8,432,256
UP,424,530,5,Low-Ca Pyroxene,8,432,256
UP,424,531,5,Low-Ca Pyroxene,8,432,256
UP,424,532,5,Low-Ca Pyroxene,8,432,256
UP,424,533,5,Low-Ca Pyroxene,8,432,256
UP,424,534,5,Low-Ca Pyroxene,8,432,256
UP,424,535,5,Low-Ca Pyroxene,8,432,256
UP,424,536,5,Low-Ca Pyroxene,8,432,256
UP,424,537,5,Low-Ca Pyroxene,8,432,256
UP,424,538,5,Low-Ca Pyroxene,8,432,256
UP,424,539,5,Low-Ca Pyroxene,8,432,256
UP,424,540,5,Low-Ca Pyroxene,8,432,256
UP,424,558,6,Mg-Smectite,11,432,256
UP,424,559,6,Mg-Smectite,11,432,256
UP,424,560,6,Mg-Smectite,11,432,256
UP,424,561,6,Mg-Smectite,11,432,256
UP,424,562,6,Mg-Smectite,11,432,256
UP,424,563,6,Mg-Smectite,11,432,256
UP,424,564,6,Mg-Smectite,11,432,256
UP,424,565,6,Mg-Smectite,11,432,256
UP,424,566,6,Mg-Smectite,11,432,256
UP,424,567,6,Mg-Smectite,11,432,256
UP,424,568,6,Mg-Smectite,11,432,256
UP,424,569,6,Mg-Smectite,11,432,256
UP,424,570,6,Mg-Smectite,11,432,256
UP,424,571,6,Mg-Smectite,11,432,256
UP,424,572,6,Mg-Smectite,11,432,256
UP,424,573,6,Mg-Smectite,11,432,256
UP,424,574,6,Mg-Smectite,11,432,256
UP,424,575,6,Mg-Smectite,11,432,256
UP,424,576,6,Mg-Smectite,11,432,256
UP,424,577,6,Mg-Smectite,11,432,256
UP,425,1,7,Monohydrated sulfate,12,432,256
UP,425,2,7,Monohydrated sulfate,12,432,256
UP,425,421,5,Low-Ca Pyroxene,8,432,256
UP,425,422,5,Low-Ca Pyroxene,8,432,256
UP,425,423,5,Low-Ca Pyroxene,8,432,256
UP,425,424,5,Low-Ca Pyroxene,8,432,256
UP,425,425,5,Low-Ca Pyroxene,8,432,256
UP,425,426,5,Low-Ca Pyroxene,8,432,256
UP,425,427,5,Low-Ca Pyroxene,8,432,256
UP,425,466,5,Low-Ca Pyroxene,8,432,256
UP,425,467,5,Low-Ca Pyroxene,8,432,256
UP,425,468,5,Low-Ca Pyroxene,8,432,256
UP,425,469,5,Low-Ca Pyroxene,8,432,256
UP,425,470,5,Low-Ca Pyroxene,8,432,256
UP,425,471,5,Low-Ca Pyroxene,8,432,256
UP,425,472,5,Low-Ca Pyroxene,8,432,256
UP,425,517,5,Low-Ca Pyroxene,8,432,256
UP,425,518,5,Low-Ca Pyroxene,8,432,256
UP,425,519,5,Low-Ca Pyroxene,8,432,256
UP,425,520,5,Low-Ca Pyroxene,8,432,256
UP,425,521,5,Low-Ca Pyroxene,8,432,256
UP,425,522,5,Low-Ca Pyroxene,8,432,256
UP,425,523,5,Low-Ca Pyroxene,8,432,256
UP,425,524,5,Low-Ca Pyroxene,8,432,256
UP,425,525,5,Low-Ca Pyroxene,8,432,256
UP,425,526,5,Low-Ca Pyroxene,8,432,256
UP,425,527,5,Low-Ca Pyroxene,8,432,256
UP,425,528,5,Low-Ca Pyroxene,8,432,256
UP,425,529,5,Low-Ca Pyroxene,8,432,256
UP,425,530,5,Low-Ca Pyroxene,8,432,256
UP,425,531,5,Low-Ca Pyroxene,8,432,256
UP,425,532,5,Low-Ca Pyroxene,8,432,256
UP,425,533,5,Low-Ca Pyroxene,8,432,256
UP,425,534,5,Low-Ca Pyroxene,8,432,256
UP,425,535,5,Low-Ca Pyroxene,8,432,256
UP,425,536,5,Low-Ca Pyroxene,8,432,256
UP,425,537,5,Low-Ca Pyroxene,8,432,256
UP,425,538,5,Low-Ca Pyroxene,8,432,256
UP,425,539,5,Low-Ca Pyroxene,8,432,256
UP,425,540,5,Low-Ca Pyroxene,8,432,256
UP,425,541,5,Low-Ca Pyroxene,8,432,256
UP,425,558,6,Mg-Smectite,11,432,256
UP,425,559,6,Mg-Smectite,11,432,256
UP,425,560,6,Mg-Smectite,11,432,256
UP,425,561,6,Mg-Smectite,11,432,256
UP,425,562,6,Mg-Smectite,11,432,256
UP,425,563,6,Mg-Smectite,11,432,256
UP,425,564,6,Mg-Smectite,11,432,256
UP,425,565,6,Mg-Smectite,11,432,256
UP,425,566,6,Mg-Smectite,11,432,256
UP,425,567,6,Mg-Smectite,11,432,256
UP,425,568,6,Mg-Smectite,11,432,256
UP,425,569,6,Mg-Smectite,11,432,256
UP,425,570,6,Mg-Smectite,11,432,256
UP,425,571,6,Mg-Smectite,11,432,256
UP,425,572,6,Mg-Smectite,11,432,256
UP,425,573,6,Mg-Smectite,11,432,256
UP,425,574,6,Mg-Smectite,11,432,256
UP,425,575,6,Mg-Smectite,11,432,256
UP,425,576,6,Mg-Smectite,11,432,256
UP,425,577,6,Mg-Smectite,11,432,256
UP,426,1,7,Monohydrated sulfate,12,432,256
UP,426,2,7,Monohydrated sulfate,12,432,256
UP,426,422,5,Low-Ca Pyroxene,8,432,256
UP,426,423,5,Low-Ca Pyroxene,8,432,256
UP,426,424,5,Low-Ca Pyroxene,8,432,256
UP,426,425,5,Low-Ca Pyroxene,8,432,256
UP,426,426,5,Low-Ca Pyroxene,8,432,256
UP,426,427,5,Low-Ca Pyroxene,8,432,256
UP,426,428,5,Low-Ca Pyroxene,8,432,256
UP,426,465,5,Low-Ca Pyroxene,8,432,256
UP,426,466,5,Low-Ca Pyroxene,8,432,256
UP,426,467,5,Low-Ca Pyroxene,8,432,256
UP,426,468,5,Low-Ca Pyroxene,8,432,256
UP,426,469,5,Low-Ca Pyroxene,8,432,256
UP,426,470,5,Low-Ca Pyroxene,8,432,256
UP,426,471,5,Low-Ca Pyroxene,8,432,256
UP,426,516,5,Low-Ca Pyroxene,8,432,256
UP,426,517,5,Low-Ca Pyroxene,8,432,256
UP,426,518,5,Low-Ca Pyroxene,8,432,256
UP,426,519,5,Low-Ca Pyroxene,8,432,256
UP,426,520,5,Low-Ca Pyroxene,8,432,256
UP,426,521,5,Low-Ca Pyroxene,8,432,256
UP,426,522,5,Low-Ca Pyroxene,8,432,256
UP,426,523,5,Low-Ca Pyroxene,8,432,256
UP,426,524,5,Low-Ca Pyroxene,8,432,256
UP,426,525,5,Low-Ca Pyroxene,8,432,256
UP,426,526,5,Low-Ca Pyroxene,8,432,256
UP,426,527,5,Low-Ca Pyroxene,8,432,256
UP,426,528,5,Low-Ca Pyroxene,8,432,256
UP,426,529,5,Low-Ca Pyroxene,8,432,256
UP,426,530,5,Low-Ca Pyroxene,8,432,256
UP,426,531,5,Low-Ca Pyroxene,8,432,256
UP,426,532,5,Low-Ca Pyroxene,8,432,256
UP,426,533,5,Low-Ca Pyroxene,8,432,256
UP,426,534,5,Low-Ca Pyroxene,8,432,256
UP,426,535,5,Low-Ca Pyroxene,8,432,256
UP,426,536,5,Low-Ca Pyroxene,8,432,256
UP,426,537,5,Low-Ca Pyroxene,8,432,256
UP,426,538,5,Low-Ca Pyroxene,8,432,256
UP,426,539,5,Low-Ca Pyroxene,8,432,256
UP,426,540,5,Low-Ca Pyroxene,8,432,256
UP,426,541,5,Low-Ca Pyroxene,8,432,256
UP,426,542,5,Low-Ca Pyroxene,8,432,256
UP,426,543,5,Low-Ca Pyroxene,8,432,256
UP,426,559,6,Mg-Smectite,11,432,256
UP,426,560,6,Mg-Smectite,11,432,256
UP,426,561,6,Mg-Smectite,11,432,256
UP,426,562,6,Mg-Smectite,11,432,256
UP,426,563,6,Mg-Smectite,11,432,256
UP,426,564,6,Mg-Smectite,11,432,256
UP,426,565,6,Mg-Smectite,11,432,256
UP,426,566,6,Mg-Smectite,11,432,256
UP,426,567,6,Mg-Smectite,11,432,256
UP,426,568,6,Mg-Smectite,11,432,256
UP,426,569,6,Mg-Smectite,11,432,256
UP,426,570,6,Mg-Smectite,11,432,256
UP,426,571,6,Mg-Smectite,11,432,256
UP,426,572,6,Mg-Smectite,11,432,256
UP,426,573,6,Mg-Smectite,11,432,256
UP,426,574,6,Mg-Smectite,11,432,256
UP,426,575,6,Mg-Smectite,11,432,256
UP,426,576,6,Mg-Smectite,11,432,256
UP,426,577,6,Mg-Smectite,11,432,256
UP,426,578,6,Mg-Smectite,11,432,256
UP,427,2,7,Monohydrated sulfate,12,432,256
UP,427,3,7,Monohydrated sulfate,12,432,256
UP,427,423,5,Low-Ca Pyroxene,8,432,256
UP,427,424,5,Low-Ca Pyroxene,8,432,256
UP,427,425,5,Low-Ca Pyroxene,8,432,256
UP,427,426,5,Low-Ca Pyroxene,8,432,256
UP,427,427,5,Low-Ca Pyroxene,8,432,256
UP,427,428,5,Low-Ca Pyroxene,8,432,256
UP,427,429,5,Low-Ca Pyroxene,8,432,256
UP,427,464,5,Low-Ca Pyroxene,8,432,256
UP,427,465,5,Low-Ca Pyroxene,8,432,256
UP,427,466,5,Low-Ca Pyroxene,8,432,256
UP,427,467,5,Low-Ca Pyroxene,8,432,256
UP,427,468,5,Low-Ca Pyroxene,8,432,256
UP,427,469,5,Low-Ca Pyroxene,8,432,256
UP,427,470,5,Low-Ca Pyroxene,8,432,256
UP,427,471,5,Low-Ca Pyroxene,8,432,256
UP,427,515,5,Low-Ca Pyroxene,8,432,256
UP,427,516,5,Low-Ca Pyroxene,8,432,256
UP,427,517,5,Low-Ca Pyroxene,8,432,256
UP,427,518,5,Low-Ca Pyroxene,8,432,256
UP,427,519,5,Low-Ca Pyroxene,8,432,256
UP,427,520,5,Low-Ca Pyroxene,8,432,256
UP,427,521,5,Low-Ca Pyroxene,8,432,256
UP,427,522,5,Low-Ca Pyroxene,8,432,256
UP,427,523,5,Low-Ca Pyroxene,8,432,256
UP,427,524,5,Low-Ca Pyroxene,8,432,256
UP,427,525,5,Low-Ca Pyroxene,8,432,256
UP,427,526,5,Low-Ca Pyroxene,8,432,256
UP,427,527,5,Low-Ca Pyroxene,8,432,256
UP,427,528,5,Low-Ca Pyroxene,8,432,256
UP,427,529,5,Low-Ca Pyroxene,8,432,256
UP,427,530,5,Low-Ca Pyroxene,8,432,256
UP,427,531,5,Low-Ca Pyroxene,8,432,256
UP,427,532,5,Low-Ca Pyroxene,8,432,256
UP,427,533,5,Low-Ca Pyroxene,8,432,256
UP,427,534,5,Low-Ca Pyroxene,8,432,256
UP,427,535,5,Low-Ca Pyroxene,8,432,256
UP,427,536,5,Low-Ca Pyroxene,8,432,256
UP,427,537,5,Low-Ca Pyroxene,8,432,256
UP,427,538,5,Low-Ca Pyroxene,8,432,256
UP,427,539,5,Low-Ca Pyroxene,8,432,256
UP,427,540,5,Low-Ca Pyroxene,8,432,256
UP,427,541,5,Low-Ca Pyroxene,8,432,256
UP,427,542,5,Low-Ca Pyroxene,8,432,256
UP,427,543,5,Low-Ca Pyroxene,8,432,256
UP,427,544,5,Low-Ca Pyroxene,8,432,256
UP,427,560,6,Mg-Smectite,11,432,256
UP,427,561,6,Mg-Smectite,11,432,256
UP,427,562,6,Mg-Smectite,11,432,256
UP,427,563,6,Mg-Smectite,11,432,256
UP,427,564,6,Mg-Smectite,11,432,256
UP,427,565,6,Mg-Smectite,11,432,256
UP,427,566,6,Mg-Smectite,11,432,256
UP,427,567,6,Mg-Smectite,11,432,256
UP,427,568,6,Mg-Smectite,11,432,256
UP,427,569,6,Mg-Smectite,11,432,256
UP,427,570,6,Mg-Smectite,11,432,256
UP,427,571,6,Mg-Smectite,11,432,256
UP,427,572,6,Mg-Smectite,11,432,256
UP,427,573,6,Mg-Smectite,11,432,256
UP,427,574,6,Mg-Smectite,11,432,256
UP,427,575,6,Mg-Smectite,11,432,256
UP,427,576,6,Mg-Smectite,11,432,256
UP,427,577,6,Mg-Smectite,11,432,256
UP,427,578,6,Mg-Smectite,11,432,256
UP,428,424,5,Low-Ca Pyroxene,8,432,256
UP,428,425,5,Low-Ca Pyroxene,8,432,256
UP,428,426,5,Low-Ca Pyroxene,8,432,256
UP,428,427,5,Low-Ca Pyroxene,8,432,256
UP,428,428,5,Low-Ca Pyroxene,8,432,256
UP,428,429,5,Low-Ca Pyroxene,8,432,256
UP,428,430,5,Low-Ca Pyroxene,8,432,256
UP,428,463,5,Low-Ca Pyroxene,8,432,256
UP,428,464,5,Low-Ca Pyroxene,8,432,256
UP,428,465,5,Low-Ca Pyroxene,8,432,256
UP,428,466,5,Low-Ca Pyroxene,8,432,256
UP,428,467,5,Low-Ca Pyroxene,8,432,256
UP,428,468,5,Low-Ca Pyroxene,8,432,256
UP,428,469,5,Low-Ca Pyroxene,8,432,256
UP,428,470,5,Low-Ca Pyroxene,8,432,256
UP,428,514,5,Low-Ca Pyroxene,8,432,256
UP,428,515,5,Low-Ca Pyroxene,8,432,256
UP,428,516,5,Low-Ca Pyroxene,8,432,256
UP,428,517,5,Low-Ca Pyroxene,8,432,256
UP,428,518,5,Low-Ca Pyroxene,8,432,256
UP,428,519,5,Low-Ca Pyroxene,8,432,256
UP,428,520,5,Low-Ca Pyroxene,8,432,256
UP,428,521,5,Low-Ca Pyroxene,8,432,256
UP,428,522,5,Low-Ca Pyroxene,8,432,256
UP,428,523,5,Low-Ca Pyroxene,8,432,256
UP,428,524,5,Low-Ca Pyroxene,8,432,256
UP,428,525,5,Low-Ca Pyroxene,8,432,256
UP,428,526,5,Low-Ca Pyroxene,8,432,256
UP,428,527,5,Low-Ca Pyroxene,8,432,256
UP,428,528,5,Low-Ca Pyroxene,8,432,256
UP,428,529,5,Low-Ca Pyroxene,8,432,256
UP,428,530,5,Low-Ca Pyroxene,8,432,256
UP,428,531,5,Low-Ca Pyroxene,8,432,256
UP,428,532,5,Low-Ca Pyroxene,8,432,256
UP,428,533,5,Low-Ca Pyroxene,8,432,256
UP,428,534,5,Low-Ca Pyroxene,8,432,256
UP,428,535,5,Low-Ca Pyroxene,8,432,256
UP,428,536,5,Low-Ca Pyroxene,8,432,256
UP,428,537,5,Low-Ca Pyroxene,8,432,256
UP,428,538,5,Low-Ca Pyroxene,8,432,256
UP,428,539,5,Low-Ca Pyroxene,8,432,256
UP,428,540,5,Low-Ca Pyroxene,8,432,256
UP,428,541,5,Low-Ca Pyroxene,8,432,256
UP,428,542,5,Low-Ca Pyroxene,8,432,256
UP,428,543,5,Low-Ca Pyroxene,8,432,256
UP,428,544,5,Low-Ca Pyroxene,8,432,256
UP,428,545,5,Low-Ca Pyroxene,8,432,256
UP,428,561,6,Mg-Smectite,11,432,256
UP,428,562,6,Mg-Smectite,11,432,256
UP,428,563,6,Mg-Smectite,11,432,256
UP,428,564,6,Mg-Smectite,11,432,256
UP,428,565,6,Mg-Smectite,11,432,256
UP,428,566,6,Mg-Smectite,11,432,256
UP,428,567,6,Mg-Smectite,11,432,256
UP,428,568,6,Mg-Smectite,11,432,256
UP,428,569,6,Mg-Smectite,11,432,256
UP,428,570,6,Mg-Smectite,11,432,256
UP,428,571,6,Mg-Smectite,11,432,256
UP,428,572,6,Mg-Smectite,11,432,256
UP,428,573,6,Mg-Smectite,11,432,256
UP,428,574,6,Mg-Smectite,11,432,256
UP,428,575,6,Mg-Smectite,11,432,256
UP,428,576,6,Mg-Smectite,11,432,256
UP,428,577,6,Mg-Smectite,11,432,256
UP,428,578,6,Mg-Smectite,11,432,256
UP,428,579,6,Mg-Smectite,11,432,256
UP,429,7,7,Monohydrated sulfate,12,432,256
UP,429,8,7,Monohydrated sulfate,12,432,256
UP,429,9,7,Monohydrated sulfate,12,432,256
UP,429,425,5,Low-Ca Pyroxene,8,432,256
UP,429,426,5,Low-Ca Pyroxene,8,432,256
UP,429,427,5,Low-Ca Pyroxene,8,432,256
UP,429,428,5,Low-Ca Pyroxene,8,432,256
UP,429,429,5,Low-Ca Pyroxene,8,432,256
UP,429,430,5,Low-Ca Pyroxene,8,432,256
UP,429,431,5,Low-Ca Pyroxene,8,432,256
UP,429,432,5,Low-Ca Pyroxene,8,432,256
UP,429,433,5,Low-Ca Pyroxene,8,432,256
UP,429,434,5,Low-Ca Pyroxene,8,432,256
UP,429,461,5,Low-Ca Pyroxene,8,432,256
UP,429,462,5,Low-Ca Pyroxene,8,432,256
UP,429,463,5,Low-Ca Pyroxene,8,432,256
UP,429,464,5,Low-Ca Pyroxene,8,432,256
UP,429,465,5,Low-Ca Pyroxene,8,432,256
UP,429,466,5,Low-Ca Pyroxene,8,432,256
UP,429,467,5,Low-Ca Pyroxene,8,432,256
UP,429,468,5,Low-Ca Pyroxene,8,432,256
UP,429,469,5,Low-Ca Pyroxene,8,432,256
UP,429,513,5,Low-Ca Pyroxene,8,432,256
UP,429,514,5,Low-Ca Pyroxene,8,432,256
UP,429,515,5,Low-Ca Pyroxene,8,432,256
UP,429,516,5,Low-Ca Pyroxene,8,432,256
UP,429,517,5,Low-Ca Pyroxene,8,432,256
UP,429,518,5,Low-Ca Pyroxene,8,432,256
UP,429,519,5,Low-Ca Pyroxene,8,432,256
UP,429,520,5,Low-Ca Pyroxene,8,432,256
UP,429,521,5,Low-Ca Pyroxene,8,432,256
UP,429,522,5,Low-Ca Pyroxene,8,432,256
UP,429,523,5,Low-Ca Pyroxene,8,432,256
UP,429,524,5,Low-Ca Pyroxene,8,432,256
UP,429,525,5,Low-Ca Pyroxene,8,432,256
UP,429,526,5,Low-Ca Pyroxene,8,432,256
UP,429,527,5,Low-Ca Pyroxene,8,432,256
UP,429,528,5,Low-Ca Pyroxene,8,432,256
UP,429,529,5,Low-Ca Pyroxene,8,432,256
UP,429,530,5,Low-Ca Pyroxene,8,432,256
UP,429,531,5,Low-Ca Pyroxene,8,432,256
UP,429,532,5,Low-Ca Pyroxene,8,432,256
UP,429,533,5,Low-Ca Pyroxene,8,432,256
UP,429,534,5,Low-Ca Pyroxene,8,432,256
UP,429,535,5,Low-Ca Pyroxene,8,432,256
UP,429,536,5,Low-Ca Pyroxene,8,432,256
UP,429,537,5,Low-Ca Pyroxene,8,432,256
UP,429,538,5,Low-Ca Pyroxene,8,432,256
UP,429,539,5,Low-Ca Pyroxene,8,432,256
UP,429,540,5,Low-Ca Pyroxene,8,432,256
UP,429,541,5,Low-Ca Pyroxene,8,432,256
UP,429,542,5,Low-Ca Pyroxene,8,432,256
UP,429,543,5,Low-Ca Pyroxene,8,432,256
UP,429,544,5,Low-Ca Pyroxene,8,432,256
UP,429,545,5,Low-Ca Pyroxene,8,432,256
UP,429,546,5,Low-Ca Pyroxene,8,432,256
UP,429,562,6,Mg-Smectite,11,432,256
UP,429,563,6,Mg-Smectite,11,432,256
UP,429,564,6,Mg-Smectite,11,432,256
UP,429,565,6,Mg-Smectite,11,432,256
UP,429,566,6,Mg-Smectite,11,432,256
UP,429,567,6,Mg-Smectite,11,432,256
UP,429,568,6,Mg-Smectite,11,432,256
UP,429,569,6,Mg-Smectite,11,432,256
UP,429,570,6,Mg-Smectite,11,432,256
UP,429,571,6,Mg-Smectite,11,432,256
UP,429,572,6,Mg-Smectite,11,432,256
UP,429,573,6,Mg-Smectite,11,432,256
UP,429,574,6,Mg-Smectite,11,432,256
UP,429,575,6,Mg-Smectite,11,432,256
UP,429,576,6,Mg-Smectite,11,432,256
UP,429,577,6,Mg-Smectite,11,432,256
UP,429,578,6,Mg-Smectite,11,432,256
UP,429,579,6,Mg-Smectite,11,432,256
UP,429,580,6,Mg-Smectite,11,432,256
UP,430,8,7,Monohydrated sulfate,12,432,256
UP,430,9,7,Monohydrated sulfate,12,432,256
UP,430,410,5,Low-Ca Pyroxene,8,432,256
UP,430,411,5,Low-Ca Pyroxene,8,432,256
UP,430,412,5,Low-Ca Pyroxene,8,432,256
UP,430,413,5,Low-Ca Pyroxene,8,432,256
UP,430,414,5,Low-Ca Pyroxene,8,432,256
UP,430,426,5,Low-Ca Pyroxene,8,432,256
UP,430,427,5,Low-Ca Pyroxene,8,432,256
UP,430,428,5,Low-Ca Pyroxene,8,432,256
UP,430,429,5,Low-Ca Pyroxene,8,432,256
UP,430,430,5,Low-Ca Pyroxene,8,432,256
UP,430,431,5,Low-Ca Pyroxene,8,432,256
UP,430,432,5,Low-Ca Pyroxene,8,432,256
UP,430,433,5,Low-Ca Pyroxene,8,432,256
UP,430,434,5,Low-Ca Pyroxene,8,432,256
UP,430,435,5,Low-Ca Pyroxene,8,432,256
UP,430,460,5,Low-Ca Pyroxene,8,432,256
UP,430,461,5,Low-Ca Pyroxene,8,432,256
UP,430,462,5,Low-Ca Pyroxene,8,432,256
UP,430,463,5,Low-Ca Pyroxene,8,432,256
UP,430,464,5,Low-Ca Pyroxene,8,432,256
UP,430,465,5,Low-Ca Pyroxene,8,432,256
UP,430,466,5,Low-Ca Pyroxene,8,432,256
UP,430,467,5,Low-Ca Pyroxene,8,432,256
UP,430,468,5,Low-Ca Pyroxene,8,432,256
UP,430,469,5,Low-Ca Pyroxene,8,432,256
UP,430,512,5,Low-Ca Pyroxene,8,432,256
UP,430,513,5,Low-Ca Pyroxene,8,432,256
UP,430,514,5,Low-Ca Pyroxene,8,432,256
UP,430,515,5,Low-Ca Pyroxene,8,432,256
UP,430,516,5,Low-Ca Pyroxene,8,432,256
UP,430,517,5,Low-Ca Pyroxene,8,432,256
UP,430,518,5,Low-Ca Pyroxene,8,432,256
UP,430,519,5,Low-Ca Pyroxene,8,432,256
UP,430,520,5,Low-Ca Pyroxene,8,432,256
UP,430,521,5,Low-Ca Pyroxene,8,432,256
UP,430,522,5,Low-Ca Pyroxene,8,432,256
UP,430,523,5,Low-Ca Pyroxene,8,432,256
UP,430,524,5,Low-Ca Pyroxene,8,432,256
UP,430,525,5,Low-Ca Pyroxene,8,432,256
UP,430,526,5,Low-Ca Pyroxene,8,432,256
UP,430,527,5,Low-Ca Pyroxene,8,432,256
UP,430,528,5,Low-Ca Pyroxene,8,432,256
UP,430,529,5,Low-Ca Pyroxene,8,432,256
UP,430,530,5,Low-Ca Pyroxene,8,432,256
UP,430,531,5,Low-Ca Pyroxene,8,432,256
UP,430,532,5,Low-Ca Pyroxene,8,432,256
UP,430,533,5,Low-Ca Pyroxene,8,432,256
UP,430,534,5,Low-Ca Pyroxene,8,432,256
UP,430,535,5,Low-Ca Pyroxene,8,432,256
UP,430,536,5,Low-Ca Pyroxene,8,432,256
UP,430,537,5,Low-Ca Pyroxene,8,432,256
UP,430,538,5,Low-Ca Pyroxene,8,432,256
UP,430,539,5,Low-Ca Pyroxene,8,432,256
UP,430,540,5,Low-Ca Pyroxene,8,432,256
UP,430,541,5,Low-Ca Pyroxene,8,432,256
UP,430,542,5,Low-Ca Pyroxene,8,432,256
UP,430,543,5,Low-Ca Pyroxene,8,432,256
UP,430,544,5,Low-Ca Pyroxene,8,432,256
UP,430,545,5,Low-Ca Pyroxene,8,432,256
UP,430,546,5,Low-Ca Pyroxene,8,432,256
UP,430,547,5,Low-Ca Pyroxene,8,432,256
UP,430,563,6,Mg-Smectite,11,432,256
UP,430,564,6,Mg-Smectite,11,432,256
UP,430,565,6,Mg-Smectite,11,432,256
UP,430,566,6,Mg-Smectite,11,432,256
UP,430,567,6,Mg-Smectite,11,432,256
UP,430,568,6,Mg-Smectite,11,432,256
UP,430,569,6,Mg-Smectite,11,432,256
UP,430,570,6,Mg-Smectite,11,432,256
UP,430,571,6,Mg-Smectite,11,432,256
UP,430,572,6,Mg-Smectite,11,432,256
UP,430,573,6,Mg-Smectite,11,432,256
UP,430,574,6,Mg-Smectite,11,432,256
UP,430,575,6,Mg-Smectite,11,432,256
UP,430,576,6,Mg-Smectite,11,432,256
UP,430,577,6,Mg-Smectite,11,432,256
UP,430,578,6,Mg-Smectite,11,432,256
UP,430,579,6,Mg-Smectite,11,432,256
UP,430,580,6,Mg-Smectite,11,432,256
UP,431,9,7,Monohydrated sulfate,12,432,256
UP,431,10,7,Monohydrated sulfate,12,432,256
UP,431,410,5,Low-Ca Pyroxene,8,432,256
UP,431,411,5,Low-Ca Pyroxene,8,432,256
UP,431,412,5,Low-Ca Pyroxene,8,432,256
UP,431,413,5,Low-Ca Pyroxene,8,432,256
UP,431,414,5,Low-Ca Pyroxene,8,432,256
UP,431,415,5,Low-Ca Pyroxene,8,432,256
UP,431,427,5,Low-Ca Pyroxene,8,432,256
UP,431,428,5,Low-Ca Pyroxene,8,432,256
UP,431,429,5,Low-Ca Pyroxene,8,432,256
UP,431,430,5,Low-Ca Pyroxene,8,432,256
UP,431,431,5,Low-Ca Pyroxene,8,432,256
UP,431,432,5,Low-Ca Pyroxene,8,432,256
UP,431,433,5,Low-Ca Pyroxene,8,432,256
UP,431,434,5,Low-Ca Pyroxene,8,432,256
UP,431,435,5,Low-Ca Pyroxene,8,432,256
UP,431,436,5,Low-Ca Pyroxene,8,432,256
UP,431,459,5,Low-Ca Pyroxene,8,432,256
UP,431,460,5,Low-Ca Pyroxene,8,432,256
UP,431,461,5,Low-Ca Pyroxene,8,432,256
UP,431,462,5,Low-Ca Pyroxene,8,432,256
UP,431,463,5,Low-Ca Pyroxene,8,432,256
UP,431,464,5,Low-Ca Pyroxene,8,432,256
UP,431,465,5,Low-Ca Pyroxene,8,432,256
UP,431,466,5,Low-Ca Pyroxene,8,432,256
UP,431,467,5,Low-Ca Pyroxene,8,432,256
UP,431,468,5,Low-Ca Pyroxene,8,432,256
UP,431,511,5,Low-Ca Pyroxene,8,432,256
UP,431,512,5,Low-Ca Pyroxene,8,432,256
UP,431,513,5,Low-Ca Pyroxene,8,432,256
UP,431,514,5,Low-Ca Pyroxene,8,432,256
UP,431,515,5,Low-Ca Pyroxene,8,432,256
UP,431,516,5,Low-Ca Pyroxene,8,432,256
UP,431,517,5,Low-Ca Pyroxene,8,432,256
UP,431,518,5,Low-Ca Pyroxene,8,432,256
UP,431,519,5,Low-Ca Pyroxene,8,432,256
UP,431,520,5,Low-Ca Pyroxene,8,432,256
UP,431,521,5,Low-Ca Pyroxene,8,432,256
UP,431,522,5,Low-Ca Pyroxene,8,432,256
UP,431,523,5,Low-Ca Pyroxene,8,432,256
UP,431,524,5,Low-Ca Pyroxene,8,432,256
UP,431,525,5,Low-Ca Pyroxene,8,432,256
UP,431,526,5,Low-Ca Pyroxene,8,432,256
UP,431,527,5,Low-Ca Pyroxene,8,432,256
UP,431,528,5,Low-Ca Pyroxene,8,432,256
UP,431,529,5,Low-Ca Pyroxene,8,432,256
UP,431,530,5,Low-Ca Pyroxene,8,432,256
UP,431,531,5,Low-Ca Pyroxene,8,432,256
UP,431,532,5,Low-Ca Pyroxene,8,432,256
UP,431,533,5,Low-Ca Pyroxene,8,432,256
UP,431,534,5,Low-Ca Pyroxene,8,432,256
UP,431,535,5,Low-Ca Pyroxene,8,432,256
UP,431,536,5,Low-Ca Pyroxene,8,432,256
UP,431,537,5,Low-Ca Pyroxene,8,432,256
UP,431,538,5,Low-Ca Pyroxene,8,432,256
UP,431,539,5,Low-Ca Pyroxene,8,432,256
UP,431,540,5,Low-Ca Pyroxene,8,432,256
UP,431,541,5,Low-Ca Pyroxene,8,432,256
UP,431,542,5,Low-Ca Pyroxene,8,432,256
UP,431,543,5,Low-Ca Pyroxene,8,432,256
UP,431,544,5,Low-Ca Pyroxene,8,432,256
UP,431,545,5,Low-Ca Pyroxene,8,432,256
UP,431,546,5,Low-Ca Pyroxene,8,432,256
UP,431,547,5,Low-Ca Pyroxene,8,432,256
UP,431,548,5,Low-Ca Pyroxene,8,432,256
UP,431,549,5,Low-Ca Pyroxene,8,432,256
UP,431,564,6,Mg-Smectite,11,432,256
UP,431,565,6,Mg-Smectite,11,432,256
UP,431,566,6,Mg-Smectite,11,432,256
UP,431,567,6,Mg-Smectite,11,432,256
UP,431,568,6,Mg-Smectite,11,432,256
UP,431,569,6,Mg-Smectite,11,432,256
UP,431,570,6,Mg-Smectite,11,432,256
UP,431,571,6,Mg-Smectite,11,432,256
UP,431,572,6,Mg-Smectite,11,432,256
UP,431,573,6,Mg-Smectite,11,432,256
UP,431,574,6,Mg-Smectite,11,432,256
UP,431,575,6,Mg-Smectite,11,432,256
UP,431,576,6,Mg-Smectite,11,432,256
UP,431,577,6,Mg-Smectite,11,432,256
UP,431,578,6,Mg-Smectite,11,432,256
UP,431,579,6,Mg-Smectite,11,432,256
UP,431,580,6,Mg-Smectite,11,432,256
UP,431,581,6,Mg-Smectite,11,432,256
UP,432,10,7,Monohydrated sulfate,12,432,256
UP,432,11,7,Monohydrated sulfate,12,432,256
UP,432,12,7,Monohydrated sulfate,12,432,256
UP,432,13,7,Monohydrated sulfate,12,432,256
UP,432,410,5,Low-Ca Pyroxene,8,432,256
UP,432,411,5,Low-Ca Pyroxene,8,432,256
UP,432,412,5,Low-Ca Pyroxene,8,432,256
UP,432,413,5,Low-Ca Pyroxene,8,432,256
UP,432,414,5,Low-Ca Pyroxene,8,432,256
UP,432,415,5,Low-Ca Pyroxene,8,432,256
UP,432,428,5,Low-Ca Pyroxene,8,432,256
UP,432,429,5,Low-Ca Pyroxene,8,432,256
UP,432,430,5,Low-Ca Pyroxene,8,432,256
UP,432,431,5,Low-Ca Pyroxene,8,432,256
UP,432,432,5,Low-Ca Pyroxene,8,432,256
UP,432,433,5,Low-Ca Pyroxene,8,432,256
UP,432,434,5,Low-Ca Pyroxene,8,432,256
UP,432,435,5,Low-Ca Pyroxene,8,432,256
UP,432,436,5,Low-Ca Pyroxene,8,432,256
UP,432,458,5,Low-Ca Pyroxene,8,432,256
UP,432,459,5,Low-Ca Pyroxene,8,432,256
UP,432,460,5,Low-Ca Pyroxene,8,432,256
UP,432,461,5,Low-Ca Pyroxene,8,432,256
UP,432,462,5,Low-Ca Pyroxene,8,432,256
UP,432,463,5,Low-Ca Pyroxene,8,432,256
UP,432,464,5,Low-Ca Pyroxene,8,432,256
UP,432,465,5,Low-Ca Pyroxene,8,432,256
UP,432,466,5,Low-Ca Pyroxene,8,432,256
UP,432,467,5,Low-Ca Pyroxene,8,432,256
UP,432,468,5,Low-Ca Pyroxene,8,432,256
UP,432,511,5,Low-Ca Pyroxene,8,432,256
UP,432,512,5,Low-Ca Pyroxene,8,432,256
UP,432,513,5,Low-Ca Pyroxene,8,432,256
UP,432,514,5,Low-Ca Pyroxene,8,432,256
UP,432,515,5,Low-Ca Pyroxene,8,432,256
UP,432,516,5,Low-Ca Pyroxene,8,432,256
UP,432,517,5,Low-Ca Pyroxene,8,432,256
UP,432,518,5,Low-Ca Pyroxene,8,432,256
UP,432,519,5,Low-Ca Pyroxene,8,432,256
UP,432,520,5,Low-Ca Pyroxene,8,432,256
UP,432,521,5,Low-Ca Pyroxene,8,432,256
UP,432,522,5,Low-Ca Pyroxene,8,432,256
UP,432,523,5,Low-Ca Pyroxene,8,432,256
UP,432,524,5,Low-Ca Pyroxene,8,432,256
UP,432,525,5,Low-Ca Pyroxene,8,432,256
UP,432,526,5,Low-Ca Pyroxene,8,432,256
UP,432,527,5,Low-Ca Pyroxene,8,432,256
UP,432,528,5,Low-Ca Pyroxene,8,432,256
UP,432,529,5,Low-Ca Pyroxene,8,432,256
UP,432,530,5,Low-Ca Pyroxene,8,432,256
UP,432,531,5,Low-Ca Pyroxene,8,432,256
UP,432,532,5,Low-Ca Pyroxene,8,432,256
UP,432,533,5,Low-Ca Pyroxene,8,432,256
UP,432,534,5,Low-Ca Pyroxene,8,432,256
UP,432,535,5,Low-Ca Pyroxene,8,432,256
UP,432,536,5,Low-Ca Pyroxene,8,432,256
UP,432,537,5,Low-Ca Pyroxene,8,432,256
UP,432,538,5,Low-Ca Pyroxene,8,432,256
UP,432,539,5,Low-Ca Pyroxene,8,432,256
UP,432,540,5,Low-Ca Pyroxene,8,432,256
UP,432,541,5,Low-Ca Pyroxene,8,432,256
UP,432,542,5,Low-Ca Pyroxene,8,432,256
UP,432,543,5,Low-Ca Pyroxene,8,432,256
UP,432,544,5,Low-Ca Pyroxene,8,432,256
UP,432,545,5,Low-Ca Pyroxene,8,432,256
UP,432,546,5,Low-Ca Pyroxene,8,432,256
UP,432,547,5,Low-Ca Pyroxene,8,432,256
UP,432,548,5,Low-Ca Pyroxene,8,432,256
UP,432,549,5,Low-Ca Pyroxene,8,432,256
UP,432,550,5,Low-Ca Pyroxene,8,432,256
UP,432,564,6,Mg-Smectite,11,432,256
UP,432,565,6,Mg-Smectite,11,432,256
UP,432,566,6,Mg-Smectite,11,432,256
UP,432,567,6,Mg-Smectite,11,432,256
UP,432,568,6,Mg-Smectite,11,432,256
UP,432,569,6,Mg-Smectite,11,432,256
UP,432,570,6,Mg-Smectite,11,432,256
UP,432,571,6,Mg-Smectite,11,432,256
UP,432,572,6,Mg-Smectite,11,432,256
UP,432,573,6,Mg-Smectite,11,432,256
UP,432,574,6,Mg-Smectite,11,432,256
UP,432,575,6,Mg-Smectite,11,432,256
UP,432,576,6,Mg-Smectite,11,432,256
UP,432,577,6,Mg-Smectite,11,432,256
UP,432,578,6,Mg-Smectite,11,432,256
UP,432,579,6,Mg-Smectite,11,432,256
UP,432,580,6,Mg-Smectite,11,432,256
UP,432,581,6,Mg-Smectite,11,432,256
UP,432,582,6,Mg-Smectite,11,432,256
UP,433,12,7,Monohydrated sulfate,12,432,256
UP,433,13,7,Monohydrated sulfate,12,432,256
UP,433,410,5,Low-Ca Pyroxene,8,432,256
UP,433,411,5,Low-Ca Pyroxene,8,432,256
UP,433,412,5,Low-Ca Pyroxene,8,432,256
UP,433,413,5,Low-Ca Pyroxene,8,432,256
UP,433,414,5,Low-Ca Pyroxene,8,432,256
UP,433,415,5,Low-Ca Pyroxene,8,432,256
UP,433,416,5,Low-Ca Pyroxene,8,432,256
UP,433,431,5,Low-Ca Pyroxene,8,432,256
UP,433,432,5,Low-Ca Pyroxene,8,432,256
UP,433,433,5,Low-Ca Pyroxene,8,432,256
UP,433,434,5,Low-Ca Pyroxene,8,432,256
UP,433,456,5,Low-Ca Pyroxene,8,432,256
UP,433,457,5,Low-Ca Pyroxene,8,432,256
UP,433,458,5,Low-Ca Pyroxene,8,432,256
UP,433,459,5,Low-Ca Pyroxene,8,432,256
UP,433,460,5,Low-Ca Pyroxene,8,432,256
UP,433,461,5,Low-Ca Pyroxene,8,432,256
UP,433,462,5,Low-Ca Pyroxene,8,432,256
UP,433,463,5,Low-Ca Pyroxene,8,432,256
UP,433,464,5,Low-Ca Pyroxene,8,432,256
UP,433,465,5,Low-Ca Pyroxene,8,432,256
UP,433,466,5,Low-Ca Pyroxene,8,432,256
UP,433,467,5,Low-Ca Pyroxene,8,432,256
UP,433,510,5,Low-Ca Pyroxene,8,432,256
UP,433,511,5,Low-Ca Pyroxene,8,432,256
UP,433,512,5,Low-Ca Pyroxene,8,432,256
UP,433,513,5,Low-Ca Pyroxene,8,432,256
UP,433,514,5,Low-Ca Pyroxene,8,432,256
UP,433,515,5,Low-Ca Pyroxene,8,432,256
UP,433,516,5,Low-Ca Pyroxene,8,432,256
UP,433,517,5,Low-Ca Pyroxene,8,432,256
UP,433,518,5,Low-Ca Pyroxene,8,432,256
UP,433,519,5,Low-Ca Pyroxene,8,432,256
UP,433,520,5,Low-Ca Pyroxene,8,432,256
UP,433,521,5,Low-Ca Pyroxene,8,432,256
UP,433,522,5,Low-Ca Pyroxene,8,432,256
UP,433,523,5,Low-Ca Pyroxene,8,432,256
UP,433,524,5,Low-Ca Pyroxene,8,432,256
UP,433,525,5,Low-Ca Pyroxene,8,432,256
UP,433,526,5,Low-Ca Pyroxene,8,432,256
UP,433,527,5,Low-Ca Pyroxene,8,432,256
UP,433,528,5,Low-Ca Pyroxene,8,432,256
UP,433,529,5,Low-Ca Pyroxene,8,432,256
UP,433,530,5,Low-Ca Pyroxene,8,432,256
UP,433,531,5,Low-Ca Pyroxene,8,432,256
UP,433,532,5,Low-Ca Pyroxene,8,432,256
UP,433,533,5,Low-Ca Pyroxene,8,432,256
UP,433,534,5,Low-Ca Pyroxene,8,432,256
UP,433,535,5,Low-Ca Pyroxene,8,432,256
UP,433,536,5,Low-Ca Pyroxene,8,432,256
UP,433,537,5,Low-Ca Pyroxene,8,432,256
UP,433,538,5,Low-Ca Pyroxene,8,432,256
UP,433,539,5,Low-Ca Pyroxene,8,432,256
UP,433,540,5,Low-Ca Pyroxene,8,432,256
UP,433,541,5,Low-Ca Pyroxene,8,432,256
UP,433,542,5,Low-Ca Pyroxene,8,432,256
UP,433,543,5,Low-Ca Pyroxene,8,432,256
UP,433,544,5,Low-Ca Pyroxene,8,432,256
UP,433,545,5,Low-Ca Pyroxene,8,432,256
UP,433,546,5,Low-Ca Pyroxene,8,432,256
UP,433,547,5,Low-Ca Pyroxene,8,432,256
UP,433,548,5,Low-Ca Pyroxene,8,432,256
UP,433,549,5,Low-Ca Pyroxene,8,432,256
UP,433,550,5,Low-Ca Pyroxene,8,432,256
UP,433,551,5,Low-Ca Pyroxene,8,432,256
UP,433,565,6,Mg-Smectite,11,432,256
UP,433,566,6,Mg-Smectite,11,432,256
UP,433,567,6,Mg-Smectite,11,432,256
UP,433,568,6,Mg-Smectite,11,432,256
UP,433,569,6,Mg-Smectite,11,432,256
UP,433,570,6,Mg-Smectite,11,432,256
UP,433,571,6,Mg-Smectite,11,432,256
UP,433,572,6,Mg-Smectite,11,432,256
UP,433,573,6,Mg-Smectite,11,432,256
UP,433,574,6,Mg-Smectite,11,432,256
UP,433,575,6,Mg-Smectite,11,432,256
UP,433,576,6,Mg-Smectite,11,432,256
UP,433,577,6,Mg-Smectite,11,432,256
UP,433,578,6,Mg-Smectite,11,432,256
UP,433,579,6,Mg-Smectite,11,432,256
UP,433,580,6,Mg-Smectite,11,432,256
UP,433,581,6,Mg-Smectite,11,432,256
UP,433,582,6,Mg-Smectite,11,432,256
UP,434,55,7,Monohydrated sulfate,12,432,256
UP,434,56,7,Monohydrated sulfate,12,432,256
UP,434,57,7,Monohydrated sulfate,12,432,256
UP,434,62,7,Monohydrated sulfate,12,432,256
UP,434,63,7,Monohydrated sulfate,12,432,256
UP,434,64,7,Monohydrated sulfate,12,432,256
UP,434,409,5,Low-Ca Pyroxene,8,432,256
UP,434,410,5,Low-Ca Pyroxene,8,432,256
UP,434,411,5,Low-Ca Pyroxene,8,432,256
UP,434,412,5,Low-Ca Pyroxene,8,432,256
UP,434,413,5,Low-Ca Pyroxene,8,432,256
UP,434,414,5,Low-Ca Pyroxene,8,432,256
UP,434,415,5,Low-Ca Pyroxene,8,432,256
UP,434,416,5,Low-Ca Pyroxene,8,432,256
UP,434,417,5,Low-Ca Pyroxene,8,432,256
UP,434,454,5,Low-Ca Pyroxene,8,432,256
UP,434,455,5,Low-Ca Pyroxene,8,432,256
UP,434,456,5,Low-Ca Pyroxene,8,432,256
UP,434,457,5,Low-Ca Pyroxene,8,432,256
UP,434,458,5,Low-Ca Pyroxene,8,432,256
UP,434,459,5,Low-Ca Pyroxene,8,432,256
UP,434,460,5,Low-Ca Pyroxene,8,432,256
UP,434,461,5,Low-Ca Pyroxene,8,432,256
UP,434,462,5,Low-Ca Pyroxene,8,432,256
UP,434,463,5,Low-Ca Pyroxene,8,432,256
UP,434,464,5,Low-Ca Pyroxene,8,432,256
UP,434,465,5,Low-Ca Pyroxene,8,432,256
UP,434,466,5,Low-Ca Pyroxene,8,432,256
UP,434,510,5,Low-Ca Pyroxene,8,432,256
UP,434,511,5,Low-Ca Pyroxene,8,432,256
UP,434,512,5,Low-Ca Pyroxene,8,432,256
UP,434,513,5,Low-Ca Pyroxene,8,432,256
UP,434,514,5,Low-Ca Pyroxene,8,432,256
UP,434,515,5,Low-Ca Pyroxene,8,432,256
UP,434,516,5,Low-Ca Pyroxene,8,432,256
UP,434,517,5,Low-Ca Pyroxene,8,432,256
UP,434,518,5,Low-Ca Pyroxene,8,432,256
UP,434,519,5,Low-Ca Pyroxene,8,432,256
UP,434,520,5,Low-Ca Pyroxene,8,432,256
UP,434,521,5,Low-Ca Pyroxene,8,432,256
UP,434,522,5,Low-Ca Pyroxene,8,432,256
UP,434,523,5,Low-Ca Pyroxene,8,432,256
UP,434,524,5,Low-Ca Pyroxene,8,432,256
UP,434,525,5,Low-Ca Pyroxene,8,432,256
UP,434,526,5,Low-Ca Pyroxene,8,432,256
UP,434,527,5,Low-Ca Pyroxene,8,432,256
UP,434,528,5,Low-Ca Pyroxene,8,432,256
UP,434,529,5,Low-Ca Pyroxene,8,432,256
UP,434,530,5,Low-Ca Pyroxene,8,432,256
UP,434,531,5,Low-Ca Pyroxene,8,432,256
UP,434,532,5,Low-Ca Pyroxene,8,432,256
UP,434,533,5,Low-Ca Pyroxene,8,432,256
UP,434,534,5,Low-Ca Pyroxene,8,432,256
UP,434,535,5,Low-Ca Pyroxene,8,432,256
UP,434,536,5,Low-Ca Pyroxene,8,432,256
UP,434,537,5,Low-Ca Pyroxene,8,432,256
UP,434,538,5,Low-Ca Pyroxene,8,432,256
UP,434,539,5,Low-Ca Pyroxene,8,432,256
UP,434,540,5,Low-Ca Pyroxene,8,432,256
UP,434,541,5,Low-Ca Pyroxene,8,432,256
UP,434,542,5,Low-Ca Pyroxene,8,432,256
UP,434,543,5,Low-Ca Pyroxene,8,432,256
UP,434,544,5,Low-Ca Pyroxene,8,432,256
UP,434,545,5,Low-Ca Pyroxene,8,432,256
UP,434,546,5,Low-Ca Pyroxene,8,432,256
UP,434,547,5,Low-Ca Pyroxene,8,432,256
UP,434,548,5,Low-Ca Pyroxene,8,432,256
UP,434,549,5,Low-Ca Pyroxene,8,432,256
UP,434,550,5,Low-Ca Pyroxene,8,432,256
UP,434,551,5,Low-Ca Pyroxene,8,432,256
UP,434,552,5,Low-Ca Pyroxene,8,432,256
UP,434,566,6,Mg-Smectite,11,432,256
UP,434,567,6,Mg-Smectite,11,432,256
UP,434,568,6,Mg-Smectite,11,432,256
UP,434,569,6,Mg-Smectite,11,432,256
UP,434,570,6,Mg-Smectite,11,432,256
UP,434,571,6,Mg-Smectite,11,432,256
UP,434,572,6,Mg-Smectite,11,432,256
UP,434,573,6,Mg-Smectite,11,432,256
UP,434,574,6,Mg-Smectite,11,432,256
UP,434,575,6,Mg-Smectite,11,432,256
UP,434,576,6,Mg-Smectite,11,432,256
UP,434,577,6,Mg-Smectite,11,432,256
UP,434,578,6,Mg-Smectite,11,432,256
UP,434,579,6,Mg-Smectite,11,432,256
UP,434,580,6,Mg-Smectite,11,432,256
UP,434,581,6,Mg-Smectite,11,432,256
UP,434,582,6,Mg-Smectite,11,432,256
UP,434,583,6,Mg-Smectite,11,432,256
UP,435,30,7,Monohydrated sulfate,12,432,256
UP,435,31,7,Monohydrated sulfate,12,432,256
UP,435,33,7,Monohydrated sulfate,12,432,256
UP,435,34,7,Monohydrated sulfate,12,432,256
UP,435,35,7,Monohydrated sulfate,12,432,256
UP,435,54,7,Monohydrated sulfate,12,432,256
UP,435,55,7,Monohydrated sulfate,12,432,256
UP,435,56,7,Monohydrated sulfate,12,432,256
UP,435,57,7,Monohydrated sulfate,12,432,256
UP,435,61,7,Monohydrated sulfate,12,432,256
UP,435,62,7,Monohydrated sulfate,12,432,256
UP,435,63,7,Monohydrated sulfate,12,432,256
UP,435,64,7,Monohydrated sulfate,12,432,256
UP,435,409,5,Low-Ca Pyroxene,8,432,256
UP,435,410,5,Low-Ca Pyroxene,8,432,256
UP,435,411,5,Low-Ca Pyroxene,8,432,256
UP,435,412,5,Low-Ca Pyroxene,8,432,256
UP,435,413,5,Low-Ca Pyroxene,8,432,256
UP,435,414,5,Low-Ca Pyroxene,8,432,256
UP,435,415,5,Low-Ca Pyroxene,8,432,256
UP,435,416,5,Low-Ca Pyroxene,8,432,256
UP,435,417,5,Low-Ca Pyroxene,8,432,256
UP,435,454,5,Low-Ca Pyroxene,8,432,256
UP,435,455,5,Low-Ca Pyroxene,8,432,256
UP,435,456,5,Low-Ca Pyroxene,8,432,256
UP,435,457,5,Low-Ca Pyroxene,8,432,256
UP,435,458,5,Low-Ca Pyroxene,8,432,256
UP,435,459,5,Low-Ca Pyroxene,8,432,256
UP,435,460,5,Low-Ca Pyroxene,8,432,256
UP,435,461,5,Low-Ca Pyroxene,8,432,256
UP,435,462,5,Low-Ca Pyroxene,8,432,256
UP,435,463,5,Low-Ca Pyroxene,8,432,256
UP,435,464,5,Low-Ca Pyroxene,8,432,256
UP,435,465,5,Low-Ca Pyroxene,8,432,256
UP,435,509,5,Low-Ca Pyroxene,8,432,256
UP,435,510,5,Low-Ca Pyroxene,8,432,256
UP,435,511,5,Low-Ca Pyroxene,8,432,256
UP,435,512,5,Low-Ca Pyroxene,8,432,256
UP,435,513,5,Low-Ca Pyroxene,8,432,256
UP,435,514,5,Low-Ca Pyroxene,8,432,256
UP,435,515,5,Low-Ca Pyroxene,8,432,256
UP,435,516,5,Low-Ca Pyroxene,8,432,256
UP,435,517,5,Low-Ca Pyroxene,8,432,256
UP,435,518,5,Low-Ca Pyroxene,8,432,256
UP,435,519,5,Low-Ca Pyroxene,8,432,256
UP,435,520,5,Low-Ca Pyroxene,8,432,256
UP,435,521,5,Low-Ca Pyroxene,8,432,256
UP,435,522,5,Low-Ca Pyroxene,8,432,256
UP,435,523,5,Low-Ca Pyroxene,8,432,256
UP,435,524,5,Low-Ca Pyroxene,8,432,256
UP,435,525,5,Low-Ca Pyroxene,8,432,256
UP,435,526,5,Low-Ca Pyroxene,8,432,256
UP,435,527,5,Low-Ca Pyroxene,8,432,256
UP,435,528,5,Low-Ca Pyroxene,8,432,256
UP,435,529,5,Low-Ca Pyroxene,8,432,256
UP,435,530,5,Low-Ca Pyroxene,8,432,256
UP,435,531,5,Low-Ca Pyroxene,8,432,256
UP,435,532,5,Low-Ca Pyroxene,8,432,256
UP,435,533,5,Low-Ca Pyroxene,8,432,256
UP,435,534,5,Low-Ca Pyroxene,8,432,256
UP,435,535,5,Low-Ca Pyroxene,8,432,256
UP,435,536,5,Low-Ca Pyroxene,8,432,256
UP,435,537,5,Low-Ca Pyroxene,8,432,256
UP,435,538,5,Low-Ca Pyroxene,8,432,256
UP,435,539,5,Low-Ca Pyroxene,8,432,256
UP,435,540,5,Low-Ca Pyroxene,8,432,256
UP,435,541,5,Low-Ca Pyroxene,8,432,256
UP,435,542,5,Low-Ca Pyroxene,8,432,256
UP,435,543,5,Low-Ca Pyroxene,8,432,256
UP,435,544,5,Low-Ca Pyroxene,8,432,256
UP,435,545,5,Low-Ca Pyroxene,8,432,256
UP,435,546,5,Low-Ca Pyroxene,8,432,256
UP,435,547,5,Low-Ca Pyroxene,8,432,256
UP,435,548,5,Low-Ca Pyroxene,8,432,256
UP,435,549,5,Low-Ca Pyroxene,8,432,256
UP,435,550,5,Low-Ca Pyroxene,8,432,256
UP,435,551,5,Low-Ca Pyroxene,8,432,256
UP,435,552,5,Low-Ca Pyroxene,8,432,256
UP,435,553,5,Low-Ca Pyroxene,8,432,256
UP,435,566,6,Mg-Smectite,11,432,256
UP,435,567,6,Mg-Smectite,11,432,256
UP,435,568,6,Mg-Smectite,11,432,256
UP,435,569,6,Mg-Smectite,11,432,256
UP,435,570,6,Mg-Smectite,11,432,256
UP,435,571,6,Mg-Smectite,11,432,256
UP,435,572,6,Mg-Smectite,11,432,256
UP,435,573,6,Mg-Smectite,11,432,256
UP,435,574,6,Mg-Smectite,11,432,256
UP,435,575,6,Mg-Smectite,11,432,256
UP,435,576,6,Mg-Smectite,11,432,256
UP,435,577,6,Mg-Smectite,11,432,256
UP,435,578,6,Mg-Smectite,11,432,256
UP,435,579,6,Mg-Smectite,11,432,256
UP,435,580,6,Mg-Smectite,11,432,256
UP,435,581,6,Mg-Smectite,11,432,256
UP,435,582,6,Mg-Smectite,11,432,256
UP,435,583,6,Mg-Smectite,11,432,256
UP,436,30,7,Monohydrated sulfate,12,432,256
UP,436,31,7,Monohydrated sulfate,12,432,256
UP,436,33,7,Monohydrated sulfate,12,432,256
UP,436,34,7,Monohydrated sulfate,12,432,256
UP,436,35,7,Monohydrated sulfate,12,432,256
UP,436,53,7,Monohydrated sulfate,12,432,256
UP,436,54,7,Monohydrated sulfate,12,432,256
UP,436,55,7,Monohydrated sulfate,12,432,256
UP,436,56,7,Monohydrated sulfate,12,432,256
UP,436,61,7,Monohydrated sulfate,12,432,256
UP,436,62,7,Monohydrated sulfate,12,432,256
UP,436,63,7,Monohydrated sulfate,12,432,256
UP,436,64,7,Monohydrated sulfate,12,432,256
UP,436,410,5,Low-Ca Pyroxene,8,432,256
UP,436,411,5,Low-Ca Pyroxene,8,432,256
UP,436,412,5,Low-Ca Pyroxene,8,432,256
UP,436,413,5,Low-Ca Pyroxene,8,432,256
UP,436,414,5,Low-Ca Pyroxene,8,432,256
UP,436,415,5,Low-Ca Pyroxene,8,432,256
UP,436,416,5,Low-Ca Pyroxene,8,432,256
UP,436,417,5,Low-Ca Pyroxene,8,432,256
UP,436,418,5,Low-Ca Pyroxene,8,432,256
UP,436,454,5,Low-Ca Pyroxene,8,432,256
UP,436,455,5,Low-Ca Pyroxene,8,432,256
UP,436,456,5,Low-Ca Pyroxene,8,432,256
UP,436,457,5,Low-Ca Pyroxene,8,432,256
UP,436,458,5,Low-Ca Pyroxene,8,432,256
UP,436,459,5,Low-Ca Pyroxene,8,432,256
UP,436,460,5,Low-Ca Pyroxene,8,432,256
UP,436,461,5,Low-Ca Pyroxene,8,432,256
UP,436,462,5,Low-Ca Pyroxene,8,432,256
UP,436,463,5,Low-Ca Pyroxene,8,432,256
UP,436,464,5,Low-Ca Pyroxene,8,432,256
UP,436,509,5,Low-Ca Pyroxene,8,432,256
UP,436,510,5,Low-Ca Pyroxene,8,432,256
UP,436,511,5,Low-Ca Pyroxene,8,432,256
UP,436,512,5,Low-Ca Pyroxene,8,432,256
UP,436,513,5,Low-Ca Pyroxene,8,432,256
UP,436,514,5,Low-Ca Pyroxene,8,432,256
UP,436,515,5,Low-Ca Pyroxene,8,432,256
UP,436,516,5,Low-Ca Pyroxene,8,432,256
UP,436,517,5,Low-Ca Pyroxene,8,432,256
UP,436,518,5,Low-Ca Pyroxene,8,432,256
UP,436,519,5,Low-Ca Pyroxene,8,432,256
UP,436,520,5,Low-Ca Pyroxene,8,432,256
UP,436,521,5,Low-Ca Pyroxene,8,432,256
UP,436,522,5,Low-Ca Pyroxene,8,432,256
UP,436,523,5,Low-Ca Pyroxene,8,432,256
UP,436,524,5,Low-Ca Pyroxene,8,432,256
UP,436,525,5,Low-Ca Pyroxene,8,432,256
UP,436,526,5,Low-Ca Pyroxene,8,432,256
UP,436,527,5,Low-Ca Pyroxene,8,432,256
UP,436,528,5,Low-Ca Pyroxene,8,432,256
UP,436,529,5,Low-Ca Pyroxene,8,432,256
UP,436,530,5,Low-Ca Pyroxene,8,432,256
UP,436,531,5,Low-Ca Pyroxene,8,432,256
UP,436,532,5,Low-Ca Pyroxene,8,432,256
UP,436,533,5,Low-Ca Pyroxene,8,432,256
UP,436,534,5,Low-Ca Pyroxene,8,432,256
UP,436,535,5,Low-Ca Pyroxene,8,432,256
UP,436,536,5,Low-Ca Pyroxene,8,432,256
UP,436,537,5,Low-Ca Pyroxene,8,432,256
UP,436,538,5,Low-Ca Pyroxene,8,432,256
UP,436,539,5,Low-Ca Pyroxene,8,432,256
UP,436,540,5,Low-Ca Pyroxene,8,432,256
UP,436,541,5,Low-Ca Pyroxene,8,432,256
UP,436,542,5,Low-Ca Pyroxene,8,432,256
UP,436,543,5,Low-Ca Pyroxene,8,432,256
UP,436,544,5,Low-Ca Pyroxene,8,432,256
UP,436,545,5,Low-Ca Pyroxene,8,432,256
UP,436,546,5,Low-Ca Pyroxene,8,432,256
UP,436,547,5,Low-Ca Pyroxene,8,432,256
UP,436,548,5,Low-Ca Pyroxene,8,432,256
UP,436,549,5,Low-Ca Pyroxene,8,432,256
UP,436,550,5,Low-Ca Pyroxene,8,432,256
UP,436,551,5,Low-Ca Pyroxene,8,432,256
UP,436,552,5,Low-Ca Pyroxene,8,432,256
UP,436,553,5,Low-Ca Pyroxene,8,432,256
UP,436,554,5,Low-Ca Pyroxene,8,432,256
UP,436,566,6,Mg-Smectite,11,432,256
UP,436,567,6,Mg-Smectite,11,432,256
UP,436,568,6,Mg-Smectite,11,432,256
UP,436,569,6,Mg-Smectite,11,432,256
UP,436,570,6,Mg-Smectite,11,432,256
UP,436,571,6,Mg-Smectite,11,432,256
UP,436,572,6,Mg-Smectite,11,432,256
UP,436,573,6,Mg-Smectite,11,432,256
UP,436,574,6,Mg-Smectite,11,432,256
UP,436,575,6,Mg-Smectite,11,432,256
UP,436,576,6,Mg-Smectite,11,432,256
UP,436,577,6,Mg-Smectite,11,432,256
UP,436,578,6,Mg-Smectite,11,432,256
UP,436,579,6,Mg-Smectite,11,432,256
UP,436,580,6,Mg-Smectite,11,432,256
UP,436,581,6,Mg-Smectite,11,432,256
UP,436,582,6,Mg-Smectite,11,432,256
UP,436,583,6,Mg-Smectite,11,432,256
UP,437,30,7,Monohydrated sulfate,12,432,256
UP,437,31,7,Monohydrated sulfate,12,432,256
UP,437,33,7,Monohydrated sulfate,12,432,256
UP,437,34,7,Monohydrated sulfate,12,432,256
UP,437,35,7,Monohydrated sulfate,12,432,256
UP,437,52,7,Monohydrated sulfate,12,432,256
UP,437,53,7,Monohydrated sulfate,12,432,256
UP,437,54,7,Monohydrated sulfate,12,432,256
UP,437,55,7,Monohydrated sulfate,12,432,256
UP,437,56,7,Monohydrated sulfate,12,432,256
UP,437,62,7,Monohydrated sulfate,12,432,256
UP,437,63,7,Monohydrated sulfate,12,432,256
UP,437,410,5,Low-Ca Pyroxene,8,432,256
UP,437,411,5,Low-Ca Pyroxene,8,432,256
UP,437,412,5,Low-Ca Pyroxene,8,432,256
UP,437,413,5,Low-Ca Pyroxene,8,432,256
UP,437,414,5,Low-Ca Pyroxene,8,432,256
UP,437,415,5,Low-Ca Pyroxene,8,432,256
UP,437,416,5,Low-Ca Pyroxene,8,432,256
UP,437,417,5,Low-Ca Pyroxene,8,432,256
UP,437,418,5,Low-Ca Pyroxene,8,432,256
UP,437,419,5,Low-Ca Pyroxene,8,432,256
UP,437,454,5,Low-Ca Pyroxene,8,432,256
UP,437,455,5,Low-Ca Pyroxene,8,432,256
UP,437,456,5,Low-Ca Pyroxene,8,432,256
UP,437,457,5,Low-Ca Pyroxene,8,432,256
UP,437,458,5,Low-Ca Pyroxene,8,432,256
UP,437,459,5,Low-Ca Pyroxene,8,432,256
UP,437,460,5,Low-Ca Pyroxene,8,432,256
UP,437,461,5,Low-Ca Pyroxene,8,432,256
UP,437,462,5,Low-Ca Pyroxene,8,432,256
UP,437,508,5,Low-Ca Pyroxene,8,432,256
UP,437,509,5,Low-Ca Pyroxene,8,432,256
UP,437,510,5,Low-Ca Pyroxene,8,432,256
UP,437,511,5,Low-Ca Pyroxene,8,432,256
UP,437,512,5,Low-Ca Pyroxene,8,432,256
UP,437,513,5,Low-Ca Pyroxene,8,432,256
UP,437,514,5,Low-Ca Pyroxene,8,432,256
UP,437,515,5,Low-Ca Pyroxene,8,432,256
UP,437,516,5,Low-Ca Pyroxene,8,432,256
UP,437,517,5,Low-Ca Pyroxene,8,432,256
UP,437,518,5,Low-Ca Pyroxene,8,432,256
UP,437,519,5,Low-Ca Pyroxene,8,432,256
UP,437,520,5,Low-Ca Pyroxene,8,432,256
UP,437,521,5,Low-Ca Pyroxene,8,432,256
UP,437,522,5,Low-Ca Pyroxene,8,432,256
UP,437,523,5,Low-Ca Pyroxene,8,432,256
UP,437,524,5,Low-Ca Pyroxene,8,432,256
UP,437,525,5,Low-Ca Pyroxene,8,432,256
UP,437,526,5,Low-Ca Pyroxene,8,432,256
UP,437,527,5,Low-Ca Pyroxene,8,432,256
UP,437,528,5,Low-Ca Pyroxene,8,432,256
UP,437,529,5,Low-Ca Pyroxene,8,432,256
UP,437,530,5,Low-Ca Pyroxene,8,432,256
UP,437,531,5,Low-Ca Pyroxene,8,432,256
UP,437,532,5,Low-Ca Pyroxene,8,432,256
UP,437,533,5,Low-Ca Pyroxene,8,432,256
UP,437,534,5,Low-Ca Pyroxene,8,432,256
UP,437,535,5,Low-Ca Pyroxene,8,432,256
UP,437,536,5,Low-Ca Pyroxene,8,432,256
UP,437,537,5,Low-Ca Pyroxene,8,432,256
UP,437,538,5,Low-Ca Pyroxene,8,432,256
UP,437,539,5,Low-Ca Pyroxene,8,432,256
UP,437,540,5,Low-Ca Pyroxene,8,432,256
UP,437,541,5,Low-Ca Pyroxene,8,432,256
UP,437,542,5,Low-Ca Pyroxene,8,432,256
UP,437,543,5,Low-Ca Pyroxene,8,432,256
UP,437,544,5,Low-Ca Pyroxene,8,432,256
UP,437,545,5,Low-Ca Pyroxene,8,432,256
UP,437,546,5,Low-Ca Pyroxene,8,432,256
UP,437,547,5,Low-Ca Pyroxene,8,432,256
UP,437,548,5,Low-Ca Pyroxene,8,432,256
UP,437,549,5,Low-Ca Pyroxene,8,432,256
UP,437,550,5,Low-Ca Pyroxene,8,432,256
UP,437,551,5,Low-Ca Pyroxene,8,432,256
UP,437,552,5,Low-Ca Pyroxene,8,432,256
UP,437,553,5,Low-Ca Pyroxene,8,432,256
UP,437,554,5,Low-Ca Pyroxene,8,432,256
UP,437,567,6,Mg-Smectite,11,432,256
UP,437,568,6,Mg-Smectite,11,432,256
UP,437,569,6,Mg-Smectite,11,432,256
UP,437,570,6,Mg-Smectite,11,432,256
UP,437,571,6,Mg-Smectite,11,432,256
UP,437,572,6,Mg-Smectite,11,432,256
UP,437,573,6,Mg-Smectite,11,432,256
UP,437,574,6,Mg-Smectite,11,432,256
UP,437,575,6,Mg-Smectite,11,432,256
UP,437,576,6,Mg-Smectite,11,432,256
UP,437,577,6,Mg-Smectite,11,432,256
UP,437,578,6,Mg-Smectite,11,432,256
UP,437,579,6,Mg-Smectite,11,432,256
UP,437,580,6,Mg-Smectite,11,432,256
UP,437,581,6,Mg-Smectite,11,432,256
UP,437,582,6,Mg-Smectite,11,432,256
UP,437,583,6,Mg-Smectite,11,432,256
UP,437,584,6,Mg-Smectite,11,432,256
UP,438,52,7,Monohydrated sulfate,12,432,256
UP,438,53,7,Monohydrated sulfate,12,432,256
UP,438,54,7,Monohydrated sulfate,12,432,256
UP,438,59,7,Monohydrated sulfate,12,432,256
UP,438,60,7,Monohydrated sulfate,12,432,256
UP,438,411,5,Low-Ca Pyroxene,8,432,256
UP,438,412,5,Low-Ca Pyroxene,8,432,256
UP,438,413,5,Low-Ca Pyroxene,8,432,256
UP,438,414,5,Low-Ca Pyroxene,8,432,256
UP,438,415,5,Low-Ca Pyroxene,8,432,256
UP,438,416,5,Low-Ca Pyroxene,8,432,256
UP,438,417,5,Low-Ca Pyroxene,8,432,256
UP,438,418,5,Low-Ca Pyroxene,8,432,256
UP,438,419,5,Low-Ca Pyroxene,8,432,256
UP,438,420,5,Low-Ca Pyroxene,8,432,256
UP,438,507,5,Low-Ca Pyroxene,8,432,256
UP,438,508,5,Low-Ca Pyroxene,8,432,256
UP,438,509,5,Low-Ca Pyroxene,8,432,256
UP,438,510,5,Low-Ca Pyroxene,8,432,256
UP,438,511,5,Low-Ca Pyroxene,8,432,256
UP,438,512,5,Low-Ca Pyroxene,8,432,256
UP,438,513,5,Low-Ca Pyroxene,8,432,256
UP,438,514,5,Low-Ca Pyroxene,8,432,256
UP,438,515,5,Low-Ca Pyroxene,8,432,256
UP,438,516,5,Low-Ca Pyroxene,8,432,256
UP,438,517,5,Low-Ca Pyroxene,8,432,256
UP,438,518,5,Low-Ca Pyroxene,8,432,256
UP,438,519,5,Low-Ca Pyroxene,8,432,256
UP,438,520,5,Low-Ca Pyroxene,8,432,256
UP,438,521,5,Low-Ca Pyroxene,8,432,256
UP,438,522,5,Low-Ca Pyroxene,8,432,256
UP,438,523,5,Low-Ca Pyroxene,8,432,256
UP,438,524,5,Low-Ca Pyroxene,8,432,256
UP,438,525,5,Low-Ca Pyroxene,8,432,256
UP,438,526,5,Low-Ca Pyroxene,8,432,256
UP,438,527,5,Low-Ca Pyroxene,8,432,256
UP,438,528,5,Low-Ca Pyroxene,8,432,256
UP,438,529,5,Low-Ca Pyroxene,8,432,256
UP,438,530,5,Low-Ca Pyroxene,8,432,256
UP,438,531,5,Low-Ca Pyroxene,8,432,256
UP,438,532,5,Low-Ca Pyroxene,8,432,256
UP,438,533,5,Low-Ca Pyroxene,8,432,256
UP,438,534,5,Low-Ca Pyroxene,8,432,256
UP,438,535,5,Low-Ca Pyroxene,8,432,256
UP,438,536,5,Low-Ca Pyroxene,8,432,256
UP,438,537,5,Low-Ca Pyroxene,8,432,256
UP,438,538,5,Low-Ca Pyroxene,8,432,256
UP,438,539,5,Low-Ca Pyroxene,8,432,256
UP,438,540,5,Low-Ca Pyroxene,8,432,256
UP,438,541,5,Low-Ca Pyroxene,8,432,256
UP,438,542,5,Low-Ca Pyroxene,8,432,256
UP,438,543,5,Low-Ca Pyroxene,8,432,256
UP,438,544,5,Low-Ca Pyroxene,8,432,256
UP,438,545,5,Low-Ca Pyroxene,8,432,256
UP,438,546,5,Low-Ca Pyroxene,8,432,256
UP,438,547,5,Low-Ca Pyroxene,8,432,256
UP,438,548,5,Low-Ca Pyroxene,8,432,256
UP,438,549,5,Low-Ca Pyroxene,8,432,256
UP,438,550,5,Low-Ca Pyroxene,8,432,256
UP,438,551,5,Low-Ca Pyroxene,8,432,256
UP,438,552,5,Low-Ca Pyroxene,8,432,256
UP,438,553,5,Low-Ca Pyroxene,8,432,256
UP,438,554,5,Low-Ca Pyroxene,8,432,256
UP,438,555,5,Low-Ca Pyroxene,8,432,256
UP,438,567,6,Mg-Smectite,11,432,256
UP,438,568,6,Mg-Smectite,11,432,256
UP,438,569,6,Mg-Smectite,11,432,256
UP,438,570,6,Mg-Smectite,11,432,256
UP,438,571,6,Mg-Smectite,11,432,256
UP,438,572,6,Mg-Smectite,11,432,256
UP,438,573,6,Mg-Smectite,11,432,256
UP,438,574,6,Mg-Smectite,11,432,256
UP,438,575,6,Mg-Smectite,11,432,256
UP,438,576,6,Mg-Smectite,11,432,256
UP,438,577,6,Mg-Smectite,11,432,256
UP,438,578,6,Mg-Smectite,11,432,256
UP,438,579,6,Mg-Smectite,11,432,256
UP,438,580,6,Mg-Smectite,11,432,256
UP,438,581,6,Mg-Smectite,11,432,256
UP,438,582,6,Mg-Smectite,11,432,256
UP,438,583,6,Mg-Smectite,11,432,256
UP,438,584,6,Mg-Smectite,11,432,256
UP,438,585,6,Mg-Smectite,11,432,256
UP,439,59,7,Monohydrated sulfate,12,432,256
UP,439,60,7,Monohydrated sulfate,12,432,256
UP,439,412,5,Low-Ca Pyroxene,8,432,256
UP,439,413,5,Low-Ca Pyroxene,8,432,256
UP,439,414,5,Low-Ca Pyroxene,8,432,256
UP,439,415,5,Low-Ca Pyroxene,8,432,256
UP,439,416,5,Low-Ca Pyroxene,8,432,256
UP,439,417,5,Low-Ca Pyroxene,8,432,256
UP,439,418,5,Low-Ca Pyroxene,8,432,256
UP,439,419,5,Low-Ca Pyroxene,8,432,256
UP,439,420,5,Low-Ca Pyroxene,8,432,256
UP,439,421,5,Low-Ca Pyroxene,8,432,256
UP,439,506,5,Low-Ca Pyroxene,8,432,256
UP,439,507,5,Low-Ca Pyroxene,8,432,256
UP,439,508,5,Low-Ca Pyroxene,8,432,256
UP,439,509,5,Low-Ca Pyroxene,8,432,256
UP,439,510,5,Low-Ca Pyroxene,8,432,256
UP,439,511,5,Low-Ca Pyroxene,8,432,256
UP,439,512,5,Low-Ca Pyroxene,8,432,256
UP,439,513,5,Low-Ca Pyroxene,8,432,256
UP,439,514,5,Low-Ca Pyroxene,8,432,256
UP,439,515,5,Low-Ca Pyroxene,8,432,256
UP,439,516,5,Low-Ca Pyroxene,8,432,256
UP,439,517,5,Low-Ca Pyroxene,8,432,256
UP,439,518,5,Low-Ca Pyroxene,8,432,256
UP,439,519,5,Low-Ca Pyroxene,8,432,256
UP,439,520,5,Low-Ca Pyroxene,8,432,256
UP,439,521,5,Low-Ca Pyroxene,8,432,256
UP,439,522,5,Low-Ca Pyroxene,8,432,256
UP,439,523,5,Low-Ca Pyroxene,8,432,256
UP,439,524,5,Low-Ca Pyroxene,8,432,256
UP,439,525,5,Low-Ca Pyroxene,8,432,256
UP,439,526,5,Low-Ca Pyroxene,8,432,256
UP,439,527,5,Low-Ca Pyroxene,8,432,256
UP,439,528,5,Low-Ca Pyroxene,8,432,256
UP,439,529,5,Low-Ca Pyroxene,8,432,256
UP,439,530,5,Low-Ca Pyroxene,8,432,256
UP,439,531,5,Low-Ca Pyroxene,8,432,256
UP,439,532,5,Low-Ca Pyroxene,8,432,256
UP,439,533,5,Low-Ca Pyroxene,8,432,256
UP,439,534,5,Low-Ca Pyroxene,8,432,256
UP,439,535,5,Low-Ca Pyroxene,8,432,256
UP,439,536,5,Low-Ca Pyroxene,8,432,256
UP,439,537,5,Low-Ca Pyroxene,8,432,256
UP,439,538,5,Low-Ca Pyroxene,8,432,256
UP,439,539,5,Low-Ca Pyroxene,8,432,256
UP,439,540,5,Low-Ca Pyroxene,8,432,256
UP,439,541,5,Low-Ca Pyroxene,8,432,256
UP,439,542,5,Low-Ca Pyroxene,8,432,256
UP,439,543,5,Low-Ca Pyroxene,8,432,256
UP,439,544,5,Low-Ca Pyroxene,8,432,256
UP,439,545,5,Low-Ca Pyroxene,8,432,256
UP,439,546,5,Low-Ca Pyroxene,8,432,256
UP,439,547,5,Low-Ca Pyroxene,8,432,256
UP,439,548,5,Low-Ca Pyroxene,8,432,256
UP,439,549,5,Low-Ca Pyroxene,8,432,256
UP,439,550,5,Low-Ca Pyroxene,8,432,256
UP,439,551,5,Low-Ca Pyroxene,8,432,256
UP,439,552,5,Low-Ca Pyroxene,8,432,256
UP,439,553,5,Low-Ca Pyroxene,8,432,256
UP,439,554,5,Low-Ca Pyroxene,8,432,256
UP,439,555,5,Low-Ca Pyroxene,8,432,256
UP,439,567,6,Mg-Smectite,11,432,256
UP,439,568,6,Mg-Smectite,11,432,256
UP,439,569,6,Mg-Smectite,11,432,256
UP,439,570,6,Mg-Smectite,11,432,256
UP,439,571,6,Mg-Smectite,11,432,256
UP,439,572,6,Mg-Smectite,11,432,256
UP,439,573,6,Mg-Smectite,11,432,256
UP,439,574,6,Mg-Smectite,11,432,256
UP,439,575,6,Mg-Smectite,11,432,256
UP,439,576,6,Mg-Smectite,11,432,256
UP,439,577,6,Mg-Smectite,11,432,256
UP,439,578,6,Mg-Smectite,11,432,256
UP,439,579,6,Mg-Smectite,11,432,256
UP,439,580,6,Mg-Smectite,11,432,256
UP,439,581,6,Mg-Smectite,11,432,256
UP,439,582,6,Mg-Smectite,11,432,256
UP,439,583,6,Mg-Smectite,11,432,256
UP,439,584,6,Mg-Smectite,11,432,256
UP,439,585,6,Mg-Smectite,11,432,256
UP,440,53,7,Monohydrated sulfate,12,432,256
UP,440,54,7,Monohydrated sulfate,12,432,256
UP,440,59,7,Monohydrated sulfate,12,432,256
UP,440,60,7,Monohydrated sulfate,12,432,256
UP,440,412,5,Low-Ca Pyroxene,8,432,256
UP,440,413,5,Low-Ca Pyroxene,8,432,256
UP,440,414,5,Low-Ca Pyroxene,8,432,256
UP,440,415,5,Low-Ca Pyroxene,8,432,256
UP,440,416,5,Low-Ca Pyroxene,8,432,256
UP,440,417,5,Low-Ca Pyroxene,8,432,256
UP,440,418,5,Low-Ca Pyroxene,8,432,256
UP,440,419,5,Low-Ca Pyroxene,8,432,256
UP,440,420,5,Low-Ca Pyroxene,8,432,256
UP,440,421,5,Low-Ca Pyroxene,8,432,256
UP,440,506,5,Low-Ca Pyroxene,8,432,256
UP,440,507,5,Low-Ca Pyroxene,8,432,256
UP,440,508,5,Low-Ca Pyroxene,8,432,256
UP,440,509,5,Low-Ca Pyroxene,8,432,256
UP,440,510,5,Low-Ca Pyroxene,8,432,256
UP,440,511,5,Low-Ca Pyroxene,8,432,256
UP,440,512,5,Low-Ca Pyroxene,8,432,256
UP,440,513,5,Low-Ca Pyroxene,8,432,256
UP,440,514,5,Low-Ca Pyroxene,8,432,256
UP,440,515,5,Low-Ca Pyroxene,8,432,256
UP,440,516,5,Low-Ca Pyroxene,8,432,256
UP,440,517,5,Low-Ca Pyroxene,8,432,256
UP,440,518,5,Low-Ca Pyroxene,8,432,256
UP,440,519,5,Low-Ca Pyroxene,8,432,256
UP,440,520,5,Low-Ca Pyroxene,8,432,256
UP,440,521,5,Low-Ca Pyroxene,8,432,256
UP,440,522,5,Low-Ca Pyroxene,8,432,256
UP,440,523,5,Low-Ca Pyroxene,8,432,256
UP,440,524,5,Low-Ca Pyroxene,8,432,256
UP,440,525,5,Low-Ca Pyroxene,8,432,256
UP,440,526,5,Low-Ca Pyroxene,8,432,256
UP,440,527,5,Low-Ca Pyroxene,8,432,256
UP,440,528,5,Low-Ca Pyroxene,8,432,256
UP,440,529,5,Low-Ca Pyroxene,8,432,256
UP,440,530,5,Low-Ca Pyroxene,8,432,256
UP,440,531,5,Low-Ca Pyroxene,8,432,256
UP,440,532,5,Low-Ca Pyroxene,8,432,256
UP,440,533,5,Low-Ca Pyroxene,8,432,256
UP,440,534,5,Low-Ca Pyroxene,8,432,256
UP,440,535,5,Low-Ca Pyroxene,8,432,256
UP,440,536,5,Low-Ca Pyroxene,8,432,256
UP,440,537,5,Low-Ca Pyroxene,8,432,256
UP,440,538,5,Low-Ca Pyroxene,8,432,256
UP,440,539,5,Low-Ca Pyroxene,8,432,256
UP,440,540,5,Low-Ca Pyroxene,8,432,256
UP,440,541,5,Low-Ca Pyroxene,8,432,256
UP,440,542,5,Low-Ca Pyroxene,8,432,256
UP,440,543,5,Low-Ca Pyroxene,8,432,256
UP,440,544,5,Low-Ca Pyroxene,8,432,256
UP,440,545,5,Low-Ca Pyroxene,8,432,256
UP,440,546,5,Low-Ca Pyroxene,8,432,256
UP,440,547,5,Low-Ca Pyroxene,8,432,256
UP,440,548,5,Low-Ca Pyroxene,8,432,256
UP,440,549,5,Low-Ca Pyroxene,8,432,256
UP,440,550,5,Low-Ca Pyroxene,8,432,256
UP,440,551,5,Low-Ca Pyroxene,8,432,256
UP,440,552,5,Low-Ca Pyroxene,8,432,256
UP,440,553,5,Low-Ca Pyroxene,8,432,256
UP,440,554,5,Low-Ca Pyroxene,8,432,256
UP,440,555,5,Low-Ca Pyroxene,8,432,256
UP,440,556,5,Low-Ca Pyroxene,8,432,256
UP,440,567,6,Mg-Smectite,11,432,256
UP,440,568,6,Mg-Smectite,11,432,256
UP,440,569,6,Mg-Smectite,11,432,256
UP,440,570,6,Mg-Smectite,11,432,256
UP,440,571,6,Mg-Smectite,11,432,256
UP,440,572,6,Mg-Smectite,11,432,256
UP,440,573,6,Mg-Smectite,11,432,256
UP,440,574,6,Mg-Smectite,11,432,256
UP,440,575,6,Mg-Smectite,11,432,256
UP,440,576,6,Mg-Smectite,11,432,256
UP,440,577,6,Mg-Smectite,11,432,256
UP,440,578,6,Mg-Smectite,11,432,256
UP,440,579,6,Mg-Smectite,11,432,256
UP,440,580,6,Mg-Smectite,11,432,256
UP,440,581,6,Mg-Smectite,11,432,256
UP,440,582,6,Mg-Smectite,11,432,256
UP,440,583,6,Mg-Smectite,11,432,256
UP,440,584,6,Mg-Smectite,11,432,256
UP,440,585,6,Mg-Smectite,11,432,256
UP,441,53,7,Monohydrated sulfate,12,432,256
UP,441,54,7,Monohydrated sulfate,12,432,256
UP,441,413,5,Low-Ca Pyroxene,8,432,256
UP,441,414,5,Low-Ca Pyroxene,8,432,256
UP,441,415,5,Low-Ca Pyroxene,8,432,256
UP,441,416,5,Low-Ca Pyroxene,8,432,256
UP,441,417,5,Low-Ca Pyroxene,8,432,256
UP,441,418,5,Low-Ca Pyroxene,8,432,256
UP,441,419,5,Low-Ca Pyroxene,8,432,256
UP,441,420,5,Low-Ca Pyroxene,8,432,256
UP,441,421,5,Low-Ca Pyroxene,8,432,256
UP,441,422,5,Low-Ca Pyroxene,8,432,256
UP,441,505,5,Low-Ca Pyroxene,8,432,256
UP,441,506,5,Low-Ca Pyroxene,8,432,256
UP,441,507,5,Low-Ca Pyroxene,8,432,256
UP,441,508,5,Low-Ca Pyroxene,8,432,256
UP,441,509,5,Low-Ca Pyroxene,8,432,256
UP,441,510,5,Low-Ca Pyroxene,8,432,256
UP,441,511,5,Low-Ca Pyroxene,8,432,256
UP,441,512,5,Low-Ca Pyroxene,8,432,256
UP,441,513,5,Low-Ca Pyroxene,8,432,256
UP,441,514,5,Low-Ca Pyroxene,8,432,256
UP,441,515,5,Low-Ca Pyroxene,8,432,256
UP,441,516,5,Low-Ca Pyroxene,8,432,256
UP,441,517,5,Low-Ca Pyroxene,8,432,256
UP,441,518,5,Low-Ca Pyroxene,8,432,256
UP,441,519,5,Low-Ca Pyroxene,8,432,256
UP,441,520,5,Low-Ca Pyroxene,8,432,256
UP,441,521,5,Low-Ca Pyroxene,8,432,256
UP,441,522,5,Low-Ca Pyroxene,8,432,256
UP,441,523,5,Low-Ca Pyroxene,8,432,256
UP,441,524,5,Low-Ca Pyroxene,8,432,256
UP,441,525,5,Low-Ca Pyroxene,8,432,256
UP,441,526,5,Low-Ca Pyroxene,8,432,256
UP,441,527,5,Low-Ca Pyroxene,8,432,256
UP,441,528,5,Low-Ca Pyroxene,8,432,256
UP,441,529,5,Low-Ca Pyroxene,8,432,256
UP,441,530,5,Low-Ca Pyroxene,8,432,256
UP,441,531,5,Low-Ca Pyroxene,8,432,256
UP,441,532,5,Low-Ca Pyroxene,8,432,256
UP,441,533,5,Low-Ca Pyroxene,8,432,256
UP,441,534,5,Low-Ca Pyroxene,8,432,256
UP,441,535,5,Low-Ca Pyroxene,8,432,256
UP,441,536,5,Low-Ca Pyroxene,8,432,256
UP,441,537,5,Low-Ca Pyroxene,8,432,256
UP,441,538,5,Low-Ca Pyroxene,8,432,256
UP,441,539,5,Low-Ca Pyroxene,8,432,256
UP,441,540,5,Low-Ca Pyroxene,8,432,256
UP,441,541,5,Low-Ca Pyroxene,8,432,256
UP,441,542,5,Low-Ca Pyroxene,8,432,256
UP,441,543,5,Low-Ca Pyroxene,8,432,256
UP,441,544,5,Low-Ca Pyroxene,8,432,256
UP,441,545,5,Low-Ca Pyroxene,8,432,256
UP,441,546,5,Low-Ca Pyroxene,8,432,256
UP,441,547,5,Low-Ca Pyroxene,8,432,256
UP,441,548,5,Low-Ca Pyroxene,8,432,256
UP,441,549,5,Low-Ca Pyroxene,8,432,256
UP,441,550,5,Low-Ca Pyroxene,8,432,256
UP,441,551,5,Low-Ca Pyroxene,8,432,256
UP,441,552,5,Low-Ca Pyroxene,8,432,256
UP,441,553,5,Low-Ca Pyroxene,8,432,256
UP,441,554,5,Low-Ca Pyroxene,8,432,256
UP,441,555,5,Low-Ca Pyroxene,8,432,256
UP,441,556,5,Low-Ca Pyroxene,8,432,256
UP,441,557,5,Low-Ca Pyroxene,8,432,256
UP,441,558,5,Low-Ca Pyroxene,8,432,256
UP,441,567,6,Mg-Smectite,11,432,256
UP,441,568,6,Mg-Smectite,11,432,256
UP,441,569,6,Mg-Smectite,11,432,256
UP,441,570,6,Mg-Smectite,11,432,256
UP,441,571,6,Mg-Smectite,11,432,256
UP,441,572,6,Mg-Smectite,11,432,256
UP,441,573,6,Mg-Smectite,11,432,256
UP,441,574,6,Mg-Smectite,11,432,256
UP,441,575,6,Mg-Smectite,11,432,256
UP,441,576,6,Mg-Smectite,11,432,256
UP,441,577,6,Mg-Smectite,11,432,256
UP,441,578,6,Mg-Smectite,11,432,256
UP,441,579,6,Mg-Smectite,11,432,256
UP,441,580,6,Mg-Smectite,11,432,256
UP,441,581,6,Mg-Smectite,11,432,256
UP,441,582,6,Mg-Smectite,11,432,256
UP,441,583,6,Mg-Smectite,11,432,256
UP,441,584,6,Mg-Smectite,11,432,256
UP,441,585,6,Mg-Smectite,11,432,256
UP,442,53,7,Monohydrated sulfate,12,432,256
UP,442,54,7,Monohydrated sulfate,12,432,256
UP,442,55,7,Monohydrated sulfate,12,432,256
UP,442,56,7,Monohydrated sulfate,12,432,256
UP,442,57,7,Monohydrated sulfate,12,432,256
UP,442,413,5,Low-Ca Pyroxene,8,432,256
UP,442,414,5,Low-Ca Pyroxene,8,432,256
UP,442,415,5,Low-Ca Pyroxene,8,432,256
UP,442,416,5,Low-Ca Pyroxene,8,432,256
UP,442,417,5,Low-Ca Pyroxene,8,432,256
UP,442,418,5,Low-Ca Pyroxene,8,432,256
UP,442,419,5,Low-Ca Pyroxene,8,432,256
UP,442,420,5,Low-Ca Pyroxene,8,432,256
UP,442,421,5,Low-Ca Pyroxene,8,432,256
UP,442,422,5,Low-Ca Pyroxene,8,432,256
UP,442,423,5,Low-Ca Pyroxene,8,432,256
UP,442,424,5,Low-Ca Pyroxene,8,432,256
UP,442,505,5,Low-Ca Pyroxene,8,432,256
UP,442,506,5,Low-Ca Pyroxene,8,432,256
UP,442,507,5,Low-Ca Pyroxene,8,432,256
UP,442,508,5,Low-Ca Pyroxene,8,432,256
UP,442,509,5,Low-Ca Pyroxene,8,432,256
UP,442,510,5,Low-Ca Pyroxene,8,432,256
UP,442,511,5,Low-Ca Pyroxene,8,432,256
UP,442,512,5,Low-Ca Pyroxene,8,432,256
UP,442,513,5,Low-Ca Pyroxene,8,432,256
UP,442,514,5,Low-Ca Pyroxene,8,432,256
UP,442,515,5,Low-Ca Pyroxene,8,432,256
UP,442,516,5,Low-Ca Pyroxene,8,432,256
UP,442,517,5,Low-Ca Pyroxene,8,432,256
UP,442,518,5,Low-Ca Pyroxene,8,432,256
UP,442,519,5,Low-Ca Pyroxene,8,432,256
UP,442,520,5,Low-Ca Pyroxene,8,432,256
UP,442,521,5,Low-Ca Pyroxene,8,432,256
UP,442,522,5,Low-Ca Pyroxene,8,432,256
UP,442,523,5,Low-Ca Pyroxene,8,432,256
UP,442,524,5,Low-Ca Pyroxene,8,432,256
UP,442,525,5,Low-Ca Pyroxene,8,432,256
UP,442,526,5,Low-Ca Pyroxene,8,432,256
UP,442,527,5,Low-Ca Pyroxene,8,432,256
UP,442,528,5,Low-Ca Pyroxene,8,432,256
UP,442,529,5,Low-Ca Pyroxene,8,432,256
UP,442,530,5,Low-Ca Pyroxene,8,432,256
UP,442,531,5,Low-Ca Pyroxene,8,432,256
UP,442,532,5,Low-Ca Pyroxene,8,432,256
UP,442,533,5,Low-Ca Pyroxene,8,432,256
UP,442,534,5,Low-Ca Pyroxene,8,432,256
UP,442,535,5,Low-Ca Pyroxene,8,432,256
UP,442,536,5,Low-Ca Pyroxene,8,432,256
UP,442,537,5,Low-Ca Pyroxene,8,432,256
UP,442,538,5,Low-Ca Pyroxene,8,432,256
UP,442,539,5,Low-Ca Pyroxene,8,432,256
UP,442,540,5,Low-Ca Pyroxene,8,432,256
UP,442,541,5,Low-Ca Pyroxene,8,432,256
UP,442,542,5,Low-Ca Pyroxene,8,432,256
UP,442,543,5,Low-Ca Pyroxene,8,432,256
UP,442,544,5,Low-Ca Pyroxene,8,432,256
UP,442,545,5,Low-Ca Pyroxene,8,432,256
UP,442,546,5,Low-Ca Pyroxene,8,432,256
UP,442,547,5,Low-Ca Pyroxene,8,432,256
UP,442,548,5,Low-Ca Pyroxene,8,432,256
UP,442,549,5,Low-Ca Pyroxene,8,432,256
UP,442,550,5,Low-Ca Pyroxene,8,432,256
UP,442,551,5,Low-Ca Pyroxene,8,432,256
UP,442,552,5,Low-Ca Pyroxene,8,432,256
UP,442,553,5,Low-Ca Pyroxene,8,432,256
UP,442,554,5,Low-Ca Pyroxene,8,432,256
UP,442,555,5,Low-Ca Pyroxene,8,432,256
UP,442,556,5,Low-Ca Pyroxene,8,432,256
UP,442,557,5,Low-Ca Pyroxene,8,432,256
UP,442,558,5,Low-Ca Pyroxene,8,432,256
UP,442,559,5,Low-Ca Pyroxene,8,432,256
UP,442,568,6,Mg-Smectite,11,432,256
UP,442,569,6,Mg-Smectite,11,432,256
UP,442,570,6,Mg-Smectite,11,432,256
UP,442,571,6,Mg-Smectite,11,432,256
UP,442,572,6,Mg-Smectite,11,432,256
UP,442,573,6,Mg-Smectite,11,432,256
UP,442,574,6,Mg-Smectite,11,432,256
UP,442,575,6,Mg-Smectite,11,432,256
UP,442,576,6,Mg-Smectite,11,432,256
UP,442,577,6,Mg-Smectite,11,432,256
UP,442,578,6,Mg-Smectite,11,432,256
UP,442,579,6,Mg-Smectite,11,432,256
UP,442,580,6,Mg-Smectite,11,432,256
UP,442,581,6,Mg-Smectite,11,432,256
UP,442,582,6,Mg-Smectite,11,432,256
UP,442,583,6,Mg-Smectite,11,432,256
UP,442,584,6,Mg-Smectite,11,432,256
UP,443,54,7,Monohydrated sulfate,12,432,256
UP,443,55,7,Monohydrated sulfate,12,432,256
UP,443,56,7,Monohydrated sulfate,12,432,256
UP,443,57,7,Monohydrated sulfate,12,432,256
UP,443,414,5,Low-Ca Pyroxene,8,432,256
UP,443,415,5,Low-Ca Pyroxene,8,432,256
UP,443,416,5,Low-Ca Pyroxene,8,432,256
UP,443,417,5,Low-Ca Pyroxene,8,432,256
UP,443,418,5,Low-Ca Pyroxene,8,432,256
UP,443,419,5,Low-Ca Pyroxene,8,432,256
UP,443,420,5,Low-Ca Pyroxene,8,432,256
UP,443,421,5,Low-Ca Pyroxene,8,432,256
UP,443,422,5,Low-Ca Pyroxene,8,432,256
UP,443,423,5,Low-Ca Pyroxene,8,432,256
UP,443,424,5,Low-Ca Pyroxene,8,432,256
UP,443,505,5,Low-Ca Pyroxene,8,432,256
UP,443,506,5,Low-Ca Pyroxene,8,432,256
UP,443,507,5,Low-Ca Pyroxene,8,432,256
UP,443,508,5,Low-Ca Pyroxene,8,432,256
UP,443,509,5,Low-Ca Pyroxene,8,432,256
UP,443,510,5,Low-Ca Pyroxene,8,432,256
UP,443,511,5,Low-Ca Pyroxene,8,432,256
UP,443,512,5,Low-Ca Pyroxene,8,432,256
UP,443,513,5,Low-Ca Pyroxene,8,432,256
UP,443,514,5,Low-Ca Pyroxene,8,432,256
UP,443,515,5,Low-Ca Pyroxene,8,432,256
UP,443,516,5,Low-Ca Pyroxene,8,432,256
UP,443,517,5,Low-Ca Pyroxene,8,432,256
UP,443,518,5,Low-Ca Pyroxene,8,432,256
UP,443,519,5,Low-Ca Pyroxene,8,432,256
UP,443,520,5,Low-Ca Pyroxene,8,432,256
UP,443,521,5,Low-Ca Pyroxene,8,432,256
UP,443,522,5,Low-Ca Pyroxene,8,432,256
UP,443,523,5,Low-Ca Pyroxene,8,432,256
UP,443,524,5,Low-Ca Pyroxene,8,432,256
UP,443,525,5,Low-Ca Pyroxene,8,432,256
UP,443,526,5,Low-Ca Pyroxene,8,432,256
UP,443,527,5,Low-Ca Pyroxene,8,432,256
UP,443,528,5,Low-Ca Pyroxene,8,432,256
UP,443,529,5,Low-Ca Pyroxene,8,432,256
UP,443,530,5,Low-Ca Pyroxene,8,432,256
UP,443,531,5,Low-Ca Pyroxene,8,432,256
UP,443,532,5,Low-Ca Pyroxene,8,432,256
UP,443,533,5,Low-Ca Pyroxene,8,432,256
UP,443,534,5,Low-Ca Pyroxene,8,432,256
UP,443,535,5,Low-Ca Pyroxene,8,432,256
UP,443,536,5,Low-Ca Pyroxene,8,432,256
UP,443,537,5,Low-Ca Pyroxene,8,432,256
UP,443,538,5,Low-Ca Pyroxene,8,432,256
UP,443,539,5,Low-Ca Pyroxene,8,432,256
UP,443,540,5,Low-Ca Pyroxene,8,432,256
UP,443,541,5,Low-Ca Pyroxene,8,432,256
UP,443,542,5,Low-Ca Pyroxene,8,432,256
UP,443,543,5,Low-Ca Pyroxene,8,432,256
UP,443,544,5,Low-Ca Pyroxene,8,432,256
UP,443,545,5,Low-Ca Pyroxene,8,432,256
UP,443,546,5,Low-Ca Pyroxene,8,432,256
UP,443,547,5,Low-Ca Pyroxene,8,432,256
UP,443,548,5,Low-Ca Pyroxene,8,432,256
UP,443,549,5,Low-Ca Pyroxene,8,432,256
UP,443,550,5,Low-Ca Pyroxene,8,432,256
UP,443,551,5,Low-Ca Pyroxene,8,432,256
UP,443,552,5,Low-Ca Pyroxene,8,432,256
UP,443,553,5,Low-Ca Pyroxene,8,432,256
UP,443,554,5,Low-Ca Pyroxene,8,432,256
UP,443,555,5,Low-Ca Pyroxene,8,432,256
UP,443,556,5,Low-Ca Pyroxene,8,432,256
UP,443,557,5,Low-Ca Pyroxene,8,432,256
UP,443,558,5,Low-Ca Pyroxene,8,432,256
UP,443,559,5,Low-Ca Pyroxene,8,432,256
UP,443,560,5,Low-Ca Pyroxene,8,432,256
UP,443,568,6,Mg-Smectite,11,432,256
UP,443,569,6,Mg-Smectite,11,432,256
UP,443,570,6,Mg-Smectite,11,432,256
UP,443,571,6,Mg-Smectite,11,432,256
UP,443,572,6,Mg-Smectite,11,432,256
UP,443,573,6,Mg-Smectite,11,432,256
UP,443,574,6,Mg-Smectite,11,432,256
UP,443,575,6,Mg-Smectite,11,432,256
UP,443,576,6,Mg-Smectite,11,432,256
UP,443,577,6,Mg-Smectite,11,432,256
UP,443,578,6,Mg-Smectite,11,432,256
UP,443,579,6,Mg-Smectite,11,432,256
UP,443,580,6,Mg-Smectite,11,432,256
UP,443,581,6,Mg-Smectite,11,432,256
UP,443,582,6,Mg-Smectite,11,432,256
UP,443,583,6,Mg-Smectite,11,432,256
UP,443,584,6,Mg-Smectite,11,432,256
UP,444,415,5,Low-Ca Pyroxene,8,432,256
UP,444,416,5,Low-Ca Pyroxene,8,432,256
UP,444,417,5,Low-Ca Pyroxene,8,432,256
UP,444,418,5,Low-Ca Pyroxene,8,432,256
UP,444,419,5,Low-Ca Pyroxene,8,432,256
UP,444,420,5,Low-Ca Pyroxene,8,432,256
UP,444,421,5,Low-Ca Pyroxene,8,432,256
UP,444,422,5,Low-Ca Pyroxene,8,432,256
UP,444,423,5,Low-Ca Pyroxene,8,432,256
UP,444,424,5,Low-Ca Pyroxene,8,432,256
UP,444,425,5,Low-Ca Pyroxene,8,432,256
UP,444,504,5,Low-Ca Pyroxene,8,432,256
UP,444,505,5,Low-Ca Pyroxene,8,432,256
UP,444,506,5,Low-Ca Pyroxene,8,432,256
UP,444,507,5,Low-Ca Pyroxene,8,432,256
UP,444,508,5,Low-Ca Pyroxene,8,432,256
UP,444,509,5,Low-Ca Pyroxene,8,432,256
UP,444,510,5,Low-Ca Pyroxene,8,432,256
UP,444,511,5,Low-Ca Pyroxene,8,432,256
UP,444,512,5,Low-Ca Pyroxene,8,432,256
UP,444,513,5,Low-Ca Pyroxene,8,432,256
UP,444,514,5,Low-Ca Pyroxene,8,432,256
UP,444,515,5,Low-Ca Pyroxene,8,432,256
UP,444,516,5,Low-Ca Pyroxene,8,432,256
UP,444,517,5,Low-Ca Pyroxene,8,432,256
UP,444,518,5,Low-Ca Pyroxene,8,432,256
UP,444,519,5,Low-Ca Pyroxene,8,432,256
UP,444,520,5,Low-Ca Pyroxene,8,432,256
UP,444,521,5,Low-Ca Pyroxene,8,432,256
UP,444,522,5,Low-Ca Pyroxene,8,432,256
UP,444,523,5,Low-Ca Pyroxene,8,432,256
UP,444,524,5,Low-Ca Pyroxene,8,432,256
UP,444,525,5,Low-Ca Pyroxene,8,432,256
UP,444,526,5,Low-Ca Pyroxene,8,432,256
UP,444,527,5,Low-Ca Pyroxene,8,432,256
UP,444,528,5,Low-Ca Pyroxene,8,432,256
UP,444,529,5,Low-Ca Pyroxene,8,432,256
UP,444,530,5,Low-Ca Pyroxene,8,432,256
UP,444,531,5,Low-Ca Pyroxene,8,432,256
UP,444,532,5,Low-Ca Pyroxene,8,432,256
UP,444,533,5,Low-Ca Pyroxene,8,432,256
UP,444,534,5,Low-Ca Pyroxene,8,432,256
UP,444,535,5,Low-Ca Pyroxene,8,432,256
UP,444,536,5,Low-Ca Pyroxene,8,432,256
UP,444,537,5,Low-Ca Pyroxene,8,432,256
UP,444,538,5,Low-Ca Pyroxene,8,432,256
UP,444,539,5,Low-Ca Pyroxene,8,432,256
UP,444,540,5,Low-Ca Pyroxene,8,432,256
UP,444,541,5,Low-Ca Pyroxene,8,432,256
UP,444,542,5,Low-Ca Pyroxene,8,432,256
UP,444,543,5,Low-Ca Pyroxene,8,432,256
UP,444,544,5,Low-Ca Pyroxene,8,432,256
UP,444,545,5,Low-Ca Pyroxene,8,432,256
UP,444,546,5,Low-Ca Pyroxene,8,432,256
UP,444,547,5,Low-Ca Pyroxene,8,432,256
UP,444,548,5,Low-Ca Pyroxene,8,432,256
UP,444,549,5,Low-Ca Pyroxene,8,432,256
UP,444,550,5,Low-Ca Pyroxene,8,432,256
UP,444,551,5,Low-Ca Pyroxene,8,432,256
UP,444,552,5,Low-Ca Pyroxene,8,432,256
UP,444,553,5,Low-Ca Pyroxene,8,432,256
UP,444,554,5,Low-Ca Pyroxene,8,432,256
UP,444,555,5,Low-Ca Pyroxene,8,432,256
UP,444,556,5,Low-Ca Pyroxene,8,432,256
UP,444,557,5,Low-Ca Pyroxene,8,432,256
UP,444,558,5,Low-Ca Pyroxene,8,432,256
UP,444,559,5,Low-Ca Pyroxene,8,432,256
UP,444,560,5,Low-Ca Pyroxene,8,432,256
UP,444,568,6,Mg-Smectite,11,432,256
UP,444,569,6,Mg-Smectite,11,432,256
UP,444,570,6,Mg-Smectite,11,432,256
UP,444,571,6,Mg-Smectite,11,432,256
UP,444,572,6,Mg-Smectite,11,432,256
UP,444,573,6,Mg-Smectite,11,432,256
UP,444,574,6,Mg-Smectite,11,432,256
UP,444,575,6,Mg-Smectite,11,432,256
UP,444,576,6,Mg-Smectite,11,432,256
UP,444,577,6,Mg-Smectite,11,432,256
UP,445,60,7,Monohydrated sulfate,12,432,256
UP,445,61,7,Monohydrated sulfate,12,432,256
UP,445,62,7,Monohydrated sulfate,12,432,256
UP,445,63,7,Monohydrated sulfate,12,432,256
UP,445,415,5,Low-Ca Pyroxene,8,432,256
UP,445,416,5,Low-Ca Pyroxene,8,432,256
UP,445,417,5,Low-Ca Pyroxene,8,432,256
UP,445,418,5,Low-Ca Pyroxene,8,432,256
UP,445,419,5,Low-Ca Pyroxene,8,432,256
UP,445,420,5,Low-Ca Pyroxene,8,432,256
UP,445,421,5,Low-Ca Pyroxene,8,432,256
UP,445,422,5,Low-Ca Pyroxene,8,432,256
UP,445,423,5,Low-Ca Pyroxene,8,432,256
UP,445,424,5,Low-Ca Pyroxene,8,432,256
UP,445,425,5,Low-Ca Pyroxene,8,432,256
UP,445,504,5,Low-Ca Pyroxene,8,432,256
UP,445,505,5,Low-Ca Pyroxene,8,432,256
UP,445,506,5,Low-Ca Pyroxene,8,432,256
UP,445,507,5,Low-Ca Pyroxene,8,432,256
UP,445,508,5,Low-Ca Pyroxene,8,432,256
UP,445,509,5,Low-Ca Pyroxene,8,432,256
UP,445,510,5,Low-Ca Pyroxene,8,432,256
UP,445,511,5,Low-Ca Pyroxene,8,432,256
UP,445,512,5,Low-Ca Pyroxene,8,432,256
UP,445,513,5,Low-Ca Pyroxene,8,432,256
UP,445,514,5,Low-Ca Pyroxene,8,432,256
UP,445,515,5,Low-Ca Pyroxene,8,432,256
UP,445,516,5,Low-Ca Pyroxene,8,432,256
UP,445,517,5,Low-Ca Pyroxene,8,432,256
UP,445,518,5,Low-Ca Pyroxene,8,432,256
UP,445,519,5,Low-Ca Pyroxene,8,432,256
UP,445,520,5,Low-Ca Pyroxene,8,432,256
UP,445,521,5,Low-Ca Pyroxene,8,432,256
UP,445,522,5,Low-Ca Pyroxene,8,432,256
UP,445,523,5,Low-Ca Pyroxene,8,432,256
UP,445,524,5,Low-Ca Pyroxene,8,432,256
UP,445,525,5,Low-Ca Pyroxene,8,432,256
UP,445,526,5,Low-Ca Pyroxene,8,432,256
UP,445,527,5,Low-Ca Pyroxene,8,432,256
UP,445,528,5,Low-Ca Pyroxene,8,432,256
UP,445,529,5,Low-Ca Pyroxene,8,432,256
UP,445,530,5,Low-Ca Pyroxene,8,432,256
UP,445,531,5,Low-Ca Pyroxene,8,432,256
UP,445,532,5,Low-Ca Pyroxene,8,432,256
UP,445,533,5,Low-Ca Pyroxene,8,432,256
UP,445,534,5,Low-Ca Pyroxene,8,432,256
UP,445,535,5,Low-Ca Pyroxene,8,432,256
UP,445,536,5,Low-Ca Pyroxene,8,432,256
UP,445,537,5,Low-Ca Pyroxene,8,432,256
UP,445,538,5,Low-Ca Pyroxene,8,432,256
UP,445,539,5,Low-Ca Pyroxene,8,432,256
UP,445,540,5,Low-Ca Pyroxene,8,432,256
UP,445,541,5,Low-Ca Pyroxene,8,432,256
UP,445,542,5,Low-Ca Pyroxene,8,432,256
UP,445,543,5,Low-Ca Pyroxene,8,432,256
UP,445,544,5,Low-Ca Pyroxene,8,432,256
UP,445,545,5,Low-Ca Pyroxene,8,432,256
UP,445,546,5,Low-Ca Pyroxene,8,432,256
UP,445,547,5,Low-Ca Pyroxene,8,432,256
UP,445,548,5,Low-Ca Pyroxene,8,432,256
UP,445,549,5,Low-Ca Pyroxene,8,432,256
UP,445,550,5,Low-Ca Pyroxene,8,432,256
UP,445,551,5,Low-Ca Pyroxene,8,432,256
UP,445,552,5,Low-Ca Pyroxene,8,432,256
UP,445,553,5,Low-Ca Pyroxene,8,432,256
UP,445,554,5,Low-Ca Pyroxene,8,432,256
UP,445,555,5,Low-Ca Pyroxene,8,432,256
UP,445,556,5,Low-Ca Pyroxene,8,432,256
UP,445,557,5,Low-Ca Pyroxene,8,432,256
UP,445,558,5,Low-Ca Pyroxene,8,432,256
UP,445,559,5,Low-Ca Pyroxene,8,432,256
UP,445,560,5,Low-Ca Pyroxene,8,432,256
UP,445,561,5,Low-Ca Pyroxene,8,432,256
UP,445,568,6,Mg-Smectite,11,432,256
UP,445,569,6,Mg-Smectite,11,432,256
UP,445,570,6,Mg-Smectite,11,432,256
UP,445,571,6,Mg-Smectite,11,432,256
UP,445,572,6,Mg-Smectite,11,432,256
UP,445,573,6,Mg-Smectite,11,432,256
UP,445,574,6,Mg-Smectite,11,432,256
UP,445,575,6,Mg-Smectite,11,432,256
UP,445,576,6,Mg-Smectite,11,432,256
UP,446,60,7,Monohydrated sulfate,12,432,256
UP,446,61,7,Monohydrated sulfate,12,432,256
UP,446,62,7,Monohydrated sulfate,12,432,256
UP,446,63,7,Monohydrated sulfate,12,432,256
UP,446,417,5,Low-Ca Pyroxene,8,432,256
UP,446,418,5,Low-Ca Pyroxene,8,432,256
UP,446,419,5,Low-Ca Pyroxene,8,432,256
UP,446,420,5,Low-Ca Pyroxene,8,432,256
UP,446,421,5,Low-Ca Pyroxene,8,432,256
UP,446,422,5,Low-Ca Pyroxene,8,432,256
UP,446,423,5,Low-Ca Pyroxene,8,432,256
UP,446,424,5,Low-Ca Pyroxene,8,432,256
UP,446,425,5,Low-Ca Pyroxene,8,432,256
UP,446,426,5,Low-Ca Pyroxene,8,432,256
UP,446,503,5,Low-Ca Pyroxene,8,432,256
UP,446,504,5,Low-Ca Pyroxene,8,432,256
UP,446,505,5,Low-Ca Pyroxene,8,432,256
UP,446,506,5,Low-Ca Pyroxene,8,432,256
UP,446,507,5,Low-Ca Pyroxene,8,432,256
UP,446,508,5,Low-Ca Pyroxene,8,432,256
UP,446,509,5,Low-Ca Pyroxene,8,432,256
UP,446,510,5,Low-Ca Pyroxene,8,432,256
UP,446,511,5,Low-Ca Pyroxene,8,432,256
UP,446,512,5,Low-Ca Pyroxene,8,432,256
UP,446,513,5,Low-Ca Pyroxene,8,432,256
UP,446,514,5,Low-Ca Pyroxene,8,432,256
UP,446,515,5,Low-Ca Pyroxene,8,432,256
UP,446,516,5,Low-Ca Pyroxene,8,432,256
UP,446,517,5,Low-Ca Pyroxene,8,432,256
UP,446,518,5,Low-Ca Pyroxene,8,432,256
UP,446,519,5,Low-Ca Pyroxene,8,432,256
UP,446,520,5,Low-Ca Pyroxene,8,432,256
UP,446,521,5,Low-Ca Pyroxene,8,432,256
UP,446,522,5,Low-Ca Pyroxene,8,432,256
UP,446,523,5,Low-Ca Pyroxene,8,432,256
UP,446,524,5,Low-Ca Pyroxene,8,432,256
UP,446,525,5,Low-Ca Pyroxene,8,432,256
UP,446,526,5,Low-Ca Pyroxene,8,432,256
UP,446,527,5,Low-Ca Pyroxene,8,432,256
UP,446,528,5,Low-Ca Pyroxene,8,432,256
UP,446,529,5,Low-Ca Pyroxene,8,432,256
UP,446,530,5,Low-Ca Pyroxene,8,432,256
UP,446,531,5,Low-Ca Pyroxene,8,432,256
UP,446,532,5,Low-Ca Pyroxene,8,432,256
UP,446,533,5,Low-Ca Pyroxene,8,432,256
UP,446,534,5,Low-Ca Pyroxene,8,432,256
UP,446,535,5,Low-Ca Pyroxene,8,432,256
UP,446,536,5,Low-Ca Pyroxene,8,432,256
UP,446,537,5,Low-Ca Pyroxene,8,432,256
UP,446,538,5,Low-Ca Pyroxene,8,432,256
UP,446,539,5,Low-Ca Pyroxene,8,432,256
UP,446,540,5,Low-Ca Pyroxene,8,432,256
UP,446,541,5,Low-Ca Pyroxene,8,432,256
UP,446,542,5,Low-Ca Pyroxene,8,432,256
UP,446,543,5,Low-Ca Pyroxene,8,432,256
UP,446,544,5,Low-Ca Pyroxene,8,432,256
UP,446,545,5,Low-Ca Pyroxene,8,432,256
UP,446,546,5,Low-Ca Pyroxene,8,432,256
UP,446,547,5,Low-Ca Pyroxene,8,432,256
UP,446,548,5,Low-Ca Pyroxene,8,432,256
UP,446,549,5,Low-Ca Pyroxene,8,432,256
UP,446,550,5,Low-Ca Pyroxene,8,432,256
UP,446,551,5,Low-Ca Pyroxene,8,432,256
UP,446,552,5,Low-Ca Pyroxene,8,432,256
UP,446,553,5,Low-Ca Pyroxene,8,432,256
UP,446,554,5,Low-Ca Pyroxene,8,432,256
UP,446,555,5,Low-Ca Pyroxene,8,432,256
UP,446,556,5,Low-Ca Pyroxene,8,432,256
UP,446,557,5,Low-Ca Pyroxene,8,432,256
UP,446,558,5,Low-Ca Pyroxene,8,432,256
UP,446,559,5,Low-Ca Pyroxene,8,432,256
UP,446,560,5,Low-Ca Pyroxene,8,432,256
UP,446,561,5,Low-Ca Pyroxene,8,432,256
UP,446,562,5,Low-Ca Pyroxene,8,432,256
UP,446,563,5,Low-Ca Pyroxene,8,432,256
UP,446,568,6,Mg-Smectite,11,432,256
UP,446,569,6,Mg-Smectite,11,432,256
UP,446,570,6,Mg-Smectite,11,432,256
UP,446,571,6,Mg-Smectite,11,432,256
UP,446,572,6,Mg-Smectite,11,432,256
UP,446,573,6,Mg-Smectite,11,432,256
UP,446,574,6,Mg-Smectite,11,432,256
UP,447,419,5,Low-Ca Pyroxene,8,432,256
UP,447,420,5,Low-Ca Pyroxene,8,432,256
UP,447,421,5,Low-Ca Pyroxene,8,432,256
UP,447,422,5,Low-Ca Pyroxene,8,432,256
UP,447,423,5,Low-Ca Pyroxene,8,432,256
UP,447,424,5,Low-Ca Pyroxene,8,432,256
UP,447,425,5,Low-Ca Pyroxene,8,432,256
UP,447,426,5,Low-Ca Pyroxene,8,432,256
UP,447,427,5,Low-Ca Pyroxene,8,432,256
UP,447,503,5,Low-Ca Pyroxene,8,432,256
UP,447,504,5,Low-Ca Pyroxene,8,432,256
UP,447,505,5,Low-Ca Pyroxene,8,432,256
UP,447,506,5,Low-Ca Pyroxene,8,432,256
UP,447,507,5,Low-Ca Pyroxene,8,432,256
UP,447,508,5,Low-Ca Pyroxene,8,432,256
UP,447,509,5,Low-Ca Pyroxene,8,432,256
UP,447,510,5,Low-Ca Pyroxene,8,432,256
UP,447,511,5,Low-Ca Pyroxene,8,432,256
UP,447,512,5,Low-Ca Pyroxene,8,432,256
UP,447,513,5,Low-Ca Pyroxene,8,432,256
UP,447,514,5,Low-Ca Pyroxene,8,432,256
UP,447,515,5,Low-Ca Pyroxene,8,432,256
UP,447,516,5,Low-Ca Pyroxene,8,432,256
UP,447,517,5,Low-Ca Pyroxene,8,432,256
UP,447,518,5,Low-Ca Pyroxene,8,432,256
UP,447,519,5,Low-Ca Pyroxene,8,432,256
UP,447,520,5,Low-Ca Pyroxene,8,432,256
UP,447,521,5,Low-Ca Pyroxene,8,432,256
UP,447,522,5,Low-Ca Pyroxene,8,432,256
UP,447,523,5,Low-Ca Pyroxene,8,432,256
UP,447,524,5,Low-Ca Pyroxene,8,432,256
UP,447,525,5,Low-Ca Pyroxene,8,432,256
UP,447,526,5,Low-Ca Pyroxene,8,432,256
UP,447,527,5,Low-Ca Pyroxene,8,432,256
UP,447,528,5,Low-Ca Pyroxene,8,432,256
UP,447,529,5,Low-Ca Pyroxene,8,432,256
UP,447,530,5,Low-Ca Pyroxene,8,432,256
UP,447,531,5,Low-Ca Pyroxene,8,432,256
UP,447,532,5,Low-Ca Pyroxene,8,432,256
UP,447,533,5,Low-Ca Pyroxene,8,432,256
UP,447,534,5,Low-Ca Pyroxene,8,432,256
UP,447,535,5,Low-Ca Pyroxene,8,432,256
UP,447,536,5,Low-Ca Pyroxene,8,432,256
UP,447,537,5,Low-Ca Pyroxene,8,432,256
UP,447,538,5,Low-Ca Pyroxene,8,432,256
UP,447,539,5,Low-Ca Pyroxene,8,432,256
UP,447,540,5,Low-Ca Pyroxene,8,432,256
UP,447,541,5,Low-Ca Pyroxene,8,432,256
UP,447,542,5,Low-Ca Pyroxene,8,432,256
UP,447,543,5,Low-Ca Pyroxene,8,432,256
UP,447,544,5,Low-Ca Pyroxene,8,432,256
UP,447,545,5,Low-Ca Pyroxene,8,432,256
UP,447,546,5,Low-Ca Pyroxene,8,432,256
UP,447,547,5,Low-Ca Pyroxene,8,432,256
UP,447,548,5,Low-Ca Pyroxene,8,432,256
UP,447,549,5,Low-Ca Pyroxene,8,432,256
UP,447,550,5,Low-Ca Pyroxene,8,432,256
UP,447,551,5,Low-Ca Pyroxene,8,432,256
UP,447,552,5,Low-Ca Pyroxene,8,432,256
UP,447,553,5,Low-Ca Pyroxene,8,432,256
UP,447,554,5,Low-Ca Pyroxene,8,432,256
UP,447,555,5,Low-Ca Pyroxene,8,432,256
UP,447,556,5,Low-Ca Pyroxene,8,432,256
UP,447,557,5,Low-Ca Pyroxene,8,432,256
UP,447,558,5,Low-Ca Pyroxene,8,432,256
UP,447,559,5,Low-Ca Pyroxene,8,432,256
UP,447,560,5,Low-Ca Pyroxene,8,432,256
UP,447,561,5,Low-Ca Pyroxene,8,432,256
UP,447,562,5,Low-Ca Pyroxene,8,432,256
UP,447,563,5,Low-Ca Pyroxene,8,432,256
UP,447,564,5,Low-Ca Pyroxene,8,432,256
UP,447,569,6,Mg-Smectite,11,432,256
UP,447,570,6,Mg-Smectite,11,432,256
UP,447,571,6,Mg-Smectite,11,432,256
UP,447,572,6,Mg-Smectite,11,432,256
UP,447,573,6,Mg-Smectite,11,432,256
UP,448,421,5,Low-Ca Pyroxene,8,432,256
UP,448,422,5,Low-Ca Pyroxene,8,432,256
UP,448,423,5,Low-Ca Pyroxene,8,432,256
UP,448,424,5,Low-Ca Pyroxene,8,432,256
UP,448,425,5,Low-Ca Pyroxene,8,432,256
UP,448,426,5,Low-Ca Pyroxene,8,432,256
UP,448,427,5,Low-Ca Pyroxene,8,432,256
UP,448,502,5,Low-Ca Pyroxene,8,432,256
UP,448,503,5,Low-Ca Pyroxene,8,432,256
UP,448,504,5,Low-Ca Pyroxene,8,432,256
UP,448,505,5,Low-Ca Pyroxene,8,432,256
UP,448,506,5,Low-Ca Pyroxene,8,432,256
UP,448,507,5,Low-Ca Pyroxene,8,432,256
UP,448,508,5,Low-Ca Pyroxene,8,432,256
UP,448,509,5,Low-Ca Pyroxene,8,432,256
UP,448,510,5,Low-Ca Pyroxene,8,432,256
UP,448,511,5,Low-Ca Pyroxene,8,432,256
UP,448,512,5,Low-Ca Pyroxene,8,432,256
UP,448,513,5,Low-Ca Pyroxene,8,432,256
UP,448,514,5,Low-Ca Pyroxene,8,432,256
UP,448,515,5,Low-Ca Pyroxene,8,432,256
UP,448,516,5,Low-Ca Pyroxene,8,432,256
UP,448,517,5,Low-Ca Pyroxene,8,432,256
UP,448,518,5,Low-Ca Pyroxene,8,432,256
UP,448,519,5,Low-Ca Pyroxene,8,432,256
UP,448,520,5,Low-Ca Pyroxene,8,432,256
UP,448,521,5,Low-Ca Pyroxene,8,432,256
UP,448,522,5,Low-Ca Pyroxene,8,432,256
UP,448,523,5,Low-Ca Pyroxene,8,432,256
UP,448,524,5,Low-Ca Pyroxene,8,432,256
UP,448,525,5,Low-Ca Pyroxene,8,432,256
UP,448,526,5,Low-Ca Pyroxene,8,432,256
UP,448,527,5,Low-Ca Pyroxene,8,432,256
UP,448,528,5,Low-Ca Pyroxene,8,432,256
UP,448,529,5,Low-Ca Pyroxene,8,432,256
UP,448,530,5,Low-Ca Pyroxene,8,432,256
UP,448,531,5,Low-Ca Pyroxene,8,432,256
UP,448,532,5,Low-Ca Pyroxene,8,432,256
UP,448,533,5,Low-Ca Pyroxene,8,432,256
UP,448,534,5,Low-Ca Pyroxene,8,432,256
UP,448,535,5,Low-Ca Pyroxene,8,432,256
UP,448,536,5,Low-Ca Pyroxene,8,432,256
UP,448,537,5,Low-Ca Pyroxene,8,432,256
UP,448,538,5,Low-Ca Pyroxene,8,432,256
UP,448,539,5,Low-Ca Pyroxene,8,432,256
UP,448,540,5,Low-Ca Pyroxene,8,432,256
UP,448,541,5,Low-Ca Pyroxene,8,432,256
UP,448,542,5,Low-Ca Pyroxene,8,432,256
UP,448,543,5,Low-Ca Pyroxene,8,432,256
UP,448,544,5,Low-Ca Pyroxene,8,432,256
UP,448,545,5,Low-Ca Pyroxene,8,432,256
UP,448,546,5,Low-Ca Pyroxene,8,432,256
UP,448,547,5,Low-Ca Pyroxene,8,432,256
UP,448,548,5,Low-Ca Pyroxene,8,432,256
UP,448,549,5,Low-Ca Pyroxene,8,432,256
UP,448,550,5,Low-Ca Pyroxene,8,432,256
UP,448,551,5,Low-Ca Pyroxene,8,432,256
UP,448,552,5,Low-Ca Pyroxene,8,432,256
UP,448,553,5,Low-Ca Pyroxene,8,432,256
UP,448,554,5,Low-Ca Pyroxene,8,432,256
UP,448,555,5,Low-Ca Pyroxene,8,432,256
UP,448,556,5,Low-Ca Pyroxene,8,432,256
UP,448,557,5,Low-Ca Pyroxene,8,432,256
UP,448,558,5,Low-Ca Pyroxene,8,432,256
UP,448,559,5,Low-Ca Pyroxene,8,432,256
UP,448,560,5,Low-Ca Pyroxene,8,432,256
UP,448,561,5,Low-Ca Pyroxene,8,432,256
UP,448,562,5,Low-Ca Pyroxene,8,432,256
UP,448,563,5,Low-Ca Pyroxene,8,432,256
UP,448,564,5,Low-Ca Pyroxene,8,432,256
UP,448,565,5,Low-Ca Pyroxene,8,432,256
UP,449,424,5,Low-Ca Pyroxene,8,432,256
UP,449,425,5,Low-Ca Pyroxene,8,432,256
UP,449,426,5,Low-Ca Pyroxene,8,432,256
UP,449,427,5,Low-Ca Pyroxene,8,432,256
UP,449,428,5,Low-Ca Pyroxene,8,432,256
UP,449,429,5,Low-Ca Pyroxene,8,432,256
UP,449,502,5,Low-Ca Pyroxene,8,432,256
UP,449,503,5,Low-Ca Pyroxene,8,432,256
UP,449,504,5,Low-Ca Pyroxene,8,432,256
UP,449,505,5,Low-Ca Pyroxene,8,432,256
UP,449,506,5,Low-Ca Pyroxene,8,432,256
UP,449,507,5,Low-Ca Pyroxene,8,432,256
UP,449,508,5,Low-Ca Pyroxene,8,432,256
UP,449,509,5,Low-Ca Pyroxene,8,432,256
UP,449,510,5,Low-Ca Pyroxene,8,432,256
UP,449,511,5,Low-Ca Pyroxene,8,432,256
UP,449,512,5,Low-Ca Pyroxene,8,432,256
UP,449,513,5,Low-Ca Pyroxene,8,432,256
UP,449,514,5,Low-Ca Pyroxene,8,432,256
UP,449,515,5,Low-Ca Pyroxene,8,432,256
UP,449,516,5,Low-Ca Pyroxene,8,432,256
UP,449,517,5,Low-Ca Pyroxene,8,432,256
UP,449,518,5,Low-Ca Pyroxene,8,432,256
UP,449,519,5,Low-Ca Pyroxene,8,432,256
UP,449,520,5,Low-Ca Pyroxene,8,432,256
UP,449,521,5,Low-Ca Pyroxene,8,432,256
UP,449,522,5,Low-Ca Pyroxene,8,432,256
UP,449,523,5,Low-Ca Pyroxene,8,432,256
UP,449,524,5,Low-Ca Pyroxene,8,432,256
UP,449,525,5,Low-Ca Pyroxene,8,432,256
UP,449,526,5,Low-Ca Pyroxene,8,432,256
UP,449,527,5,Low-Ca Pyroxene,8,432,256
UP,449,528,5,Low-Ca Pyroxene,8,432,256
UP,449,529,5,Low-Ca Pyroxene,8,432,256
UP,449,530,5,Low-Ca Pyroxene,8,432,256
UP,449,531,5,Low-Ca Pyroxene,8,432,256
UP,449,532,5,Low-Ca Pyroxene,8,432,256
UP,449,533,5,Low-Ca Pyroxene,8,432,256
UP,449,534,5,Low-Ca Pyroxene,8,432,256
UP,449,535,5,Low-Ca Pyroxene,8,432,256
UP,449,536,5,Low-Ca Pyroxene,8,432,256
UP,449,537,5,Low-Ca Pyroxene,8,432,256
UP,449,538,5,Low-Ca Pyroxene,8,432,256
UP,449,539,5,Low-Ca Pyroxene,8,432,256
UP,449,540,5,Low-Ca Pyroxene,8,432,256
UP,449,541,5,Low-Ca Pyroxene,8,432,256
UP,449,542,5,Low-Ca Pyroxene,8,432,256
UP,449,543,5,Low-Ca Pyroxene,8,432,256
UP,449,544,5,Low-Ca Pyroxene,8,432,256
UP,449,545,5,Low-Ca Pyroxene,8,432,256
UP,449,546,5,Low-Ca Pyroxene,8,432,256
UP,449,547,5,Low-Ca Pyroxene,8,432,256
UP,449,548,5,Low-Ca Pyroxene,8,432,256
UP,449,549,5,Low-Ca Pyroxene,8,432,256
UP,449,550,5,Low-Ca Pyroxene,8,432,256
UP,449,551,5,Low-Ca Pyroxene,8,432,256
UP,449,552,5,Low-Ca Pyroxene,8,432,256
UP,449,553,5,Low-Ca Pyroxene,8,432,256
UP,449,554,5,Low-Ca Pyroxene,8,432,256
UP,449,555,5,Low-Ca Pyroxene,8,432,256
UP,449,556,5,Low-Ca Pyroxene,8,432,256
UP,449,557,5,Low-Ca Pyroxene,8,432,256
UP,449,558,5,Low-Ca Pyroxene,8,432,256
UP,449,559,5,Low-Ca Pyroxene,8,432,256
UP,449,560,5,Low-Ca Pyroxene,8,432,256
UP,449,561,5,Low-Ca Pyroxene,8,432,256
UP,449,562,5,Low-Ca Pyroxene,8,432,256
UP,449,563,5,Low-Ca Pyroxene,8,432,256
UP,449,564,5,Low-Ca Pyroxene,8,432,256
UP,449,565,5,Low-Ca Pyroxene,8,432,256
UP,450,425,5,Low-Ca Pyroxene,8,432,256
UP,450,426,5,Low-Ca Pyroxene,8,432,256
UP,450,427,5,Low-Ca Pyroxene,8,432,256
UP,450,428,5,Low-Ca Pyroxene,8,432,256
UP,450,429,5,Low-Ca Pyroxene,8,432,256
UP,450,430,5,Low-Ca Pyroxene,8,432,256
UP,450,501,5,Low-Ca Pyroxene,8,432,256
UP,450,502,5,Low-Ca Pyroxene,8,432,256
UP,450,503,5,Low-Ca Pyroxene,8,432,256
UP,450,504,5,Low-Ca Pyroxene,8,432,256
UP,450,505,5,Low-Ca Pyroxene,8,432,256
UP,450,506,5,Low-Ca Pyroxene,8,432,256
UP,450,507,5,Low-Ca Pyroxene,8,432,256
UP,450,508,5,Low-Ca Pyroxene,8,432,256
UP,450,509,5,Low-Ca Pyroxene,8,432,256
UP,450,510,5,Low-Ca Pyroxene,8,432,256
UP,450,511,5,Low-Ca Pyroxene,8,432,256
UP,450,512,5,Low-Ca Pyroxene,8,432,256
UP,450,513,5,Low-Ca Pyroxene,8,432,256
UP,450,514,5,Low-Ca Pyroxene,8,432,256
UP,450,515,5,Low-Ca Pyroxene,8,432,256
UP,450,516,5,Low-Ca Pyroxene,8,432,256
UP,450,517,5,Low-Ca Pyroxene,8,432,256
UP,450,518,5,Low-Ca Pyroxene,8,432,256
UP,450,519,5,Low-Ca Pyroxene,8,432,256
UP,450,520,5,Low-Ca Pyroxene,8,432,256
UP,450,521,5,Low-Ca Pyroxene,8,432,256
UP,450,522,5,Low-Ca Pyroxene,8,432,256
UP,450,523,5,Low-Ca Pyroxene,8,432,256
UP,450,524,5,Low-Ca Pyroxene,8,432,256
UP,450,525,5,Low-Ca Pyroxene,8,432,256
UP,450,526,5,Low-Ca Pyroxene,8,432,256
UP,450,527,5,Low-Ca Pyroxene,8,432,256
UP,450,528,5,Low-Ca Pyroxene,8,432,256
UP,450,529,5,Low-Ca Pyroxene,8,432,256
UP,450,530,5,Low-Ca Pyroxene,8,432,256
UP,450,531,5,Low-Ca Pyroxene,8,432,256
UP,450,532,5,Low-Ca Pyroxene,8,432,256
UP,450,533,5,Low-Ca Pyroxene,8,432,256
UP,450,534,5,Low-Ca Pyroxene,8,432,256
UP,450,535,5,Low-Ca Pyroxene,8,432,256
UP,450,536,5,Low-Ca Pyroxene,8,432,256
UP,450,537,5,Low-Ca Pyroxene,8,432,256
UP,450,538,5,Low-Ca Pyroxene,8,432,256
UP,450,539,5,Low-Ca Pyroxene,8,432,256
UP,450,540,5,Low-Ca Pyroxene,8,432,256
UP,450,541,5,Low-Ca Pyroxene,8,432,256
UP,450,542,5,Low-Ca Pyroxene,8,432,256
UP,450,543,5,Low-Ca Pyroxene,8,432,256
UP,450,544,5,Low-Ca Pyroxene,8,432,256
UP,450,545,5,Low-Ca Pyroxene,8,432,256
UP,450,546,5,Low-Ca Pyroxene,8,432,256
UP,450,547,5,Low-Ca Pyroxene,8,432,256
UP,450,548,5,Low-Ca Pyroxene,8,432,256
UP,450,549,5,Low-Ca Pyroxene,8,432,256
UP,450,550,5,Low-Ca Pyroxene,8,432,256
UP,450,551,5,Low-Ca Pyroxene,8,432,256
UP,450,552,5,Low-Ca Pyroxene,8,432,256
UP,450,553,5,Low-Ca Pyroxene,8,432,256
UP,450,554,5,Low-Ca Pyroxene,8,432,256
UP,450,555,5,Low-Ca Pyroxene,8,432,256
UP,450,556,5,Low-Ca Pyroxene,8,432,256
UP,450,557,5,Low-Ca Pyroxene,8,432,256
UP,450,558,5,Low-Ca Pyroxene,8,432,256
UP,450,559,5,Low-Ca Pyroxene,8,432,256
UP,450,560,5,Low-Ca Pyroxene,8,432,256
UP,450,561,5,Low-Ca Pyroxene,8,432,256
UP,450,562,5,Low-Ca Pyroxene,8,432,256
UP,450,563,5,Low-Ca Pyroxene,8,432,256
UP,450,564,5,Low-Ca Pyroxene,8,432,256
UP,450,565,5,Low-Ca Pyroxene,8,432,256
UP,450,566,5,Low-Ca Pyroxene,8,432,256
UP,450,567,5,Low-Ca Pyroxene,8,432,256
UP,451,62,7,Monohydrated sulfate,12,432,256
UP,451,63,7,Monohydrated sulfate,12,432,256
UP,451,425,5,Low-Ca Pyroxene,8,432,256
UP,451,426,5,Low-Ca Pyroxene,8,432,256
UP,451,427,5,Low-Ca Pyroxene,8,432,256
UP,451,428,5,Low-Ca Pyroxene,8,432,256
UP,451,429,5,Low-Ca Pyroxene,8,432,256
UP,451,430,5,Low-Ca Pyroxene,8,432,256
UP,451,431,5,Low-Ca Pyroxene,8,432,256
UP,451,501,5,Low-Ca Pyroxene,8,432,256
UP,451,502,5,Low-Ca Pyroxene,8,432,256
UP,451,503,5,Low-Ca Pyroxene,8,432,256
UP,451,504,5,Low-Ca Pyroxene,8,432,256
UP,451,505,5,Low-Ca Pyroxene,8,432,256
UP,451,506,5,Low-Ca Pyroxene,8,432,256
UP,451,507,5,Low-Ca Pyroxene,8,432,256
UP,451,508,5,Low-Ca Pyroxene,8,432,256
UP,451,509,5,Low-Ca Pyroxene,8,432,256
UP,451,510,5,Low-Ca Pyroxene,8,432,256
UP,451,511,5,Low-Ca Pyroxene,8,432,256
UP,451,512,5,Low-Ca Pyroxene,8,432,256
UP,451,513,5,Low-Ca Pyroxene,8,432,256
UP,451,514,5,Low-Ca Pyroxene,8,432,256
UP,451,515,5,Low-Ca Pyroxene,8,432,256
UP,451,516,5,Low-Ca Pyroxene,8,432,256
UP,451,517,5,Low-Ca Pyroxene,8,432,256
UP,451,518,5,Low-Ca Pyroxene,8,432,256
UP,451,519,5,Low-Ca Pyroxene,8,432,256
UP,451,520,5,Low-Ca Pyroxene,8,432,256
UP,451,521,5,Low-Ca Pyroxene,8,432,256
UP,451,522,5,Low-Ca Pyroxene,8,432,256
UP,451,523,5,Low-Ca Pyroxene,8,432,256
UP,451,524,5,Low-Ca Pyroxene,8,432,256
UP,451,525,5,Low-Ca Pyroxene,8,432,256
UP,451,526,5,Low-Ca Pyroxene,8,432,256
UP,451,527,5,Low-Ca Pyroxene,8,432,256
UP,451,528,5,Low-Ca Pyroxene,8,432,256
UP,451,529,5,Low-Ca Pyroxene,8,432,256
UP,451,530,5,Low-Ca Pyroxene,8,432,256
UP,451,531,5,Low-Ca Pyroxene,8,432,256
UP,451,532,5,Low-Ca Pyroxene,8,432,256
UP,451,533,5,Low-Ca Pyroxene,8,432,256
UP,451,534,5,Low-Ca Pyroxene,8,432,256
UP,451,535,5,Low-Ca Pyroxene,8,432,256
UP,451,536,5,Low-Ca Pyroxene,8,432,256
UP,451,537,5,Low-Ca Pyroxene,8,432,256
UP,451,538,5,Low-Ca Pyroxene,8,432,256
UP,451,539,5,Low-Ca Pyroxene,8,432,256
UP,451,540,5,Low-Ca Pyroxene,8,432,256
UP,451,541,5,Low-Ca Pyroxene,8,432,256
UP,451,542,5,Low-Ca Pyroxene,8,432,256
UP,451,543,5,Low-Ca Pyroxene,8,432,256
UP,451,544,5,Low-Ca Pyroxene,8,432,256
UP,451,545,5,Low-Ca Pyroxene,8,432,256
UP,451,546,5,Low-Ca Pyroxene,8,432,256
UP,451,547,5,Low-Ca Pyroxene,8,432,256
UP,451,548,5,Low-Ca Pyroxene,8,432,256
UP,451,549,5,Low-Ca Pyroxene,8,432,256
UP,451,550,5,Low-Ca Pyroxene,8,432,256
UP,451,551,5,Low-Ca Pyroxene,8,432,256
UP,451,552,5,Low-Ca Pyroxene,8,432,256
UP,451,553,5,Low-Ca Pyroxene,8,432,256
UP,451,554,5,Low-Ca Pyroxene,8,432,256
UP,451,555,5,Low-Ca Pyroxene,8,432,256
UP,451,556,5,Low-Ca Pyroxene,8,432,256
UP,451,557,5,Low-Ca Pyroxene,8,432,256
UP,451,558,5,Low-Ca Pyroxene,8,432,256
UP,451,559,5,Low-Ca Pyroxene,8,432,256
UP,451,560,5,Low-Ca Pyroxene,8,432,256
UP,451,561,5,Low-Ca Pyroxene,8,432,256
UP,451,562,5,Low-Ca Pyroxene,8,432,256
UP,451,563,5,Low-Ca Pyroxene,8,432,256
UP,451,564,5,Low-Ca Pyroxene,8,432,256
UP,451,565,5,Low-Ca Pyroxene,8,432,256
UP,451,566,5,Low-Ca Pyroxene,8,432,256
UP,451,567,5,Low-Ca Pyroxene,8,432,256
UP,451,568,5,Low-Ca Pyroxene,8,432,256
UP,452,62,7,Monohydrated sulfate,12,432,256
UP,452,63,7,Monohydrated sulfate,12,432,256
UP,452,64,7,Monohydrated sulfate,12,432,256
UP,452,426,5,Low-Ca Pyroxene,8,432,256
UP,452,427,5,Low-Ca Pyroxene,8,432,256
UP,452,428,5,Low-Ca Pyroxene,8,432,256
UP,452,429,5,Low-Ca Pyroxene,8,432,256
UP,452,430,5,Low-Ca Pyroxene,8,432,256
UP,452,431,5,Low-Ca Pyroxene,8,432,256
UP,452,501,5,Low-Ca Pyroxene,8,432,256
UP,452,502,5,Low-Ca Pyroxene,8,432,256
UP,452,503,5,Low-Ca Pyroxene,8,432,256
UP,452,504,5,Low-Ca Pyroxene,8,432,256
UP,452,505,5,Low-Ca Pyroxene,8,432,256
UP,452,506,5,Low-Ca Pyroxene,8,432,256
UP,452,507,5,Low-Ca Pyroxene,8,432,256
UP,452,508,5,Low-Ca Pyroxene,8,432,256
UP,452,509,5,Low-Ca Pyroxene,8,432,256
UP,452,510,5,Low-Ca Pyroxene,8,432,256
UP,452,511,5,Low-Ca Pyroxene,8,432,256
UP,452,512,5,Low-Ca Pyroxene,8,432,256
UP,452,513,5,Low-Ca Pyroxene,8,432,256
UP,452,514,5,Low-Ca Pyroxene,8,432,256
UP,452,515,5,Low-Ca Pyroxene,8,432,256
UP,452,516,5,Low-Ca Pyroxene,8,432,256
UP,452,517,5,Low-Ca Pyroxene,8,432,256
UP,452,518,5,Low-Ca Pyroxene,8,432,256
UP,452,519,5,Low-Ca Pyroxene,8,432,256
UP,452,520,5,Low-Ca Pyroxene,8,432,256
UP,452,521,5,Low-Ca Pyroxene,8,432,256
UP,452,522,5,Low-Ca Pyroxene,8,432,256
UP,452,523,5,Low-Ca Pyroxene,8,432,256
UP,452,524,5,Low-Ca Pyroxene,8,432,256
UP,452,525,5,Low-Ca Pyroxene,8,432,256
UP,452,526,5,Low-Ca Pyroxene,8,432,256
UP,452,527,5,Low-Ca Pyroxene,8,432,256
UP,452,528,5,Low-Ca Pyroxene,8,432,256
UP,452,529,5,Low-Ca Pyroxene,8,432,256
UP,452,530,5,Low-Ca Pyroxene,8,432,256
UP,452,531,5,Low-Ca Pyroxene,8,432,256
UP,452,532,5,Low-Ca Pyroxene,8,432,256
UP,452,533,5,Low-Ca Pyroxene,8,432,256
UP,452,534,5,Low-Ca Pyroxene,8,432,256
UP,452,535,5,Low-Ca Pyroxene,8,432,256
UP,452,536,5,Low-Ca Pyroxene,8,432,256
UP,452,537,5,Low-Ca Pyroxene,8,432,256
UP,452,538,5,Low-Ca Pyroxene,8,432,256
UP,452,539,5,Low-Ca Pyroxene,8,432,256
UP,452,540,5,Low-Ca Pyroxene,8,432,256
UP,452,541,5,Low-Ca Pyroxene,8,432,256
UP,452,542,5,Low-Ca Pyroxene,8,432,256
UP,452,543,5,Low-Ca Pyroxene,8,432,256
UP,452,544,5,Low-Ca Pyroxene,8,432,256
UP,452,545,5,Low-Ca Pyroxene,8,432,256
UP,452,546,5,Low-Ca Pyroxene,8,432,256
UP,452,547,5,Low-Ca Pyroxene,8,432,256
UP,452,548,5,Low-Ca Pyroxene,8,432,256
UP,452,549,5,Low-Ca Pyroxene,8,432,256
UP,452,550,5,Low-Ca Pyroxene,8,432,256
UP,452,551,5,Low-Ca Pyroxene,8,432,256
UP,452,552,5,Low-Ca Pyroxene,8,432,256
UP,452,553,5,Low-Ca Pyroxene,8,432,256
UP,452,554,5,Low-Ca Pyroxene,8,432,256
UP,452,555,5,Low-Ca Pyroxene,8,432,256
UP,452,556,5,Low-Ca Pyroxene,8,432,256
UP,452,557,5,Low-Ca Pyroxene,8,432,256
UP,452,558,5,Low-Ca Pyroxene,8,432,256
UP,452,559,5,Low-Ca Pyroxene,8,432,256
UP,452,560,5,Low-Ca Pyroxene,8,432,256
UP,452,561,5,Low-Ca Pyroxene,8,432,256
UP,452,562,5,Low-Ca Pyroxene,8,432,256
UP,452,563,5,Low-Ca Pyroxene,8,432,256
UP,452,564,5,Low-Ca Pyroxene,8,432,256
UP,452,565,5,Low-Ca Pyroxene,8,432,256
UP,452,566,5,Low-Ca Pyroxene,8,432,256
UP,452,567,5,Low-Ca Pyroxene,8,432,256
UP,452,568,5,Low-Ca Pyroxene,8,432,256
UP,452,569,5,Low-Ca Pyroxene,8,432,256
UP,453,62,7,Monohydrated sulfate,12,432,256
UP,453,63,7,Monohydrated sulfate,12,432,256
UP,453,64,7,Monohydrated sulfate,12,432,256
UP,453,65,7,Monohydrated sulfate,12,432,256
UP,453,429,5,Low-Ca Pyroxene,8,432,256
UP,453,430,5,Low-Ca Pyroxene,8,432,256
UP,453,431,5,Low-Ca Pyroxene,8,432,256
UP,453,501,5,Low-Ca Pyroxene,8,432,256
UP,453,502,5,Low-Ca Pyroxene,8,432,256
UP,453,503,5,Low-Ca Pyroxene,8,432,256
UP,453,504,5,Low-Ca Pyroxene,8,432,256
UP,453,505,5,Low-Ca Pyroxene,8,432,256
UP,453,506,5,Low-Ca Pyroxene,8,432,256
UP,453,507,5,Low-Ca Pyroxene,8,432,256
UP,453,508,5,Low-Ca Pyroxene,8,432,256
UP,453,509,5,Low-Ca Pyroxene,8,432,256
UP,453,510,5,Low-Ca Pyroxene,8,432,256
UP,453,511,5,Low-Ca Pyroxene,8,432,256
UP,453,512,5,Low-Ca Pyroxene,8,432,256
UP,453,513,5,Low-Ca Pyroxene,8,432,256
UP,453,514,5,Low-Ca Pyroxene,8,432,256
UP,453,515,5,Low-Ca Pyroxene,8,432,256
UP,453,516,5,Low-Ca Pyroxene,8,432,256
UP,453,517,5,Low-Ca Pyroxene,8,432,256
UP,453,518,5,Low-Ca Pyroxene,8,432,256
UP,453,519,5,Low-Ca Pyroxene,8,432,256
UP,453,520,5,Low-Ca Pyroxene,8,432,256
UP,453,521,5,Low-Ca Pyroxene,8,432,256
UP,453,522,5,Low-Ca Pyroxene,8,432,256
UP,453,523,5,Low-Ca Pyroxene,8,432,256
UP,453,524,5,Low-Ca Pyroxene,8,432,256
UP,453,525,5,Low-Ca Pyroxene,8,432,256
UP,453,526,5,Low-Ca Pyroxene,8,432,256
UP,453,527,5,Low-Ca Pyroxene,8,432,256
UP,453,528,5,Low-Ca Pyroxene,8,432,256
UP,453,529,5,Low-Ca Pyroxene,8,432,256
UP,453,530,5,Low-Ca Pyroxene,8,432,256
UP,453,531,5,Low-Ca Pyroxene,8,432,256
UP,453,532,5,Low-Ca Pyroxene,8,432,256
UP,453,533,5,Low-Ca Pyroxene,8,432,256
UP,453,534,5,Low-Ca Pyroxene,8,432,256
UP,453,535,5,Low-Ca Pyroxene,8,432,256
UP,453,536,5,Low-Ca Pyroxene,8,432,256
UP,453,537,5,Low-Ca Pyroxene,8,432,256
UP,453,538,5,Low-Ca Pyroxene,8,432,256
UP,453,539,5,Low-Ca Pyroxene,8,432,256
UP,453,540,5,Low-Ca Pyroxene,8,432,256
UP,453,541,5,Low-Ca Pyroxene,8,432,256
UP,453,542,5,Low-Ca Pyroxene,8,432,256
UP,453,543,5,Low-Ca Pyroxene,8,432,256
UP,453,544,5,Low-Ca Pyroxene,8,432,256
UP,453,545,5,Low-Ca Pyroxene,8,432,256
UP,453,546,5,Low-Ca Pyroxene,8,432,256
UP,453,547,5,Low-Ca Pyroxene,8,432,256
UP,453,548,5,Low-Ca Pyroxene,8,432,256
UP,453,549,5,Low-Ca Pyroxene,8,432,256
UP,453,550,5,Low-Ca Pyroxene,8,432,256
UP,453,551,5,Low-Ca Pyroxene,8,432,256
UP,453,552,5,Low-Ca Pyroxene,8,432,256
UP,453,553,5,Low-Ca Pyroxene,8,432,256
UP,453,554,5,Low-Ca Pyroxene,8,432,256
UP,453,555,5,Low-Ca Pyroxene,8,432,256
UP,453,556,5,Low-Ca Pyroxene,8,432,256
UP,453,557,5,Low-Ca Pyroxene,8,432,256
UP,453,558,5,Low-Ca Pyroxene,8,432,256
UP,453,559,5,Low-Ca Pyroxene,8,432,256
UP,453,560,5,Low-Ca Pyroxene,8,432,256
UP,453,561,5,Low-Ca Pyroxene,8,432,256
UP,453,562,5,Low-Ca Pyroxene,8,432,256
UP,453,563,5,Low-Ca Pyroxene,8,432,256
UP,453,564,5,Low-Ca Pyroxene,8,432,256
UP,453,565,5,Low-Ca Pyroxene,8,432,256
UP,453,566,5,Low-Ca Pyroxene,8,432,256
UP,453,567,5,Low-Ca Pyroxene,8,432,256
UP,453,568,5,Low-Ca Pyroxene,8,432,256
UP,453,569,5,Low-Ca Pyroxene,8,432,256
UP,453,570,5,Low-Ca Pyroxene,8,432,256
UP,453,571,5,Low-Ca Pyroxene,8,432,256
UP,454,63,7,Monohydrated sulfate,12,432,256
UP,454,64,7,Monohydrated sulfate,12,432,256
UP,454,65,7,Monohydrated sulfate,12,432,256
UP,454,430,5,Low-Ca Pyroxene,8,432,256
UP,454,501,5,Low-Ca Pyroxene,8,432,256
UP,454,502,5,Low-Ca Pyroxene,8,432,256
UP,454,503,5,Low-Ca Pyroxene,8,432,256
UP,454,504,5,Low-Ca Pyroxene,8,432,256
UP,454,505,5,Low-Ca Pyroxene,8,432,256
UP,454,506,5,Low-Ca Pyroxene,8,432,256
UP,454,507,5,Low-Ca Pyroxene,8,432,256
UP,454,508,5,Low-Ca Pyroxene,8,432,256
UP,454,509,5,Low-Ca Pyroxene,8,432,256
UP,454,510,5,Low-Ca Pyroxene,8,432,256
UP,454,511,5,Low-Ca Pyroxene,8,432,256
UP,454,512,5,Low-Ca Pyroxene,8,432,256
UP,454,513,5,Low-Ca Pyroxene,8,432,256
UP,454,514,5,Low-Ca Pyroxene,8,432,256
UP,454,515,5,Low-Ca Pyroxene,8,432,256
UP,454,516,5,Low-Ca Pyroxene,8,432,256
UP,454,517,5,Low-Ca Pyroxene,8,432,256
UP,454,518,5,Low-Ca Pyroxene,8,432,256
UP,454,519,5,Low-Ca Pyroxene,8,432,256
UP,454,520,5,Low-Ca Pyroxene,8,432,256
UP,454,521,5,Low-Ca Pyroxene,8,432,256
UP,454,522,5,Low-Ca Pyroxene,8,432,256
UP,454,523,5,Low-Ca Pyroxene,8,432,256
UP,454,524,5,Low-Ca Pyroxene,8,432,256
UP,454,525,5,Low-Ca Pyroxene,8,432,256
UP,454,526,5,Low-Ca Pyroxene,8,432,256
UP,454,527,5,Low-Ca Pyroxene,8,432,256
UP,454,528,5,Low-Ca Pyroxene,8,432,256
UP,454,529,5,Low-Ca Pyroxene,8,432,256
UP,454,530,5,Low-Ca Pyroxene,8,432,256
UP,454,531,5,Low-Ca Pyroxene,8,432,256
UP,454,532,5,Low-Ca Pyroxene,8,432,256
UP,454,533,5,Low-Ca Pyroxene,8,432,256
UP,454,534,5,Low-Ca Pyroxene,8,432,256
UP,454,535,5,Low-Ca Pyroxene,8,432,256
UP,454,536,5,Low-Ca Pyroxene,8,432,256
UP,454,537,5,Low-Ca Pyroxene,8,432,256
UP,454,538,5,Low-Ca Pyroxene,8,432,256
UP,454,539,5,Low-Ca Pyroxene,8,432,256
UP,454,540,5,Low-Ca Pyroxene,8,432,256
UP,454,541,5,Low-Ca Pyroxene,8,432,256
UP,454,542,5,Low-Ca Pyroxene,8,432,256
UP,454,543,5,Low-Ca Pyroxene,8,432,256
UP,454,544,5,Low-Ca Pyroxene,8,432,256
UP,454,545,5,Low-Ca Pyroxene,8,432,256
UP,454,546,5,Low-Ca Pyroxene,8,432,256
UP,454,547,5,Low-Ca Pyroxene,8,432,256
UP,454,548,5,Low-Ca Pyroxene,8,432,256
UP,454,549,5,Low-Ca Pyroxene,8,432,256
UP,454,550,5,Low-Ca Pyroxene,8,432,256
UP,454,551,5,Low-Ca Pyroxene,8,432,256
UP,454,552,5,Low-Ca Pyroxene,8,432,256
UP,454,553,5,Low-Ca Pyroxene,8,432,256
UP,454,554,5,Low-Ca Pyroxene,8,432,256
UP,454,555,5,Low-Ca Pyroxene,8,432,256
UP,454,556,5,Low-Ca Pyroxene,8,432,256
UP,454,557,5,Low-Ca Pyroxene,8,432,256
UP,454,558,5,Low-Ca Pyroxene,8,432,256
UP,454,559,5,Low-Ca Pyroxene,8,432,256
UP,454,560,5,Low-Ca Pyroxene,8,432,256
UP,454,561,5,Low-Ca Pyroxene,8,432,256
UP,454,562,5,Low-Ca Pyroxene,8,432,256
UP,454,563,5,Low-Ca Pyroxene,8,432,256
UP,454,564,5,Low-Ca Pyroxene,8,432,256
UP,454,565,5,Low-Ca Pyroxene,8,432,256
UP,454,566,5,Low-Ca Pyroxene,8,432,256
UP,454,567,5,Low-Ca Pyroxene,8,432,256
UP,454,568,5,Low-Ca Pyroxene,8,432,256
UP,454,569,5,Low-Ca Pyroxene,8,432,256
UP,454,570,5,Low-Ca Pyroxene,8,432,256
UP,454,571,5,Low-Ca Pyroxene,8,432,256
UP,454,572,5,Low-Ca Pyroxene,8,432,256
UP,454,573,5,Low-Ca Pyroxene,8,432,256
UP,454,574,5,Low-Ca Pyroxene,8,432,256
UP,455,500,5,Low-Ca Pyroxene,8,432,256
UP,455,501,5,Low-Ca Pyroxene,8,432,256
UP,455,502,5,Low-Ca Pyroxene,8,432,256
UP,455,503,5,Low-Ca Pyroxene,8,432,256
UP,455,504,5,Low-Ca Pyroxene,8,432,256
UP,455,505,5,Low-Ca Pyroxene,8,432,256
UP,455,506,5,Low-Ca Pyroxene,8,432,256
UP,455,507,5,Low-Ca Pyroxene,8,432,256
UP,455,508,5,Low-Ca Pyroxene,8,432,256
UP,455,509,5,Low-Ca Pyroxene,8,432,256
UP,455,510,5,Low-Ca Pyroxene,8,432,256
UP,455,511,5,Low-Ca Pyroxene,8,432,256
UP,455,512,5,Low-Ca Pyroxene,8,432,256
UP,455,513,5,Low-Ca Pyroxene,8,432,256
UP,455,514,5,Low-Ca Pyroxene,8,432,256
UP,455,515,5,Low-Ca Pyroxene,8,432,256
UP,455,516,5,Low-Ca Pyroxene,8,432,256
UP,455,517,5,Low-Ca Pyroxene,8,432,256
UP,455,518,5,Low-Ca Pyroxene,8,432,256
UP,455,519,5,Low-Ca Pyroxene,8,432,256
UP,455,520,5,Low-Ca Pyroxene,8,432,256
UP,455,521,5,Low-Ca Pyroxene,8,432,256
UP,455,522,5,Low-Ca Pyroxene,8,432,256
UP,455,523,5,Low-Ca Pyroxene,8,432,256
UP,455,524,5,Low-Ca Pyroxene,8,432,256
UP,455,525,5,Low-Ca Pyroxene,8,432,256
UP,455,526,5,Low-Ca Pyroxene,8,432,256
UP,455,527,5,Low-Ca Pyroxene,8,432,256
UP,455,528,5,Low-Ca Pyroxene,8,432,256
UP,455,529,5,Low-Ca Pyroxene,8,432,256
UP,455,530,5,Low-Ca Pyroxene,8,432,256
UP,455,531,5,Low-Ca Pyroxene,8,432,256
UP,455,532,5,Low-Ca Pyroxene,8,432,256
UP,455,533,5,Low-Ca Pyroxene,8,432,256
UP,455,534,5,Low-Ca Pyroxene,8,432,256
UP,455,535,5,Low-Ca Pyroxene,8,432,256
UP,455,536,5,Low-Ca Pyroxene,8,432,256
UP,455,537,5,Low-Ca Pyroxene,8,432,256
UP,455,538,5,Low-Ca Pyroxene,8,432,256
UP,455,539,5,Low-Ca Pyroxene,8,432,256
UP,455,540,5,Low-Ca Pyroxene,8,432,256
UP,455,541,5,Low-Ca Pyroxene,8,432,256
UP,455,542,5,Low-Ca Pyroxene,8,432,256
UP,455,543,5,Low-Ca Pyroxene,8,432,256
UP,455,544,5,Low-Ca Pyroxene,8,432,256
UP,455,545,5,Low-Ca Pyroxene,8,432,256
UP,455,546,5,Low-Ca Pyroxene,8,432,256
UP,455,547,5,Low-Ca Pyroxene,8,432,256
UP,455,548,5,Low-Ca Pyroxene,8,432,256
UP,455,549,5,Low-Ca Pyroxene,8,432,256
UP,455,550,5,Low-Ca Pyroxene,8,432,256
UP,455,551,5,Low-Ca Pyroxene,8,432,256
UP,455,552,5,Low-Ca Pyroxene,8,432,256
UP,455,553,5,Low-Ca Pyroxene,8,432,256
UP,455,554,5,Low-Ca Pyroxene,8,432,256
UP,455,555,5,Low-Ca Pyroxene,8,432,256
UP,455,556,5,Low-Ca Pyroxene,8,432,256
UP,455,557,5,Low-Ca Pyroxene,8,432,256
UP,455,558,5,Low-Ca Pyroxene,8,432,256
UP,455,559,5,Low-Ca Pyroxene,8,432,256
UP,455,560,5,Low-Ca Pyroxene,8,432,256
UP,455,561,5,Low-Ca Pyroxene,8,432,256
UP,455,562,5,Low-Ca Pyroxene,8,432,256
UP,455,563,5,Low-Ca Pyroxene,8,432,256
UP,455,564,5,Low-Ca Pyroxene,8,432,256
UP,455,565,5,Low-Ca Pyroxene,8,432,256
UP,455,566,5,Low-Ca Pyroxene,8,432,256
UP,455,567,5,Low-Ca Pyroxene,8,432,256
UP,455,568,5,Low-Ca Pyroxene,8,432,256
UP,455,569,5,Low-Ca Pyroxene,8,432,256
UP,455,570,5,Low-Ca Pyroxene,8,432,256
UP,455,571,5,Low-Ca Pyroxene,8,432,256
UP,455,572,5,Low-Ca Pyroxene,8,432,256
UP,455,573,5,Low-Ca Pyroxene,8,432,256
UP,455,574,5,Low-Ca Pyroxene,8,432,256
UP,455,575,5,Low-Ca Pyroxene,8,432,256
UP,455,576,5,Low-Ca Pyroxene,8,432,256
UP,455,577,5,Low-Ca Pyroxene,8,432,256
UP,455,578,5,Low-Ca Pyroxene,8,432,256
UP,456,500,5,Low-Ca Pyroxene,8,432,256
UP,456,501,5,Low-Ca Pyroxene,8,432,256
UP,456,502,5,Low-Ca Pyroxene,8,432,256
UP,456,503,5,Low-Ca Pyroxene,8,432,256
UP,456,504,5,Low-Ca Pyroxene,8,432,256
UP,456,505,5,Low-Ca Pyroxene,8,432,256
UP,456,506,5,Low-Ca Pyroxene,8,432,256
UP,456,507,5,Low-Ca Pyroxene,8,432,256
UP,456,508,5,Low-Ca Pyroxene,8,432,256
UP,456,509,5,Low-Ca Pyroxene,8,432,256
UP,456,510,5,Low-Ca Pyroxene,8,432,256
UP,456,511,5,Low-Ca Pyroxene,8,432,256
UP,456,512,5,Low-Ca Pyroxene,8,432,256
UP,456,513,5,Low-Ca Pyroxene,8,432,256
UP,456,514,5,Low-Ca Pyroxene,8,432,256
UP,456,515,5,Low-Ca Pyroxene,8,432,256
UP,456,516,5,Low-Ca Pyroxene,8,432,256
UP,456,517,5,Low-Ca Pyroxene,8,432,256
UP,456,518,5,Low-Ca Pyroxene,8,432,256
UP,456,519,5,Low-Ca Pyroxene,8,432,256
UP,456,520,5,Low-Ca Pyroxene,8,432,256
UP,456,521,5,Low-Ca Pyroxene,8,432,256
UP,456,522,5,Low-Ca Pyroxene,8,432,256
UP,456,523,5,Low-Ca Pyroxene,8,432,256
UP,456,524,5,Low-Ca Pyroxene,8,432,256
UP,456,525,5,Low-Ca Pyroxene,8,432,256
UP,456,526,5,Low-Ca Pyroxene,8,432,256
UP,456,527,5,Low-Ca Pyroxene,8,432,256
UP,456,528,5,Low-Ca Pyroxene,8,432,256
UP,456,529,5,Low-Ca Pyroxene,8,432,256
UP,456,530,5,Low-Ca Pyroxene,8,432,256
UP,456,531,5,Low-Ca Pyroxene,8,432,256
UP,456,532,5,Low-Ca Pyroxene,8,432,256
UP,456,533,5,Low-Ca Pyroxene,8,432,256
UP,456,534,5,Low-Ca Pyroxene,8,432,256
UP,456,535,5,Low-Ca Pyroxene,8,432,256
UP,456,536,5,Low-Ca Pyroxene,8,432,256
UP,456,537,5,Low-Ca Pyroxene,8,432,256
UP,456,538,5,Low-Ca Pyroxene,8,432,256
UP,456,539,5,Low-Ca Pyroxene,8,432,256
UP,456,540,5,Low-Ca Pyroxene,8,432,256
UP,456,541,5,Low-Ca Pyroxene,8,432,256
UP,456,542,5,Low-Ca Pyroxene,8,432,256
UP,456,543,5,Low-Ca Pyroxene,8,432,256
UP,456,544,5,Low-Ca Pyroxene,8,432,256
UP,456,545,5,Low-Ca Pyroxene,8,432,256
UP,456,546,5,Low-Ca Pyroxene,8,432,256
UP,456,547,5,Low-Ca Pyroxene,8,432,256
UP,456,548,5,Low-Ca Pyroxene,8,432,256
UP,456,549,5,Low-Ca Pyroxene,8,432,256
UP,456,550,5,Low-Ca Pyroxene,8,432,256
UP,456,551,5,Low-Ca Pyroxene,8,432,256
UP,456,552,5,Low-Ca Pyroxene,8,432,256
UP,456,553,5,Low-Ca Pyroxene,8,432,256
UP,456,554,5,Low-Ca Pyroxene,8,432,256
UP,456,555,5,Low-Ca Pyroxene,8,432,256
UP,456,556,5,Low-Ca Pyroxene,8,432,256
UP,456,557,5,Low-Ca Pyroxene,8,432,256
UP,456,558,5,Low-Ca Pyroxene,8,432,256
UP,456,559,5,Low-Ca Pyroxene,8,432,256
UP,456,560,5,Low-Ca Pyroxene,8,432,256
UP,456,561,5,Low-Ca Pyroxene,8,432,256
UP,456,562,5,Low-Ca Pyroxene,8,432,256
UP,456,563,5,Low-Ca Pyroxene,8,432,256
UP,456,564,5,Low-Ca Pyroxene,8,432,256
UP,456,565,5,Low-Ca Pyroxene,8,432,256
UP,456,566,5,Low-Ca Pyroxene,8,432,256
UP,456,567,5,Low-Ca Pyroxene,8,432,256
UP,456,568,5,Low-Ca Pyroxene,8,432,256
UP,456,569,5,Low-Ca Pyroxene,8,432,256
UP,456,570,5,Low-Ca Pyroxene,8,432,256
UP,456,571,5,Low-Ca Pyroxene,8,432,256
UP,456,572,5,Low-Ca Pyroxene,8,432,256
UP,456,573,5,Low-Ca Pyroxene,8,432,256
UP,456,574,5,Low-Ca Pyroxene,8,432,256
UP,456,575,5,Low-Ca Pyroxene,8,432,256
UP,456,576,5,Low-Ca Pyroxene,8,432,256
UP,456,577,5,Low-Ca Pyroxene,8,432,256
UP,456,578,5,Low-Ca Pyroxene,8,432,256
UP,456,579,5,Low-Ca Pyroxene,8,432,256
UP,456,580,5,Low-Ca Pyroxene,8,432,256
UP,457,500,5,Low-Ca Pyroxene,8,432,256
UP,457,501,5,Low-Ca Pyroxene,8,432,256
UP,457,502,5,Low-Ca Pyroxene,8,432,256
UP,457,503,5,Low-Ca Pyroxene,8,432,256
UP,457,504,5,Low-Ca Pyroxene,8,432,256
UP,457,505,5,Low-Ca Pyroxene,8,432,256
UP,457,506,5,Low-Ca Pyroxene,8,432,256
UP,457,507,5,Low-Ca Pyroxene,8,432,256
UP,457,508,5,Low-Ca Pyroxene,8,432,256
UP,457,509,5,Low-Ca Pyroxene,8,432,256
UP,457,510,5,Low-Ca Pyroxene,8,432,256
UP,457,511,5,Low-Ca Pyroxene,8,432,256
UP,457,512,5,Low-Ca Pyroxene,8,432,256
UP,457,513,5,Low-Ca Pyroxene,8,432,256
UP,457,514,5,Low-Ca Pyroxene,8,432,256
UP,457,515,5,Low-Ca Pyroxene,8,432,256
UP,457,516,5,Low-Ca Pyroxene,8,432,256
UP,457,517,5,Low-Ca Pyroxene,8,432,256
UP,457,518,5,Low-Ca Pyroxene,8,432,256
UP,457,519,5,Low-Ca Pyroxene,8,432,256
UP,457,520,5,Low-Ca Pyroxene,8,432,256
UP,457,521,5,Low-Ca Pyroxene,8,432,256
UP,457,522,5,Low-Ca Pyroxene,8,432,256
UP,457,523,5,Low-Ca Pyroxene,8,432,256
UP,457,524,5,Low-Ca Pyroxene,8,432,256
UP,457,525,5,Low-Ca Pyroxene,8,432,256
UP,457,526,5,Low-Ca Pyroxene,8,432,256
UP,457,527,5,Low-Ca Pyroxene,8,432,256
UP,457,528,5,Low-Ca Pyroxene,8,432,256
UP,457,529,5,Low-Ca Pyroxene,8,432,256
UP,457,530,5,Low-Ca Pyroxene,8,432,256
UP,457,531,5,Low-Ca Pyroxene,8,432,256
UP,457,532,5,Low-Ca Pyroxene,8,432,256
UP,457,533,5,Low-Ca Pyroxene,8,432,256
UP,457,534,5,Low-Ca Pyroxene,8,432,256
UP,457,535,5,Low-Ca Pyroxene,8,432,256
UP,457,536,5,Low-Ca Pyroxene,8,432,256
UP,457,537,5,Low-Ca Pyroxene,8,432,256
UP,457,538,5,Low-Ca Pyroxene,8,432,256
UP,457,539,5,Low-Ca Pyroxene,8,432,256
UP,457,540,5,Low-Ca Pyroxene,8,432,256
UP,457,541,5,Low-Ca Pyroxene,8,432,256
UP,457,542,5,Low-Ca Pyroxene,8,432,256
UP,457,543,5,Low-Ca Pyroxene,8,432,256
UP,457,544,5,Low-Ca Pyroxene,8,432,256
UP,457,545,5,Low-Ca Pyroxene,8,432,256
UP,457,546,5,Low-Ca Pyroxene,8,432,256
UP,457,547,5,Low-Ca Pyroxene,8,432,256
UP,457,548,5,Low-Ca Pyroxene,8,432,256
UP,457,549,5,Low-Ca Pyroxene,8,432,256
UP,457,550,5,Low-Ca Pyroxene,8,432,256
UP,457,551,5,Low-Ca Pyroxene,8,432,256
UP,457,552,5,Low-Ca Pyroxene,8,432,256
UP,457,553,5,Low-Ca Pyroxene,8,432,256
UP,457,554,5,Low-Ca Pyroxene,8,432,256
UP,457,555,5,Low-Ca Pyroxene,8,432,256
UP,457,556,5,Low-Ca Pyroxene,8,432,256
UP,457,557,5,Low-Ca Pyroxene,8,432,256
UP,457,558,5,Low-Ca Pyroxene,8,432,256
UP,457,559,5,Low-Ca Pyroxene,8,432,256
UP,457,560,5,Low-Ca Pyroxene,8,432,256
UP,457,561,5,Low-Ca Pyroxene,8,432,256
UP,457,562,5,Low-Ca Pyroxene,8,432,256
UP,457,563,5,Low-Ca Pyroxene,8,432,256
UP,457,564,5,Low-Ca Pyroxene,8,432,256
UP,457,565,5,Low-Ca Pyroxene,8,432,256
UP,457,566,5,Low-Ca Pyroxene,8,432,256
UP,457,567,5,Low-Ca Pyroxene,8,432,256
UP,457,568,5,Low-Ca Pyroxene,8,432,256
UP,457,569,5,Low-Ca Pyroxene,8,432,256
UP,457,570,5,Low-Ca Pyroxene,8,432,256
UP,457,571,5,Low-Ca Pyroxene,8,432,256
UP,457,572,5,Low-Ca Pyroxene,8,432,256
UP,457,573,5,Low-Ca Pyroxene,8,432,256
UP,457,574,5,Low-Ca Pyroxene,8,432,256
UP,457,575,5,Low-Ca Pyroxene,8,432,256
UP,457,576,5,Low-Ca Pyroxene,8,432,256
UP,457,577,5,Low-Ca Pyroxene,8,432,256
UP,457,578,5,Low-Ca Pyroxene,8,432,256
UP,457,579,5,Low-Ca Pyroxene,8,432,256
UP,457,580,5,Low-Ca Pyroxene,8,432,256
UP,457,581,5,Low-Ca Pyroxene,8,432,256
UP,457,582,5,Low-Ca Pyroxene,8,432,256
UP,458,500,5,Low-Ca Pyroxene,8,432,256
UP,458,501,5,Low-Ca Pyroxene,8,432,256
UP,458,502,5,Low-Ca Pyroxene,8,432,256
UP,458,503,5,Low-Ca Pyroxene,8,432,256
UP,458,504,5,Low-Ca Pyroxene,8,432,256
UP,458,505,5,Low-Ca Pyroxene,8,432,256
UP,458,506,5,Low-Ca Pyroxene,8,432,256
UP,458,507,5,Low-Ca Pyroxene,8,432,256
UP,458,508,5,Low-Ca Pyroxene,8,432,256
UP,458,509,5,Low-Ca Pyroxene,8,432,256
UP,458,510,5,Low-Ca Pyroxene,8,432,256
UP,458,511,5,Low-Ca Pyroxene,8,432,256
UP,458,512,5,Low-Ca Pyroxene,8,432,256
UP,458,513,5,Low-Ca Pyroxene,8,432,256
UP,458,514,5,Low-Ca Pyroxene,8,432,256
UP,458,515,5,Low-Ca Pyroxene,8,432,256
UP,458,516,5,Low-Ca Pyroxene,8,432,256
UP,458,517,5,Low-Ca Pyroxene,8,432,256
UP,458,518,5,Low-Ca Pyroxene,8,432,256
UP,458,519,5,Low-Ca Pyroxene,8,432,256
UP,458,520,5,Low-Ca Pyroxene,8,432,256
UP,458,521,5,Low-Ca Pyroxene,8,432,256
UP,458,522,5,Low-Ca Pyroxene,8,432,256
UP,458,523,5,Low-Ca Pyroxene,8,432,256
UP,458,524,5,Low-Ca Pyroxene,8,432,256
UP,458,525,5,Low-Ca Pyroxene,8,432,256
UP,458,526,5,Low-Ca Pyroxene,8,432,256
UP,458,527,5,Low-Ca Pyroxene,8,432,256
UP,458,528,5,Low-Ca Pyroxene,8,432,256
UP,458,529,5,Low-Ca Pyroxene,8,432,256
UP,458,530,5,Low-Ca Pyroxene,8,432,256
UP,458,531,5,Low-Ca Pyroxene,8,432,256
UP,458,532,5,Low-Ca Pyroxene,8,432,256
UP,458,533,5,Low-Ca Pyroxene,8,432,256
UP,458,534,5,Low-Ca Pyroxene,8,432,256
UP,458,535,5,Low-Ca Pyroxene,8,432,256
UP,458,536,5,Low-Ca Pyroxene,8,432,256
UP,458,537,5,Low-Ca Pyroxene,8,432,256
UP,458,538,5,Low-Ca Pyroxene,8,432,256
UP,458,539,5,Low-Ca Pyroxene,8,432,256
UP,458,540,5,Low-Ca Pyroxene,8,432,256
UP,458,541,5,Low-Ca Pyroxene,8,432,256
UP,458,542,5,Low-Ca Pyroxene,8,432,256
UP,458,543,5,Low-Ca Pyroxene,8,432,256
UP,458,544,5,Low-Ca Pyroxene,8,432,256
UP,458,545,5,Low-Ca Pyroxene,8,432,256
UP,458,546,5,Low-Ca Pyroxene,8,432,256
UP,458,547,5,Low-Ca Pyroxene,8,432,256
UP,458,548,5,Low-Ca Pyroxene,8,432,256
UP,458,549,5,Low-Ca Pyroxene,8,432,256
UP,458,550,5,Low-Ca Pyroxene,8,432,256
UP,458,551,5,Low-Ca Pyroxene,8,432,256
UP,458,552,5,Low-Ca Pyroxene,8,432,256
UP,458,553,5,Low-Ca Pyroxene,8,432,256
UP,458,554,5,Low-Ca Pyroxene,8,432,256
UP,458,555,5,Low-Ca Pyroxene,8,432,256
UP,458,556,5,Low-Ca Pyroxene,8,432,256
UP,458,557,5,Low-Ca Pyroxene,8,432,256
UP,458,558,5,Low-Ca Pyroxene,8,432,256
UP,458,559,5,Low-Ca Pyroxene,8,432,256
UP,458,560,5,Low-Ca Pyroxene,8,432,256
UP,458,561,5,Low-Ca Pyroxene,8,432,256
UP,458,562,5,Low-Ca Pyroxene,8,432,256
UP,458,563,5,Low-Ca Pyroxene,8,432,256
UP,458,564,5,Low-Ca Pyroxene,8,432,256
UP,458,565,5,Low-Ca Pyroxene,8,432,256
UP,458,566,5,Low-Ca Pyroxene,8,432,256
UP,458,567,5,Low-Ca Pyroxene,8,432,256
UP,458,568,5,Low-Ca Pyroxene,8,432,256
UP,458,569,5,Low-Ca Pyroxene,8,432,256
UP,458,570,5,Low-Ca Pyroxene,8,432,256
UP,458,571,5,Low-Ca Pyroxene,8,432,256
UP,458,572,5,Low-Ca Pyroxene,8,432,256
UP,458,573,5,Low-Ca Pyroxene,8,432,256
UP,458,574,5,Low-Ca Pyroxene,8,432,256
UP,458,575,5,Low-Ca Pyroxene,8,432,256
UP,458,576,5,Low-Ca Pyroxene,8,432,256
UP,458,577,5,Low-Ca Pyroxene,8,432,256
UP,458,578,5,Low-Ca Pyroxene,8,432,256
UP,458,579,5,Low-Ca Pyroxene,8,432,256
UP,458,580,5,Low-Ca Pyroxene,8,432,256
UP,458,581,5,Low-Ca Pyroxene,8,432,256
UP,458,582,5,Low-Ca Pyroxene,8,432,256
UP,458,583,5,Low-Ca Pyroxene,8,432,256
UP,458,584,5,Low-Ca Pyroxene,8,432,256
UP,458,585,5,Low-Ca Pyroxene,8,432,256
UP,458,586,5,Low-Ca Pyroxene,8,432,256
UP,458,587,5,Low-Ca Pyroxene,8,432,256
UP,459,500,5,Low-Ca Pyroxene,8,432,256
UP,459,501,5,Low-Ca Pyroxene,8,432,256
UP,459,502,5,Low-Ca Pyroxene,8,432,256
UP,459,503,5,Low-Ca Pyroxene,8,432,256
UP,459,504,5,Low-Ca Pyroxene,8,432,256
UP,459,505,5,Low-Ca Pyroxene,8,432,256
UP,459,506,5,Low-Ca Pyroxene,8,432,256
UP,459,507,5,Low-Ca Pyroxene,8,432,256
UP,459,508,5,Low-Ca Pyroxene,8,432,256
UP,459,509,5,Low-Ca Pyroxene,8,432,256
UP,459,510,5,Low-Ca Pyroxene,8,432,256
UP,459,511,5,Low-Ca Pyroxene,8,432,256
UP,459,512,5,Low-Ca Pyroxene,8,432,256
UP,459,513,5,Low-Ca Pyroxene,8,432,256
UP,459,514,5,Low-Ca Pyroxene,8,432,256
UP,459,515,5,Low-Ca Pyroxene,8,432,256
UP,459,516,5,Low-Ca Pyroxene,8,432,256
UP,459,517,5,Low-Ca Pyroxene,8,432,256
UP,459,518,5,Low-Ca Pyroxene,8,432,256
UP,459,519,5,Low-Ca Pyroxene,8,432,256
UP,459,520,5,Low-Ca Pyroxene,8,432,256
UP,459,521,5,Low-Ca Pyroxene,8,432,256
UP,459,522,5,Low-Ca Pyroxene,8,432,256
UP,459,523,5,Low-Ca Pyroxene,8,432,256
UP,459,524,5,Low-Ca Pyroxene,8,432,256
UP,459,525,5,Low-Ca Pyroxene,8,432,256
UP,459,526,5,Low-Ca Pyroxene,8,432,256
UP,459,527,5,Low-Ca Pyroxene,8,432,256
UP,459,528,5,Low-Ca Pyroxene,8,432,256
UP,459,529,5,Low-Ca Pyroxene,8,432,256
UP,459,530,5,Low-Ca Pyroxene,8,432,256
UP,459,531,5,Low-Ca Pyroxene,8,432,256
UP,459,532,5,Low-Ca Pyroxene,8,432,256
UP,459,533,5,Low-Ca Pyroxene,8,432,256
UP,459,534,5,Low-Ca Pyroxene,8,432,256
UP,459,535,5,Low-Ca Pyroxene,8,432,256
UP,459,536,5,Low-Ca Pyroxene,8,432,256
UP,459,537,5,Low-Ca Pyroxene,8,432,256
UP,459,538,5,Low-Ca Pyroxene,8,432,256
UP,459,539,5,Low-Ca Pyroxene,8,432,256
UP,459,540,5,Low-Ca Pyroxene,8,432,256
UP,459,541,5,Low-Ca Pyroxene,8,432,256
UP,459,542,5,Low-Ca Pyroxene,8,432,256
UP,459,543,5,Low-Ca Pyroxene,8,432,256
UP,459,544,5,Low-Ca Pyroxene,8,432,256
UP,459,545,5,Low-Ca Pyroxene,8,432,256
UP,459,546,5,Low-Ca Pyroxene,8,432,256
UP,459,547,5,Low-Ca Pyroxene,8,432,256
UP,459,548,5,Low-Ca Pyroxene,8,432,256
UP,459,549,5,Low-Ca Pyroxene,8,432,256
UP,459,550,5,Low-Ca Pyroxene,8,432,256
UP,459,551,5,Low-Ca Pyroxene,8,432,256
UP,459,552,5,Low-Ca Pyroxene,8,432,256
UP,459,553,5,Low-Ca Pyroxene,8,432,256
UP,459,554,5,Low-Ca Pyroxene,8,432,256
UP,459,555,5,Low-Ca Pyroxene,8,432,256
UP,459,556,5,Low-Ca Pyroxene,8,432,256
UP,459,557,5,Low-Ca Pyroxene,8,432,256
UP,459,558,5,Low-Ca Pyroxene,8,432,256
UP,459,559,5,Low-Ca Pyroxene,8,432,256
UP,459,560,5,Low-Ca Pyroxene,8,432,256
UP,459,561,5,Low-Ca Pyroxene,8,432,256
UP,459,562,5,Low-Ca Pyroxene,8,432,256
UP,459,563,5,Low-Ca Pyroxene,8,432,256
UP,459,564,5,Low-Ca Pyroxene,8,432,256
UP,459,565,5,Low-Ca Pyroxene,8,432,256
UP,459,566,5,Low-Ca Pyroxene,8,432,256
UP,459,567,5,Low-Ca Pyroxene,8,432,256
UP,459,568,5,Low-Ca Pyroxene,8,432,256
UP,459,569,5,Low-Ca Pyroxene,8,432,256
UP,459,570,5,Low-Ca Pyroxene,8,432,256
UP,459,571,5,Low-Ca Pyroxene,8,432,256
UP,459,572,5,Low-Ca Pyroxene,8,432,256
UP,459,573,5,Low-Ca Pyroxene,8,432,256
UP,459,574,5,Low-Ca Pyroxene,8,432,256
UP,459,575,5,Low-Ca Pyroxene,8,432,256
UP,459,576,5,Low-Ca Pyroxene,8,432,256
UP,459,577,5,Low-Ca Pyroxene,8,432,256
UP,459,578,5,Low-Ca Pyroxene,8,432,256
UP,459,579,5,Low-Ca Pyroxene,8,432,256
UP,459,580,5,Low-Ca Pyroxene,8,432,256
UP,459,581,5,Low-Ca Pyroxene,8,432,256
UP,459,582,5,Low-Ca Pyroxene,8,432,256
UP,459,583,5,Low-Ca Pyroxene,8,432,256
UP,459,584,5,Low-Ca Pyroxene,8,432,256
UP,459,585,5,Low-Ca Pyroxene,8,432,256
UP,459,586,5,Low-Ca Pyroxene,8,432,256
UP,459,587,5,Low-Ca Pyroxene,8,432,256
UP,459,588,5,Low-Ca Pyroxene,8,432,256
UP,459,589,5,Low-Ca Pyroxene,8,432,256
UP,459,590,5,Low-Ca Pyroxene,8,432,256
UP,459,591,5,Low-Ca Pyroxene,8,432,256
UP,459,592,5,Low-Ca Pyroxene,8,432,256
UP,460,464,5,Low-Ca Pyroxene,8,432,256
UP,460,465,5,Low-Ca Pyroxene,8,432,256
UP,460,466,5,Low-Ca Pyroxene,8,432,256
UP,460,467,5,Low-Ca Pyroxene,8,432,256
UP,460,468,5,Low-Ca Pyroxene,8,432,256
UP,460,469,5,Low-Ca Pyroxene,8,432,256
UP,460,470,5,Low-Ca Pyroxene,8,432,256
UP,460,471,5,Low-Ca Pyroxene,8,432,256
UP,460,472,5,Low-Ca Pyroxene,8,432,256
UP,460,473,5,Low-Ca Pyroxene,8,432,256
UP,460,474,5,Low-Ca Pyroxene,8,432,256
UP,460,475,5,Low-Ca Pyroxene,8,432,256
UP,460,476,5,Low-Ca Pyroxene,8,432,256
UP,460,477,5,Low-Ca Pyroxene,8,432,256
UP,460,478,5,Low-Ca Pyroxene,8,432,256
UP,460,500,5,Low-Ca Pyroxene,8,432,256
UP,460,501,5,Low-Ca Pyroxene,8,432,256
UP,460,502,5,Low-Ca Pyroxene,8,432,256
UP,460,503,5,Low-Ca Pyroxene,8,432,256
UP,460,504,5,Low-Ca Pyroxene,8,432,256
UP,460,505,5,Low-Ca Pyroxene,8,432,256
UP,460,506,5,Low-Ca Pyroxene,8,432,256
UP,460,507,5,Low-Ca Pyroxene,8,432,256
UP,460,508,5,Low-Ca Pyroxene,8,432,256
UP,460,509,5,Low-Ca Pyroxene,8,432,256
UP,460,510,5,Low-Ca Pyroxene,8,432,256
UP,460,511,5,Low-Ca Pyroxene,8,432,256
UP,460,512,5,Low-Ca Pyroxene,8,432,256
UP,460,513,5,Low-Ca Pyroxene,8,432,256
UP,460,514,5,Low-Ca Pyroxene,8,432,256
UP,460,515,5,Low-Ca Pyroxene,8,432,256
UP,460,516,5,Low-Ca Pyroxene,8,432,256
UP,460,517,5,Low-Ca Pyroxene,8,432,256
UP,460,518,5,Low-Ca Pyroxene,8,432,256
UP,460,519,5,Low-Ca Pyroxene,8,432,256
UP,460,520,5,Low-Ca Pyroxene,8,432,256
UP,460,521,5,Low-Ca Pyroxene,8,432,256
UP,460,522,5,Low-Ca Pyroxene,8,432,256
UP,460,523,5,Low-Ca Pyroxene,8,432,256
UP,460,524,5,Low-Ca Pyroxene,8,432,256
UP,460,525,5,Low-Ca Pyroxene,8,432,256
UP,460,526,5,Low-Ca Pyroxene,8,432,256
UP,460,527,5,Low-Ca Pyroxene,8,432,256
UP,460,528,5,Low-Ca Pyroxene,8,432,256
UP,460,529,5,Low-Ca Pyroxene,8,432,256
UP,460,530,5,Low-Ca Pyroxene,8,432,256
UP,460,531,5,Low-Ca Pyroxene,8,432,256
UP,460,532,5,Low-Ca Pyroxene,8,432,256
UP,460,533,5,Low-Ca Pyroxene,8,432,256
UP,460,534,5,Low-Ca Pyroxene,8,432,256
UP,460,535,5,Low-Ca Pyroxene,8,432,256
UP,460,536,5,Low-Ca Pyroxene,8,432,256
UP,460,537,5,Low-Ca Pyroxene,8,432,256
UP,460,538,5,Low-Ca Pyroxene,8,432,256
UP,460,539,5,Low-Ca Pyroxene,8,432,256
UP,460,540,5,Low-Ca Pyroxene,8,432,256
UP,460,541,5,Low-Ca Pyroxene,8,432,256
UP,460,542,5,Low-Ca Pyroxene,8,432,256
UP,460,543,5,Low-Ca Pyroxene,8,432,256
UP,460,544,5,Low-Ca Pyroxene,8,432,256
UP,460,545,5,Low-Ca Pyroxene,8,432,256
UP,460,546,5,Low-Ca Pyroxene,8,432,256
UP,460,547,5,Low-Ca Pyroxene,8,432,256
UP,460,548,5,Low-Ca Pyroxene,8,432,256
UP,460,549,5,Low-Ca Pyroxene,8,432,256
UP,460,550,5,Low-Ca Pyroxene,8,432,256
UP,460,551,5,Low-Ca Pyroxene,8,432,256
UP,460,552,5,Low-Ca Pyroxene,8,432,256
UP,460,553,5,Low-Ca Pyroxene,8,432,256
UP,460,554,5,Low-Ca Pyroxene,8,432,256
UP,460,555,5,Low-Ca Pyroxene,8,432,256
UP,460,556,5,Low-Ca Pyroxene,8,432,256
UP,460,557,5,Low-Ca Pyroxene,8,432,256
UP,460,558,5,Low-Ca Pyroxene,8,432,256
UP,460,559,5,Low-Ca Pyroxene,8,432,256
UP,460,560,5,Low-Ca Pyroxene,8,432,256
UP,460,561,5,Low-Ca Pyroxene,8,432,256
UP,460,562,5,Low-Ca Pyroxene,8,432,256
UP,460,563,5,Low-Ca Pyroxene,8,432,256
UP,460,564,5,Low-Ca Pyroxene,8,432,256
UP,460,565,5,Low-Ca Pyroxene,8,432,256
UP,460,566,5,Low-Ca Pyroxene,8,432,256
UP,460,567,5,Low-Ca Pyroxene,8,432,256
UP,460,568,5,Low-Ca Pyroxene,8,432,256
UP,460,569,5,Low-Ca Pyroxene,8,432,256
UP,460,570,5,Low-Ca Pyroxene,8,432,256
UP,460,571,5,Low-Ca Pyroxene,8,432,256
UP,460,572,5,Low-Ca Pyroxene,8,432,256
UP,460,573,5,Low-Ca Pyroxene,8,432,256
UP,460,574,5,Low-Ca Pyroxene,8,432,256
UP,460,575,5,Low-Ca Pyroxene,8,432,256
UP,460,576,5,Low-Ca Pyroxene,8,432,256
UP,460,577,5,Low-Ca Pyroxene,8,432,256
UP,460,578,5,Low-Ca Pyroxene,8,432,256
UP,460,579,5,Low-Ca Pyroxene,8,432,256
UP,460,580,5,Low-Ca Pyroxene,8,432,256
UP,460,581,5,Low-Ca Pyroxene,8,432,256
UP,460,582,5,Low-Ca Pyroxene,8,432,256
UP,460,583,5,Low-Ca Pyroxene,8,432,256
UP,460,584,5,Low-Ca Pyroxene,8,432,256
UP,460,585,5,Low-Ca Pyroxene,8,432,256
UP,460,586,5,Low-Ca Pyroxene,8,432,256
UP,460,587,5,Low-Ca Pyroxene,8,432,256
UP,460,588,5,Low-Ca Pyroxene,8,432,256
UP,460,589,5,Low-Ca Pyroxene,8,432,256
UP,460,590,5,Low-Ca Pyroxene,8,432,256
UP,460,591,5,Low-Ca Pyroxene,8,432,256
UP,460,592,5,Low-Ca Pyroxene,8,432,256
UP,460,593,5,Low-Ca Pyroxene,8,432,256
UP,461,463,5,Low-Ca Pyroxene,8,432,256
UP,461,464,5,Low-Ca Pyroxene,8,432,256
UP,461,465,5,Low-Ca Pyroxene,8,432,256
UP,461,466,5,Low-Ca Pyroxene,8,432,256
UP,461,467,5,Low-Ca Pyroxene,8,432,256
UP,461,468,5,Low-Ca Pyroxene,8,432,256
UP,461,469,5,Low-Ca Pyroxene,8,432,256
UP,461,470,5,Low-Ca Pyroxene,8,432,256
UP,461,471,5,Low-Ca Pyroxene,8,432,256
UP,461,472,5,Low-Ca Pyroxene,8,432,256
UP,461,473,5,Low-Ca Pyroxene,8,432,256
UP,461,474,5,Low-Ca Pyroxene,8,432,256
UP,461,475,5,Low-Ca Pyroxene,8,432,256
UP,461,476,5,Low-Ca Pyroxene,8,432,256
UP,461,477,5,Low-Ca Pyroxene,8,432,256
UP,461,478,5,Low-Ca Pyroxene,8,432,256
UP,461,479,5,Low-Ca Pyroxene,8,432,256
UP,461,480,5,Low-Ca Pyroxene,8,432,256
UP,461,481,5,Low-Ca Pyroxene,8,432,256
UP,461,482,5,Low-Ca Pyroxene,8,432,256
UP,461,483,5,Low-Ca Pyroxene,8,432,256
UP,461,500,5,Low-Ca Pyroxene,8,432,256
UP,461,501,5,Low-Ca Pyroxene,8,432,256
UP,461,502,5,Low-Ca Pyroxene,8,432,256
UP,461,503,5,Low-Ca Pyroxene,8,432,256
UP,461,504,5,Low-Ca Pyroxene,8,432,256
UP,461,505,5,Low-Ca Pyroxene,8,432,256
UP,461,506,5,Low-Ca Pyroxene,8,432,256
UP,461,507,5,Low-Ca Pyroxene,8,432,256
UP,461,508,5,Low-Ca Pyroxene,8,432,256
UP,461,509,5,Low-Ca Pyroxene,8,432,256
UP,461,510,5,Low-Ca Pyroxene,8,432,256
UP,461,511,5,Low-Ca Pyroxene,8,432,256
UP,461,512,5,Low-Ca Pyroxene,8,432,256
UP,461,513,5,Low-Ca Pyroxene,8,432,256
UP,461,514,5,Low-Ca Pyroxene,8,432,256
UP,461,515,5,Low-Ca Pyroxene,8,432,256
UP,461,516,5,Low-Ca Pyroxene,8,432,256
UP,461,517,5,Low-Ca Pyroxene,8,432,256
UP,461,518,5,Low-Ca Pyroxene,8,432,256
UP,461,519,5,Low-Ca Pyroxene,8,432,256
UP,461,520,5,Low-Ca Pyroxene,8,432,256
UP,461,521,5,Low-Ca Pyroxene,8,432,256
UP,461,522,5,Low-Ca Pyroxene,8,432,256
UP,461,523,5,Low-Ca Pyroxene,8,432,256
UP,461,524,5,Low-Ca Pyroxene,8,432,256
UP,461,525,5,Low-Ca Pyroxene,8,432,256
UP,461,526,5,Low-Ca Pyroxene,8,432,256
UP,461,527,5,Low-Ca Pyroxene,8,432,256
UP,461,528,5,Low-Ca Pyroxene,8,432,256
UP,461,529,5,Low-Ca Pyroxene,8,432,256
UP,461,530,5,Low-Ca Pyroxene,8,432,256
UP,461,531,5,Low-Ca Pyroxene,8,432,256
UP,461,532,5,Low-Ca Pyroxene,8,432,256
UP,461,533,5,Low-Ca Pyroxene,8,432,256
UP,461,534,5,Low-Ca Pyroxene,8,432,256
UP,461,535,5,Low-Ca Pyroxene,8,432,256
UP,461,536,5,Low-Ca Pyroxene,8,432,256
UP,461,537,5,Low-Ca Pyroxene,8,432,256
UP,461,538,5,Low-Ca Pyroxene,8,432,256
UP,461,539,5,Low-Ca Pyroxene,8,432,256
UP,461,540,5,Low-Ca Pyroxene,8,432,256
UP,461,541,5,Low-Ca Pyroxene,8,432,256
UP,461,542,5,Low-Ca Pyroxene,8,432,256
UP,461,543,5,Low-Ca Pyroxene,8,432,256
UP,461,544,5,Low-Ca Pyroxene,8,432,256
UP,461,545,5,Low-Ca Pyroxene,8,432,256
UP,461,546,5,Low-Ca Pyroxene,8,432,256
UP,461,547,5,Low-Ca Pyroxene,8,432,256
UP,461,548,5,Low-Ca Pyroxene,8,432,256
UP,461,549,5,Low-Ca Pyroxene,8,432,256
UP,461,550,5,Low-Ca Pyroxene,8,432,256
UP,461,551,5,Low-Ca Pyroxene,8,432,256
UP,461,552,5,Low-Ca Pyroxene,8,432,256
UP,461,553,5,Low-Ca Pyroxene,8,432,256
UP,461,554,5,Low-Ca Pyroxene,8,432,256
UP,461,555,5,Low-Ca Pyroxene,8,432,256
UP,461,556,5,Low-Ca Pyroxene,8,432,256
UP,461,557,5,Low-Ca Pyroxene,8,432,256
UP,461,558,5,Low-Ca Pyroxene,8,432,256
UP,461,559,5,Low-Ca Pyroxene,8,432,256
UP,461,560,5,Low-Ca Pyroxene,8,432,256
UP,461,561,5,Low-Ca Pyroxene,8,432,256
UP,461,562,5,Low-Ca Pyroxene,8,432,256
UP,461,563,5,Low-Ca Pyroxene,8,432,256
UP,461,564,5,Low-Ca Pyroxene,8,432,256
UP,461,565,5,Low-Ca Pyroxene,8,432,256
UP,461,566,5,Low-Ca Pyroxene,8,432,256
UP,461,567,5,Low-Ca Pyroxene,8,432,256
UP,461,568,5,Low-Ca Pyroxene,8,432,256
UP,461,569,5,Low-Ca Pyroxene,8,432,256
UP,461,570,5,Low-Ca Pyroxene,8,432,256
UP,461,571,5,Low-Ca Pyroxene,8,432,256
UP,461,572,5,Low-Ca Pyroxene,8,432,256
UP,461,573,5,Low-Ca Pyroxene,8,432,256
UP,461,574,5,Low-Ca Pyroxene,8,432,256
UP,461,575,5,Low-Ca Pyroxene,8,432,256
UP,461,576,5,Low-Ca Pyroxene,8,432,256
UP,461,577,5,Low-Ca Pyroxene,8,432,256
UP,461,578,5,Low-Ca Pyroxene,8,432,256
UP,461,579,5,Low-Ca Pyroxene,8,432,256
UP,461,580,5,Low-Ca Pyroxene,8,432,256
UP,461,581,5,Low-Ca Pyroxene,8,432,256
UP,461,582,5,Low-Ca Pyroxene,8,432,256
UP,461,583,5,Low-Ca Pyroxene,8,432,256
UP,461,584,5,Low-Ca Pyroxene,8,432,256
UP,461,585,5,Low-Ca Pyroxene,8,432,256
UP,461,586,5,Low-Ca Pyroxene,8,432,256
UP,461,587,5,Low-Ca Pyroxene,8,432,256
UP,461,588,5,Low-Ca Pyroxene,8,432,256
UP,461,589,5,Low-Ca Pyroxene,8,432,256
UP,461,590,5,Low-Ca Pyroxene,8,432,256
UP,461,591,5,Low-Ca Pyroxene,8,432,256
UP,461,592,5,Low-Ca Pyroxene,8,432,256
UP,461,593,5,Low-Ca Pyroxene,8,432,256
UP,461,594,5,Low-Ca Pyroxene,8,432,256
UP,462,461,5,Low-Ca Pyroxene,8,432,256
UP,462,462,5,Low-Ca Pyroxene,8,432,256
UP,462,463,5,Low-Ca Pyroxene,8,432,256
UP,462,464,5,Low-Ca Pyroxene,8,432,256
UP,462,465,5,Low-Ca Pyroxene,8,432,256
UP,462,466,5,Low-Ca Pyroxene,8,432,256
UP,462,467,5,Low-Ca Pyroxene,8,432,256
UP,462,468,5,Low-Ca Pyroxene,8,432,256
UP,462,469,5,Low-Ca Pyroxene,8,432,256
UP,462,470,5,Low-Ca Pyroxene,8,432,256
UP,462,471,5,Low-Ca Pyroxene,8,432,256
UP,462,472,5,Low-Ca Pyroxene,8,432,256
UP,462,473,5,Low-Ca Pyroxene,8,432,256
UP,462,474,5,Low-Ca Pyroxene,8,432,256
UP,462,475,5,Low-Ca Pyroxene,8,432,256
UP,462,476,5,Low-Ca Pyroxene,8,432,256
UP,462,477,5,Low-Ca Pyroxene,8,432,256
UP,462,478,5,Low-Ca Pyroxene,8,432,256
UP,462,479,5,Low-Ca Pyroxene,8,432,256
UP,462,480,5,Low-Ca Pyroxene,8,432,256
UP,462,481,5,Low-Ca Pyroxene,8,432,256
UP,462,482,5,Low-Ca Pyroxene,8,432,256
UP,462,483,5,Low-Ca Pyroxene,8,432,256
UP,462,484,5,Low-Ca Pyroxene,8,432,256
UP,462,485,5,Low-Ca Pyroxene,8,432,256
UP,462,500,5,Low-Ca Pyroxene,8,432,256
UP,462,501,5,Low-Ca Pyroxene,8,432,256
UP,462,502,5,Low-Ca Pyroxene,8,432,256
UP,462,503,5,Low-Ca Pyroxene,8,432,256
UP,462,504,5,Low-Ca Pyroxene,8,432,256
UP,462,505,5,Low-Ca Pyroxene,8,432,256
UP,462,506,5,Low-Ca Pyroxene,8,432,256
UP,462,507,5,Low-Ca Pyroxene,8,432,256
UP,462,508,5,Low-Ca Pyroxene,8,432,256
UP,462,509,5,Low-Ca Pyroxene,8,432,256
UP,462,510,5,Low-Ca Pyroxene,8,432,256
UP,462,511,5,Low-Ca Pyroxene,8,432,256
UP,462,512,5,Low-Ca Pyroxene,8,432,256
UP,462,513,5,Low-Ca Pyroxene,8,432,256
UP,462,514,5,Low-Ca Pyroxene,8,432,256
UP,462,515,5,Low-Ca Pyroxene,8,432,256
UP,462,516,5,Low-Ca Pyroxene,8,432,256
UP,462,517,5,Low-Ca Pyroxene,8,432,256
UP,462,518,5,Low-Ca Pyroxene,8,432,256
UP,462,519,5,Low-Ca Pyroxene,8,432,256
UP,462,520,5,Low-Ca Pyroxene,8,432,256
UP,462,521,5,Low-Ca Pyroxene,8,432,256
UP,462,522,5,Low-Ca Pyroxene,8,432,256
UP,462,523,5,Low-Ca Pyroxene,8,432,256
UP,462,524,5,Low-Ca Pyroxene,8,432,256
UP,462,525,5,Low-Ca Pyroxene,8,432,256
UP,462,526,5,Low-Ca Pyroxene,8,432,256
UP,462,527,5,Low-Ca Pyroxene,8,432,256
UP,462,528,5,Low-Ca Pyroxene,8,432,256
UP,462,529,5,Low-Ca Pyroxene,8,432,256
UP,462,530,5,Low-Ca Pyroxene,8,432,256
UP,462,531,5,Low-Ca Pyroxene,8,432,256
UP,462,532,5,Low-Ca Pyroxene,8,432,256
UP,462,533,5,Low-Ca Pyroxene,8,432,256
UP,462,534,5,Low-Ca Pyroxene,8,432,256
UP,462,535,5,Low-Ca Pyroxene,8,432,256
UP,462,536,5,Low-Ca Pyroxene,8,432,256
UP,462,537,5,Low-Ca Pyroxene,8,432,256
UP,462,538,5,Low-Ca Pyroxene,8,432,256
UP,462,539,5,Low-Ca Pyroxene,8,432,256
UP,462,540,5,Low-Ca Pyroxene,8,432,256
UP,462,541,5,Low-Ca Pyroxene,8,432,256
UP,462,542,5,Low-Ca Pyroxene,8,432,256
UP,462,543,5,Low-Ca Pyroxene,8,432,256
UP,462,544,5,Low-Ca Pyroxene,8,432,256
UP,462,545,5,Low-Ca Pyroxene,8,432,256
UP,462,546,5,Low-Ca Pyroxene,8,432,256
UP,462,547,5,Low-Ca Pyroxene,8,432,256
UP,462,548,5,Low-Ca Pyroxene,8,432,256
UP,462,549,5,Low-Ca Pyroxene,8,432,256
UP,462,550,5,Low-Ca Pyroxene,8,432,256
UP,462,551,5,Low-Ca Pyroxene,8,432,256
UP,462,552,5,Low-Ca Pyroxene,8,432,256
UP,462,553,5,Low-Ca Pyroxene,8,432,256
UP,462,554,5,Low-Ca Pyroxene,8,432,256
UP,462,555,5,Low-Ca Pyroxene,8,432,256
UP,462,556,5,Low-Ca Pyroxene,8,432,256
UP,462,557,5,Low-Ca Pyroxene,8,432,256
UP,462,558,5,Low-Ca Pyroxene,8,432,256
UP,462,559,5,Low-Ca Pyroxene,8,432,256
UP,462,560,5,Low-Ca Pyroxene,8,432,256
UP,462,561,5,Low-Ca Pyroxene,8,432,256
UP,462,562,5,Low-Ca Pyroxene,8,432,256
UP,462,563,5,Low-Ca Pyroxene,8,432,256
UP,462,564,5,Low-Ca Pyroxene,8,432,256
UP,462,565,5,Low-Ca Pyroxene,8,432,256
UP,462,566,5,Low-Ca Pyroxene,8,432,256
UP,462,567,5,Low-Ca Pyroxene,8,432,256
UP,462,568,5,Low-Ca Pyroxene,8,432,256
UP,462,569,5,Low-Ca Pyroxene,8,432,256
UP,462,570,5,Low-Ca Pyroxene,8,432,256
UP,462,571,5,Low-Ca Pyroxene,8,432,256
UP,462,572,5,Low-Ca Pyroxene,8,432,256
UP,462,573,5,Low-Ca Pyroxene,8,432,256
UP,462,574,5,Low-Ca Pyroxene,8,432,256
UP,462,575,5,Low-Ca Pyroxene,8,432,256
UP,462,576,5,Low-Ca Pyroxene,8,432,256
UP,462,577,5,Low-Ca Pyroxene,8,432,256
UP,462,578,5,Low-Ca Pyroxene,8,432,256
UP,462,579,5,Low-Ca Pyroxene,8,432,256
UP,462,580,5,Low-Ca Pyroxene,8,432,256
UP,462,581,5,Low-Ca Pyroxene,8,432,256
UP,462,582,5,Low-Ca Pyroxene,8,432,256
UP,462,583,5,Low-Ca Pyroxene,8,432,256
UP,462,584,5,Low-Ca Pyroxene,8,432,256
UP,462,585,5,Low-Ca Pyroxene,8,432,256
UP,462,586,5,Low-Ca Pyroxene,8,432,256
UP,462,587,5,Low-Ca Pyroxene,8,432,256
UP,462,588,5,Low-Ca Pyroxene,8,432,256
UP,462,589,5,Low-Ca Pyroxene,8,432,256
UP,462,590,5,Low-Ca Pyroxene,8,432,256
UP,462,591,5,Low-Ca Pyroxene,8,432,256
UP,462,592,5,Low-Ca Pyroxene,8,432,256
UP,462,593,5,Low-Ca Pyroxene,8,432,256
UP,462,594,5,Low-Ca Pyroxene,8,432,256
UP,463,460,5,Low-Ca Pyroxene,8,432,256
UP,463,461,5,Low-Ca Pyroxene,8,432,256
UP,463,462,5,Low-Ca Pyroxene,8,432,256
UP,463,463,5,Low-Ca Pyroxene,8,432,256
UP,463,464,5,Low-Ca Pyroxene,8,432,256
UP,463,465,5,Low-Ca Pyroxene,8,432,256
UP,463,466,5,Low-Ca Pyroxene,8,432,256
UP,463,467,5,Low-Ca Pyroxene,8,432,256
UP,463,468,5,Low-Ca Pyroxene,8,432,256
UP,463,469,5,Low-Ca Pyroxene,8,432,256
UP,463,470,5,Low-Ca Pyroxene,8,432,256
UP,463,471,5,Low-Ca Pyroxene,8,432,256
UP,463,472,5,Low-Ca Pyroxene,8,432,256
UP,463,473,5,Low-Ca Pyroxene,8,432,256
UP,463,474,5,Low-Ca Pyroxene,8,432,256
UP,463,475,5,Low-Ca Pyroxene,8,432,256
UP,463,476,5,Low-Ca Pyroxene,8,432,256
UP,463,477,5,Low-Ca Pyroxene,8,432,256
UP,463,478,5,Low-Ca Pyroxene,8,432,256
UP,463,479,5,Low-Ca Pyroxene,8,432,256
UP,463,480,5,Low-Ca Pyroxene,8,432,256
UP,463,481,5,Low-Ca Pyroxene,8,432,256
UP,463,482,5,Low-Ca Pyroxene,8,432,256
UP,463,483,5,Low-Ca Pyroxene,8,432,256
UP,463,484,5,Low-Ca Pyroxene,8,432,256
UP,463,485,5,Low-Ca Pyroxene,8,432,256
UP,463,486,5,Low-Ca Pyroxene,8,432,256
UP,463,487,5,Low-Ca Pyroxene,8,432,256
UP,463,488,5,Low-Ca Pyroxene,8,432,256
UP,463,489,5,Low-Ca Pyroxene,8,432,256
UP,463,500,5,Low-Ca Pyroxene,8,432,256
UP,463,501,5,Low-Ca Pyroxene,8,432,256
UP,463,502,5,Low-Ca Pyroxene,8,432,256
UP,463,503,5,Low-Ca Pyroxene,8,432,256
UP,463,504,5,Low-Ca Pyroxene,8,432,256
UP,463,505,5,Low-Ca Pyroxene,8,432,256
UP,463,506,5,Low-Ca Pyroxene,8,432,256
UP,463,507,5,Low-Ca Pyroxene,8,432,256
UP,463,508,5,Low-Ca Pyroxene,8,432,256
UP,463,509,5,Low-Ca Pyroxene,8,432,256
UP,463,510,5,Low-Ca Pyroxene,8,432,256
UP,463,511,5,Low-Ca Pyroxene,8,432,256
UP,463,512,5,Low-Ca Pyroxene,8,432,256
UP,463,513,5,Low-Ca Pyroxene,8,432,256
UP,463,514,5,Low-Ca Pyroxene,8,432,256
UP,463,515,5,Low-Ca Pyroxene,8,432,256
UP,463,516,5,Low-Ca Pyroxene,8,432,256
UP,463,517,5,Low-Ca Pyroxene,8,432,256
UP,463,518,5,Low-Ca Pyroxene,8,432,256
UP,463,519,5,Low-Ca Pyroxene,8,432,256
UP,463,520,5,Low-Ca Pyroxene,8,432,256
UP,463,521,5,Low-Ca Pyroxene,8,432,256
UP,463,522,5,Low-Ca Pyroxene,8,432,256
UP,463,523,5,Low-Ca Pyroxene,8,432,256
UP,463,524,5,Low-Ca Pyroxene,8,432,256
UP,463,525,5,Low-Ca Pyroxene,8,432,256
UP,463,526,5,Low-Ca Pyroxene,8,432,256
UP,463,527,5,Low-Ca Pyroxene,8,432,256
UP,463,528,5,Low-Ca Pyroxene,8,432,256
UP,463,529,5,Low-Ca Pyroxene,8,432,256
UP,463,530,5,Low-Ca Pyroxene,8,432,256
UP,463,531,5,Low-Ca Pyroxene,8,432,256
UP,463,532,5,Low-Ca Pyroxene,8,432,256
UP,463,533,5,Low-Ca Pyroxene,8,432,256
UP,463,534,5,Low-Ca Pyroxene,8,432,256
UP,463,535,5,Low-Ca Pyroxene,8,432,256
UP,463,536,5,Low-Ca Pyroxene,8,432,256
UP,463,537,5,Low-Ca Pyroxene,8,432,256
UP,463,538,5,Low-Ca Pyroxene,8,432,256
UP,463,539,5,Low-Ca Pyroxene,8,432,256
UP,463,540,5,Low-Ca Pyroxene,8,432,256
UP,463,541,5,Low-Ca Pyroxene,8,432,256
UP,463,542,5,Low-Ca Pyroxene,8,432,256
UP,463,543,5,Low-Ca Pyroxene,8,432,256
UP,463,544,5,Low-Ca Pyroxene,8,432,256
UP,463,545,5,Low-Ca Pyroxene,8,432,256
UP,463,546,5,Low-Ca Pyroxene,8,432,256
UP,463,547,5,Low-Ca Pyroxene,8,432,256
UP,463,548,5,Low-Ca Pyroxene,8,432,256
UP,463,549,5,Low-Ca Pyroxene,8,432,256
UP,463,550,5,Low-Ca Pyroxene,8,432,256
UP,463,551,5,Low-Ca Pyroxene,8,432,256
UP,463,552,5,Low-Ca Pyroxene,8,432,256
UP,463,553,5,Low-Ca Pyroxene,8,432,256
UP,463,554,5,Low-Ca Pyroxene,8,432,256
UP,463,555,5,Low-Ca Pyroxene,8,432,256
UP,463,556,5,Low-Ca Pyroxene,8,432,256
UP,463,557,5,Low-Ca Pyroxene,8,432,256
UP,463,558,5,Low-Ca Pyroxene,8,432,256
UP,463,559,5,Low-Ca Pyroxene,8,432,256
UP,463,560,5,Low-Ca Pyroxene,8,432,256
UP,463,561,5,Low-Ca Pyroxene,8,432,256
UP,463,562,5,Low-Ca Pyroxene,8,432,256
UP,463,563,5,Low-Ca Pyroxene,8,432,256
UP,463,564,5,Low-Ca Pyroxene,8,432,256
UP,463,565,5,Low-Ca Pyroxene,8,432,256
UP,463,566,5,Low-Ca Pyroxene,8,432,256
UP,463,567,5,Low-Ca Pyroxene,8,432,256
UP,463,568,5,Low-Ca Pyroxene,8,432,256
UP,463,569,5,Low-Ca Pyroxene,8,432,256
UP,463,570,5,Low-Ca Pyroxene,8,432,256
UP,463,571,5,Low-Ca Pyroxene,8,432,256
UP,463,572,5,Low-Ca Pyroxene,8,432,256
UP,463,573,5,Low-Ca Pyroxene,8,432,256
UP,463,574,5,Low-Ca Pyroxene,8,432,256
UP,463,575,5,Low-Ca Pyroxene,8,432,256
UP,463,576,5,Low-Ca Pyroxene,8,432,256
UP,463,577,5,Low-Ca Pyroxene,8,432,256
UP,463,578,5,Low-Ca Pyroxene,8,432,256
UP,463,579,5,Low-Ca Pyroxene,8,432,256
UP,463,580,5,Low-Ca Pyroxene,8,432,256
UP,463,581,5,Low-Ca Pyroxene,8,432,256
UP,463,582,5,Low-Ca Pyroxene,8,432,256
UP,463,583,5,Low-Ca Pyroxene,8,432,256
UP,463,584,5,Low-Ca Pyroxene,8,432,256
UP,463,585,5,Low-Ca Pyroxene,8,432,256
UP,463,586,5,Low-Ca Pyroxene,8,432,256
UP,463,587,5,Low-Ca Pyroxene,8,432,256
UP,463,588,5,Low-Ca Pyroxene,8,432,256
UP,463,589,5,Low-Ca Pyroxene,8,432,256
UP,463,590,5,Low-Ca Pyroxene,8,432,256
UP,463,591,5,Low-Ca Pyroxene,8,432,256
UP,463,592,5,Low-Ca Pyroxene,8,432,256
UP,463,593,5,Low-Ca Pyroxene,8,432,256
UP,463,594,5,Low-Ca Pyroxene,8,432,256
UP,464,17,7,Monohydrated sulfate,12,432,256
UP,464,18,7,Monohydrated sulfate,12,432,256
UP,464,19,7,Monohydrated sulfate,12,432,256
UP,464,459,5,Low-Ca Pyroxene,8,432,256
UP,464,460,5,Low-Ca Pyroxene,8,432,256
UP,464,461,5,Low-Ca Pyroxene,8,432,256
UP,464,462,5,Low-Ca Pyroxene,8,432,256
UP,464,463,5,Low-Ca Pyroxene,8,432,256
UP,464,464,5,Low-Ca Pyroxene,8,432,256
UP,464,465,5,Low-Ca Pyroxene,8,432,256
UP,464,466,5,Low-Ca Pyroxene,8,432,256
UP,464,467,5,Low-Ca Pyroxene,8,432,256
UP,464,468,5,Low-Ca Pyroxene,8,432,256
UP,464,469,5,Low-Ca Pyroxene,8,432,256
UP,464,470,5,Low-Ca Pyroxene,8,432,256
UP,464,471,5,Low-Ca Pyroxene,8,432,256
UP,464,472,5,Low-Ca Pyroxene,8,432,256
UP,464,473,5,Low-Ca Pyroxene,8,432,256
UP,464,474,5,Low-Ca Pyroxene,8,432,256
UP,464,475,5,Low-Ca Pyroxene,8,432,256
UP,464,476,5,Low-Ca Pyroxene,8,432,256
UP,464,477,5,Low-Ca Pyroxene,8,432,256
UP,464,478,5,Low-Ca Pyroxene,8,432,256
UP,464,479,5,Low-Ca Pyroxene,8,432,256
UP,464,480,5,Low-Ca Pyroxene,8,432,256
UP,464,481,5,Low-Ca Pyroxene,8,432,256
UP,464,482,5,Low-Ca Pyroxene,8,432,256
UP,464,483,5,Low-Ca Pyroxene,8,432,256
UP,464,484,5,Low-Ca Pyroxene,8,432,256
UP,464,485,5,Low-Ca Pyroxene,8,432,256
UP,464,486,5,Low-Ca Pyroxene,8,432,256
UP,464,487,5,Low-Ca Pyroxene,8,432,256
UP,464,488,5,Low-Ca Pyroxene,8,432,256
UP,464,489,5,Low-Ca Pyroxene,8,432,256
UP,464,490,5,Low-Ca Pyroxene,8,432,256
UP,464,500,5,Low-Ca Pyroxene,8,432,256
UP,464,501,5,Low-Ca Pyroxene,8,432,256
UP,464,502,5,Low-Ca Pyroxene,8,432,256
UP,464,503,5,Low-Ca Pyroxene,8,432,256
UP,464,504,5,Low-Ca Pyroxene,8,432,256
UP,464,505,5,Low-Ca Pyroxene,8,432,256
UP,464,506,5,Low-Ca Pyroxene,8,432,256
UP,464,507,5,Low-Ca Pyroxene,8,432,256
UP,464,508,5,Low-Ca Pyroxene,8,432,256
UP,464,509,5,Low-Ca Pyroxene,8,432,256
UP,464,510,5,Low-Ca Pyroxene,8,432,256
UP,464,511,5,Low-Ca Pyroxene,8,432,256
UP,464,512,5,Low-Ca Pyroxene,8,432,256
UP,464,513,5,Low-Ca Pyroxene,8,432,256
UP,464,514,5,Low-Ca Pyroxene,8,432,256
UP,464,515,5,Low-Ca Pyroxene,8,432,256
UP,464,516,5,Low-Ca Pyroxene,8,432,256
UP,464,517,5,Low-Ca Pyroxene,8,432,256
UP,464,518,5,Low-Ca Pyroxene,8,432,256
UP,464,519,5,Low-Ca Pyroxene,8,432,256
UP,464,520,5,Low-Ca Pyroxene,8,432,256
UP,464,521,5,Low-Ca Pyroxene,8,432,256
UP,464,522,5,Low-Ca Pyroxene,8,432,256
UP,464,523,5,Low-Ca Pyroxene,8,432,256
UP,464,524,5,Low-Ca Pyroxene,8,432,256
UP,464,525,5,Low-Ca Pyroxene,8,432,256
UP,464,526,5,Low-Ca Pyroxene,8,432,256
UP,464,527,5,Low-Ca Pyroxene,8,432,256
UP,464,528,5,Low-Ca Pyroxene,8,432,256
UP,464,529,5,Low-Ca Pyroxene,8,432,256
UP,464,530,5,Low-Ca Pyroxene,8,432,256
UP,464,531,5,Low-Ca Pyroxene,8,432,256
UP,464,532,5,Low-Ca Pyroxene,8,432,256
UP,464,533,5,Low-Ca Pyroxene,8,432,256
UP,464,534,5,Low-Ca Pyroxene,8,432,256
UP,464,535,5,Low-Ca Pyroxene,8,432,256
UP,464,536,5,Low-Ca Pyroxene,8,432,256
UP,464,537,5,Low-Ca Pyroxene,8,432,256
UP,464,538,5,Low-Ca Pyroxene,8,432,256
UP,464,539,5,Low-Ca Pyroxene,8,432,256
UP,464,540,5,Low-Ca Pyroxene,8,432,256
UP,464,541,5,Low-Ca Pyroxene,8,432,256
UP,464,542,5,Low-Ca Pyroxene,8,432,256
UP,464,543,5,Low-Ca Pyroxene,8,432,256
UP,464,544,5,Low-Ca Pyroxene,8,432,256
UP,464,545,5,Low-Ca Pyroxene,8,432,256
UP,464,546,5,Low-Ca Pyroxene,8,432,256
UP,464,547,5,Low-Ca Pyroxene,8,432,256
UP,464,548,5,Low-Ca Pyroxene,8,432,256
UP,464,549,5,Low-Ca Pyroxene,8,432,256
UP,464,550,5,Low-Ca Pyroxene,8,432,256
UP,464,551,5,Low-Ca Pyroxene,8,432,256
UP,464,552,5,Low-Ca Pyroxene,8,432,256
UP,464,553,5,Low-Ca Pyroxene,8,432,256
UP,464,554,5,Low-Ca Pyroxene,8,432,256
UP,464,555,5,Low-Ca Pyroxene,8,432,256
UP,464,556,5,Low-Ca Pyroxene,8,432,256
UP,464,557,5,Low-Ca Pyroxene,8,432,256
UP,464,558,5,Low-Ca Pyroxene,8,432,256
UP,464,559,5,Low-Ca Pyroxene,8,432,256
UP,464,560,5,Low-Ca Pyroxene,8,432,256
UP,464,561,5,Low-Ca Pyroxene,8,432,256
UP,464,562,5,Low-Ca Pyroxene,8,432,256
UP,464,563,5,Low-Ca Pyroxene,8,432,256
UP,464,564,5,Low-Ca Pyroxene,8,432,256
UP,464,565,5,Low-Ca Pyroxene,8,432,256
UP,464,566,5,Low-Ca Pyroxene,8,432,256
UP,464,567,5,Low-Ca Pyroxene,8,432,256
UP,464,568,5,Low-Ca Pyroxene,8,432,256
UP,464,569,5,Low-Ca Pyroxene,8,432,256
UP,464,570,5,Low-Ca Pyroxene,8,432,256
UP,464,571,5,Low-Ca Pyroxene,8,432,256
UP,464,572,5,Low-Ca Pyroxene,8,432,256
UP,464,573,5,Low-Ca Pyroxene,8,432,256
UP,464,574,5,Low-Ca Pyroxene,8,432,256
UP,464,575,5,Low-Ca Pyroxene,8,432,256
UP,464,576,5,Low-Ca Pyroxene,8,432,256
UP,464,577,5,Low-Ca Pyroxene,8,432,256
UP,464,578,5,Low-Ca Pyroxene,8,432,256
UP,464,579,5,Low-Ca Pyroxene,8,432,256
UP,464,580,5,Low-Ca Pyroxene,8,432,256
UP,464,581,5,Low-Ca Pyroxene,8,432,256
UP,464,582,5,Low-Ca Pyroxene,8,432,256
UP,464,583,5,Low-Ca Pyroxene,8,432,256
UP,464,584,5,Low-Ca Pyroxene,8,432,256
UP,464,585,5,Low-Ca Pyroxene,8,432,256
UP,464,586,5,Low-Ca Pyroxene,8,432,256
UP,464,587,5,Low-Ca Pyroxene,8,432,256
UP,464,588,5,Low-Ca Pyroxene,8,432,256
UP,464,589,5,Low-Ca Pyroxene,8,432,256
UP,464,590,5,Low-Ca Pyroxene,8,432,256
UP,464,591,5,Low-Ca Pyroxene,8,432,256
UP,464,592,5,Low-Ca Pyroxene,8,432,256
UP,464,593,5,Low-Ca Pyroxene,8,432,256
UP,464,594,5,Low-Ca Pyroxene,8,432,256
UP,465,16,7,Monohydrated sulfate,12,432,256
UP,465,17,7,Monohydrated sulfate,12,432,256
UP,465,18,7,Monohydrated sulfate,12,432,256
UP,465,19,7,Monohydrated sulfate,12,432,256
UP,465,20,7,Monohydrated sulfate,12,432,256
UP,465,458,5,Low-Ca Pyroxene,8,432,256
UP,465,459,5,Low-Ca Pyroxene,8,432,256
UP,465,460,5,Low-Ca Pyroxene,8,432,256
UP,465,461,5,Low-Ca Pyroxene,8,432,256
UP,465,462,5,Low-Ca Pyroxene,8,432,256
UP,465,463,5,Low-Ca Pyroxene,8,432,256
UP,465,464,5,Low-Ca Pyroxene,8,432,256
UP,465,465,5,Low-Ca Pyroxene,8,432,256
UP,465,466,5,Low-Ca Pyroxene,8,432,256
UP,465,467,5,Low-Ca Pyroxene,8,432,256
UP,465,468,5,Low-Ca Pyroxene,8,432,256
UP,465,469,5,Low-Ca Pyroxene,8,432,256
UP,465,470,5,Low-Ca Pyroxene,8,432,256
UP,465,471,5,Low-Ca Pyroxene,8,432,256
UP,465,472,5,Low-Ca Pyroxene,8,432,256
UP,465,473,5,Low-Ca Pyroxene,8,432,256
UP,465,474,5,Low-Ca Pyroxene,8,432,256
UP,465,475,5,Low-Ca Pyroxene,8,432,256
UP,465,476,5,Low-Ca Pyroxene,8,432,256
UP,465,477,5,Low-Ca Pyroxene,8,432,256
UP,465,478,5,Low-Ca Pyroxene,8,432,256
UP,465,479,5,Low-Ca Pyroxene,8,432,256
UP,465,480,5,Low-Ca Pyroxene,8,432,256
UP,465,481,5,Low-Ca Pyroxene,8,432,256
UP,465,482,5,Low-Ca Pyroxene,8,432,256
UP,465,483,5,Low-Ca Pyroxene,8,432,256
UP,465,484,5,Low-Ca Pyroxene,8,432,256
UP,465,485,5,Low-Ca Pyroxene,8,432,256
UP,465,486,5,Low-Ca Pyroxene,8,432,256
UP,465,487,5,Low-Ca Pyroxene,8,432,256
UP,465,488,5,Low-Ca Pyroxene,8,432,256
UP,465,489,5,Low-Ca Pyroxene,8,432,256
UP,465,490,5,Low-Ca Pyroxene,8,432,256
UP,465,491,5,Low-Ca Pyroxene,8,432,256
UP,465,492,5,Low-Ca Pyroxene,8,432,256
UP,465,500,5,Low-Ca Pyroxene,8,432,256
UP,465,501,5,Low-Ca Pyroxene,8,432,256
UP,465,502,5,Low-Ca Pyroxene,8,432,256
UP,465,503,5,Low-Ca Pyroxene,8,432,256
UP,465,504,5,Low-Ca Pyroxene,8,432,256
UP,465,505,5,Low-Ca Pyroxene,8,432,256
UP,465,506,5,Low-Ca Pyroxene,8,432,256
UP,465,507,5,Low-Ca Pyroxene,8,432,256
UP,465,508,5,Low-Ca Pyroxene,8,432,256
UP,465,509,5,Low-Ca Pyroxene,8,432,256
UP,465,510,5,Low-Ca Pyroxene,8,432,256
UP,465,511,5,Low-Ca Pyroxene,8,432,256
UP,465,512,5,Low-Ca Pyroxene,8,432,256
UP,465,513,5,Low-Ca Pyroxene,8,432,256
UP,465,514,5,Low-Ca Pyroxene,8,432,256
UP,465,515,5,Low-Ca Pyroxene,8,432,256
UP,465,516,5,Low-Ca Pyroxene,8,432,256
UP,465,517,5,Low-Ca Pyroxene,8,432,256
UP,465,518,5,Low-Ca Pyroxene,8,432,256
UP,465,519,5,Low-Ca Pyroxene,8,432,256
UP,465,520,5,Low-Ca Pyroxene,8,432,256
UP,465,521,5,Low-Ca Pyroxene,8,432,256
UP,465,522,5,Low-Ca Pyroxene,8,432,256
UP,465,523,5,Low-Ca Pyroxene,8,432,256
UP,465,524,5,Low-Ca Pyroxene,8,432,256
UP,465,525,5,Low-Ca Pyroxene,8,432,256
UP,465,526,5,Low-Ca Pyroxene,8,432,256
UP,465,527,5,Low-Ca Pyroxene,8,432,256
UP,465,528,5,Low-Ca Pyroxene,8,432,256
UP,465,529,5,Low-Ca Pyroxene,8,432,256
UP,465,530,5,Low-Ca Pyroxene,8,432,256
UP,465,531,5,Low-Ca Pyroxene,8,432,256
UP,465,532,5,Low-Ca Pyroxene,8,432,256
UP,465,533,5,Low-Ca Pyroxene,8,432,256
UP,465,534,5,Low-Ca Pyroxene,8,432,256
UP,465,535,5,Low-Ca Pyroxene,8,432,256
UP,465,536,5,Low-Ca Pyroxene,8,432,256
UP,465,537,5,Low-Ca Pyroxene,8,432,256
UP,465,538,5,Low-Ca Pyroxene,8,432,256
UP,465,539,5,Low-Ca Pyroxene,8,432,256
UP,465,540,5,Low-Ca Pyroxene,8,432,256
UP,465,541,5,Low-Ca Pyroxene,8,432,256
UP,465,542,5,Low-Ca Pyroxene,8,432,256
UP,465,543,5,Low-Ca Pyroxene,8,432,256
UP,465,544,5,Low-Ca Pyroxene,8,432,256
UP,465,545,5,Low-Ca Pyroxene,8,432,256
UP,465,546,5,Low-Ca Pyroxene,8,432,256
UP,465,547,5,Low-Ca Pyroxene,8,432,256
UP,465,548,5,Low-Ca Pyroxene,8,432,256
UP,465,549,5,Low-Ca Pyroxene,8,432,256
UP,465,550,5,Low-Ca Pyroxene,8,432,256
UP,465,551,5,Low-Ca Pyroxene,8,432,256
UP,465,552,5,Low-Ca Pyroxene,8,432,256
UP,465,553,5,Low-Ca Pyroxene,8,432,256
UP,465,554,5,Low-Ca Pyroxene,8,432,256
UP,465,555,5,Low-Ca Pyroxene,8,432,256
UP,465,556,5,Low-Ca Pyroxene,8,432,256
UP,465,557,5,Low-Ca Pyroxene,8,432,256
UP,465,558,5,Low-Ca Pyroxene,8,432,256
UP,465,559,5,Low-Ca Pyroxene,8,432,256
UP,465,560,5,Low-Ca Pyroxene,8,432,256
UP,465,561,5,Low-Ca Pyroxene,8,432,256
UP,465,562,5,Low-Ca Pyroxene,8,432,256
UP,465,563,5,Low-Ca Pyroxene,8,432,256
UP,465,564,5,Low-Ca Pyroxene,8,432,256
UP,465,565,5,Low-Ca Pyroxene,8,432,256
UP,465,566,5,Low-Ca Pyroxene,8,432,256
UP,465,567,5,Low-Ca Pyroxene,8,432,256
UP,465,568,5,Low-Ca Pyroxene,8,432,256
UP,465,569,5,Low-Ca Pyroxene,8,432,256
UP,465,570,5,Low-Ca Pyroxene,8,432,256
UP,465,571,5,Low-Ca Pyroxene,8,432,256
UP,465,572,5,Low-Ca Pyroxene,8,432,256
UP,465,573,5,Low-Ca Pyroxene,8,432,256
UP,465,574,5,Low-Ca Pyroxene,8,432,256
UP,465,575,5,Low-Ca Pyroxene,8,432,256
UP,465,576,5,Low-Ca Pyroxene,8,432,256
UP,465,577,5,Low-Ca Pyroxene,8,432,256
UP,465,578,5,Low-Ca Pyroxene,8,432,256
UP,465,579,5,Low-Ca Pyroxene,8,432,256
UP,465,580,5,Low-Ca Pyroxene,8,432,256
UP,465,581,5,Low-Ca Pyroxene,8,432,256
UP,465,582,5,Low-Ca Pyroxene,8,432,256
UP,465,583,5,Low-Ca Pyroxene,8,432,256
UP,465,584,5,Low-Ca Pyroxene,8,432,256
UP,465,585,5,Low-Ca Pyroxene,8,432,256
UP,465,586,5,Low-Ca Pyroxene,8,432,256
UP,465,587,5,Low-Ca Pyroxene,8,432,256
UP,465,588,5,Low-Ca Pyroxene,8,432,256
UP,465,589,5,Low-Ca Pyroxene,8,432,256
UP,465,590,5,Low-Ca Pyroxene,8,432,256
UP,465,591,5,Low-Ca Pyroxene,8,432,256
UP,465,592,5,Low-Ca Pyroxene,8,432,256
UP,465,593,5,Low-Ca Pyroxene,8,432,256
UP,465,594,5,Low-Ca Pyroxene,8,432,256
UP,466,16,7,Monohydrated sulfate,12,432,256
UP,466,17,7,Monohydrated sulfate,12,432,256
UP,466,18,7,Monohydrated sulfate,12,432,256
UP,466,19,7,Monohydrated sulfate,12,432,256
UP,466,20,7,Monohydrated sulfate,12,432,256
UP,466,457,5,Low-Ca Pyroxene,8,432,256
UP,466,458,5,Low-Ca Pyroxene,8,432,256
UP,466,459,5,Low-Ca Pyroxene,8,432,256
UP,466,460,5,Low-Ca Pyroxene,8,432,256
UP,466,461,5,Low-Ca Pyroxene,8,432,256
UP,466,462,5,Low-Ca Pyroxene,8,432,256
UP,466,463,5,Low-Ca Pyroxene,8,432,256
UP,466,464,5,Low-Ca Pyroxene,8,432,256
UP,466,465,5,Low-Ca Pyroxene,8,432,256
UP,466,466,5,Low-Ca Pyroxene,8,432,256
UP,466,467,5,Low-Ca Pyroxene,8,432,256
UP,466,468,5,Low-Ca Pyroxene,8,432,256
UP,466,469,5,Low-Ca Pyroxene,8,432,256
UP,466,470,5,Low-Ca Pyroxene,8,432,256
UP,466,471,5,Low-Ca Pyroxene,8,432,256
UP,466,472,5,Low-Ca Pyroxene,8,432,256
UP,466,473,5,Low-Ca Pyroxene,8,432,256
UP,466,474,5,Low-Ca Pyroxene,8,432,256
UP,466,475,5,Low-Ca Pyroxene,8,432,256
UP,466,476,5,Low-Ca Pyroxene,8,432,256
UP,466,477,5,Low-Ca Pyroxene,8,432,256
UP,466,478,5,Low-Ca Pyroxene,8,432,256
UP,466,479,5,Low-Ca Pyroxene,8,432,256
UP,466,480,5,Low-Ca Pyroxene,8,432,256
UP,466,481,5,Low-Ca Pyroxene,8,432,256
UP,466,482,5,Low-Ca Pyroxene,8,432,256
UP,466,483,5,Low-Ca Pyroxene,8,432,256
UP,466,484,5,Low-Ca Pyroxene,8,432,256
UP,466,485,5,Low-Ca Pyroxene,8,432,256
UP,466,486,5,Low-Ca Pyroxene,8,432,256
UP,466,487,5,Low-Ca Pyroxene,8,432,256
UP,466,488,5,Low-Ca Pyroxene,8,432,256
UP,466,489,5,Low-Ca Pyroxene,8,432,256
UP,466,490,5,Low-Ca Pyroxene,8,432,256
UP,466,491,5,Low-Ca Pyroxene,8,432,256
UP,466,492,5,Low-Ca Pyroxene,8,432,256
UP,466,493,5,Low-Ca Pyroxene,8,432,256
UP,466,500,5,Low-Ca Pyroxene,8,432,256
UP,466,501,5,Low-Ca Pyroxene,8,432,256
UP,466,502,5,Low-Ca Pyroxene,8,432,256
UP,466,503,5,Low-Ca Pyroxene,8,432,256
UP,466,504,5,Low-Ca Pyroxene,8,432,256
UP,466,505,5,Low-Ca Pyroxene,8,432,256
UP,466,506,5,Low-Ca Pyroxene,8,432,256
UP,466,507,5,Low-Ca Pyroxene,8,432,256
UP,466,508,5,Low-Ca Pyroxene,8,432,256
UP,466,509,5,Low-Ca Pyroxene,8,432,256
UP,466,510,5,Low-Ca Pyroxene,8,432,256
UP,466,511,5,Low-Ca Pyroxene,8,432,256
UP,466,512,5,Low-Ca Pyroxene,8,432,256
UP,466,513,5,Low-Ca Pyroxene,8,432,256
UP,466,514,5,Low-Ca Pyroxene,8,432,256
UP,466,515,5,Low-Ca Pyroxene,8,432,256
UP,466,516,5,Low-Ca Pyroxene,8,432,256
UP,466,517,5,Low-Ca Pyroxene,8,432,256
UP,466,518,5,Low-Ca Pyroxene,8,432,256
UP,466,519,5,Low-Ca Pyroxene,8,432,256
UP,466,520,5,Low-Ca Pyroxene,8,432,256
UP,466,521,5,Low-Ca Pyroxene,8,432,256
UP,466,522,5,Low-Ca Pyroxene,8,432,256
UP,466,523,5,Low-Ca Pyroxene,8,432,256
UP,466,524,5,Low-Ca Pyroxene,8,432,256
UP,466,525,5,Low-Ca Pyroxene,8,432,256
UP,466,526,5,Low-Ca Pyroxene,8,432,256
UP,466,527,5,Low-Ca Pyroxene,8,432,256
UP,466,528,5,Low-Ca Pyroxene,8,432,256
UP,466,529,5,Low-Ca Pyroxene,8,432,256
UP,466,530,5,Low-Ca Pyroxene,8,432,256
UP,466,531,5,Low-Ca Pyroxene,8,432,256
UP,466,532,5,Low-Ca Pyroxene,8,432,256
UP,466,533,5,Low-Ca Pyroxene,8,432,256
UP,466,534,5,Low-Ca Pyroxene,8,432,256
UP,466,535,5,Low-Ca Pyroxene,8,432,256
UP,466,536,5,Low-Ca Pyroxene,8,432,256
UP,466,537,5,Low-Ca Pyroxene,8,432,256
UP,466,538,5,Low-Ca Pyroxene,8,432,256
UP,466,539,5,Low-Ca Pyroxene,8,432,256
UP,466,540,5,Low-Ca Pyroxene,8,432,256
UP,466,541,5,Low-Ca Pyroxene,8,432,256
UP,466,542,5,Low-Ca Pyroxene,8,432,256
UP,466,543,5,Low-Ca Pyroxene,8,432,256
UP,466,544,5,Low-Ca Pyroxene,8,432,256
UP,466,545,5,Low-Ca Pyroxene,8,432,256
UP,466,546,5,Low-Ca Pyroxene,8,432,256
UP,466,547,5,Low-Ca Pyroxene,8,432,256
UP,466,548,5,Low-Ca Pyroxene,8,432,256
UP,466,549,5,Low-Ca Pyroxene,8,432,256
UP,466,550,5,Low-Ca Pyroxene,8,432,256
UP,466,551,5,Low-Ca Pyroxene,8,432,256
UP,466,552,5,Low-Ca Pyroxene,8,432,256
UP,466,553,5,Low-Ca Pyroxene,8,432,256
UP,466,554,5,Low-Ca Pyroxene,8,432,256
UP,466,555,5,Low-Ca Pyroxene,8,432,256
UP,466,556,5,Low-Ca Pyroxene,8,432,256
UP,466,557,5,Low-Ca Pyroxene,8,432,256
UP,466,558,5,Low-Ca Pyroxene,8,432,256
UP,466,559,5,Low-Ca Pyroxene,8,432,256
UP,466,560,5,Low-Ca Pyroxene,8,432,256
UP,466,561,5,Low-Ca Pyroxene,8,432,256
UP,466,562,5,Low-Ca Pyroxene,8,432,256
UP,466,563,5,Low-Ca Pyroxene,8,432,256
UP,466,564,5,Low-Ca Pyroxene,8,432,256
UP,466,565,5,Low-Ca Pyroxene,8,432,256
UP,466,566,5,Low-Ca Pyroxene,8,432,256
UP,466,567,5,Low-Ca Pyroxene,8,432,256
UP,466,568,5,Low-Ca Pyroxene,8,432,256
UP,466,569,5,Low-Ca Pyroxene,8,432,256
UP,466,570,5,Low-Ca Pyroxene,8,432,256
UP,466,571,5,Low-Ca Pyroxene,8,432,256
UP,466,572,5,Low-Ca Pyroxene,8,432,256
UP,466,573,5,Low-Ca Pyroxene,8,432,256
UP,466,574,5,Low-Ca Pyroxene,8,432,256
UP,466,575,5,Low-Ca Pyroxene,8,432,256
UP,466,576,5,Low-Ca Pyroxene,8,432,256
UP,466,577,5,Low-Ca Pyroxene,8,432,256
UP,466,578,5,Low-Ca Pyroxene,8,432,256
UP,466,579,5,Low-Ca Pyroxene,8,432,256
UP,466,580,5,Low-Ca Pyroxene,8,432,256
UP,466,581,5,Low-Ca Pyroxene,8,432,256
UP,466,582,5,Low-Ca Pyroxene,8,432,256
UP,466,583,5,Low-Ca Pyroxene,8,432,256
UP,466,584,5,Low-Ca Pyroxene,8,432,256
UP,466,585,5,Low-Ca Pyroxene,8,432,256
UP,466,586,5,Low-Ca Pyroxene,8,432,256
UP,466,587,5,Low-Ca Pyroxene,8,432,256
UP,466,588,5,Low-Ca Pyroxene,8,432,256
UP,466,589,5,Low-Ca Pyroxene,8,432,256
UP,466,590,5,Low-Ca Pyroxene,8,432,256
UP,466,591,5,Low-Ca Pyroxene,8,432,256
UP,466,592,5,Low-Ca Pyroxene,8,432,256
UP,466,593,5,Low-Ca Pyroxene,8,432,256
UP,466,594,5,Low-Ca Pyroxene,8,432,256
UP,467,17,7,Monohydrated sulfate,12,432,256
UP,467,18,7,Monohydrated sulfate,12,432,256
UP,467,19,7,Monohydrated sulfate,12,432,256
UP,467,68,7,Monohydrated sulfate,12,432,256
UP,467,69,7,Monohydrated sulfate,12,432,256
UP,467,73,7,Monohydrated sulfate,12,432,256
UP,467,74,7,Monohydrated sulfate,12,432,256
UP,467,75,7,Monohydrated sulfate,12,432,256
UP,467,457,5,Low-Ca Pyroxene,8,432,256
UP,467,458,5,Low-Ca Pyroxene,8,432,256
UP,467,459,5,Low-Ca Pyroxene,8,432,256
UP,467,460,5,Low-Ca Pyroxene,8,432,256
UP,467,461,5,Low-Ca Pyroxene,8,432,256
UP,467,462,5,Low-Ca Pyroxene,8,432,256
UP,467,463,5,Low-Ca Pyroxene,8,432,256
UP,467,464,5,Low-Ca Pyroxene,8,432,256
UP,467,465,5,Low-Ca Pyroxene,8,432,256
UP,467,466,5,Low-Ca Pyroxene,8,432,256
UP,467,467,5,Low-Ca Pyroxene,8,432,256
UP,467,468,5,Low-Ca Pyroxene,8,432,256
UP,467,469,5,Low-Ca Pyroxene,8,432,256
UP,467,470,5,Low-Ca Pyroxene,8,432,256
UP,467,471,5,Low-Ca Pyroxene,8,432,256
UP,467,472,5,Low-Ca Pyroxene,8,432,256
UP,467,473,5,Low-Ca Pyroxene,8,432,256
UP,467,474,5,Low-Ca Pyroxene,8,432,256
UP,467,475,5,Low-Ca Pyroxene,8,432,256
UP,467,476,5,Low-Ca Pyroxene,8,432,256
UP,467,477,5,Low-Ca Pyroxene,8,432,256
UP,467,478,5,Low-Ca Pyroxene,8,432,256
UP,467,479,5,Low-Ca Pyroxene,8,432,256
UP,467,480,5,Low-Ca Pyroxene,8,432,256
UP,467,481,5,Low-Ca Pyroxene,8,432,256
UP,467,482,5,Low-Ca Pyroxene,8,432,256
UP,467,483,5,Low-Ca Pyroxene,8,432,256
UP,467,484,5,Low-Ca Pyroxene,8,432,256
UP,467,485,5,Low-Ca Pyroxene,8,432,256
UP,467,486,5,Low-Ca Pyroxene,8,432,256
UP,467,487,5,Low-Ca Pyroxene,8,432,256
UP,467,488,5,Low-Ca Pyroxene,8,432,256
UP,467,489,5,Low-Ca Pyroxene,8,432,256
UP,467,490,5,Low-Ca Pyroxene,8,432,256
UP,467,491,5,Low-Ca Pyroxene,8,432,256
UP,467,492,5,Low-Ca Pyroxene,8,432,256
UP,467,493,5,Low-Ca Pyroxene,8,432,256
UP,467,500,5,Low-Ca Pyroxene,8,432,256
UP,467,501,5,Low-Ca Pyroxene,8,432,256
UP,467,502,5,Low-Ca Pyroxene,8,432,256
UP,467,503,5,Low-Ca Pyroxene,8,432,256
UP,467,504,5,Low-Ca Pyroxene,8,432,256
UP,467,505,5,Low-Ca Pyroxene,8,432,256
UP,467,506,5,Low-Ca Pyroxene,8,432,256
UP,467,507,5,Low-Ca Pyroxene,8,432,256
UP,467,508,5,Low-Ca Pyroxene,8,432,256
UP,467,509,5,Low-Ca Pyroxene,8,432,256
UP,467,510,5,Low-Ca Pyroxene,8,432,256
UP,467,511,5,Low-Ca Pyroxene,8,432,256
UP,467,512,5,Low-Ca Pyroxene,8,432,256
UP,467,513,5,Low-Ca Pyroxene,8,432,256
UP,467,514,5,Low-Ca Pyroxene,8,432,256
UP,467,515,5,Low-Ca Pyroxene,8,432,256
UP,467,516,5,Low-Ca Pyroxene,8,432,256
UP,467,517,5,Low-Ca Pyroxene,8,432,256
UP,467,518,5,Low-Ca Pyroxene,8,432,256
UP,467,519,5,Low-Ca Pyroxene,8,432,256
UP,467,520,5,Low-Ca Pyroxene,8,432,256
UP,467,521,5,Low-Ca Pyroxene,8,432,256
UP,467,522,5,Low-Ca Pyroxene,8,432,256
UP,467,523,5,Low-Ca Pyroxene,8,432,256
UP,467,524,5,Low-Ca Pyroxene,8,432,256
UP,467,525,5,Low-Ca Pyroxene,8,432,256
UP,467,526,5,Low-Ca Pyroxene,8,432,256
UP,467,527,5,Low-Ca Pyroxene,8,432,256
UP,467,528,5,Low-Ca Pyroxene,8,432,256
UP,467,529,5,Low-Ca Pyroxene,8,432,256
UP,467,530,5,Low-Ca Pyroxene,8,432,256
UP,467,531,5,Low-Ca Pyroxene,8,432,256
UP,467,532,5,Low-Ca Pyroxene,8,432,256
UP,467,533,5,Low-Ca Pyroxene,8,432,256
UP,467,534,5,Low-Ca Pyroxene,8,432,256
UP,467,535,5,Low-Ca Pyroxene,8,432,256
UP,467,536,5,Low-Ca Pyroxene,8,432,256
UP,467,537,5,Low-Ca Pyroxene,8,432,256
UP,467,538,5,Low-Ca Pyroxene,8,432,256
UP,467,539,5,Low-Ca Pyroxene,8,432,256
UP,467,540,5,Low-Ca Pyroxene,8,432,256
UP,467,541,5,Low-Ca Pyroxene,8,432,256
UP,467,542,5,Low-Ca Pyroxene,8,432,256
UP,467,543,5,Low-Ca Pyroxene,8,432,256
UP,467,544,5,Low-Ca Pyroxene,8,432,256
UP,467,545,5,Low-Ca Pyroxene,8,432,256
UP,467,546,5,Low-Ca Pyroxene,8,432,256
UP,467,547,5,Low-Ca Pyroxene,8,432,256
UP,467,548,5,Low-Ca Pyroxene,8,432,256
UP,467,549,5,Low-Ca Pyroxene,8,432,256
UP,467,550,5,Low-Ca Pyroxene,8,432,256
UP,467,551,5,Low-Ca Pyroxene,8,432,256
UP,467,552,5,Low-Ca Pyroxene,8,432,256
UP,467,553,5,Low-Ca Pyroxene,8,432,256
UP,467,554,5,Low-Ca Pyroxene,8,432,256
UP,467,555,5,Low-Ca Pyroxene,8,432,256
UP,467,556,5,Low-Ca Pyroxene,8,432,256
UP,467,557,5,Low-Ca Pyroxene,8,432,256
UP,467,558,5,Low-Ca Pyroxene,8,432,256
UP,467,559,5,Low-Ca Pyroxene,8,432,256
UP,467,560,5,Low-Ca Pyroxene,8,432,256
UP,467,561,5,Low-Ca Pyroxene,8,432,256
UP,467,562,5,Low-Ca Pyroxene,8,432,256
UP,467,563,5,Low-Ca Pyroxene,8,432,256
UP,467,564,5,Low-Ca Pyroxene,8,432,256
UP,467,565,5,Low-Ca Pyroxene,8,432,256
UP,467,566,5,Low-Ca Pyroxene,8,432,256
UP,467,567,5,Low-Ca Pyroxene,8,432,256
UP,467,568,5,Low-Ca Pyroxene,8,432,256
UP,467,569,5,Low-Ca Pyroxene,8,432,256
UP,467,570,5,Low-Ca Pyroxene,8,432,256
UP,467,571,5,Low-Ca Pyroxene,8,432,256
UP,467,572,5,Low-Ca Pyroxene,8,432,256
UP,467,573,5,Low-Ca Pyroxene,8,432,256
UP,467,574,5,Low-Ca Pyroxene,8,432,256
UP,467,575,5,Low-Ca Pyroxene,8,432,256
UP,467,576,5,Low-Ca Pyroxene,8,432,256
UP,467,577,5,Low-Ca Pyroxene,8,432,256
UP,467,578,5,Low-Ca Pyroxene,8,432,256
UP,467,579,5,Low-Ca Pyroxene,8,432,256
UP,467,580,5,Low-Ca Pyroxene,8,432,256
UP,467,581,5,Low-Ca Pyroxene,8,432,256
UP,467,582,5,Low-Ca Pyroxene,8,432,256
UP,467,583,5,Low-Ca Pyroxene,8,432,256
UP,467,584,5,Low-Ca Pyroxene,8,432,256
UP,467,585,5,Low-Ca Pyroxene,8,432,256
UP,467,586,5,Low-Ca Pyroxene,8,432,256
UP,467,587,5,Low-Ca Pyroxene,8,432,256
UP,467,588,5,Low-Ca Pyroxene,8,432,256
UP,467,589,5,Low-Ca Pyroxene,8,432,256
UP,467,590,5,Low-Ca Pyroxene,8,432,256
UP,467,591,5,Low-Ca Pyroxene,8,432,256
UP,467,592,5,Low-Ca Pyroxene,8,432,256
UP,467,593,5,Low-Ca Pyroxene,8,432,256
UP,467,594,5,Low-Ca Pyroxene,8,432,256
UP,468,68,7,Monohydrated sulfate,12,432,256
UP,468,69,7,Monohydrated sulfate,12,432,256
UP,468,73,7,Monohydrated sulfate,12,432,256
UP,468,74,7,Monohydrated sulfate,12,432,256
UP,468,75,7,Monohydrated sulfate,12,432,256
UP,468,456,5,Low-Ca Pyroxene,8,432,256
UP,468,457,5,Low-Ca Pyroxene,8,432,256
UP,468,458,5,Low-Ca Pyroxene,8,432,256
UP,468,459,5,Low-Ca Pyroxene,8,432,256
UP,468,460,5,Low-Ca Pyroxene,8,432,256
UP,468,461,5,Low-Ca Pyroxene,8,432,256
UP,468,462,5,Low-Ca Pyroxene,8,432,256
UP,468,463,5,Low-Ca Pyroxene,8,432,256
UP,468,464,5,Low-Ca Pyroxene,8,432,256
UP,468,465,5,Low-Ca Pyroxene,8,432,256
UP,468,466,5,Low-Ca Pyroxene,8,432,256
UP,468,467,5,Low-Ca Pyroxene,8,432,256
UP,468,468,5,Low-Ca Pyroxene,8,432,256
UP,468,469,5,Low-Ca Pyroxene,8,432,256
UP,468,470,5,Low-Ca Pyroxene,8,432,256
UP,468,471,5,Low-Ca Pyroxene,8,432,256
UP,468,472,5,Low-Ca Pyroxene,8,432,256
UP,468,473,5,Low-Ca Pyroxene,8,432,256
UP,468,474,5,Low-Ca Pyroxene,8,432,256
UP,468,475,5,Low-Ca Pyroxene,8,432,256
UP,468,476,5,Low-Ca Pyroxene,8,432,256
UP,468,477,5,Low-Ca Pyroxene,8,432,256
UP,468,478,5,Low-Ca Pyroxene,8,432,256
UP,468,479,5,Low-Ca Pyroxene,8,432,256
UP,468,480,5,Low-Ca Pyroxene,8,432,256
UP,468,481,5,Low-Ca Pyroxene,8,432,256
UP,468,482,5,Low-Ca Pyroxene,8,432,256
UP,468,483,5,Low-Ca Pyroxene,8,432,256
UP,468,484,5,Low-Ca Pyroxene,8,432,256
UP,468,485,5,Low-Ca Pyroxene,8,432,256
UP,468,486,5,Low-Ca Pyroxene,8,432,256
UP,468,487,5,Low-Ca Pyroxene,8,432,256
UP,468,488,5,Low-Ca Pyroxene,8,432,256
UP,468,489,5,Low-Ca Pyroxene,8,432,256
UP,468,490,5,Low-Ca Pyroxene,8,432,256
UP,468,491,5,Low-Ca Pyroxene,8,432,256
UP,468,492,5,Low-Ca Pyroxene,8,432,256
UP,468,493,5,Low-Ca Pyroxene,8,432,256
UP,468,500,5,Low-Ca Pyroxene,8,432,256
UP,468,501,5,Low-Ca Pyroxene,8,432,256
UP,468,502,5,Low-Ca Pyroxene,8,432,256
UP,468,503,5,Low-Ca Pyroxene,8,432,256
UP,468,504,5,Low-Ca Pyroxene,8,432,256
UP,468,505,5,Low-Ca Pyroxene,8,432,256
UP,468,506,5,Low-Ca Pyroxene,8,432,256
UP,468,507,5,Low-Ca Pyroxene,8,432,256
UP,468,508,5,Low-Ca Pyroxene,8,432,256
UP,468,509,5,Low-Ca Pyroxene,8,432,256
UP,468,510,5,Low-Ca Pyroxene,8,432,256
UP,468,511,5,Low-Ca Pyroxene,8,432,256
UP,468,512,5,Low-Ca Pyroxene,8,432,256
UP,468,513,5,Low-Ca Pyroxene,8,432,256
UP,468,514,5,Low-Ca Pyroxene,8,432,256
UP,468,515,5,Low-Ca Pyroxene,8,432,256
UP,468,516,5,Low-Ca Pyroxene,8,432,256
UP,468,517,5,Low-Ca Pyroxene,8,432,256
UP,468,518,5,Low-Ca Pyroxene,8,432,256
UP,468,519,5,Low-Ca Pyroxene,8,432,256
UP,468,520,5,Low-Ca Pyroxene,8,432,256
UP,468,521,5,Low-Ca Pyroxene,8,432,256
UP,468,522,5,Low-Ca Pyroxene,8,432,256
UP,468,523,5,Low-Ca Pyroxene,8,432,256
UP,468,524,5,Low-Ca Pyroxene,8,432,256
UP,468,525,5,Low-Ca Pyroxene,8,432,256
UP,468,526,5,Low-Ca Pyroxene,8,432,256
UP,468,527,5,Low-Ca Pyroxene,8,432,256
UP,468,528,5,Low-Ca Pyroxene,8,432,256
UP,468,529,5,Low-Ca Pyroxene,8,432,256
UP,468,530,5,Low-Ca Pyroxene,8,432,256
UP,468,531,5,Low-Ca Pyroxene,8,432,256
UP,468,532,5,Low-Ca Pyroxene,8,432,256
UP,468,533,5,Low-Ca Pyroxene,8,432,256
UP,468,534,5,Low-Ca Pyroxene,8,432,256
UP,468,535,5,Low-Ca Pyroxene,8,432,256
UP,468,536,5,Low-Ca Pyroxene,8,432,256
UP,468,537,5,Low-Ca Pyroxene,8,432,256
UP,468,538,5,Low-Ca Pyroxene,8,432,256
UP,468,539,5,Low-Ca Pyroxene,8,432,256
UP,468,540,5,Low-Ca Pyroxene,8,432,256
UP,468,541,5,Low-Ca Pyroxene,8,432,256
UP,468,542,5,Low-Ca Pyroxene,8,432,256
UP,468,543,5,Low-Ca Pyroxene,8,432,256
UP,468,544,5,Low-Ca Pyroxene,8,432,256
UP,468,545,5,Low-Ca Pyroxene,8,432,256
UP,468,546,5,Low-Ca Pyroxene,8,432,256
UP,468,547,5,Low-Ca Pyroxene,8,432,256
UP,468,548,5,Low-Ca Pyroxene,8,432,256
UP,468,549,5,Low-Ca Pyroxene,8,432,256
UP,468,550,5,Low-Ca Pyroxene,8,432,256
UP,468,551,5,Low-Ca Pyroxene,8,432,256
UP,468,552,5,Low-Ca Pyroxene,8,432,256
UP,468,553,5,Low-Ca Pyroxene,8,432,256
UP,468,554,5,Low-Ca Pyroxene,8,432,256
UP,468,555,5,Low-Ca Pyroxene,8,432,256
UP,468,556,5,Low-Ca Pyroxene,8,432,256
UP,468,557,5,Low-Ca Pyroxene,8,432,256
UP,468,558,5,Low-Ca Pyroxene,8,432,256
UP,468,559,5,Low-Ca Pyroxene,8,432,256
UP,468,560,5,Low-Ca Pyroxene,8,432,256
UP,468,561,5,Low-Ca Pyroxene,8,432,256
UP,468,562,5,Low-Ca Pyroxene,8,432,256
UP,468,563,5,Low-Ca Pyroxene,8,432,256
UP,468,564,5,Low-Ca Pyroxene,8,432,256
UP,468,565,5,Low-Ca Pyroxene,8,432,256
UP,468,566,5,Low-Ca Pyroxene,8,432,256
UP,468,567,5,Low-Ca Pyroxene,8,432,256
UP,468,568,5,Low-Ca Pyroxene,8,432,256
UP,468,569,5,Low-Ca Pyroxene,8,432,256
UP,468,570,5,Low-Ca Pyroxene,8,432,256
UP,468,571,5,Low-Ca Pyroxene,8,432,256
UP,468,572,5,Low-Ca Pyroxene,8,432,256
UP,468,573,5,Low-Ca Pyroxene,8,432,256
UP,468,574,5,Low-Ca Pyroxene,8,432,256
UP,468,575,5,Low-Ca Pyroxene,8,432,256
UP,468,576,5,Low-Ca Pyroxene,8,432,256
UP,468,577,5,Low-Ca Pyroxene,8,432,256
UP,468,578,5,Low-Ca Pyroxene,8,432,256
UP,468,579,5,Low-Ca Pyroxene,8,432,256
UP,468,580,5,Low-Ca Pyroxene,8,432,256
UP,468,581,5,Low-Ca Pyroxene,8,432,256
UP,468,582,5,Low-Ca Pyroxene,8,432,256
UP,468,583,5,Low-Ca Pyroxene,8,432,256
UP,468,584,5,Low-Ca Pyroxene,8,432,256
UP,468,585,5,Low-Ca Pyroxene,8,432,256
UP,468,586,5,Low-Ca Pyroxene,8,432,256
UP,468,587,5,Low-Ca Pyroxene,8,432,256
UP,468,588,5,Low-Ca Pyroxene,8,432,256
UP,468,589,5,Low-Ca Pyroxene,8,432,256
UP,468,590,5,Low-Ca Pyroxene,8,432,256
UP,468,591,5,Low-Ca Pyroxene,8,432,256
UP,468,592,5,Low-Ca Pyroxene,8,432,256
UP,468,593,5,Low-Ca Pyroxene,8,432,256
UP,468,594,5,Low-Ca Pyroxene,8,432,256
UP,469,21,7,Monohydrated sulfate,12,432,256
UP,469,22,7,Monohydrated sulfate,12,432,256
UP,469,23,7,Monohydrated sulfate,12,432,256
UP,469,73,7,Monohydrated sulfate,12,432,256
UP,469,74,7,Monohydrated sulfate,12,432,256
UP,469,75,7,Monohydrated sulfate,12,432,256
UP,469,456,5,Low-Ca Pyroxene,8,432,256
UP,469,457,5,Low-Ca Pyroxene,8,432,256
UP,469,458,5,Low-Ca Pyroxene,8,432,256
UP,469,459,5,Low-Ca Pyroxene,8,432,256
UP,469,460,5,Low-Ca Pyroxene,8,432,256
UP,469,461,5,Low-Ca Pyroxene,8,432,256
UP,469,462,5,Low-Ca Pyroxene,8,432,256
UP,469,463,5,Low-Ca Pyroxene,8,432,256
UP,469,464,5,Low-Ca Pyroxene,8,432,256
UP,469,465,5,Low-Ca Pyroxene,8,432,256
UP,469,466,5,Low-Ca Pyroxene,8,432,256
UP,469,467,5,Low-Ca Pyroxene,8,432,256
UP,469,468,5,Low-Ca Pyroxene,8,432,256
UP,469,469,5,Low-Ca Pyroxene,8,432,256
UP,469,470,5,Low-Ca Pyroxene,8,432,256
UP,469,471,5,Low-Ca Pyroxene,8,432,256
UP,469,472,5,Low-Ca Pyroxene,8,432,256
UP,469,473,5,Low-Ca Pyroxene,8,432,256
UP,469,474,5,Low-Ca Pyroxene,8,432,256
UP,469,475,5,Low-Ca Pyroxene,8,432,256
UP,469,476,5,Low-Ca Pyroxene,8,432,256
UP,469,477,5,Low-Ca Pyroxene,8,432,256
UP,469,478,5,Low-Ca Pyroxene,8,432,256
UP,469,479,5,Low-Ca Pyroxene,8,432,256
UP,469,480,5,Low-Ca Pyroxene,8,432,256
UP,469,481,5,Low-Ca Pyroxene,8,432,256
UP,469,482,5,Low-Ca Pyroxene,8,432,256
UP,469,483,5,Low-Ca Pyroxene,8,432,256
UP,469,484,5,Low-Ca Pyroxene,8,432,256
UP,469,485,5,Low-Ca Pyroxene,8,432,256
UP,469,486,5,Low-Ca Pyroxene,8,432,256
UP,469,487,5,Low-Ca Pyroxene,8,432,256
UP,469,488,5,Low-Ca Pyroxene,8,432,256
UP,469,489,5,Low-Ca Pyroxene,8,432,256
UP,469,490,5,Low-Ca Pyroxene,8,432,256
UP,469,491,5,Low-Ca Pyroxene,8,432,256
UP,469,492,5,Low-Ca Pyroxene,8,432,256
UP,469,493,5,Low-Ca Pyroxene,8,432,256
UP,469,494,5,Low-Ca Pyroxene,8,432,256
UP,469,499,5,Low-Ca Pyroxene,8,432,256
UP,469,500,5,Low-Ca Pyroxene,8,432,256
UP,469,501,5,Low-Ca Pyroxene,8,432,256
UP,469,502,5,Low-Ca Pyroxene,8,432,256
UP,469,503,5,Low-Ca Pyroxene,8,432,256
UP,469,504,5,Low-Ca Pyroxene,8,432,256
UP,469,505,5,Low-Ca Pyroxene,8,432,256
UP,469,506,5,Low-Ca Pyroxene,8,432,256
UP,469,507,5,Low-Ca Pyroxene,8,432,256
UP,469,508,5,Low-Ca Pyroxene,8,432,256
UP,469,509,5,Low-Ca Pyroxene,8,432,256
UP,469,510,5,Low-Ca Pyroxene,8,432,256
UP,469,511,5,Low-Ca Pyroxene,8,432,256
UP,469,512,5,Low-Ca Pyroxene,8,432,256
UP,469,513,5,Low-Ca Pyroxene,8,432,256
UP,469,514,5,Low-Ca Pyroxene,8,432,256
UP,469,515,5,Low-Ca Pyroxene,8,432,256
UP,469,516,5,Low-Ca Pyroxene,8,432,256
UP,469,517,5,Low-Ca Pyroxene,8,432,256
UP,469,518,5,Low-Ca Pyroxene,8,432,256
UP,469,519,5,Low-Ca Pyroxene,8,432,256
UP,469,520,5,Low-Ca Pyroxene,8,432,256
UP,469,521,5,Low-Ca Pyroxene,8,432,256
UP,469,522,5,Low-Ca Pyroxene,8,432,256
UP,469,523,5,Low-Ca Pyroxene,8,432,256
UP,469,524,5,Low-Ca Pyroxene,8,432,256
UP,469,525,5,Low-Ca Pyroxene,8,432,256
UP,469,526,5,Low-Ca Pyroxene,8,432,256
UP,469,527,5,Low-Ca Pyroxene,8,432,256
UP,469,528,5,Low-Ca Pyroxene,8,432,256
UP,469,529,5,Low-Ca Pyroxene,8,432,256
UP,469,530,5,Low-Ca Pyroxene,8,432,256
UP,469,531,5,Low-Ca Pyroxene,8,432,256
UP,469,532,5,Low-Ca Pyroxene,8,432,256
UP,469,533,5,Low-Ca Pyroxene,8,432,256
UP,469,534,5,Low-Ca Pyroxene,8,432,256
UP,469,535,5,Low-Ca Pyroxene,8,432,256
UP,469,536,5,Low-Ca Pyroxene,8,432,256
UP,469,537,5,Low-Ca Pyroxene,8,432,256
UP,469,538,5,Low-Ca Pyroxene,8,432,256
UP,469,539,5,Low-Ca Pyroxene,8,432,256
UP,469,540,5,Low-Ca Pyroxene,8,432,256
UP,469,541,5,Low-Ca Pyroxene,8,432,256
UP,469,542,5,Low-Ca Pyroxene,8,432,256
UP,469,543,5,Low-Ca Pyroxene,8,432,256
UP,469,544,5,Low-Ca Pyroxene,8,432,256
UP,469,545,5,Low-Ca Pyroxene,8,432,256
UP,469,546,5,Low-Ca Pyroxene,8,432,256
UP,469,547,5,Low-Ca Pyroxene,8,432,256
UP,469,548,5,Low-Ca Pyroxene,8,432,256
UP,469,549,5,Low-Ca Pyroxene,8,432,256
UP,469,550,5,Low-Ca Pyroxene,8,432,256
UP,469,551,5,Low-Ca Pyroxene,8,432,256
UP,469,552,5,Low-Ca Pyroxene,8,432,256
UP,469,553,5,Low-Ca Pyroxene,8,432,256
UP,469,554,5,Low-Ca Pyroxene,8,432,256
UP,469,555,5,Low-Ca Pyroxene,8,432,256
UP,469,556,5,Low-Ca Pyroxene,8,432,256
UP,469,557,5,Low-Ca Pyroxene,8,432,256
UP,469,558,5,Low-Ca Pyroxene,8,432,256
UP,469,559,5,Low-Ca Pyroxene,8,432,256
UP,469,560,5,Low-Ca Pyroxene,8,432,256
UP,469,561,5,Low-Ca Pyroxene,8,432,256
UP,469,562,5,Low-Ca Pyroxene,8,432,256
UP,469,563,5,Low-Ca Pyroxene,8,432,256
UP,469,564,5,Low-Ca Pyroxene,8,432,256
UP,469,565,5,Low-Ca Pyroxene,8,432,256
UP,469,566,5,Low-Ca Pyroxene,8,432,256
UP,469,567,5,Low-Ca Pyroxene,8,432,256
UP,469,568,5,Low-Ca Pyroxene,8,432,256
UP,469,569,5,Low-Ca Pyroxene,8,432,256
UP,469,570,5,Low-Ca Pyroxene,8,432,256
UP,469,571,5,Low-Ca Pyroxene,8,432,256
UP,469,572,5,Low-Ca Pyroxene,8,432,256
UP,469,573,5,Low-Ca Pyroxene,8,432,256
UP,469,574,5,Low-Ca Pyroxene,8,432,256
UP,469,575,5,Low-Ca Pyroxene,8,432,256
UP,469,576,5,Low-Ca Pyroxene,8,432,256
UP,469,577,5,Low-Ca Pyroxene,8,432,256
UP,469,578,5,Low-Ca Pyroxene,8,432,256
UP,469,579,5,Low-Ca Pyroxene,8,432,256
UP,469,580,5,Low-Ca Pyroxene,8,432,256
UP,469,581,5,Low-Ca Pyroxene,8,432,256
UP,469,582,5,Low-Ca Pyroxene,8,432,256
UP,469,583,5,Low-Ca Pyroxene,8,432,256
UP,469,584,5,Low-Ca Pyroxene,8,432,256
UP,469,585,5,Low-Ca Pyroxene,8,432,256
UP,469,586,5,Low-Ca Pyroxene,8,432,256
UP,469,587,5,Low-Ca Pyroxene,8,432,256
UP,469,588,5,Low-Ca Pyroxene,8,432,256
UP,469,589,5,Low-Ca Pyroxene,8,432,256
UP,469,590,5,Low-Ca Pyroxene,8,432,256
UP,469,591,5,Low-Ca Pyroxene,8,432,256
UP,469,592,5,Low-Ca Pyroxene,8,432,256
UP,469,593,5,Low-Ca Pyroxene,8,432,256
UP,469,594,5,Low-Ca Pyroxene,8,432,256
UP,470,19,7,Monohydrated sulfate,12,432,256
UP,470,20,7,Monohydrated sulfate,12,432,256
UP,470,21,7,Monohydrated sulfate,12,432,256
UP,470,22,7,Monohydrated sulfate,12,432,256
UP,470,23,7,Monohydrated sulfate,12,432,256
UP,470,456,5,Low-Ca Pyroxene,8,432,256
UP,470,457,5,Low-Ca Pyroxene,8,432,256
UP,470,458,5,Low-Ca Pyroxene,8,432,256
UP,470,459,5,Low-Ca Pyroxene,8,432,256
UP,470,460,5,Low-Ca Pyroxene,8,432,256
UP,470,461,5,Low-Ca Pyroxene,8,432,256
UP,470,462,5,Low-Ca Pyroxene,8,432,256
UP,470,463,5,Low-Ca Pyroxene,8,432,256
UP,470,464,5,Low-Ca Pyroxene,8,432,256
UP,470,465,5,Low-Ca Pyroxene,8,432,256
UP,470,466,5,Low-Ca Pyroxene,8,432,256
UP,470,467,5,Low-Ca Pyroxene,8,432,256
UP,470,468,5,Low-Ca Pyroxene,8,432,256
UP,470,469,5,Low-Ca Pyroxene,8,432,256
UP,470,470,5,Low-Ca Pyroxene,8,432,256
UP,470,471,5,Low-Ca Pyroxene,8,432,256
UP,470,472,5,Low-Ca Pyroxene,8,432,256
UP,470,473,5,Low-Ca Pyroxene,8,432,256
UP,470,474,5,Low-Ca Pyroxene,8,432,256
UP,470,475,5,Low-Ca Pyroxene,8,432,256
UP,470,476,5,Low-Ca Pyroxene,8,432,256
UP,470,477,5,Low-Ca Pyroxene,8,432,256
UP,470,478,5,Low-Ca Pyroxene,8,432,256
UP,470,479,5,Low-Ca Pyroxene,8,432,256
UP,470,480,5,Low-Ca Pyroxene,8,432,256
UP,470,481,5,Low-Ca Pyroxene,8,432,256
UP,470,482,5,Low-Ca Pyroxene,8,432,256
UP,470,483,5,Low-Ca Pyroxene,8,432,256
UP,470,484,5,Low-Ca Pyroxene,8,432,256
UP,470,485,5,Low-Ca Pyroxene,8,432,256
UP,470,486,5,Low-Ca Pyroxene,8,432,256
UP,470,487,5,Low-Ca Pyroxene,8,432,256
UP,470,488,5,Low-Ca Pyroxene,8,432,256
UP,470,489,5,Low-Ca Pyroxene,8,432,256
UP,470,490,5,Low-Ca Pyroxene,8,432,256
UP,470,491,5,Low-Ca Pyroxene,8,432,256
UP,470,492,5,Low-Ca Pyroxene,8,432,256
UP,470,493,5,Low-Ca Pyroxene,8,432,256
UP,470,494,5,Low-Ca Pyroxene,8,432,256
UP,470,499,5,Low-Ca Pyroxene,8,432,256
UP,470,500,5,Low-Ca Pyroxene,8,432,256
UP,470,501,5,Low-Ca Pyroxene,8,432,256
UP,470,502,5,Low-Ca Pyroxene,8,432,256
UP,470,503,5,Low-Ca Pyroxene,8,432,256
UP,470,504,5,Low-Ca Pyroxene,8,432,256
UP,470,505,5,Low-Ca Pyroxene,8,432,256
UP,470,506,5,Low-Ca Pyroxene,8,432,256
UP,470,507,5,Low-Ca Pyroxene,8,432,256
UP,470,508,5,Low-Ca Pyroxene,8,432,256
UP,470,509,5,Low-Ca Pyroxene,8,432,256
UP,470,510,5,Low-Ca Pyroxene,8,432,256
UP,470,511,5,Low-Ca Pyroxene,8,432,256
UP,470,512,5,Low-Ca Pyroxene,8,432,256
UP,470,513,5,Low-Ca Pyroxene,8,432,256
UP,470,514,5,Low-Ca Pyroxene,8,432,256
UP,470,515,5,Low-Ca Pyroxene,8,432,256
UP,470,516,5,Low-Ca Pyroxene,8,432,256
UP,470,517,5,Low-Ca Pyroxene,8,432,256
UP,470,518,5,Low-Ca Pyroxene,8,432,256
UP,470,519,5,Low-Ca Pyroxene,8,432,256
UP,470,520,5,Low-Ca Pyroxene,8,432,256
UP,470,521,5,Low-Ca Pyroxene,8,432,256
UP,470,522,5,Low-Ca Pyroxene,8,432,256
UP,470,523,5,Low-Ca Pyroxene,8,432,256
UP,470,524,5,Low-Ca Pyroxene,8,432,256
UP,470,525,5,Low-Ca Pyroxene,8,432,256
UP,470,526,5,Low-Ca Pyroxene,8,432,256
UP,470,527,5,Low-Ca Pyroxene,8,432,256
UP,470,528,5,Low-Ca Pyroxene,8,432,256
UP,470,529,5,Low-Ca Pyroxene,8,432,256
UP,470,530,5,Low-Ca Pyroxene,8,432,256
UP,470,531,5,Low-Ca Pyroxene,8,432,256
UP,470,532,5,Low-Ca Pyroxene,8,432,256
UP,470,533,5,Low-Ca Pyroxene,8,432,256
UP,470,534,5,Low-Ca Pyroxene,8,432,256
UP,470,535,5,Low-Ca Pyroxene,8,432,256
UP,470,536,5,Low-Ca Pyroxene,8,432,256
UP,470,537,5,Low-Ca Pyroxene,8,432,256
UP,470,538,5,Low-Ca Pyroxene,8,432,256
UP,470,539,5,Low-Ca Pyroxene,8,432,256
UP,470,540,5,Low-Ca Pyroxene,8,432,256
UP,470,541,5,Low-Ca Pyroxene,8,432,256
UP,470,542,5,Low-Ca Pyroxene,8,432,256
UP,470,543,5,Low-Ca Pyroxene,8,432,256
UP,470,544,5,Low-Ca Pyroxene,8,432,256
UP,470,545,5,Low-Ca Pyroxene,8,432,256
UP,470,546,5,Low-Ca Pyroxene,8,432,256
UP,470,547,5,Low-Ca Pyroxene,8,432,256
UP,470,548,5,Low-Ca Pyroxene,8,432,256
UP,470,549,5,Low-Ca Pyroxene,8,432,256
UP,470,550,5,Low-Ca Pyroxene,8,432,256
UP,470,551,5,Low-Ca Pyroxene,8,432,256
UP,470,552,5,Low-Ca Pyroxene,8,432,256
UP,470,553,5,Low-Ca Pyroxene,8,432,256
UP,470,554,5,Low-Ca Pyroxene,8,432,256
UP,470,555,5,Low-Ca Pyroxene,8,432,256
UP,470,556,5,Low-Ca Pyroxene,8,432,256
UP,470,557,5,Low-Ca Pyroxene,8,432,256
UP,470,558,5,Low-Ca Pyroxene,8,432,256
UP,470,559,5,Low-Ca Pyroxene,8,432,256
UP,470,560,5,Low-Ca Pyroxene,8,432,256
UP,470,561,5,Low-Ca Pyroxene,8,432,256
UP,470,562,5,Low-Ca Pyroxene,8,432,256
UP,470,563,5,Low-Ca Pyroxene,8,432,256
UP,470,564,5,Low-Ca Pyroxene,8,432,256
UP,470,565,5,Low-Ca Pyroxene,8,432,256
UP,470,566,5,Low-Ca Pyroxene,8,432,256
UP,470,567,5,Low-Ca Pyroxene,8,432,256
UP,470,568,5,Low-Ca Pyroxene,8,432,256
UP,470,569,5,Low-Ca Pyroxene,8,432,256
UP,470,570,5,Low-Ca Pyroxene,8,432,256
UP,470,571,5,Low-Ca Pyroxene,8,432,256
UP,470,572,5,Low-Ca Pyroxene,8,432,256
UP,470,573,5,Low-Ca Pyroxene,8,432,256
UP,470,574,5,Low-Ca Pyroxene,8,432,256
UP,470,575,5,Low-Ca Pyroxene,8,432,256
UP,470,576,5,Low-Ca Pyroxene,8,432,256
UP,470,577,5,Low-Ca Pyroxene,8,432,256
UP,470,578,5,Low-Ca Pyroxene,8,432,256
UP,470,579,5,Low-Ca Pyroxene,8,432,256
UP,470,580,5,Low-Ca Pyroxene,8,432,256
UP,470,581,5,Low-Ca Pyroxene,8,432,256
UP,470,582,5,Low-Ca Pyroxene,8,432,256
UP,470,583,5,Low-Ca Pyroxene,8,432,256
UP,470,584,5,Low-Ca Pyroxene,8,432,256
UP,470,585,5,Low-Ca Pyroxene,8,432,256
UP,470,586,5,Low-Ca Pyroxene,8,432,256
UP,470,587,5,Low-Ca Pyroxene,8,432,256
UP,470,588,5,Low-Ca Pyroxene,8,432,256
UP,470,589,5,Low-Ca Pyroxene,8,432,256
UP,470,590,5,Low-Ca Pyroxene,8,432,256
UP,470,591,5,Low-Ca Pyroxene,8,432,256
UP,470,592,5,Low-Ca Pyroxene,8,432,256
UP,470,593,5,Low-Ca Pyroxene,8,432,256
UP,470,594,5,Low-Ca Pyroxene,8,432,256
UP,471,19,7,Monohydrated sulfate,12,432,256
UP,471,20,7,Monohydrated sulfate,12,432,256
UP,471,21,7,Monohydrated sulfate,12,432,256
UP,471,22,7,Monohydrated sulfate,12,432,256
UP,471,23,7,Monohydrated sulfate,12,432,256
UP,471,34,7,Monohydrated sulfate,12,432,256
UP,471,35,7,Monohydrated sulfate,12,432,256
UP,471,36,7,Monohydrated sulfate,12,432,256
UP,471,37,7,Monohydrated sulfate,12,432,256
UP,471,38,7,Monohydrated sulfate,12,432,256
UP,471,457,5,Low-Ca Pyroxene,8,432,256
UP,471,458,5,Low-Ca Pyroxene,8,432,256
UP,471,459,5,Low-Ca Pyroxene,8,432,256
UP,471,460,5,Low-Ca Pyroxene,8,432,256
UP,471,461,5,Low-Ca Pyroxene,8,432,256
UP,471,462,5,Low-Ca Pyroxene,8,432,256
UP,471,463,5,Low-Ca Pyroxene,8,432,256
UP,471,464,5,Low-Ca Pyroxene,8,432,256
UP,471,465,5,Low-Ca Pyroxene,8,432,256
UP,471,466,5,Low-Ca Pyroxene,8,432,256
UP,471,467,5,Low-Ca Pyroxene,8,432,256
UP,471,468,5,Low-Ca Pyroxene,8,432,256
UP,471,469,5,Low-Ca Pyroxene,8,432,256
UP,471,470,5,Low-Ca Pyroxene,8,432,256
UP,471,471,5,Low-Ca Pyroxene,8,432,256
UP,471,472,5,Low-Ca Pyroxene,8,432,256
UP,471,473,5,Low-Ca Pyroxene,8,432,256
UP,471,474,5,Low-Ca Pyroxene,8,432,256
UP,471,475,5,Low-Ca Pyroxene,8,432,256
UP,471,476,5,Low-Ca Pyroxene,8,432,256
UP,471,477,5,Low-Ca Pyroxene,8,432,256
UP,471,478,5,Low-Ca Pyroxene,8,432,256
UP,471,479,5,Low-Ca Pyroxene,8,432,256
UP,471,480,5,Low-Ca Pyroxene,8,432,256
UP,471,481,5,Low-Ca Pyroxene,8,432,256
UP,471,482,5,Low-Ca Pyroxene,8,432,256
UP,471,483,5,Low-Ca Pyroxene,8,432,256
UP,471,484,5,Low-Ca Pyroxene,8,432,256
UP,471,485,5,Low-Ca Pyroxene,8,432,256
UP,471,486,5,Low-Ca Pyroxene,8,432,256
UP,471,487,5,Low-Ca Pyroxene,8,432,256
UP,471,488,5,Low-Ca Pyroxene,8,432,256
UP,471,489,5,Low-Ca Pyroxene,8,432,256
UP,471,490,5,Low-Ca Pyroxene,8,432,256
UP,471,491,5,Low-Ca Pyroxene,8,432,256
UP,471,492,5,Low-Ca Pyroxene,8,432,256
UP,471,493,5,Low-Ca Pyroxene,8,432,256
UP,471,494,5,Low-Ca Pyroxene,8,432,256
UP,471,500,5,Low-Ca Pyroxene,8,432,256
UP,471,501,5,Low-Ca Pyroxene,8,432,256
UP,471,502,5,Low-Ca Pyroxene,8,432,256
UP,471,503,5,Low-Ca Pyroxene,8,432,256
UP,471,504,5,Low-Ca Pyroxene,8,432,256
UP,471,505,5,Low-Ca Pyroxene,8,432,256
UP,471,506,5,Low-Ca Pyroxene,8,432,256
UP,471,507,5,Low-Ca Pyroxene,8,432,256
UP,471,508,5,Low-Ca Pyroxene,8,432,256
UP,471,509,5,Low-Ca Pyroxene,8,432,256
UP,471,510,5,Low-Ca Pyroxene,8,432,256
UP,471,511,5,Low-Ca Pyroxene,8,432,256
UP,471,512,5,Low-Ca Pyroxene,8,432,256
UP,471,513,5,Low-Ca Pyroxene,8,432,256
UP,471,514,5,Low-Ca Pyroxene,8,432,256
UP,471,515,5,Low-Ca Pyroxene,8,432,256
UP,471,516,5,Low-Ca Pyroxene,8,432,256
UP,471,517,5,Low-Ca Pyroxene,8,432,256
UP,471,518,5,Low-Ca Pyroxene,8,432,256
UP,471,519,5,Low-Ca Pyroxene,8,432,256
UP,471,520,5,Low-Ca Pyroxene,8,432,256
UP,471,521,5,Low-Ca Pyroxene,8,432,256
UP,471,522,5,Low-Ca Pyroxene,8,432,256
UP,471,523,5,Low-Ca Pyroxene,8,432,256
UP,471,524,5,Low-Ca Pyroxene,8,432,256
UP,471,525,5,Low-Ca Pyroxene,8,432,256
UP,471,526,5,Low-Ca Pyroxene,8,432,256
UP,471,527,5,Low-Ca Pyroxene,8,432,256
UP,471,528,5,Low-Ca Pyroxene,8,432,256
UP,471,529,5,Low-Ca Pyroxene,8,432,256
UP,471,530,5,Low-Ca Pyroxene,8,432,256
UP,471,531,5,Low-Ca Pyroxene,8,432,256
UP,471,532,5,Low-Ca Pyroxene,8,432,256
UP,471,533,5,Low-Ca Pyroxene,8,432,256
UP,471,534,5,Low-Ca Pyroxene,8,432,256
UP,471,535,5,Low-Ca Pyroxene,8,432,256
UP,471,536,5,Low-Ca Pyroxene,8,432,256
UP,471,537,5,Low-Ca Pyroxene,8,432,256
UP,471,538,5,Low-Ca Pyroxene,8,432,256
UP,471,539,5,Low-Ca Pyroxene,8,432,256
UP,471,540,5,Low-Ca Pyroxene,8,432,256
UP,471,541,5,Low-Ca Pyroxene,8,432,256
UP,471,542,5,Low-Ca Pyroxene,8,432,256
UP,471,543,5,Low-Ca Pyroxene,8,432,256
UP,471,544,5,Low-Ca Pyroxene,8,432,256
UP,471,545,5,Low-Ca Pyroxene,8,432,256
UP,471,546,5,Low-Ca Pyroxene,8,432,256
UP,471,547,5,Low-Ca Pyroxene,8,432,256
UP,471,548,5,Low-Ca Pyroxene,8,432,256
UP,471,549,5,Low-Ca Pyroxene,8,432,256
UP,471,550,5,Low-Ca Pyroxene,8,432,256
UP,471,551,5,Low-Ca Pyroxene,8,432,256
UP,471,552,5,Low-Ca Pyroxene,8,432,256
UP,471,553,5,Low-Ca Pyroxene,8,432,256
UP,471,554,5,Low-Ca Pyroxene,8,432,256
UP,471,555,5,Low-Ca Pyroxene,8,432,256
UP,471,556,5,Low-Ca Pyroxene,8,432,256
UP,471,557,5,Low-Ca Pyroxene,8,432,256
UP,471,558,5,Low-Ca Pyroxene,8,432,256
UP,471,559,5,Low-Ca Pyroxene,8,432,256
UP,471,560,5,Low-Ca Pyroxene,8,432,256
UP,471,561,5,Low-Ca Pyroxene,8,432,256
UP,471,562,5,Low-Ca Pyroxene,8,432,256
UP,471,563,5,Low-Ca Pyroxene,8,432,256
UP,471,564,5,Low-Ca Pyroxene,8,432,256
UP,471,565,5,Low-Ca Pyroxene,8,432,256
UP,471,566,5,Low-Ca Pyroxene,8,432,256
UP,471,567,5,Low-Ca Pyroxene,8,432,256
UP,471,568,5,Low-Ca Pyroxene,8,432,256
UP,471,569,5,Low-Ca Pyroxene,8,432,256
UP,471,570,5,Low-Ca Pyroxene,8,432,256
UP,471,571,5,Low-Ca Pyroxene,8,432,256
UP,471,572,5,Low-Ca Pyroxene,8,432,256
UP,471,573,5,Low-Ca Pyroxene,8,432,256
UP,471,574,5,Low-Ca Pyroxene,8,432,256
UP,471,575,5,Low-Ca Pyroxene,8,432,256
UP,471,576,5,Low-Ca Pyroxene,8,432,256
UP,471,577,5,Low-Ca Pyroxene,8,432,256
UP,471,578,5,Low-Ca Pyroxene,8,432,256
UP,471,579,5,Low-Ca Pyroxene,8,432,256
UP,471,580,5,Low-Ca Pyroxene,8,432,256
UP,471,581,5,Low-Ca Pyroxene,8,432,256
UP,471,582,5,Low-Ca Pyroxene,8,432,256
UP,471,583,5,Low-Ca Pyroxene,8,432,256
UP,471,584,5,Low-Ca Pyroxene,8,432,256
UP,471,585,5,Low-Ca Pyroxene,8,432,256
UP,471,586,5,Low-Ca Pyroxene,8,432,256
UP,471,587,5,Low-Ca Pyroxene,8,432,256
UP,471,588,5,Low-Ca Pyroxene,8,432,256
UP,471,589,5,Low-Ca Pyroxene,8,432,256
UP,471,590,5,Low-Ca Pyroxene,8,432,256
UP,471,591,5,Low-Ca Pyroxene,8,432,256
UP,471,592,5,Low-Ca Pyroxene,8,432,256
UP,471,593,5,Low-Ca Pyroxene,8,432,256
UP,471,594,5,Low-Ca Pyroxene,8,432,256
UP,472,20,7,Monohydrated sulfate,12,432,256
UP,472,21,7,Monohydrated sulfate,12,432,256
UP,472,22,7,Monohydrated sulfate,12,432,256
UP,472,34,7,Monohydrated sulfate,12,432,256
UP,472,35,7,Monohydrated sulfate,12,432,256
UP,472,36,7,Monohydrated sulfate,12,432,256
UP,472,37,7,Monohydrated sulfate,12,432,256
UP,472,38,7,Monohydrated sulfate,12,432,256
UP,472,39,7,Monohydrated sulfate,12,432,256
UP,472,457,5,Low-Ca Pyroxene,8,432,256
UP,472,458,5,Low-Ca Pyroxene,8,432,256
UP,472,459,5,Low-Ca Pyroxene,8,432,256
UP,472,460,5,Low-Ca Pyroxene,8,432,256
UP,472,461,5,Low-Ca Pyroxene,8,432,256
UP,472,462,5,Low-Ca Pyroxene,8,432,256
UP,472,463,5,Low-Ca Pyroxene,8,432,256
UP,472,464,5,Low-Ca Pyroxene,8,432,256
UP,472,465,5,Low-Ca Pyroxene,8,432,256
UP,472,466,5,Low-Ca Pyroxene,8,432,256
UP,472,467,5,Low-Ca Pyroxene,8,432,256
UP,472,468,5,Low-Ca Pyroxene,8,432,256
UP,472,469,5,Low-Ca Pyroxene,8,432,256
UP,472,470,5,Low-Ca Pyroxene,8,432,256
UP,472,471,5,Low-Ca Pyroxene,8,432,256
UP,472,472,5,Low-Ca Pyroxene,8,432,256
UP,472,473,5,Low-Ca Pyroxene,8,432,256
UP,472,474,5,Low-Ca Pyroxene,8,432,256
UP,472,475,5,Low-Ca Pyroxene,8,432,256
UP,472,476,5,Low-Ca Pyroxene,8,432,256
UP,472,477,5,Low-Ca Pyroxene,8,432,256
UP,472,478,5,Low-Ca Pyroxene,8,432,256
UP,472,479,5,Low-Ca Pyroxene,8,432,256
UP,472,480,5,Low-Ca Pyroxene,8,432,256
UP,472,481,5,Low-Ca Pyroxene,8,432,256
UP,472,482,5,Low-Ca Pyroxene,8,432,256
UP,472,483,5,Low-Ca Pyroxene,8,432,256
UP,472,484,5,Low-Ca Pyroxene,8,432,256
UP,472,485,5,Low-Ca Pyroxene,8,432,256
UP,472,486,5,Low-Ca Pyroxene,8,432,256
UP,472,487,5,Low-Ca Pyroxene,8,432,256
UP,472,488,5,Low-Ca Pyroxene,8,432,256
UP,472,489,5,Low-Ca Pyroxene,8,432,256
UP,472,490,5,Low-Ca Pyroxene,8,432,256
UP,472,491,5,Low-Ca Pyroxene,8,432,256
UP,472,492,5,Low-Ca Pyroxene,8,432,256
UP,472,493,5,Low-Ca Pyroxene,8,432,256
UP,472,494,5,Low-Ca Pyroxene,8,432,256
UP,472,500,5,Low-Ca Pyroxene,8,432,256
UP,472,501,5,Low-Ca Pyroxene,8,432,256
UP,472,502,5,Low-Ca Pyroxene,8,432,256
UP,472,503,5,Low-Ca Pyroxene,8,432,256
UP,472,504,5,Low-Ca Pyroxene,8,432,256
UP,472,505,5,Low-Ca Pyroxene,8,432,256
UP,472,506,5,Low-Ca Pyroxene,8,432,256
UP,472,507,5,Low-Ca Pyroxene,8,432,256
UP,472,508,5,Low-Ca Pyroxene,8,432,256
UP,472,509,5,Low-Ca Pyroxene,8,432,256
UP,472,510,5,Low-Ca Pyroxene,8,432,256
UP,472,511,5,Low-Ca Pyroxene,8,432,256
UP,472,512,5,Low-Ca Pyroxene,8,432,256
UP,472,513,5,Low-Ca Pyroxene,8,432,256
UP,472,514,5,Low-Ca Pyroxene,8,432,256
UP,472,515,5,Low-Ca Pyroxene,8,432,256
UP,472,516,5,Low-Ca Pyroxene,8,432,256
UP,472,517,5,Low-Ca Pyroxene,8,432,256
UP,472,518,5,Low-Ca Pyroxene,8,432,256
UP,472,519,5,Low-Ca Pyroxene,8,432,256
UP,472,520,5,Low-Ca Pyroxene,8,432,256
UP,472,521,5,Low-Ca Pyroxene,8,432,256
UP,472,522,5,Low-Ca Pyroxene,8,432,256
UP,472,523,5,Low-Ca Pyroxene,8,432,256
UP,472,524,5,Low-Ca Pyroxene,8,432,256
UP,472,525,5,Low-Ca Pyroxene,8,432,256
UP,472,526,5,Low-Ca Pyroxene,8,432,256
UP,472,527,5,Low-Ca Pyroxene,8,432,256
UP,472,528,5,Low-Ca Pyroxene,8,432,256
UP,472,529,5,Low-Ca Pyroxene,8,432,256
UP,472,530,5,Low-Ca Pyroxene,8,432,256
UP,472,531,5,Low-Ca Pyroxene,8,432,256
UP,472,532,5,Low-Ca Pyroxene,8,432,256
UP,472,533,5,Low-Ca Pyroxene,8,432,256
UP,472,534,5,Low-Ca Pyroxene,8,432,256
UP,472,535,5,Low-Ca Pyroxene,8,432,256
UP,472,536,5,Low-Ca Pyroxene,8,432,256
UP,472,537,5,Low-Ca Pyroxene,8,432,256
UP,472,538,5,Low-Ca Pyroxene,8,432,256
UP,472,539,5,Low-Ca Pyroxene,8,432,256
UP,472,540,5,Low-Ca Pyroxene,8,432,256
UP,472,541,5,Low-Ca Pyroxene,8,432,256
UP,472,542,5,Low-Ca Pyroxene,8,432,256
UP,472,543,5,Low-Ca Pyroxene,8,432,256
UP,472,544,5,Low-Ca Pyroxene,8,432,256
UP,472,545,5,Low-Ca Pyroxene,8,432,256
UP,472,546,5,Low-Ca Pyroxene,8,432,256
UP,472,547,5,Low-Ca Pyroxene,8,432,256
UP,472,548,5,Low-Ca Pyroxene,8,432,256
UP,472,549,5,Low-Ca Pyroxene,8,432,256
UP,472,550,5,Low-Ca Pyroxene,8,432,256
UP,472,551,5,Low-Ca Pyroxene,8,432,256
UP,472,552,5,Low-Ca Pyroxene,8,432,256
UP,472,553,5,Low-Ca Pyroxene,8,432,256
UP,472,554,5,Low-Ca Pyroxene,8,432,256
UP,472,555,5,Low-Ca Pyroxene,8,432,256
UP,472,556,5,Low-Ca Pyroxene,8,432,256
UP,472,557,5,Low-Ca Pyroxene,8,432,256
UP,472,558,5,Low-Ca Pyroxene,8,432,256
UP,472,559,5,Low-Ca Pyroxene,8,432,256
UP,472,560,5,Low-Ca Pyroxene,8,432,256
UP,472,561,5,Low-Ca Pyroxene,8,432,256
UP,472,562,5,Low-Ca Pyroxene,8,432,256
UP,472,563,5,Low-Ca Pyroxene,8,432,256
UP,472,564,5,Low-Ca Pyroxene,8,432,256
UP,472,565,5,Low-Ca Pyroxene,8,432,256
UP,472,566,5,Low-Ca Pyroxene,8,432,256
UP,472,567,5,Low-Ca Pyroxene,8,432,256
UP,472,568,5,Low-Ca Pyroxene,8,432,256
UP,472,569,5,Low-Ca Pyroxene,8,432,256
UP,472,570,5,Low-Ca Pyroxene,8,432,256
UP,472,571,5,Low-Ca Pyroxene,8,432,256
UP,472,572,5,Low-Ca Pyroxene,8,432,256
UP,472,573,5,Low-Ca Pyroxene,8,432,256
UP,472,574,5,Low-Ca Pyroxene,8,432,256
UP,472,575,5,Low-Ca Pyroxene,8,432,256
UP,472,576,5,Low-Ca Pyroxene,8,432,256
UP,472,577,5,Low-Ca Pyroxene,8,432,256
UP,472,578,5,Low-Ca Pyroxene,8,432,256
UP,472,579,5,Low-Ca Pyroxene,8,432,256
UP,472,580,5,Low-Ca Pyroxene,8,432,256
UP,472,581,5,Low-Ca Pyroxene,8,432,256
UP,472,582,5,Low-Ca Pyroxene,8,432,256
UP,472,583,5,Low-Ca Pyroxene,8,432,256
UP,472,584,5,Low-Ca Pyroxene,8,432,256
UP,472,585,5,Low-Ca Pyroxene,8,432,256
UP,472,586,5,Low-Ca Pyroxene,8,432,256
UP,472,587,5,Low-Ca Pyroxene,8,432,256
UP,472,588,5,Low-Ca Pyroxene,8,432,256
UP,472,589,5,Low-Ca Pyroxene,8,432,256
UP,472,590,5,Low-Ca Pyroxene,8,432,256
UP,472,591,5,Low-Ca Pyroxene,8,432,256
UP,472,592,5,Low-Ca Pyroxene,8,432,256
UP,472,593,5,Low-Ca Pyroxene,8,432,256
UP,472,594,5,Low-Ca Pyroxene,8,432,256
UP,473,24,7,Monohydrated sulfate,12,432,256
UP,473,25,7,Monohydrated sulfate,12,432,256
UP,473,26,7,Monohydrated sulfate,12,432,256
UP,473,27,7,Monohydrated sulfate,12,432,256
UP,473,34,7,Monohydrated sulfate,12,432,256
UP,473,35,7,Monohydrated sulfate,12,432,256
UP,473,36,7,Monohydrated sulfate,12,432,256
UP,473,37,7,Monohydrated sulfate,12,432,256
UP,473,38,7,Monohydrated sulfate,12,432,256
UP,473,39,7,Monohydrated sulfate,12,432,256
UP,473,457,5,Low-Ca Pyroxene,8,432,256
UP,473,458,5,Low-Ca Pyroxene,8,432,256
UP,473,459,5,Low-Ca Pyroxene,8,432,256
UP,473,460,5,Low-Ca Pyroxene,8,432,256
UP,473,461,5,Low-Ca Pyroxene,8,432,256
UP,473,462,5,Low-Ca Pyroxene,8,432,256
UP,473,463,5,Low-Ca Pyroxene,8,432,256
UP,473,464,5,Low-Ca Pyroxene,8,432,256
UP,473,465,5,Low-Ca Pyroxene,8,432,256
UP,473,466,5,Low-Ca Pyroxene,8,432,256
UP,473,467,5,Low-Ca Pyroxene,8,432,256
UP,473,468,5,Low-Ca Pyroxene,8,432,256
UP,473,469,5,Low-Ca Pyroxene,8,432,256
UP,473,470,5,Low-Ca Pyroxene,8,432,256
UP,473,471,5,Low-Ca Pyroxene,8,432,256
UP,473,472,5,Low-Ca Pyroxene,8,432,256
UP,473,473,5,Low-Ca Pyroxene,8,432,256
UP,473,474,5,Low-Ca Pyroxene,8,432,256
UP,473,475,5,Low-Ca Pyroxene,8,432,256
UP,473,476,5,Low-Ca Pyroxene,8,432,256
UP,473,477,5,Low-Ca Pyroxene,8,432,256
UP,473,478,5,Low-Ca Pyroxene,8,432,256
UP,473,479,5,Low-Ca Pyroxene,8,432,256
UP,473,480,5,Low-Ca Pyroxene,8,432,256
UP,473,481,5,Low-Ca Pyroxene,8,432,256
UP,473,482,5,Low-Ca Pyroxene,8,432,256
UP,473,483,5,Low-Ca Pyroxene,8,432,256
UP,473,484,5,Low-Ca Pyroxene,8,432,256
UP,473,485,5,Low-Ca Pyroxene,8,432,256
UP,473,486,5,Low-Ca Pyroxene,8,432,256
UP,473,487,5,Low-Ca Pyroxene,8,432,256
UP,473,488,5,Low-Ca Pyroxene,8,432,256
UP,473,489,5,Low-Ca Pyroxene,8,432,256
UP,473,490,5,Low-Ca Pyroxene,8,432,256
UP,473,491,5,Low-Ca Pyroxene,8,432,256
UP,473,492,5,Low-Ca Pyroxene,8,432,256
UP,473,493,5,Low-Ca Pyroxene,8,432,256
UP,473,494,5,Low-Ca Pyroxene,8,432,256
UP,473,501,5,Low-Ca Pyroxene,8,432,256
UP,473,502,5,Low-Ca Pyroxene,8,432,256
UP,473,503,5,Low-Ca Pyroxene,8,432,256
UP,473,504,5,Low-Ca Pyroxene,8,432,256
UP,473,505,5,Low-Ca Pyroxene,8,432,256
UP,473,506,5,Low-Ca Pyroxene,8,432,256
UP,473,507,5,Low-Ca Pyroxene,8,432,256
UP,473,508,5,Low-Ca Pyroxene,8,432,256
UP,473,509,5,Low-Ca Pyroxene,8,432,256
UP,473,510,5,Low-Ca Pyroxene,8,432,256
UP,473,511,5,Low-Ca Pyroxene,8,432,256
UP,473,512,5,Low-Ca Pyroxene,8,432,256
UP,473,513,5,Low-Ca Pyroxene,8,432,256
UP,473,514,5,Low-Ca Pyroxene,8,432,256
UP,473,515,5,Low-Ca Pyroxene,8,432,256
UP,473,516,5,Low-Ca Pyroxene,8,432,256
UP,473,517,5,Low-Ca Pyroxene,8,432,256
UP,473,518,5,Low-Ca Pyroxene,8,432,256
UP,473,519,5,Low-Ca Pyroxene,8,432,256
UP,473,520,5,Low-Ca Pyroxene,8,432,256
UP,473,521,5,Low-Ca Pyroxene,8,432,256
UP,473,522,5,Low-Ca Pyroxene,8,432,256
UP,473,523,5,Low-Ca Pyroxene,8,432,256
UP,473,524,5,Low-Ca Pyroxene,8,432,256
UP,473,525,5,Low-Ca Pyroxene,8,432,256
UP,473,526,5,Low-Ca Pyroxene,8,432,256
UP,473,527,5,Low-Ca Pyroxene,8,432,256
UP,473,528,5,Low-Ca Pyroxene,8,432,256
UP,473,529,5,Low-Ca Pyroxene,8,432,256
UP,473,530,5,Low-Ca Pyroxene,8,432,256
UP,473,531,5,Low-Ca Pyroxene,8,432,256
UP,473,532,5,Low-Ca Pyroxene,8,432,256
UP,473,533,5,Low-Ca Pyroxene,8,432,256
UP,473,534,5,Low-Ca Pyroxene,8,432,256
UP,473,535,5,Low-Ca Pyroxene,8,432,256
UP,473,536,5,Low-Ca Pyroxene,8,432,256
UP,473,537,5,Low-Ca Pyroxene,8,432,256
UP,473,538,5,Low-Ca Pyroxene,8,432,256
UP,473,539,5,Low-Ca Pyroxene,8,432,256
UP,473,540,5,Low-Ca Pyroxene,8,432,256
UP,473,541,5,Low-Ca Pyroxene,8,432,256
UP,473,542,5,Low-Ca Pyroxene,8,432,256
UP,473,543,5,Low-Ca Pyroxene,8,432,256
UP,473,544,5,Low-Ca Pyroxene,8,432,256
UP,473,545,5,Low-Ca Pyroxene,8,432,256
UP,473,546,5,Low-Ca Pyroxene,8,432,256
UP,473,547,5,Low-Ca Pyroxene,8,432,256
UP,473,548,5,Low-Ca Pyroxene,8,432,256
UP,473,549,5,Low-Ca Pyroxene,8,432,256
UP,473,550,5,Low-Ca Pyroxene,8,432,256
UP,473,551,5,Low-Ca Pyroxene,8,432,256
UP,473,552,5,Low-Ca Pyroxene,8,432,256
UP,473,553,5,Low-Ca Pyroxene,8,432,256
UP,473,554,5,Low-Ca Pyroxene,8,432,256
UP,473,555,5,Low-Ca Pyroxene,8,432,256
UP,473,556,5,Low-Ca Pyroxene,8,432,256
UP,473,557,5,Low-Ca Pyroxene,8,432,256
UP,473,558,5,Low-Ca Pyroxene,8,432,256
UP,473,559,5,Low-Ca Pyroxene,8,432,256
UP,473,560,5,Low-Ca Pyroxene,8,432,256
UP,473,561,5,Low-Ca Pyroxene,8,432,256
UP,473,562,5,Low-Ca Pyroxene,8,432,256
UP,473,563,5,Low-Ca Pyroxene,8,432,256
UP,473,564,5,Low-Ca Pyroxene,8,432,256
UP,473,565,5,Low-Ca Pyroxene,8,432,256
UP,473,566,5,Low-Ca Pyroxene,8,432,256
UP,473,567,5,Low-Ca Pyroxene,8,432,256
UP,473,568,5,Low-Ca Pyroxene,8,432,256
UP,473,569,5,Low-Ca Pyroxene,8,432,256
UP,473,570,5,Low-Ca Pyroxene,8,432,256
UP,473,571,5,Low-Ca Pyroxene,8,432,256
UP,473,572,5,Low-Ca Pyroxene,8,432,256
UP,473,573,5,Low-Ca Pyroxene,8,432,256
UP,473,574,5,Low-Ca Pyroxene,8,432,256
UP,473,575,5,Low-Ca Pyroxene,8,432,256
UP,473,576,5,Low-Ca Pyroxene,8,432,256
UP,473,577,5,Low-Ca Pyroxene,8,432,256
UP,473,578,5,Low-Ca Pyroxene,8,432,256
UP,473,579,5,Low-Ca Pyroxene,8,432,256
UP,473,580,5,Low-Ca Pyroxene,8,432,256
UP,473,581,5,Low-Ca Pyroxene,8,432,256
UP,473,582,5,Low-Ca Pyroxene,8,432,256
UP,473,583,5,Low-Ca Pyroxene,8,432,256
UP,473,584,5,Low-Ca Pyroxene,8,432,256
UP,473,585,5,Low-Ca Pyroxene,8,432,256
UP,473,586,5,Low-Ca Pyroxene,8,432,256
UP,473,587,5,Low-Ca Pyroxene,8,432,256
UP,473,588,5,Low-Ca Pyroxene,8,432,256
UP,473,589,5,Low-Ca Pyroxene,8,432,256
UP,473,590,5,Low-Ca Pyroxene,8,432,256
UP,473,591,5,Low-Ca Pyroxene,8,432,256
UP,473,592,5,Low-Ca Pyroxene,8,432,256
UP,473,593,5,Low-Ca Pyroxene,8,432,256
UP,473,594,5,Low-Ca Pyroxene,8,432,256
UP,474,24,7,Monohydrated sulfate,12,432,256
UP,474,25,7,Monohydrated sulfate,12,432,256
UP,474,26,7,Monohydrated sulfate,12,432,256
UP,474,27,7,Monohydrated sulfate,12,432,256
UP,474,35,7,Monohydrated sulfate,12,432,256
UP,474,36,7,Monohydrated sulfate,12,432,256
UP,474,37,7,Monohydrated sulfate,12,432,256
UP,474,38,7,Monohydrated sulfate,12,432,256
UP,474,460,5,Low-Ca Pyroxene,8,432,256
UP,474,461,5,Low-Ca Pyroxene,8,432,256
UP,474,462,5,Low-Ca Pyroxene,8,432,256
UP,474,463,5,Low-Ca Pyroxene,8,432,256
UP,474,464,5,Low-Ca Pyroxene,8,432,256
UP,474,465,5,Low-Ca Pyroxene,8,432,256
UP,474,466,5,Low-Ca Pyroxene,8,432,256
UP,474,467,5,Low-Ca Pyroxene,8,432,256
UP,474,468,5,Low-Ca Pyroxene,8,432,256
UP,474,469,5,Low-Ca Pyroxene,8,432,256
UP,474,470,5,Low-Ca Pyroxene,8,432,256
UP,474,471,5,Low-Ca Pyroxene,8,432,256
UP,474,472,5,Low-Ca Pyroxene,8,432,256
UP,474,473,5,Low-Ca Pyroxene,8,432,256
UP,474,474,5,Low-Ca Pyroxene,8,432,256
UP,474,475,5,Low-Ca Pyroxene,8,432,256
UP,474,476,5,Low-Ca Pyroxene,8,432,256
UP,474,477,5,Low-Ca Pyroxene,8,432,256
UP,474,478,5,Low-Ca Pyroxene,8,432,256
UP,474,479,5,Low-Ca Pyroxene,8,432,256
UP,474,480,5,Low-Ca Pyroxene,8,432,256
UP,474,481,5,Low-Ca Pyroxene,8,432,256
UP,474,482,5,Low-Ca Pyroxene,8,432,256
UP,474,483,5,Low-Ca Pyroxene,8,432,256
UP,474,484,5,Low-Ca Pyroxene,8,432,256
UP,474,485,5,Low-Ca Pyroxene,8,432,256
UP,474,486,5,Low-Ca Pyroxene,8,432,256
UP,474,487,5,Low-Ca Pyroxene,8,432,256
UP,474,488,5,Low-Ca Pyroxene,8,432,256
UP,474,489,5,Low-Ca Pyroxene,8,432,256
UP,474,490,5,Low-Ca Pyroxene,8,432,256
UP,474,491,5,Low-Ca Pyroxene,8,432,256
UP,474,492,5,Low-Ca Pyroxene,8,432,256
UP,474,493,5,Low-Ca Pyroxene,8,432,256
UP,474,494,5,Low-Ca Pyroxene,8,432,256
UP,474,501,5,Low-Ca Pyroxene,8,432,256
UP,474,502,5,Low-Ca Pyroxene,8,432,256
UP,474,503,5,Low-Ca Pyroxene,8,432,256
UP,474,504,5,Low-Ca Pyroxene,8,432,256
UP,474,505,5,Low-Ca Pyroxene,8,432,256
UP,474,506,5,Low-Ca Pyroxene,8,432,256
UP,474,507,5,Low-Ca Pyroxene,8,432,256
UP,474,508,5,Low-Ca Pyroxene,8,432,256
UP,474,509,5,Low-Ca Pyroxene,8,432,256
UP,474,510,5,Low-Ca Pyroxene,8,432,256
UP,474,511,5,Low-Ca Pyroxene,8,432,256
UP,474,512,5,Low-Ca Pyroxene,8,432,256
UP,474,513,5,Low-Ca Pyroxene,8,432,256
UP,474,514,5,Low-Ca Pyroxene,8,432,256
UP,474,515,5,Low-Ca Pyroxene,8,432,256
UP,474,516,5,Low-Ca Pyroxene,8,432,256
UP,474,517,5,Low-Ca Pyroxene,8,432,256
UP,474,518,5,Low-Ca Pyroxene,8,432,256
UP,474,519,5,Low-Ca Pyroxene,8,432,256
UP,474,520,5,Low-Ca Pyroxene,8,432,256
UP,474,521,5,Low-Ca Pyroxene,8,432,256
UP,474,522,5,Low-Ca Pyroxene,8,432,256
UP,474,523,5,Low-Ca Pyroxene,8,432,256
UP,474,524,5,Low-Ca Pyroxene,8,432,256
UP,474,525,5,Low-Ca Pyroxene,8,432,256
UP,474,526,5,Low-Ca Pyroxene,8,432,256
UP,474,527,5,Low-Ca Pyroxene,8,432,256
UP,474,528,5,Low-Ca Pyroxene,8,432,256
UP,474,529,5,Low-Ca Pyroxene,8,432,256
UP,474,530,5,Low-Ca Pyroxene,8,432,256
UP,474,531,5,Low-Ca Pyroxene,8,432,256
UP,474,532,5,Low-Ca Pyroxene,8,432,256
UP,474,533,5,Low-Ca Pyroxene,8,432,256
UP,474,534,5,Low-Ca Pyroxene,8,432,256
UP,474,535,5,Low-Ca Pyroxene,8,432,256
UP,474,536,5,Low-Ca Pyroxene,8,432,256
UP,474,537,5,Low-Ca Pyroxene,8,432,256
UP,474,538,5,Low-Ca Pyroxene,8,432,256
UP,474,539,5,Low-Ca Pyroxene,8,432,256
UP,474,540,5,Low-Ca Pyroxene,8,432,256
UP,474,541,5,Low-Ca Pyroxene,8,432,256
UP,474,542,5,Low-Ca Pyroxene,8,432,256
UP,474,543,5,Low-Ca Pyroxene,8,432,256
UP,474,544,5,Low-Ca Pyroxene,8,432,256
UP,474,545,5,Low-Ca Pyroxene,8,432,256
UP,474,546,5,Low-Ca Pyroxene,8,432,256
UP,474,547,5,Low-Ca Pyroxene,8,432,256
UP,474,548,5,Low-Ca Pyroxene,8,432,256
UP,474,549,5,Low-Ca Pyroxene,8,432,256
UP,474,550,5,Low-Ca Pyroxene,8,432,256
UP,474,551,5,Low-Ca Pyroxene,8,432,256
UP,474,552,5,Low-Ca Pyroxene,8,432,256
UP,474,553,5,Low-Ca Pyroxene,8,432,256
UP,474,554,5,Low-Ca Pyroxene,8,432,256
UP,474,555,5,Low-Ca Pyroxene,8,432,256
UP,474,556,5,Low-Ca Pyroxene,8,432,256
UP,474,557,5,Low-Ca Pyroxene,8,432,256
UP,474,558,5,Low-Ca Pyroxene,8,432,256
UP,474,559,5,Low-Ca Pyroxene,8,432,256
UP,474,560,5,Low-Ca Pyroxene,8,432,256
UP,474,561,5,Low-Ca Pyroxene,8,432,256
UP,474,562,5,Low-Ca Pyroxene,8,432,256
UP,474,563,5,Low-Ca Pyroxene,8,432,256
UP,474,564,5,Low-Ca Pyroxene,8,432,256
UP,474,565,5,Low-Ca Pyroxene,8,432,256
UP,474,566,5,Low-Ca Pyroxene,8,432,256
UP,474,567,5,Low-Ca Pyroxene,8,432,256
UP,474,568,5,Low-Ca Pyroxene,8,432,256
UP,474,569,5,Low-Ca Pyroxene,8,432,256
UP,474,570,5,Low-Ca Pyroxene,8,432,256
UP,474,571,5,Low-Ca Pyroxene,8,432,256
UP,474,572,5,Low-Ca Pyroxene,8,432,256
UP,474,573,5,Low-Ca Pyroxene,8,432,256
UP,474,574,5,Low-Ca Pyroxene,8,432,256
UP,474,575,5,Low-Ca Pyroxene,8,432,256
UP,474,576,5,Low-Ca Pyroxene,8,432,256
UP,474,577,5,Low-Ca Pyroxene,8,432,256
UP,474,578,5,Low-Ca Pyroxene,8,432,256
UP,474,579,5,Low-Ca Pyroxene,8,432,256
UP,474,580,5,Low-Ca Pyroxene,8,432,256
UP,474,581,5,Low-Ca Pyroxene,8,432,256
UP,474,582,5,Low-Ca Pyroxene,8,432,256
UP,474,583,5,Low-Ca Pyroxene,8,432,256
UP,474,584,5,Low-Ca Pyroxene,8,432,256
UP,474,585,5,Low-Ca Pyroxene,8,432,256
UP,474,586,5,Low-Ca Pyroxene,8,432,256
UP,474,587,5,Low-Ca Pyroxene,8,432,256
UP,474,588,5,Low-Ca Pyroxene,8,432,256
UP,474,589,5,Low-Ca Pyroxene,8,432,256
UP,474,590,5,Low-Ca Pyroxene,8,432,256
UP,474,591,5,Low-Ca Pyroxene,8,432,256
UP,474,592,5,Low-Ca Pyroxene,8,432,256
UP,474,593,5,Low-Ca Pyroxene,8,432,256
UP,474,594,5,Low-Ca Pyroxene,8,432,256
UP,475,24,7,Monohydrated sulfate,12,432,256
UP,475,25,7,Monohydrated sulfate,12,432,256
UP,475,26,7,Monohydrated sulfate,12,432,256
UP,475,27,7,Monohydrated sulfate,12,432,256
UP,475,461,5,Low-Ca Pyroxene,8,432,256
UP,475,462,5,Low-Ca Pyroxene,8,432,256
UP,475,463,5,Low-Ca Pyroxene,8,432,256
UP,475,464,5,Low-Ca Pyroxene,8,432,256
UP,475,465,5,Low-Ca Pyroxene,8,432,256
UP,475,466,5,Low-Ca Pyroxene,8,432,256
UP,475,467,5,Low-Ca Pyroxene,8,432,256
UP,475,468,5,Low-Ca Pyroxene,8,432,256
UP,475,469,5,Low-Ca Pyroxene,8,432,256
UP,475,470,5,Low-Ca Pyroxene,8,432,256
UP,475,471,5,Low-Ca Pyroxene,8,432,256
UP,475,472,5,Low-Ca Pyroxene,8,432,256
UP,475,473,5,Low-Ca Pyroxene,8,432,256
UP,475,474,5,Low-Ca Pyroxene,8,432,256
UP,475,475,5,Low-Ca Pyroxene,8,432,256
UP,475,476,5,Low-Ca Pyroxene,8,432,256
UP,475,477,5,Low-Ca Pyroxene,8,432,256
UP,475,478,5,Low-Ca Pyroxene,8,432,256
UP,475,479,5,Low-Ca Pyroxene,8,432,256
UP,475,480,5,Low-Ca Pyroxene,8,432,256
UP,475,481,5,Low-Ca Pyroxene,8,432,256
UP,475,482,5,Low-Ca Pyroxene,8,432,256
UP,475,483,5,Low-Ca Pyroxene,8,432,256
UP,475,484,5,Low-Ca Pyroxene,8,432,256
UP,475,485,5,Low-Ca Pyroxene,8,432,256
UP,475,486,5,Low-Ca Pyroxene,8,432,256
UP,475,487,5,Low-Ca Pyroxene,8,432,256
UP,475,488,5,Low-Ca Pyroxene,8,432,256
UP,475,489,5,Low-Ca Pyroxene,8,432,256
UP,475,490,5,Low-Ca Pyroxene,8,432,256
UP,475,491,5,Low-Ca Pyroxene,8,432,256
UP,475,492,5,Low-Ca Pyroxene,8,432,256
UP,475,493,5,Low-Ca Pyroxene,8,432,256
UP,475,494,5,Low-Ca Pyroxene,8,432,256
UP,475,502,5,Low-Ca Pyroxene,8,432,256
UP,475,503,5,Low-Ca Pyroxene,8,432,256
UP,475,504,5,Low-Ca Pyroxene,8,432,256
UP,475,505,5,Low-Ca Pyroxene,8,432,256
UP,475,506,5,Low-Ca Pyroxene,8,432,256
UP,475,507,5,Low-Ca Pyroxene,8,432,256
UP,475,508,5,Low-Ca Pyroxene,8,432,256
UP,475,509,5,Low-Ca Pyroxene,8,432,256
UP,475,510,5,Low-Ca Pyroxene,8,432,256
UP,475,511,5,Low-Ca Pyroxene,8,432,256
UP,475,512,5,Low-Ca Pyroxene,8,432,256
UP,475,513,5,Low-Ca Pyroxene,8,432,256
UP,475,514,5,Low-Ca Pyroxene,8,432,256
UP,475,515,5,Low-Ca Pyroxene,8,432,256
UP,475,516,5,Low-Ca Pyroxene,8,432,256
UP,475,517,5,Low-Ca Pyroxene,8,432,256
UP,475,518,5,Low-Ca Pyroxene,8,432,256
UP,475,519,5,Low-Ca Pyroxene,8,432,256
UP,475,520,5,Low-Ca Pyroxene,8,432,256
UP,475,521,5,Low-Ca Pyroxene,8,432,256
UP,475,522,5,Low-Ca Pyroxene,8,432,256
UP,475,523,5,Low-Ca Pyroxene,8,432,256
UP,475,524,5,Low-Ca Pyroxene,8,432,256
UP,475,525,5,Low-Ca Pyroxene,8,432,256
UP,475,526,5,Low-Ca Pyroxene,8,432,256
UP,475,527,5,Low-Ca Pyroxene,8,432,256
UP,475,528,5,Low-Ca Pyroxene,8,432,256
UP,475,529,5,Low-Ca Pyroxene,8,432,256
UP,475,530,5,Low-Ca Pyroxene,8,432,256
UP,475,531,5,Low-Ca Pyroxene,8,432,256
UP,475,532,5,Low-Ca Pyroxene,8,432,256
UP,475,533,5,Low-Ca Pyroxene,8,432,256
UP,475,534,5,Low-Ca Pyroxene,8,432,256
UP,475,535,5,Low-Ca Pyroxene,8,432,256
UP,475,536,5,Low-Ca Pyroxene,8,432,256
UP,475,537,5,Low-Ca Pyroxene,8,432,256
UP,475,538,5,Low-Ca Pyroxene,8,432,256
UP,475,539,5,Low-Ca Pyroxene,8,432,256
UP,475,540,5,Low-Ca Pyroxene,8,432,256
UP,475,541,5,Low-Ca Pyroxene,8,432,256
UP,475,542,5,Low-Ca Pyroxene,8,432,256
UP,475,543,5,Low-Ca Pyroxene,8,432,256
UP,475,544,5,Low-Ca Pyroxene,8,432,256
UP,475,545,5,Low-Ca Pyroxene,8,432,256
UP,475,546,5,Low-Ca Pyroxene,8,432,256
UP,475,547,5,Low-Ca Pyroxene,8,432,256
UP,475,548,5,Low-Ca Pyroxene,8,432,256
UP,475,549,5,Low-Ca Pyroxene,8,432,256
UP,475,550,5,Low-Ca Pyroxene,8,432,256
UP,475,551,5,Low-Ca Pyroxene,8,432,256
UP,475,552,5,Low-Ca Pyroxene,8,432,256
UP,475,553,5,Low-Ca Pyroxene,8,432,256
UP,475,554,5,Low-Ca Pyroxene,8,432,256
UP,475,555,5,Low-Ca Pyroxene,8,432,256
UP,475,556,5,Low-Ca Pyroxene,8,432,256
UP,475,557,5,Low-Ca Pyroxene,8,432,256
UP,475,558,5,Low-Ca Pyroxene,8,432,256
UP,475,559,5,Low-Ca Pyroxene,8,432,256
UP,475,560,5,Low-Ca Pyroxene,8,432,256
UP,475,561,5,Low-Ca Pyroxene,8,432,256
UP,475,562,5,Low-Ca Pyroxene,8,432,256
UP,475,563,5,Low-Ca Pyroxene,8,432,256
UP,475,564,5,Low-Ca Pyroxene,8,432,256
UP,475,565,5,Low-Ca Pyroxene,8,432,256
UP,475,566,5,Low-Ca Pyroxene,8,432,256
UP,475,567,5,Low-Ca Pyroxene,8,432,256
UP,475,568,5,Low-Ca Pyroxene,8,432,256
UP,475,569,5,Low-Ca Pyroxene,8,432,256
UP,475,570,5,Low-Ca Pyroxene,8,432,256
UP,475,571,5,Low-Ca Pyroxene,8,432,256
UP,475,572,5,Low-Ca Pyroxene,8,432,256
UP,475,573,5,Low-Ca Pyroxene,8,432,256
UP,475,574,5,Low-Ca Pyroxene,8,432,256
UP,475,575,5,Low-Ca Pyroxene,8,432,256
UP,475,576,5,Low-Ca Pyroxene,8,432,256
UP,475,577,5,Low-Ca Pyroxene,8,432,256
UP,475,578,5,Low-Ca Pyroxene,8,432,256
UP,475,579,5,Low-Ca Pyroxene,8,432,256
UP,475,580,5,Low-Ca Pyroxene,8,432,256
UP,475,581,5,Low-Ca Pyroxene,8,432,256
UP,475,582,5,Low-Ca Pyroxene,8,432,256
UP,475,583,5,Low-Ca Pyroxene,8,432,256
UP,475,584,5,Low-Ca Pyroxene,8,432,256
UP,475,585,5,Low-Ca Pyroxene,8,432,256
UP,475,586,5,Low-Ca Pyroxene,8,432,256
UP,475,587,5,Low-Ca Pyroxene,8,432,256
UP,475,588,5,Low-Ca Pyroxene,8,432,256
UP,475,589,5,Low-Ca Pyroxene,8,432,256
UP,475,590,5,Low-Ca Pyroxene,8,432,256
UP,475,591,5,Low-Ca Pyroxene,8,432,256
UP,475,592,5,Low-Ca Pyroxene,8,432,256
UP,475,593,5,Low-Ca Pyroxene,8,432,256
UP,475,594,5,Low-Ca Pyroxene,8,432,256
UP,476,463,5,Low-Ca Pyroxene,8,432,256
UP,476,464,5,Low-Ca Pyroxene,8,432,256
UP,476,465,5,Low-Ca Pyroxene,8,432,256
UP,476,466,5,Low-Ca Pyroxene,8,432,256
UP,476,467,5,Low-Ca Pyroxene,8,432,256
UP,476,468,5,Low-Ca Pyroxene,8,432,256
UP,476,469,5,Low-Ca Pyroxene,8,432,256
UP,476,470,5,Low-Ca Pyroxene,8,432,256
UP,476,471,5,Low-Ca Pyroxene,8,432,256
UP,476,472,5,Low-Ca Pyroxene,8,432,256
UP,476,473,5,Low-Ca Pyroxene,8,432,256
UP,476,474,5,Low-Ca Pyroxene,8,432,256
UP,476,475,5,Low-Ca Pyroxene,8,432,256
UP,476,476,5,Low-Ca Pyroxene,8,432,256
UP,476,477,5,Low-Ca Pyroxene,8,432,256
UP,476,478,5,Low-Ca Pyroxene,8,432,256
UP,476,479,5,Low-Ca Pyroxene,8,432,256
UP,476,480,5,Low-Ca Pyroxene,8,432,256
UP,476,481,5,Low-Ca Pyroxene,8,432,256
UP,476,482,5,Low-Ca Pyroxene,8,432,256
UP,476,483,5,Low-Ca Pyroxene,8,432,256
UP,476,484,5,Low-Ca Pyroxene,8,432,256
UP,476,485,5,Low-Ca Pyroxene,8,432,256
UP,476,486,5,Low-Ca Pyroxene,8,432,256
UP,476,487,5,Low-Ca Pyroxene,8,432,256
UP,476,488,5,Low-Ca Pyroxene,8,432,256
UP,476,489,5,Low-Ca Pyroxene,8,432,256
UP,476,490,5,Low-Ca Pyroxene,8,432,256
UP,476,491,5,Low-Ca Pyroxene,8,432,256
UP,476,492,5,Low-Ca Pyroxene,8,432,256
UP,476,493,5,Low-Ca Pyroxene,8,432,256
UP,476,494,5,Low-Ca Pyroxene,8,432,256
UP,476,502,5,Low-Ca Pyroxene,8,432,256
UP,476,503,5,Low-Ca Pyroxene,8,432,256
UP,476,504,5,Low-Ca Pyroxene,8,432,256
UP,476,505,5,Low-Ca Pyroxene,8,432,256
UP,476,506,5,Low-Ca Pyroxene,8,432,256
UP,476,507,5,Low-Ca Pyroxene,8,432,256
UP,476,508,5,Low-Ca Pyroxene,8,432,256
UP,476,509,5,Low-Ca Pyroxene,8,432,256
UP,476,510,5,Low-Ca Pyroxene,8,432,256
UP,476,511,5,Low-Ca Pyroxene,8,432,256
UP,476,512,5,Low-Ca Pyroxene,8,432,256
UP,476,513,5,Low-Ca Pyroxene,8,432,256
UP,476,514,5,Low-Ca Pyroxene,8,432,256
UP,476,515,5,Low-Ca Pyroxene,8,432,256
UP,476,516,5,Low-Ca Pyroxene,8,432,256
UP,476,517,5,Low-Ca Pyroxene,8,432,256
UP,476,518,5,Low-Ca Pyroxene,8,432,256
UP,476,519,5,Low-Ca Pyroxene,8,432,256
UP,476,520,5,Low-Ca Pyroxene,8,432,256
UP,476,521,5,Low-Ca Pyroxene,8,432,256
UP,476,522,5,Low-Ca Pyroxene,8,432,256
UP,476,523,5,Low-Ca Pyroxene,8,432,256
UP,476,524,5,Low-Ca Pyroxene,8,432,256
UP,476,525,5,Low-Ca Pyroxene,8,432,256
UP,476,526,5,Low-Ca Pyroxene,8,432,256
UP,476,527,5,Low-Ca Pyroxene,8,432,256
UP,476,528,5,Low-Ca Pyroxene,8,432,256
UP,476,529,5,Low-Ca Pyroxene,8,432,256
UP,476,530,5,Low-Ca Pyroxene,8,432,256
UP,476,531,5,Low-Ca Pyroxene,8,432,256
UP,476,532,5,Low-Ca Pyroxene,8,432,256
UP,476,533,5,Low-Ca Pyroxene,8,432,256
UP,476,534,5,Low-Ca Pyroxene,8,432,256
UP,476,535,5,Low-Ca Pyroxene,8,432,256
UP,476,536,5,Low-Ca Pyroxene,8,432,256
UP,476,537,5,Low-Ca Pyroxene,8,432,256
UP,476,538,5,Low-Ca Pyroxene,8,432,256
UP,476,539,5,Low-Ca Pyroxene,8,432,256
UP,476,540,5,Low-Ca Pyroxene,8,432,256
UP,476,541,5,Low-Ca Pyroxene,8,432,256
UP,476,542,5,Low-Ca Pyroxene,8,432,256
UP,476,543,5,Low-Ca Pyroxene,8,432,256
UP,476,544,5,Low-Ca Pyroxene,8,432,256
UP,476,545,5,Low-Ca Pyroxene,8,432,256
UP,476,546,5,Low-Ca Pyroxene,8,432,256
UP,476,547,5,Low-Ca Pyroxene,8,432,256
UP,476,548,5,Low-Ca Pyroxene,8,432,256
UP,476,549,5,Low-Ca Pyroxene,8,432,256
UP,476,550,5,Low-Ca Pyroxene,8,432,256
UP,476,551,5,Low-Ca Pyroxene,8,432,256
UP,476,552,5,Low-Ca Pyroxene,8,432,256
UP,476,553,5,Low-Ca Pyroxene,8,432,256
UP,476,554,5,Low-Ca Pyroxene,8,432,256
UP,476,555,5,Low-Ca Pyroxene,8,432,256
UP,476,556,5,Low-Ca Pyroxene,8,432,256
UP,476,557,5,Low-Ca Pyroxene,8,432,256
UP,476,558,5,Low-Ca Pyroxene,8,432,256
UP,476,559,5,Low-Ca Pyroxene,8,432,256
UP,476,560,5,Low-Ca Pyroxene,8,432,256
UP,476,561,5,Low-Ca Pyroxene,8,432,256
UP,476,562,5,Low-Ca Pyroxene,8,432,256
UP,476,563,5,Low-Ca Pyroxene,8,432,256
UP,476,564,5,Low-Ca Pyroxene,8,432,256
UP,476,565,5,Low-Ca Pyroxene,8,432,256
UP,476,566,5,Low-Ca Pyroxene,8,432,256
UP,476,567,5,Low-Ca Pyroxene,8,432,256
UP,476,568,5,Low-Ca Pyroxene,8,432,256
UP,476,569,5,Low-Ca Pyroxene,8,432,256
UP,476,570,5,Low-Ca Pyroxene,8,432,256
UP,476,571,5,Low-Ca Pyroxene,8,432,256
UP,476,572,5,Low-Ca Pyroxene,8,432,256
UP,476,573,5,Low-Ca Pyroxene,8,432,256
UP,476,574,5,Low-Ca Pyroxene,8,432,256
UP,476,575,5,Low-Ca Pyroxene,8,432,256
UP,476,576,5,Low-Ca Pyroxene,8,432,256
UP,476,577,5,Low-Ca Pyroxene,8,432,256
UP,476,578,5,Low-Ca Pyroxene,8,432,256
UP,476,579,5,Low-Ca Pyroxene,8,432,256
UP,476,580,5,Low-Ca Pyroxene,8,432,256
UP,476,581,5,Low-Ca Pyroxene,8,432,256
UP,476,582,5,Low-Ca Pyroxene,8,432,256
UP,476,583,5,Low-Ca Pyroxene,8,432,256
UP,476,584,5,Low-Ca Pyroxene,8,432,256
UP,476,585,5,Low-Ca Pyroxene,8,432,256
UP,476,586,5,Low-Ca Pyroxene,8,432,256
UP,476,587,5,Low-Ca Pyroxene,8,432,256
UP,476,588,5,Low-Ca Pyroxene,8,432,256
UP,476,589,5,Low-Ca Pyroxene,8,432,256
UP,476,590,5,Low-Ca Pyroxene,8,432,256
UP,476,591,5,Low-Ca Pyroxene,8,432,256
UP,476,592,5,Low-Ca Pyroxene,8,432,256
UP,476,593,5,Low-Ca Pyroxene,8,432,256
UP,476,594,5,Low-Ca Pyroxene,8,432,256
UP,477,464,5,Low-Ca Pyroxene,8,432,256
UP,477,465,5,Low-Ca Pyroxene,8,432,256
UP,477,466,5,Low-Ca Pyroxene,8,432,256
UP,477,467,5,Low-Ca Pyroxene,8,432,256
UP,477,468,5,Low-Ca Pyroxene,8,432,256
UP,477,469,5,Low-Ca Pyroxene,8,432,256
UP,477,470,5,Low-Ca Pyroxene,8,432,256
UP,477,471,5,Low-Ca Pyroxene,8,432,256
UP,477,472,5,Low-Ca Pyroxene,8,432,256
UP,477,473,5,Low-Ca Pyroxene,8,432,256
UP,477,474,5,Low-Ca Pyroxene,8,432,256
UP,477,475,5,Low-Ca Pyroxene,8,432,256
UP,477,476,5,Low-Ca Pyroxene,8,432,256
UP,477,477,5,Low-Ca Pyroxene,8,432,256
UP,477,478,5,Low-Ca Pyroxene,8,432,256
UP,477,479,5,Low-Ca Pyroxene,8,432,256
UP,477,480,5,Low-Ca Pyroxene,8,432,256
UP,477,481,5,Low-Ca Pyroxene,8,432,256
UP,477,482,5,Low-Ca Pyroxene,8,432,256
UP,477,483,5,Low-Ca Pyroxene,8,432,256
UP,477,484,5,Low-Ca Pyroxene,8,432,256
UP,477,485,5,Low-Ca Pyroxene,8,432,256
UP,477,486,5,Low-Ca Pyroxene,8,432,256
UP,477,487,5,Low-Ca Pyroxene,8,432,256
UP,477,488,5,Low-Ca Pyroxene,8,432,256
UP,477,489,5,Low-Ca Pyroxene,8,432,256
UP,477,490,5,Low-Ca Pyroxene,8,432,256
UP,477,491,5,Low-Ca Pyroxene,8,432,256
UP,477,492,5,Low-Ca Pyroxene,8,432,256
UP,477,493,5,Low-Ca Pyroxene,8,432,256
UP,477,502,5,Low-Ca Pyroxene,8,432,256
UP,477,503,5,Low-Ca Pyroxene,8,432,256
UP,477,504,5,Low-Ca Pyroxene,8,432,256
UP,477,505,5,Low-Ca Pyroxene,8,432,256
UP,477,506,5,Low-Ca Pyroxene,8,432,256
UP,477,507,5,Low-Ca Pyroxene,8,432,256
UP,477,508,5,Low-Ca Pyroxene,8,432,256
UP,477,509,5,Low-Ca Pyroxene,8,432,256
UP,477,510,5,Low-Ca Pyroxene,8,432,256
UP,477,511,5,Low-Ca Pyroxene,8,432,256
UP,477,512,5,Low-Ca Pyroxene,8,432,256
UP,477,513,5,Low-Ca Pyroxene,8,432,256
UP,477,514,5,Low-Ca Pyroxene,8,432,256
UP,477,515,5,Low-Ca Pyroxene,8,432,256
UP,477,516,5,Low-Ca Pyroxene,8,432,256
UP,477,517,5,Low-Ca Pyroxene,8,432,256
UP,477,518,5,Low-Ca Pyroxene,8,432,256
UP,477,519,5,Low-Ca Pyroxene,8,432,256
UP,477,520,5,Low-Ca Pyroxene,8,432,256
UP,477,521,5,Low-Ca Pyroxene,8,432,256
UP,477,522,5,Low-Ca Pyroxene,8,432,256
UP,477,523,5,Low-Ca Pyroxene,8,432,256
UP,477,524,5,Low-Ca Pyroxene,8,432,256
UP,477,525,5,Low-Ca Pyroxene,8,432,256
UP,477,526,5,Low-Ca Pyroxene,8,432,256
UP,477,527,5,Low-Ca Pyroxene,8,432,256
UP,477,528,5,Low-Ca Pyroxene,8,432,256
UP,477,529,5,Low-Ca Pyroxene,8,432,256
UP,477,530,5,Low-Ca Pyroxene,8,432,256
UP,477,531,5,Low-Ca Pyroxene,8,432,256
UP,477,532,5,Low-Ca Pyroxene,8,432,256
UP,477,533,5,Low-Ca Pyroxene,8,432,256
UP,477,534,5,Low-Ca Pyroxene,8,432,256
UP,477,535,5,Low-Ca Pyroxene,8,432,256
UP,477,536,5,Low-Ca Pyroxene,8,432,256
UP,477,537,5,Low-Ca Pyroxene,8,432,256
UP,477,538,5,Low-Ca Pyroxene,8,432,256
UP,477,539,5,Low-Ca Pyroxene,8,432,256
UP,477,540,5,Low-Ca Pyroxene,8,432,256
UP,477,541,5,Low-Ca Pyroxene,8,432,256
UP,477,542,5,Low-Ca Pyroxene,8,432,256
UP,477,543,5,Low-Ca Pyroxene,8,432,256
UP,477,544,5,Low-Ca Pyroxene,8,432,256
UP,477,545,5,Low-Ca Pyroxene,8,432,256
UP,477,546,5,Low-Ca Pyroxene,8,432,256
UP,477,547,5,Low-Ca Pyroxene,8,432,256
UP,477,548,5,Low-Ca Pyroxene,8,432,256
UP,477,549,5,Low-Ca Pyroxene,8,432,256
UP,477,550,5,Low-Ca Pyroxene,8,432,256
UP,477,551,5,Low-Ca Pyroxene,8,432,256
UP,477,552,5,Low-Ca Pyroxene,8,432,256
UP,477,553,5,Low-Ca Pyroxene,8,432,256
UP,477,554,5,Low-Ca Pyroxene,8,432,256
UP,477,555,5,Low-Ca Pyroxene,8,432,256
UP,477,556,5,Low-Ca Pyroxene,8,432,256
UP,477,557,5,Low-Ca Pyroxene,8,432,256
UP,477,558,5,Low-Ca Pyroxene,8,432,256
UP,477,559,5,Low-Ca Pyroxene,8,432,256
UP,477,560,5,Low-Ca Pyroxene,8,432,256
UP,477,561,5,Low-Ca Pyroxene,8,432,256
UP,477,562,5,Low-Ca Pyroxene,8,432,256
UP,477,563,5,Low-Ca Pyroxene,8,432,256
UP,477,564,5,Low-Ca Pyroxene,8,432,256
UP,477,565,5,Low-Ca Pyroxene,8,432,256
UP,477,566,5,Low-Ca Pyroxene,8,432,256
UP,477,567,5,Low-Ca Pyroxene,8,432,256
UP,477,568,5,Low-Ca Pyroxene,8,432,256
UP,477,569,5,Low-Ca Pyroxene,8,432,256
UP,477,570,5,Low-Ca Pyroxene,8,432,256
UP,477,571,5,Low-Ca Pyroxene,8,432,256
UP,477,572,5,Low-Ca Pyroxene,8,432,256
UP,477,573,5,Low-Ca Pyroxene,8,432,256
UP,477,574,5,Low-Ca Pyroxene,8,432,256
UP,477,575,5,Low-Ca Pyroxene,8,432,256
UP,477,576,5,Low-Ca Pyroxene,8,432,256
UP,477,577,5,Low-Ca Pyroxene,8,432,256
UP,477,578,5,Low-Ca Pyroxene,8,432,256
UP,477,579,5,Low-Ca Pyroxene,8,432,256
UP,477,580,5,Low-Ca Pyroxene,8,432,256
UP,477,581,5,Low-Ca Pyroxene,8,432,256
UP,477,582,5,Low-Ca Pyroxene,8,432,256
UP,477,583,5,Low-Ca Pyroxene,8,432,256
UP,477,584,5,Low-Ca Pyroxene,8,432,256
UP,477,585,5,Low-Ca Pyroxene,8,432,256
UP,477,586,5,Low-Ca Pyroxene,8,432,256
UP,477,587,5,Low-Ca Pyroxene,8,432,256
UP,477,588,5,Low-Ca Pyroxene,8,432,256
UP,477,589,5,Low-Ca Pyroxene,8,432,256
UP,477,590,5,Low-Ca Pyroxene,8,432,256
UP,477,591,5,Low-Ca Pyroxene,8,432,256
UP,477,592,5,Low-Ca Pyroxene,8,432,256
UP,477,593,5,Low-Ca Pyroxene,8,432,256
UP,477,594,5,Low-Ca Pyroxene,8,432,256
